#pragma once
// ── HexHound - Item Icons (RGB565) ───────────────────────────────
//
// GENERATED FILE - do not hand-edit.
//   generator: scripts/gen_item_icons.py  (draws them, no source PNG)
//   palette:   read from src/content/item_defs.h, never duplicated
//
// Include from ONE .cpp only (ui_inventory.cpp), same rule as sprites.h.
// Transparent pixels use the 0xF81F chroma key that drawSprite() skips.
//
// Icon order matches ITEM_DEFS exactly: index == item id == the index
// into PetState::items[]. ui_inventory.cpp static_asserts the count.
//
// Only ONE size is compiled, chosen by panel family. 8 px on a 160x80,
// whose list rows are 13 px tall; 16 px on the big and 240 round panels;
// 32 px on the 480 round one, which was drawing the 16 px art at double
// size. Every panel now bakes its icons at the size it DRAWS them, so
// ITEM_ICON_PX is both the source and the destination size everywhere and
// no screen enlarges an icon any more.
// ────────────────────────────────────────────────────────────────────────────

#ifndef SIMULATOR_BUILD
#include <pgmspace.h>
#endif
#include <cstdint>

#include "../board/board_profile.h"   // SCREEN_W/H, HEXHOUND_PANEL_ROUND

#if HEXHOUND_PANEL_ROUND && (SCREEN_W >= 480)
#define ITEM_ICON_PX 32
#elif HEXHOUND_PANEL_ROUND || (SCREEN_H > 100)
#define ITEM_ICON_PX 16
#else
#define ITEM_ICON_PX 8
#endif

#define ITEM_ICON_COUNT 23

#if ITEM_ICON_PX == 8

// SCRAP
static const uint16_t item_icon_mat_scrap[8 * 8] PROGMEM = {
    0xF81F,0xF81F,0xF81F,0xF81F,0xF81F,0xF81F,0xF81F,0xF81F,
    0xF81F,0xF81F,0x1082,0x2945,0x3186,0xF81F,0xF81F,0xF81F,
    0xF81F,0xF81F,0x738E,0x6B2D,0x52AA,0x39C7,0xF81F,0xF81F,
    0xF81F,0x2945,0x5AAB,0x6B4D,0x62EC,0x5AAB,0x1082,0xF81F,
    0xF81F,0x4228,0x4A69,0x39C7,0x4A49,0x4A69,0xF81F,0xF81F,
    0xF81F,0x18E3,0x5AAB,0x528A,0x5ACB,0x31A6,0xF81F,0xF81F,
    0xF81F,0xF81F,0x0861,0x18E3,0x10A2,0xF81F,0xF81F,0xF81F,
    0xF81F,0xF81F,0xF81F,0xF81F,0xF81F,0xF81F,0xF81F,0xF81F,
};

// SIGNAL FRAG
static const uint16_t item_icon_mat_signal[8 * 8] PROGMEM = {
    0xF81F,0xF81F,0xF81F,0xF81F,0xF81F,0xF81F,0xF81F,0xF81F,
    0xF81F,0xF81F,0x0165,0x0208,0x0208,0x0165,0xF81F,0xF81F,
    0x0061,0x02EB,0x02AA,0x02CB,0x02EB,0x02AA,0x02EB,0x00A2,
    0x034D,0x0208,0x038E,0x038E,0x036D,0x03AE,0x0208,0x034D,
    0x01E7,0x03CF,0x036D,0x0471,0x0471,0x036D,0x03EF,0x01C7,
    0xF81F,0x00C3,0x030C,0x04F3,0x04D3,0x032C,0x00A2,0xF81F,
    0xF81F,0xF81F,0xF81F,0x038E,0x03EF,0xF81F,0xF81F,0xF81F,
    0xF81F,0xF81F,0xF81F,0xF81F,0xF81F,0xF81F,0xF81F,0xF81F,
};

// CIRCUIT BIT
static const uint16_t item_icon_mat_circuit[8 * 8] PROGMEM = {
    0xF81F,0xF81F,0xF81F,0xF81F,0xF81F,0xF81F,0xF81F,0xF81F,
    0xF81F,0xF81F,0xF81F,0xF81F,0xF81F,0xF81F,0xF81F,0xF81F,
    0xF81F,0x01A0,0x04A0,0x03C0,0x03C0,0x04C0,0x01E0,0xF81F,
    0xF81F,0x02C0,0x0460,0x05C0,0x05E0,0x0460,0x0300,0xF81F,
    0xF81F,0x02A0,0x0440,0x05E0,0x0620,0x0440,0x02E0,0xF81F,
    0xF81F,0x0200,0x04E0,0x03E0,0x03E0,0x04E0,0x0240,0xF81F,
    0xF81F,0xF81F,0xF81F,0xF81F,0xF81F,0xF81F,0xF81F,0xF81F,
    0xF81F,0xF81F,0xF81F,0xF81F,0xF81F,0xF81F,0xF81F,0xF81F,
};

// DATA SHARD
static const uint16_t item_icon_mat_shard[8 * 8] PROGMEM = {
    0xF81F,0xF81F,0xF81F,0xF81F,0xF81F,0xF81F,0xF81F,0xF81F,
    0xF81F,0xF81F,0xF81F,0x5812,0x6014,0xF81F,0xF81F,0xF81F,
    0xF81F,0xF81F,0x1807,0x7017,0x7818,0x2008,0xF81F,0xF81F,
    0xF81F,0xF81F,0x4812,0x5813,0x6013,0x5013,0xF81F,0xF81F,
    0xF81F,0xF81F,0x380D,0x6014,0x6814,0x380E,0xF81F,0xF81F,
    0xF81F,0xF81F,0xF81F,0x7016,0x7818,0x0803,0xF81F,0xF81F,
    0xF81F,0xF81F,0xF81F,0x5010,0x6012,0xF81F,0xF81F,0xF81F,
    0xF81F,0xF81F,0xF81F,0xF81F,0xF81F,0xF81F,0xF81F,0xF81F,
};

// GLITCH FRAG
static const uint16_t item_icon_mat_glitch[8 * 8] PROGMEM = {
    0xF81F,0xF81F,0xF81F,0xF81F,0x1803,0xF81F,0xF81F,0xF81F,
    0xF81F,0xF81F,0xF81F,0x2805,0x800F,0xF81F,0xF81F,0xF81F,
    0xF81F,0xF81F,0xF81F,0xD019,0x700D,0xF81F,0xF81F,0xF81F,
    0xF81F,0xF81F,0x580B,0xE81D,0xA014,0x600B,0xF81F,0xF81F,
    0xF81F,0xF81F,0xF81F,0x600C,0xF81E,0x4808,0xF81F,0xF81F,
    0xF81F,0xF81F,0xF81F,0xB015,0x800F,0xF81F,0xF81F,0xF81F,
    0xF81F,0xF81F,0xF81F,0x8010,0xF81F,0xF81F,0xF81F,0xF81F,
    0xF81F,0xF81F,0xF81F,0xF81F,0xF81F,0xF81F,0xF81F,0xF81F,
};

// COPPER WIRE
static const uint16_t item_icon_mat_copper[8 * 8] PROGMEM = {
    0xF81F,0xF81F,0xF81F,0xF81F,0xF81F,0xF81F,0xF81F,0xF81F,
    0xF81F,0xF81F,0xF81F,0xF81F,0xF81F,0xF81F,0xF81F,0xF81F,
    0xF81F,0x5920,0x5920,0x5920,0x5120,0x6140,0x2060,0xF81F,
    0x1840,0x91E0,0x89C0,0x89C0,0x89C0,0x91E0,0x81A0,0x1860,
    0x2060,0x9A00,0x89C0,0x89C0,0x89C0,0x89E0,0x89C0,0x2060,
    0xF81F,0x5920,0x6140,0x6140,0x5920,0x6960,0x2880,0xF81F,
    0xF81F,0xF81F,0xF81F,0xF81F,0xF81F,0xF81F,0xF81F,0xF81F,
    0xF81F,0xF81F,0xF81F,0xF81F,0xF81F,0xF81F,0xF81F,0xF81F,
};

// CRACKED LENS
static const uint16_t item_icon_mat_lens[8 * 8] PROGMEM = {
    0xF81F,0xF81F,0xF81F,0xF81F,0xF81F,0xF81F,0xF81F,0xF81F,
    0xF81F,0xF81F,0x6C11,0x7D17,0x8537,0x6412,0xF81F,0xF81F,
    0xF81F,0x5390,0xB67C,0x636E,0x2187,0x74B5,0x6C33,0xF81F,
    0xF81F,0x8517,0x29E9,0x8C92,0x428B,0x21A7,0x8538,0xF81F,
    0xF81F,0x8538,0x2187,0x8CB3,0x5B2D,0x1946,0x8538,0xF81F,
    0xF81F,0x6412,0x7495,0x634E,0x73AF,0x7474,0x6C54,0xF81F,
    0xF81F,0xF81F,0x6C33,0x74D6,0x9DD9,0x84D4,0xF81F,0xF81F,
    0xF81F,0xF81F,0xF81F,0xF81F,0xF81F,0xF81F,0xF81F,0xF81F,
};

// FERRITE BEAD
static const uint16_t item_icon_mat_ferrite[8 * 8] PROGMEM = {
    0xF81F,0xF81F,0xF81F,0xF81F,0xF81F,0xF81F,0xF81F,0xF81F,
    0xF81F,0xF81F,0xF81F,0x0861,0x0861,0xF81F,0xF81F,0xF81F,
    0xF81F,0x10A2,0x3A07,0x4248,0x4248,0x4208,0x18C3,0xF81F,
    0xF81F,0x4228,0x4228,0x1082,0x0861,0x3A07,0x4228,0x0861,
    0x0841,0x4228,0x3A07,0x0861,0x0841,0x39E7,0x4248,0x0861,
    0xF81F,0x18C3,0x4228,0x4248,0x4248,0x4228,0x18E3,0xF81F,
    0xF81F,0xF81F,0xF81F,0x1082,0x1082,0xF81F,0xF81F,0xF81F,
    0xF81F,0xF81F,0xF81F,0xF81F,0xF81F,0xF81F,0xF81F,0xF81F,
};

// ANTENNA HAT
static const uint16_t item_icon_cos_antenna[8 * 8] PROGMEM = {
    0xF81F,0xF81F,0xF81F,0xF81F,0xF81F,0x0659,0x030C,0xF81F,
    0xF81F,0xF81F,0xF81F,0xF81F,0x0249,0x0208,0xF81F,0xF81F,
    0xF81F,0xF81F,0xF81F,0x02CB,0x038E,0xF81F,0xF81F,0xF81F,
    0xF81F,0xF81F,0x0145,0x05B6,0x05B6,0x01A6,0xF81F,0xF81F,
    0xF81F,0xF81F,0x0534,0x04B2,0x0492,0x0555,0xF81F,0xF81F,
    0x00C3,0x069A,0x07FF,0x07DF,0x07DF,0x07FF,0x06FB,0x0104,
    0x00C3,0x04B2,0x0451,0x0471,0x0471,0x0471,0x04B2,0x0104,
    0xF81F,0xF81F,0xF81F,0xF81F,0xF81F,0xF81F,0xF81F,0xF81F,
};

// SIGNAL SCARF
static const uint16_t item_icon_cos_scarf[8 * 8] PROGMEM = {
    0xF81F,0xF81F,0xF81F,0xF81F,0xF81F,0xF81F,0xF81F,0xF81F,
    0xF81F,0xF81F,0xF81F,0xF81F,0xF81F,0xF81F,0xF81F,0xF81F,
    0x3006,0x600B,0xF81F,0x9012,0xD81A,0x8810,0x4809,0x500A,
    0x8010,0xF81E,0xF01D,0xF81E,0xB816,0xF81E,0xF81E,0xC017,
    0xF81F,0x580A,0x9813,0x4808,0xF81F,0x9012,0xB816,0x2805,
    0xF81F,0xF81F,0xF81F,0xF81F,0x1803,0xB816,0x9813,0x0801,
    0xF81F,0xF81F,0xF81F,0xF81F,0xF81F,0x580B,0x4008,0xF81F,
    0xF81F,0xF81F,0xF81F,0xF81F,0xF81F,0xF81F,0xF81F,0xF81F,
};

// RECON GOGGLES
static const uint16_t item_icon_cos_goggles[8 * 8] PROGMEM = {
    0xF81F,0xF81F,0xF81F,0xF81F,0xF81F,0xF81F,0xF81F,0xF81F,
    0xF81F,0xF81F,0xF81F,0xF81F,0xF81F,0xF81F,0xF81F,0xF81F,
    0xF81F,0x51C0,0x6A20,0xF81F,0xF81F,0x61E0,0x4980,0xF81F,
    0x5180,0xAC00,0x82C0,0x82A0,0x82C0,0x7240,0x82A0,0x61E0,
    0x59C0,0x8280,0x6200,0x92E0,0x92E0,0x6A20,0x8280,0x6200,
    0xF81F,0x51A0,0x6A40,0xF81F,0xF81F,0x6A20,0x59C0,0xF81F,
    0xF81F,0xF81F,0xF81F,0xF81F,0xF81F,0xF81F,0xF81F,0xF81F,
    0xF81F,0xF81F,0xF81F,0xF81F,0xF81F,0xF81F,0xF81F,0xF81F,
};

// LED COLLAR
static const uint16_t item_icon_cos_collar[8 * 8] PROGMEM = {
    0xF81F,0xF81F,0xF81F,0x02E0,0x0340,0xF81F,0xF81F,0xF81F,
    0xF81F,0xF81F,0x0380,0x0720,0x0740,0x03C0,0xF81F,0xF81F,
    0xF81F,0x0340,0x0640,0x0120,0x00E0,0x0600,0x03C0,0xF81F,
    0x0300,0x0740,0x00E0,0xF81F,0xF81F,0xF81F,0x0720,0x0220,
    0x0360,0x0760,0xF81F,0xF81F,0xF81F,0xF81F,0x0740,0x0260,
    0xF81F,0x03A0,0x0600,0x00C0,0xF81F,0x05A0,0x0420,0xF81F,
    0xF81F,0xF81F,0x03E0,0x0700,0x0700,0x0440,0xF81F,0xF81F,
    0xF81F,0xF81F,0xF81F,0x0340,0x03C0,0xF81F,0xF81F,0xF81F,
};

// DESK LAMP
static const uint16_t item_icon_cos_lamp[8 * 8] PROGMEM = {
    0xF81F,0xF81F,0xF81F,0xF81F,0xF81F,0xF81F,0xF81F,0xF81F,
    0xF81F,0xF81F,0x9CE0,0xBDC0,0xBDC0,0xA520,0xF81F,0xF81F,
    0xF81F,0x39E0,0xFFE0,0xFFE0,0xFFE0,0xFFE0,0x4A40,0xF81F,
    0xF81F,0x8400,0xE700,0xE700,0xE720,0xE700,0x9480,0xF81F,
    0xF81F,0xF81F,0xF81F,0x4A40,0x5AE0,0xF81F,0xF81F,0xF81F,
    0xF81F,0xF81F,0xF81F,0x39C0,0x4A60,0xF81F,0xF81F,0xF81F,
    0xF81F,0xF81F,0x5280,0x8420,0x8C60,0x52A0,0xF81F,0xF81F,
    0xF81F,0xF81F,0x39E0,0x4220,0x4220,0x4200,0xF81F,0xF81F,
};

// STATIC RUG
static const uint16_t item_icon_cos_rug[8 * 8] PROGMEM = {
    0xF81F,0xF81F,0xF81F,0xF81F,0xF81F,0xF81F,0xF81F,0xF81F,
    0xF81F,0xF81F,0xF81F,0xF81F,0xF81F,0xF81F,0xF81F,0xF81F,
    0x10A2,0x5ACB,0x630C,0x62EC,0x62EC,0x62EC,0x5AEB,0x18C3,
    0x3166,0x6B6D,0x6B4D,0x6B4D,0x6B4D,0x6B4D,0x736E,0x31A6,
    0x3186,0x6B2D,0x630C,0x630C,0x630C,0x630C,0x6B2D,0x31A6,
    0x18E3,0x736E,0x73AE,0x738E,0x738E,0x738E,0x738E,0x2104,
    0xF81F,0xF81F,0x1082,0x1082,0x1082,0x1082,0xF81F,0xF81F,
    0xF81F,0xF81F,0xF81F,0xF81F,0xF81F,0xF81F,0xF81F,0xF81F,
};

// FARADAY POSTER
static const uint16_t item_icon_cos_poster[8 * 8] PROGMEM = {
    0xF81F,0x0104,0x0208,0x0208,0x0208,0x0208,0x0124,0xF81F,
    0xF81F,0x032C,0x0534,0x04D3,0x04D3,0x0534,0x038E,0xF81F,
    0xF81F,0x030C,0x0492,0x0410,0x0410,0x0492,0x034D,0xF81F,
    0xF81F,0x030C,0x04B2,0x0430,0x0430,0x04B2,0x034D,0xF81F,
    0xF81F,0x030C,0x04D3,0x0430,0x0430,0x04B2,0x036D,0xF81F,
    0xF81F,0x030C,0x0492,0x03EF,0x03EF,0x0471,0x034D,0xF81F,
    0xF81F,0x034D,0x0596,0x0534,0x0534,0x0596,0x03AE,0xF81F,
    0xF81F,0x0124,0x0269,0x0269,0x0269,0x0269,0x0165,0xF81F,
};

// SERVER FERN
static const uint16_t item_icon_cos_fern[8 * 8] PROGMEM = {
    0xF81F,0xF81F,0xF81F,0xF81F,0xF81F,0xF81F,0xF81F,0xF81F,
    0xF81F,0xF81F,0xF81F,0xF81F,0xF81F,0xF81F,0xF81F,0xF81F,
    0xF81F,0x0160,0x02E0,0x0300,0x02E0,0x02E0,0x01A0,0xF81F,
    0xF81F,0x0140,0x0220,0x0460,0x0480,0x0220,0x0160,0xF81F,
    0xF81F,0x0140,0x0240,0x0440,0x0440,0x0260,0x0160,0xF81F,
    0xF81F,0x0180,0x0260,0x0420,0x0400,0x0240,0x01A0,0xF81F,
    0xF81F,0xF81F,0x0220,0x0500,0x0520,0x0260,0x00C0,0xF81F,
    0xF81F,0xF81F,0x00A0,0x0420,0x0460,0x00E0,0xF81F,0xF81F,
};

// BEACON LAMP
static const uint16_t item_icon_cos_lantern[8 * 8] PROGMEM = {
    0xF81F,0xF81F,0xF81F,0x3920,0x4140,0xF81F,0xF81F,0xF81F,
    0xF81F,0xF81F,0xF81F,0x7280,0x7280,0x1880,0xF81F,0xF81F,
    0xF81F,0xF81F,0x8AC0,0xA320,0x9B00,0x9300,0xF81F,0xF81F,
    0xF81F,0xF81F,0x9AE0,0xBD00,0xC520,0x9B20,0xF81F,0xF81F,
    0xF81F,0xF81F,0x9B00,0xE700,0xEF40,0xA320,0xF81F,0xF81F,
    0xF81F,0x28E0,0xC3E0,0xABA0,0xABC0,0xC3E0,0x3920,0xF81F,
    0xF81F,0xF81F,0x4980,0x4160,0x4140,0x49A0,0x1860,0xF81F,
    0xF81F,0xF81F,0xF81F,0xF81F,0xF81F,0xF81F,0xF81F,0xF81F,
};

// PACKET FLURRY
static const uint16_t item_icon_cos_confetti[8 * 8] PROGMEM = {
    0xF81F,0xF81F,0xF81F,0x3807,0x2004,0xF81F,0xF81F,0xF81F,
    0xF81F,0xB817,0x2805,0x3006,0x2003,0xF81F,0x2004,0xF81F,
    0xF81F,0x700E,0x1803,0xF81F,0xF81F,0x3807,0xF81E,0x1803,
    0xF81F,0xF81F,0xF81F,0xF81F,0x4007,0x3806,0x2805,0xF81F,
    0xF81F,0x680D,0x700E,0xF81F,0xA815,0x680D,0x0801,0xF81F,
    0xF81F,0x1803,0x1002,0xF81F,0x1002,0xF81F,0x500A,0x2004,
    0xF81F,0xF81F,0x680D,0x9813,0xF81F,0x3006,0x1002,0xF81F,
    0xF81F,0xF81F,0x4809,0x600C,0xF81F,0x9812,0x4008,0xF81F,
};

// SOLDER SPARKS
static const uint16_t item_icon_cos_sparks[8 * 8] PROGMEM = {
    0x48E0,0xF81F,0xF81F,0x2880,0x2880,0xF81F,0xF81F,0x40E0,
    0x1840,0x6140,0xF81F,0x38C0,0x38C0,0xF81F,0x6140,0x2060,
    0xF81F,0xF81F,0x30A0,0x2060,0x2040,0x38C0,0xF81F,0xF81F,
    0x2080,0x38C0,0x2880,0xA360,0xB3C0,0x2880,0x28A0,0x2060,
    0x2080,0x38C0,0x2880,0xB3C0,0xBC00,0x2880,0x40E0,0x30A0,
    0xF81F,0xF81F,0x38C0,0x2040,0x2060,0x30A0,0xF81F,0xF81F,
    0xF81F,0x6140,0xF81F,0x30A0,0x40E0,0xF81F,0x6140,0x1840,
    0x40E0,0x1840,0xF81F,0x2080,0x30A0,0xF81F,0xF81F,0x5100,
};

// NOISE AURORA
static const uint16_t item_icon_cos_aurora[8 * 8] PROGMEM = {
    0xF81F,0xF81F,0xF81F,0xF81F,0xF81F,0xF81F,0xF81F,0xF81F,
    0x480C,0x8816,0x9017,0x2807,0x2006,0x9017,0x8816,0x500D,
    0x400B,0x480F,0x5011,0x9818,0x9818,0x5812,0x480F,0x480C,
    0x400E,0x5012,0x5813,0x6014,0x5813,0x5814,0x5012,0x400F,
    0x2008,0x380D,0x380E,0x5814,0x5814,0x400E,0x380D,0x2808,
    0x280A,0x2008,0x2009,0x4010,0x4010,0x2809,0x2007,0x300B,
    0xF81F,0xF81F,0xF81F,0x1806,0x1806,0xF81F,0xF81F,0xF81F,
    0xF81F,0xF81F,0xF81F,0xF81F,0xF81F,0xF81F,0xF81F,0xF81F,
};

// CABLE CRATE
static const uint16_t item_icon_cos_crate[8 * 8] PROGMEM = {
    0xF81F,0xF81F,0xF81F,0xF81F,0xF81F,0xF81F,0xF81F,0xF81F,
    0xF81F,0xF81F,0xF81F,0xF81F,0xF81F,0xF81F,0xF81F,0xF81F,
    0xF81F,0x20E1,0x2101,0x20E1,0x20E1,0x2101,0x20E1,0xF81F,
    0xF81F,0x72E5,0x5A64,0x72E5,0x7305,0x5A44,0x72E5,0x1081,
    0xF81F,0x5224,0x5203,0x8386,0x8B86,0x5224,0x5224,0x18A1,
    0xF81F,0x49E3,0x6284,0x62A4,0x6284,0x6AA5,0x49C3,0x18A1,
    0xF81F,0x5A64,0x6284,0x8BA7,0x93C7,0x6284,0x5A64,0x18A1,
    0xF81F,0x3142,0x3142,0x3982,0x3982,0x3142,0x3142,0xF81F,
};

// PATCH RACK
static const uint16_t item_icon_cos_rack[8 * 8] PROGMEM = {
    0xF81F,0xF81F,0xF81F,0xF81F,0xF81F,0xF81F,0xF81F,0xF81F,
    0xF81F,0x2124,0x2124,0x2124,0x2124,0x2124,0x2124,0xF81F,
    0x528A,0x7BEF,0x738E,0x73AE,0x73AE,0x738E,0x7BEF,0x5ACB,
    0x52AA,0x7BEF,0x632C,0x6B6D,0x6B6D,0x6B2D,0x7BCF,0x5AEB,
    0x52AA,0x8C31,0x738E,0x736E,0x736E,0x738E,0x8430,0x5AEB,
    0x4A69,0x94B2,0xB596,0x9492,0x8C71,0xB596,0x94B2,0x52AA,
    0xF81F,0x31A6,0x4208,0x8410,0x8430,0x4228,0x31A6,0x18C3,
    0xF81F,0xF81F,0xF81F,0xF81F,0xF81F,0xF81F,0xF81F,0xF81F,
};

// ROOFTOP DISH
static const uint16_t item_icon_cos_dish[8 * 8] PROGMEM = {
    0xF81F,0xF81F,0x1924,0x3A6A,0x29A8,0xF81F,0x3165,0xF81F,
    0xF81F,0x29E8,0x6C53,0x6412,0x6C54,0x5370,0xB596,0x4208,
    0xF81F,0x5BB1,0x63F2,0x74B5,0x74B5,0x7495,0x1925,0xF81F,
    0xF81F,0x5B90,0x63F2,0x7474,0x6412,0x6413,0x18E3,0xF81F,
    0xF81F,0x2166,0x6413,0x6412,0x6C33,0x3A8B,0xF81F,0xF81F,
    0xF81F,0xF81F,0xF81F,0x63F2,0x2146,0xF81F,0xF81F,0xF81F,
    0xF81F,0xF81F,0xF81F,0x4AEE,0xF81F,0xF81F,0xF81F,0xF81F,
    0xF81F,0xF81F,0x2187,0x5B90,0x3209,0xF81F,0xF81F,0xF81F,
};

#endif

#if ITEM_ICON_PX == 16

// SCRAP
static const uint16_t item_icon_mat_scrap[16 * 16] PROGMEM = {
    0xF81F,0xF81F,0xF81F,0xF81F,0xF81F,0xF81F,0xF81F,0xF81F,
    0xF81F,0xF81F,0xF81F,0xF81F,0xF81F,0xF81F,0xF81F,0xF81F,
    0xF81F,0xF81F,0xF81F,0xF81F,0xF81F,0xF81F,0xF81F,0xF81F,
    0xF81F,0xF81F,0xF81F,0xF81F,0xF81F,0xF81F,0xF81F,0xF81F,
    0xF81F,0xF81F,0xF81F,0xF81F,0xF81F,0xF81F,0xF81F,0xF81F,
    0x10A2,0xF81F,0xF81F,0xF81F,0xF81F,0xF81F,0xF81F,0xF81F,
    0xF81F,0xF81F,0xF81F,0xF81F,0x18C3,0x39C7,0x528A,0x5AEB,
    0x6B6D,0x5ACB,0xF81F,0xF81F,0xF81F,0xF81F,0xF81F,0xF81F,
    0xF81F,0xF81F,0xF81F,0xF81F,0x738E,0x736E,0x4A49,0x4A49,
    0x41E8,0x6B2D,0x4A69,0xF81F,0xF81F,0xF81F,0xF81F,0xF81F,
    0xF81F,0xF81F,0xF81F,0x2104,0x6B4D,0x8C51,0x8410,0x4228,
    0x41E8,0x41E8,0x6B6D,0x39E7,0xF81F,0xF81F,0xF81F,0xF81F,
    0xF81F,0xF81F,0xF81F,0x4A29,0x5AEB,0x4208,0x8410,0xA4F4,
    0x6B4D,0x4228,0x4208,0x73AE,0x2104,0xF81F,0xF81F,0xF81F,
    0xF81F,0xF81F,0xF81F,0x630C,0x526A,0x4208,0x39E7,0x5ACB,
    0x9CB3,0x5ACB,0x41E8,0x6B4D,0x10A2,0xF81F,0xF81F,0xF81F,
    0xF81F,0xF81F,0x10A2,0x6B4D,0x4208,0x4A29,0x4A49,0x4208,
    0x4208,0x4208,0x528A,0x62EC,0xF81F,0xF81F,0xF81F,0xF81F,
    0xF81F,0xF81F,0x31A6,0x738E,0x39C7,0x4A49,0x4A29,0x4A49,
    0x4A49,0x41E8,0x6B2D,0x39E7,0xF81F,0xF81F,0xF81F,0xF81F,
    0xF81F,0xF81F,0xF81F,0x5ACB,0x632C,0x39E7,0x4208,0x4208,
    0x4208,0x41E8,0x736E,0x10A2,0xF81F,0xF81F,0xF81F,0xF81F,
    0xF81F,0xF81F,0xF81F,0xF81F,0x52AA,0x6B4D,0x5AAB,0x62EC,
    0x630C,0x6B4D,0x630C,0xF81F,0xF81F,0xF81F,0xF81F,0xF81F,
    0xF81F,0xF81F,0xF81F,0xF81F,0xF81F,0x39C7,0x4208,0x3186,
    0x2925,0x18E3,0xF81F,0xF81F,0xF81F,0xF81F,0xF81F,0xF81F,
    0xF81F,0xF81F,0xF81F,0xF81F,0xF81F,0xF81F,0xF81F,0xF81F,
    0xF81F,0xF81F,0xF81F,0xF81F,0xF81F,0xF81F,0xF81F,0xF81F,
    0xF81F,0xF81F,0xF81F,0xF81F,0xF81F,0xF81F,0xF81F,0xF81F,
    0xF81F,0xF81F,0xF81F,0xF81F,0xF81F,0xF81F,0xF81F,0xF81F,
    0xF81F,0xF81F,0xF81F,0xF81F,0xF81F,0xF81F,0xF81F,0xF81F,
    0xF81F,0xF81F,0xF81F,0xF81F,0xF81F,0xF81F,0xF81F,0xF81F,
};

// SIGNAL FRAG
static const uint16_t item_icon_mat_signal[16 * 16] PROGMEM = {
    0xF81F,0xF81F,0xF81F,0xF81F,0xF81F,0xF81F,0xF81F,0xF81F,
    0xF81F,0xF81F,0xF81F,0xF81F,0xF81F,0xF81F,0xF81F,0xF81F,
    0xF81F,0xF81F,0xF81F,0xF81F,0xF81F,0xF81F,0xF81F,0xF81F,
    0xF81F,0xF81F,0xF81F,0xF81F,0xF81F,0xF81F,0xF81F,0xF81F,
    0xF81F,0xF81F,0xF81F,0xF81F,0xF81F,0xF81F,0xF81F,0xF81F,
    0xF81F,0xF81F,0xF81F,0xF81F,0xF81F,0xF81F,0xF81F,0xF81F,
    0xF81F,0xF81F,0xF81F,0xF81F,0x0124,0x02EB,0x0410,0x0492,
    0x0492,0x0410,0x032C,0x0165,0xF81F,0xF81F,0xF81F,0xF81F,
    0xF81F,0xF81F,0x00C3,0x038E,0x0514,0x0451,0x02EB,0x0208,
    0x0208,0x02CB,0x0410,0x0514,0x03CF,0x0104,0xF81F,0xF81F,
    0xF81F,0x0145,0x04B2,0x0451,0x0165,0xF81F,0xF81F,0x0124,
    0x0124,0xF81F,0xF81F,0x0104,0x03EF,0x04F3,0x01A6,0xF81F,
    0x00E3,0x04B2,0x038E,0xF81F,0x00E3,0x04B2,0x069A,0x06FB,
    0x06FB,0x06BA,0x04F3,0x0165,0xF81F,0x030C,0x04F3,0x0165,
    0x0410,0x0410,0xF81F,0x0228,0x06DB,0x05F7,0x02EB,0x0104,
    0x0104,0x028A,0x0596,0x06FB,0x02EB,0xF81F,0x036D,0x0471,
    0x04F3,0x00C3,0x0124,0x06FB,0x0451,0xF81F,0x00C3,0x034D,
    0x038E,0x0124,0xF81F,0x038E,0x071C,0x01E7,0x0041,0x04B2,
    0x01E7,0xF81F,0x05D7,0x0596,0xF81F,0x034D,0x07FF,0x07FF,
    0x07FF,0x07FF,0x0430,0xF81F,0x04B2,0x069A,0xF81F,0x01A6,
    0xF81F,0xF81F,0x0269,0x0124,0x01E7,0x07FF,0x04B2,0x00E3,
    0x00C3,0x03EF,0x07FF,0x02CB,0x00A2,0x028A,0xF81F,0xF81F,
    0xF81F,0xF81F,0xF81F,0xF81F,0x00E3,0x02CB,0xF81F,0x05F7,
    0x069A,0x00E3,0x02AA,0x0124,0xF81F,0xF81F,0xF81F,0xF81F,
    0xF81F,0xF81F,0xF81F,0xF81F,0xF81F,0xF81F,0x01E7,0x07FF,
    0x07FF,0x02EB,0xF81F,0xF81F,0xF81F,0xF81F,0xF81F,0xF81F,
    0xF81F,0xF81F,0xF81F,0xF81F,0xF81F,0xF81F,0xF81F,0x03AE,
    0x0430,0xF81F,0xF81F,0xF81F,0xF81F,0xF81F,0xF81F,0xF81F,
    0xF81F,0xF81F,0xF81F,0xF81F,0xF81F,0xF81F,0xF81F,0xF81F,
    0xF81F,0xF81F,0xF81F,0xF81F,0xF81F,0xF81F,0xF81F,0xF81F,
    0xF81F,0xF81F,0xF81F,0xF81F,0xF81F,0xF81F,0xF81F,0xF81F,
    0xF81F,0xF81F,0xF81F,0xF81F,0xF81F,0xF81F,0xF81F,0xF81F,
};

// CIRCUIT BIT
static const uint16_t item_icon_mat_circuit[16 * 16] PROGMEM = {
    0xF81F,0xF81F,0xF81F,0xF81F,0xF81F,0xF81F,0xF81F,0xF81F,
    0xF81F,0xF81F,0xF81F,0xF81F,0xF81F,0xF81F,0xF81F,0xF81F,
    0xF81F,0xF81F,0xF81F,0xF81F,0xF81F,0xF81F,0xF81F,0xF81F,
    0xF81F,0xF81F,0xF81F,0xF81F,0xF81F,0xF81F,0xF81F,0xF81F,
    0xF81F,0xF81F,0xF81F,0xF81F,0xF81F,0xF81F,0xF81F,0xF81F,
    0xF81F,0xF81F,0xF81F,0xF81F,0xF81F,0xF81F,0xF81F,0xF81F,
    0xF81F,0xF81F,0xF81F,0xF81F,0xF81F,0xF81F,0xF81F,0xF81F,
    0xF81F,0xF81F,0xF81F,0xF81F,0xF81F,0xF81F,0xF81F,0xF81F,
    0xF81F,0xF81F,0xF81F,0xF81F,0x0420,0x05A0,0x0580,0x05A0,
    0x05A0,0x0580,0x0580,0x04C0,0xF81F,0xF81F,0xF81F,0xF81F,
    0xF81F,0x0120,0x0460,0x0460,0x0700,0x0400,0x0320,0x0320,
    0x0320,0x0340,0x03A0,0x0700,0x0440,0x0460,0x01A0,0xF81F,
    0xF81F,0xF81F,0x0220,0x0200,0x0600,0x0300,0x03A0,0x0520,
    0x0520,0x0420,0x02A0,0x0620,0x0200,0x0200,0x00C0,0xF81F,
    0xF81F,0xF81F,0x0220,0x0200,0x0620,0x0300,0x0540,0x07E0,
    0x07E0,0x0620,0x02A0,0x0640,0x0200,0x0220,0x00C0,0xF81F,
    0xF81F,0x0100,0x0420,0x0420,0x06A0,0x02E0,0x0540,0x07E0,
    0x07E0,0x0620,0x0280,0x06A0,0x0420,0x0420,0x0180,0xF81F,
    0xF81F,0xF81F,0xF81F,0xF81F,0x05A0,0x0320,0x0420,0x05E0,
    0x05E0,0x04A0,0x02A0,0x05E0,0xF81F,0xF81F,0xF81F,0xF81F,
    0xF81F,0x0160,0x0580,0x0560,0x0720,0x0380,0x02C0,0x02C0,
    0x02A0,0x02C0,0x0320,0x06E0,0x0560,0x0580,0x0200,0xF81F,
    0xF81F,0xF81F,0xF81F,0xF81F,0x04E0,0x0600,0x05C0,0x0600,
    0x0600,0x05E0,0x05E0,0x0580,0xF81F,0xF81F,0xF81F,0xF81F,
    0xF81F,0xF81F,0xF81F,0xF81F,0xF81F,0xF81F,0xF81F,0xF81F,
    0xF81F,0xF81F,0xF81F,0xF81F,0xF81F,0xF81F,0xF81F,0xF81F,
    0xF81F,0xF81F,0xF81F,0xF81F,0xF81F,0xF81F,0xF81F,0xF81F,
    0xF81F,0xF81F,0xF81F,0xF81F,0xF81F,0xF81F,0xF81F,0xF81F,
    0xF81F,0xF81F,0xF81F,0xF81F,0xF81F,0xF81F,0xF81F,0xF81F,
    0xF81F,0xF81F,0xF81F,0xF81F,0xF81F,0xF81F,0xF81F,0xF81F,
    0xF81F,0xF81F,0xF81F,0xF81F,0xF81F,0xF81F,0xF81F,0xF81F,
    0xF81F,0xF81F,0xF81F,0xF81F,0xF81F,0xF81F,0xF81F,0xF81F,
};

// DATA SHARD
static const uint16_t item_icon_mat_shard[16 * 16] PROGMEM = {
    0xF81F,0xF81F,0xF81F,0xF81F,0xF81F,0xF81F,0xF81F,0xF81F,
    0xF81F,0xF81F,0xF81F,0xF81F,0xF81F,0xF81F,0xF81F,0xF81F,
    0xF81F,0xF81F,0xF81F,0xF81F,0xF81F,0xF81F,0xF81F,0x1806,
    0x2008,0xF81F,0xF81F,0xF81F,0xF81F,0xF81F,0xF81F,0xF81F,
    0xF81F,0xF81F,0xF81F,0xF81F,0xF81F,0xF81F,0xF81F,0x801A,
    0x981D,0xF81F,0xF81F,0xF81F,0xF81F,0xF81F,0xF81F,0xF81F,
    0xF81F,0xF81F,0xF81F,0xF81F,0xF81F,0xF81F,0x380E,0x901D,
    0xA81D,0x4812,0xF81F,0xF81F,0xF81F,0xF81F,0xF81F,0xF81F,
    0xF81F,0xF81F,0xF81F,0xF81F,0xF81F,0x1805,0x681A,0x7014,
    0x8817,0x6819,0x2808,0xF81F,0xF81F,0xF81F,0xF81F,0xF81F,
    0xF81F,0xF81F,0xF81F,0xF81F,0xF81F,0x6818,0x4812,0x6814,
    0x8818,0x4010,0x701A,0xF81F,0xF81F,0xF81F,0xF81F,0xF81F,
    0xF81F,0xF81F,0xF81F,0xF81F,0x400F,0x6818,0x300C,0x7015,
    0x9018,0x300C,0x6017,0x5012,0xF81F,0xF81F,0xF81F,0xF81F,
    0xF81F,0xF81F,0xF81F,0xF81F,0x6819,0x4811,0x380E,0x7015,
    0x9018,0x380E,0x400F,0x701A,0xF81F,0xF81F,0xF81F,0xF81F,
    0xF81F,0xF81F,0xF81F,0xF81F,0x300B,0x6818,0x300D,0x7015,
    0x9018,0x300D,0x6016,0x400F,0xF81F,0xF81F,0xF81F,0xF81F,
    0xF81F,0xF81F,0xF81F,0xF81F,0xF81F,0x6818,0x4010,0x7014,
    0x8818,0x380E,0x7019,0xF81F,0xF81F,0xF81F,0xF81F,0xF81F,
    0xF81F,0xF81F,0xF81F,0xF81F,0xF81F,0x3009,0x6017,0x6813,
    0x8817,0x5816,0x400D,0xF81F,0xF81F,0xF81F,0xF81F,0xF81F,
    0xF81F,0xF81F,0xF81F,0xF81F,0xF81F,0xF81F,0x5815,0x7817,
    0x9018,0x6017,0xF81F,0xF81F,0xF81F,0xF81F,0xF81F,0xF81F,
    0xF81F,0xF81F,0xF81F,0xF81F,0xF81F,0xF81F,0x1807,0x901D,
    0xB01F,0x280B,0xF81F,0xF81F,0xF81F,0xF81F,0xF81F,0xF81F,
    0xF81F,0xF81F,0xF81F,0xF81F,0xF81F,0xF81F,0xF81F,0x7817,
    0x981B,0xF81F,0xF81F,0xF81F,0xF81F,0xF81F,0xF81F,0xF81F,
    0xF81F,0xF81F,0xF81F,0xF81F,0xF81F,0xF81F,0xF81F,0x2007,
    0x2809,0xF81F,0xF81F,0xF81F,0xF81F,0xF81F,0xF81F,0xF81F,
    0xF81F,0xF81F,0xF81F,0xF81F,0xF81F,0xF81F,0xF81F,0xF81F,
    0xF81F,0xF81F,0xF81F,0xF81F,0xF81F,0xF81F,0xF81F,0xF81F,
};

// GLITCH FRAG
static const uint16_t item_icon_mat_glitch[16 * 16] PROGMEM = {
    0xF81F,0xF81F,0xF81F,0xF81F,0xF81F,0xF81F,0xF81F,0xF81F,
    0xF81F,0xF81F,0xF81F,0xF81F,0xF81F,0xF81F,0xF81F,0xF81F,
    0xF81F,0xF81F,0xF81F,0xF81F,0xF81F,0xF81F,0xF81F,0xF81F,
    0x2805,0x4007,0xF81F,0xF81F,0xF81F,0xF81F,0xF81F,0xF81F,
    0xF81F,0xF81F,0xF81F,0xF81F,0xF81F,0xF81F,0xF81F,0xF81F,
    0xC017,0x4008,0xF81F,0xF81F,0xF81F,0xF81F,0xF81F,0xF81F,
    0xF81F,0xF81F,0xF81F,0xF81F,0xF81F,0xF81F,0xF81F,0x780E,
    0xF81E,0xF81F,0xF81F,0xF81F,0xF81F,0xF81F,0xF81F,0xF81F,
    0xF81F,0xF81F,0xF81F,0xF81F,0xF81F,0xF81F,0x3005,0xF81E,
    0xE01B,0xF81F,0xF81F,0xF81F,0xF81F,0xF81F,0xF81F,0xF81F,
    0xF81F,0xF81F,0xF81F,0xF81F,0xF81F,0xF81F,0xD019,0xF81E,
    0xC017,0xF81F,0xF81F,0xF81F,0xF81F,0xF81F,0xF81F,0xF81F,
    0xF81F,0xF81F,0xF81F,0xF81F,0xF81F,0x9812,0xF81E,0xF81E,
    0xB015,0xF81F,0xF81F,0xF81F,0xF81F,0xF81F,0xF81F,0xF81F,
    0xF81F,0xF81F,0xF81F,0xF81F,0x3006,0xD81A,0xD019,0xE81C,
    0xF01D,0xE81B,0xF01E,0x780E,0xF81F,0xF81F,0xF81F,0xF81F,
    0xF81F,0xF81F,0xF81F,0xF81F,0xF81F,0xF81F,0xF81F,0xA013,
    0xF81E,0xF81E,0xC017,0xF81F,0xF81F,0xF81F,0xF81F,0xF81F,
    0xF81F,0xF81F,0xF81F,0xF81F,0xF81F,0xF81F,0xF81F,0xD81A,
    0xF81E,0xE81C,0x1803,0xF81F,0xF81F,0xF81F,0xF81F,0xF81F,
    0xF81F,0xF81F,0xF81F,0xF81F,0xF81F,0xF81F,0x2805,0xF81E,
    0xF81E,0x4808,0xF81F,0xF81F,0xF81F,0xF81F,0xF81F,0xF81F,
    0xF81F,0xF81F,0xF81F,0xF81F,0xF81F,0xF81F,0x580B,0xF81E,
    0x800F,0xF81F,0xF81F,0xF81F,0xF81F,0xF81F,0xF81F,0xF81F,
    0xF81F,0xF81F,0xF81F,0xF81F,0xF81F,0xF81F,0xA814,0xC819,
    0xF81F,0xF81F,0xF81F,0xF81F,0xF81F,0xF81F,0xF81F,0xF81F,
    0xF81F,0xF81F,0xF81F,0xF81F,0xF81F,0xF81F,0xC818,0x2004,
    0xF81F,0xF81F,0xF81F,0xF81F,0xF81F,0xF81F,0xF81F,0xF81F,
    0xF81F,0xF81F,0xF81F,0xF81F,0xF81F,0x2805,0x4808,0xF81F,
    0xF81F,0xF81F,0xF81F,0xF81F,0xF81F,0xF81F,0xF81F,0xF81F,
    0xF81F,0xF81F,0xF81F,0xF81F,0xF81F,0xF81F,0xF81F,0xF81F,
    0xF81F,0xF81F,0xF81F,0xF81F,0xF81F,0xF81F,0xF81F,0xF81F,
};

// COPPER WIRE
static const uint16_t item_icon_mat_copper[16 * 16] PROGMEM = {
    0xF81F,0xF81F,0xF81F,0xF81F,0xF81F,0xF81F,0xF81F,0xF81F,
    0xF81F,0xF81F,0xF81F,0xF81F,0xF81F,0xF81F,0xF81F,0xF81F,
    0xF81F,0xF81F,0xF81F,0xF81F,0xF81F,0xF81F,0xF81F,0xF81F,
    0xF81F,0xF81F,0xF81F,0xF81F,0xF81F,0xF81F,0xF81F,0xF81F,
    0xF81F,0xF81F,0xF81F,0xF81F,0xF81F,0xF81F,0xF81F,0xF81F,
    0xF81F,0xF81F,0xF81F,0xF81F,0xF81F,0xF81F,0xF81F,0xF81F,
    0xF81F,0xF81F,0xF81F,0xF81F,0xF81F,0xF81F,0xF81F,0xF81F,
    0xF81F,0xF81F,0xF81F,0xF81F,0xF81F,0xF81F,0xF81F,0xF81F,
    0xF81F,0xF81F,0x38C0,0x7180,0xF81F,0x6140,0x48E0,0xF81F,
    0x81A0,0x1840,0xF81F,0x81C0,0xF81F,0xF81F,0xF81F,0xF81F,
    0xF81F,0xF81F,0x40C0,0xFBA0,0x1840,0x79A0,0xF340,0xF81F,
    0xD2C0,0xB240,0xF81F,0xFB80,0x6960,0xF81F,0xF81F,0xF81F,
    0xF81F,0xF81F,0xF81F,0xFB40,0x6960,0x2060,0xFBC0,0x2060,
    0x6960,0xFB60,0xF81F,0xC280,0xC2A0,0xF81F,0xF81F,0xF81F,
    0xF81F,0x5100,0x48E0,0xEB00,0x9A00,0xF81F,0xFBA0,0x4900,
    0x4900,0xFBA0,0xF81F,0x9A00,0xE300,0x38C0,0x5120,0xF81F,
    0xF81F,0x81A0,0x7180,0xEB00,0x9A00,0xF81F,0xFBA0,0x4900,
    0x4900,0xFBA0,0xF81F,0x9A00,0xE300,0x6140,0x89E0,0xF81F,
    0xF81F,0xF81F,0xF81F,0xF340,0x7180,0x1860,0xFBC0,0x2880,
    0x6140,0xFB80,0xF81F,0xBA60,0xCAA0,0xF81F,0xF81F,0xF81F,
    0xF81F,0xF81F,0x38C0,0xFBC0,0x2060,0x7180,0xFB60,0xF81F,
    0xC2A0,0xC280,0xF81F,0xFB60,0x7980,0xF81F,0xF81F,0xF81F,
    0xF81F,0xF81F,0x40E0,0x89E0,0xF81F,0x7180,0x6140,0xF81F,
    0x9A00,0x2880,0xF81F,0xA220,0xF81F,0xF81F,0xF81F,0xF81F,
    0xF81F,0xF81F,0xF81F,0xF81F,0xF81F,0xF81F,0xF81F,0xF81F,
    0xF81F,0xF81F,0xF81F,0xF81F,0xF81F,0xF81F,0xF81F,0xF81F,
    0xF81F,0xF81F,0xF81F,0xF81F,0xF81F,0xF81F,0xF81F,0xF81F,
    0xF81F,0xF81F,0xF81F,0xF81F,0xF81F,0xF81F,0xF81F,0xF81F,
    0xF81F,0xF81F,0xF81F,0xF81F,0xF81F,0xF81F,0xF81F,0xF81F,
    0xF81F,0xF81F,0xF81F,0xF81F,0xF81F,0xF81F,0xF81F,0xF81F,
    0xF81F,0xF81F,0xF81F,0xF81F,0xF81F,0xF81F,0xF81F,0xF81F,
    0xF81F,0xF81F,0xF81F,0xF81F,0xF81F,0xF81F,0xF81F,0xF81F,
};

// CRACKED LENS
static const uint16_t item_icon_mat_lens[16 * 16] PROGMEM = {
    0xF81F,0xF81F,0xF81F,0xF81F,0xF81F,0xF81F,0xF81F,0xF81F,
    0xF81F,0xF81F,0xF81F,0xF81F,0xF81F,0xF81F,0xF81F,0xF81F,
    0xF81F,0xF81F,0xF81F,0xF81F,0xF81F,0xF81F,0xF81F,0xF81F,
    0xF81F,0xF81F,0xF81F,0xF81F,0xF81F,0xF81F,0xF81F,0xF81F,
    0xF81F,0xF81F,0xF81F,0xF81F,0xF81F,0x42ED,0x8D98,0xA69D,
    0xAEBD,0x95B9,0x534F,0xF81F,0xF81F,0xF81F,0xF81F,0xF81F,
    0xF81F,0xF81F,0xF81F,0x0883,0x8D78,0xCF9F,0x95FB,0x74B5,
    0x7495,0x95DA,0xBF9F,0x95FA,0x1905,0xF81F,0xF81F,0xF81F,
    0xF81F,0xF81F,0xF81F,0x8558,0xBF3F,0xDF1C,0x428B,0x2166,
    0x29A7,0x29A7,0x4AED,0xAEFE,0x9E1B,0xF81F,0xF81F,0xF81F,
    0xF81F,0xF81F,0x42CD,0xC7BF,0x42EE,0x7C10,0xCE7A,0x21A8,
    0x3A2A,0x322A,0x29A7,0x42CD,0xBF7F,0x5BB1,0xF81F,0xF81F,
    0xF81F,0xF81F,0x8D98,0x95FB,0x29C8,0x21A8,0xC659,0x8472,
    0x2187,0x3229,0x322A,0x2987,0x8559,0x9E5C,0xF81F,0xF81F,
    0xF81F,0xF81F,0xA6BD,0x74B5,0x29A7,0x29E9,0x42AB,0xDEDB,
    0x428B,0x29E9,0x322A,0x29A7,0x63F2,0xB71F,0x10C3,0xF81F,
    0xF81F,0xF81F,0xAEBD,0x7495,0x29A7,0x3A4A,0x1946,0xB5B7,
    0xB5D7,0x2187,0x3A2A,0x29A7,0x63D2,0xB71F,0x10E4,0xF81F,
    0xF81F,0xF81F,0x95B9,0x95BB,0x29C8,0x21A8,0x94F4,0xCE7A,
    0x3229,0x3209,0x322A,0x2187,0x7D17,0xA67C,0xF81F,0xF81F,
    0xF81F,0xF81F,0x532F,0xBF9F,0x4B0E,0x2166,0x636E,0xC659,
    0x7410,0x21A8,0x29A7,0x3A8B,0xB73F,0x6C33,0xF81F,0xF81F,
    0xF81F,0xF81F,0xF81F,0x95FB,0xAEDE,0x4ACD,0x1946,0x31E8,
    0xAD96,0xA514,0x428B,0x9E5C,0xA69D,0x10A3,0xF81F,0xF81F,
    0xF81F,0xF81F,0xF81F,0x1904,0x9E3B,0xBF7F,0x8D79,0x5BD2,
    0x5390,0xC6FE,0xFFFF,0xAEBD,0x2187,0xF81F,0xF81F,0xF81F,
    0xF81F,0xF81F,0xF81F,0xF81F,0xF81F,0x5BD1,0x9E5B,0xB71F,
    0xB73F,0x961C,0x7453,0x18E3,0xF81F,0xF81F,0xF81F,0xF81F,
    0xF81F,0xF81F,0xF81F,0xF81F,0xF81F,0xF81F,0xF81F,0x10C3,
    0x10E4,0xF81F,0xF81F,0xF81F,0xF81F,0xF81F,0xF81F,0xF81F,
    0xF81F,0xF81F,0xF81F,0xF81F,0xF81F,0xF81F,0xF81F,0xF81F,
    0xF81F,0xF81F,0xF81F,0xF81F,0xF81F,0xF81F,0xF81F,0xF81F,
};

// FERRITE BEAD
static const uint16_t item_icon_mat_ferrite[16 * 16] PROGMEM = {
    0xF81F,0xF81F,0xF81F,0xF81F,0xF81F,0xF81F,0xF81F,0xF81F,
    0xF81F,0xF81F,0xF81F,0xF81F,0xF81F,0xF81F,0xF81F,0xF81F,
    0xF81F,0xF81F,0xF81F,0xF81F,0xF81F,0xF81F,0xF81F,0xF81F,
    0xF81F,0xF81F,0xF81F,0xF81F,0xF81F,0xF81F,0xF81F,0xF81F,
    0xF81F,0xF81F,0xF81F,0xF81F,0xF81F,0xF81F,0xF81F,0xF81F,
    0xF81F,0xF81F,0xF81F,0xF81F,0xF81F,0xF81F,0xF81F,0xF81F,
    0xF81F,0xF81F,0xF81F,0xF81F,0xF81F,0xF81F,0x0861,0x18C3,
    0x18C3,0x1082,0xF81F,0xF81F,0xF81F,0xF81F,0xF81F,0xF81F,
    0xF81F,0xF81F,0xF81F,0xF81F,0x2965,0x4A49,0x4A89,0x4A89,
    0x4A89,0x4A89,0x4A69,0x31A6,0x0841,0xF81F,0xF81F,0xF81F,
    0xF81F,0xF81F,0x0841,0x4A49,0x4A89,0x4208,0x3A07,0x3A07,
    0x3A07,0x3A07,0x3A07,0x4A89,0x4A89,0x0881,0xF81F,0xF81F,
    0xF81F,0xF81F,0x4228,0x4A69,0x31C6,0x3A07,0x31A6,0x10A2,
    0x1082,0x3186,0x4208,0x39C7,0x4248,0x4A69,0xF81F,0xF81F,
    0xF81F,0x10A2,0x52AA,0x39E7,0x3A07,0x3A07,0x0841,0xF81F,
    0xF81F,0xF81F,0x39C7,0x4208,0x39C7,0x528A,0x18E3,0xF81F,
    0xF81F,0x10A2,0x52AA,0x39E7,0x3A07,0x39E7,0x0020,0xF81F,
    0xF81F,0xF81F,0x31C6,0x4228,0x39C7,0x4A89,0x2104,0xF81F,
    0xF81F,0xF81F,0x4A49,0x4248,0x39C7,0x4228,0x3186,0x0861,
    0x0861,0x2965,0x4228,0x39E7,0x4228,0x4A89,0xF81F,0xF81F,
    0xF81F,0xF81F,0x0881,0x4A89,0x4A69,0x3A07,0x3A07,0x39E7,
    0x39E7,0x3A07,0x3A07,0x4A69,0x52AA,0x10C2,0xF81F,0xF81F,
    0xF81F,0xF81F,0xF81F,0x0841,0x39C7,0x4A69,0x4A89,0x4A89,
    0x4A89,0x4A89,0x4A89,0x39E7,0x1082,0xF81F,0xF81F,0xF81F,
    0xF81F,0xF81F,0xF81F,0xF81F,0xF81F,0xF81F,0x10C2,0x2104,
    0x2124,0x18C3,0xF81F,0xF81F,0xF81F,0xF81F,0xF81F,0xF81F,
    0xF81F,0xF81F,0xF81F,0xF81F,0xF81F,0xF81F,0xF81F,0xF81F,
    0xF81F,0xF81F,0xF81F,0xF81F,0xF81F,0xF81F,0xF81F,0xF81F,
    0xF81F,0xF81F,0xF81F,0xF81F,0xF81F,0xF81F,0xF81F,0xF81F,
    0xF81F,0xF81F,0xF81F,0xF81F,0xF81F,0xF81F,0xF81F,0xF81F,
    0xF81F,0xF81F,0xF81F,0xF81F,0xF81F,0xF81F,0xF81F,0xF81F,
    0xF81F,0xF81F,0xF81F,0xF81F,0xF81F,0xF81F,0xF81F,0xF81F,
};

// ANTENNA HAT
static const uint16_t item_icon_cos_antenna[16 * 16] PROGMEM = {
    0xF81F,0xF81F,0xF81F,0xF81F,0xF81F,0xF81F,0xF81F,0xF81F,
    0xF81F,0xF81F,0x01A6,0x077D,0x04D3,0xF81F,0xF81F,0xF81F,
    0xF81F,0xF81F,0xF81F,0xF81F,0xF81F,0xF81F,0xF81F,0xF81F,
    0xF81F,0xF81F,0x0575,0x07FF,0x0638,0xF81F,0xF81F,0xF81F,
    0xF81F,0xF81F,0xF81F,0xF81F,0xF81F,0xF81F,0xF81F,0xF81F,
    0xF81F,0x04B2,0x034D,0x0249,0x00E3,0xF81F,0xF81F,0xF81F,
    0xF81F,0xF81F,0xF81F,0xF81F,0xF81F,0xF81F,0xF81F,0xF81F,
    0x0471,0x036D,0xF81F,0xF81F,0xF81F,0xF81F,0xF81F,0xF81F,
    0xF81F,0xF81F,0xF81F,0xF81F,0xF81F,0xF81F,0xF81F,0x028A,
    0x04D3,0xF81F,0xF81F,0xF81F,0xF81F,0xF81F,0xF81F,0xF81F,
    0xF81F,0xF81F,0xF81F,0xF81F,0xF81F,0xF81F,0xF81F,0x06BA,
    0x06FB,0x0145,0xF81F,0xF81F,0xF81F,0xF81F,0xF81F,0xF81F,
    0xF81F,0xF81F,0xF81F,0xF81F,0xF81F,0xF81F,0x05F7,0x05B6,
    0x0555,0x069A,0xF81F,0xF81F,0xF81F,0xF81F,0xF81F,0xF81F,
    0xF81F,0xF81F,0xF81F,0xF81F,0xF81F,0x04B2,0x069A,0x0471,
    0x0471,0x0618,0x05B6,0xF81F,0xF81F,0xF81F,0xF81F,0xF81F,
    0xF81F,0xF81F,0xF81F,0xF81F,0x036D,0x071C,0x0471,0x04F3,
    0x04F3,0x0471,0x06BA,0x0451,0xF81F,0xF81F,0xF81F,0xF81F,
    0xF81F,0xF81F,0xF81F,0x0208,0x06FB,0x0471,0x0492,0x0492,
    0x0492,0x04B2,0x0430,0x06FB,0x02EB,0xF81F,0xF81F,0xF81F,
    0xF81F,0xF81F,0x0165,0x075D,0x071C,0x069A,0x06DB,0x06BA,
    0x06BA,0x06DB,0x06BA,0x06DB,0x079E,0x0208,0xF81F,0xF81F,
    0xF81F,0x01E7,0x07DF,0x07FF,0x07FF,0x07FF,0x07FF,0x07FF,
    0x07FF,0x07FF,0x07FF,0x07FF,0x07FF,0x07FF,0x02CB,0xF81F,
    0xF81F,0x0208,0x07FF,0x07DF,0x07FF,0x07FF,0x07FF,0x07FF,
    0x07FF,0x07FF,0x07FF,0x07FF,0x07DF,0x07FF,0x02EB,0xF81F,
    0xF81F,0xF81F,0x0124,0x0124,0x0124,0x0124,0x0124,0x0124,
    0x0124,0x0124,0x0124,0x0124,0x0124,0x0124,0xF81F,0xF81F,
    0xF81F,0xF81F,0xF81F,0xF81F,0xF81F,0xF81F,0xF81F,0xF81F,
    0xF81F,0xF81F,0xF81F,0xF81F,0xF81F,0xF81F,0xF81F,0xF81F,
    0xF81F,0xF81F,0xF81F,0xF81F,0xF81F,0xF81F,0xF81F,0xF81F,
    0xF81F,0xF81F,0xF81F,0xF81F,0xF81F,0xF81F,0xF81F,0xF81F,
};

// SIGNAL SCARF
static const uint16_t item_icon_cos_scarf[16 * 16] PROGMEM = {
    0xF81F,0xF81F,0xF81F,0xF81F,0xF81F,0xF81F,0xF81F,0xF81F,
    0xF81F,0xF81F,0xF81F,0xF81F,0xF81F,0xF81F,0xF81F,0xF81F,
    0xF81F,0xF81F,0xF81F,0xF81F,0xF81F,0xF81F,0xF81F,0xF81F,
    0xF81F,0xF81F,0xF81F,0xF81F,0xF81F,0xF81F,0xF81F,0xF81F,
    0xF81F,0xF81F,0xF81F,0xF81F,0xF81F,0xF81F,0xF81F,0xF81F,
    0xF81F,0xF81F,0xF81F,0xF81F,0xF81F,0xF81F,0xF81F,0xF81F,
    0xF81F,0xF81F,0xF81F,0xF81F,0xF81F,0xF81F,0xF81F,0xF81F,
    0xF81F,0xF81F,0xF81F,0xF81F,0xF81F,0xF81F,0xF81F,0xF81F,
    0xF81F,0xF81F,0x2004,0xF81F,0xF81F,0xF81F,0xF81F,0xA815,
    0x500A,0xB015,0x8811,0xF81F,0xF81F,0xF81F,0x1803,0xF81F,
    0xF81F,0x680C,0xF01E,0x700E,0xF81F,0x1802,0xC818,0xF81E,
    0xF81E,0xF81E,0xF81E,0xB816,0x3807,0xC818,0xD019,0xF81F,
    0x3006,0xF81E,0xF81E,0xF81E,0xC017,0xD81A,0xF81E,0xF81E,
    0xF81E,0xF81E,0xF81E,0xF81E,0xF81E,0xF81E,0xF81E,0xB816,
    0x2004,0xA815,0xF81E,0xF81E,0xF81E,0xF81E,0xF81E,0xF01D,
    0x4809,0x780E,0xF01D,0xF01D,0xF01D,0xF81E,0xE81D,0x600C,
    0xF81F,0xF81F,0x600B,0xF01D,0xE81C,0xE01B,0xE81C,0x3006,
    0xF81F,0xF81F,0x680C,0xC818,0xA013,0xC819,0x3006,0xF81F,
    0xF81F,0xF81F,0xF81F,0x2805,0x4008,0x2004,0x2004,0xF81F,
    0xF81F,0xF81F,0x8811,0xB016,0xA815,0xB015,0x580B,0xF81F,
    0xF81F,0xF81F,0xF81F,0xF81F,0xF81F,0xF81F,0xF81F,0xF81F,
    0xF81F,0x2805,0xB816,0xA815,0xB015,0xB816,0x2805,0xF81F,
    0xF81F,0xF81F,0xF81F,0xF81F,0xF81F,0xF81F,0xF81F,0xF81F,
    0xF81F,0x3006,0xB816,0xA815,0xB817,0x680D,0xF81F,0xF81F,
    0xF81F,0xF81F,0xF81F,0xF81F,0xF81F,0xF81F,0xF81F,0xF81F,
    0xF81F,0xF81F,0x4809,0xC017,0xA814,0x1002,0xF81F,0xF81F,
    0xF81F,0xF81F,0xF81F,0xF81F,0xF81F,0xF81F,0xF81F,0xF81F,
    0xF81F,0xF81F,0xF81F,0x600C,0x500A,0xF81F,0xF81F,0xF81F,
    0xF81F,0xF81F,0xF81F,0xF81F,0xF81F,0xF81F,0xF81F,0xF81F,
    0xF81F,0xF81F,0xF81F,0xF81F,0xF81F,0xF81F,0xF81F,0xF81F,
    0xF81F,0xF81F,0xF81F,0xF81F,0xF81F,0xF81F,0xF81F,0xF81F,
    0xF81F,0xF81F,0xF81F,0xF81F,0xF81F,0xF81F,0xF81F,0xF81F,
};

// RECON GOGGLES
static const uint16_t item_icon_cos_goggles[16 * 16] PROGMEM = {
    0xF81F,0xF81F,0xF81F,0xF81F,0xF81F,0xF81F,0xF81F,0xF81F,
    0xF81F,0xF81F,0xF81F,0xF81F,0xF81F,0xF81F,0xF81F,0xF81F,
    0xF81F,0xF81F,0xF81F,0xF81F,0xF81F,0xF81F,0xF81F,0xF81F,
    0xF81F,0xF81F,0xF81F,0xF81F,0xF81F,0xF81F,0xF81F,0xF81F,
    0xF81F,0xF81F,0xF81F,0xF81F,0xF81F,0xF81F,0xF81F,0xF81F,
    0xF81F,0xF81F,0xF81F,0xF81F,0xF81F,0xF81F,0xF81F,0xF81F,
    0xF81F,0xF81F,0xF81F,0xF81F,0xF81F,0xF81F,0xF81F,0xF81F,
    0xF81F,0xF81F,0xF81F,0xF81F,0xF81F,0xF81F,0xF81F,0xF81F,
    0xF81F,0xF81F,0xF81F,0xF81F,0xF81F,0xF81F,0xF81F,0xF81F,
    0xF81F,0xF81F,0xF81F,0xF81F,0xF81F,0xF81F,0xF81F,0xF81F,
    0xF81F,0xF81F,0x6200,0xBBC0,0xBBC0,0xB3A0,0x20C0,0xF81F,
    0xF81F,0xF81F,0xAB60,0xBBE0,0xC400,0x7260,0xF81F,0xF81F,
    0xF81F,0x5180,0xED40,0xDE40,0x7B20,0x7A60,0xCC20,0x1860,
    0xF81F,0xBBC0,0x9B00,0x51A0,0x59C0,0xCC00,0x6A40,0xF81F,
    0xF81F,0xCC00,0x7260,0x6240,0x6220,0x4140,0xAB60,0xB3A0,
    0xA340,0xBBC0,0x4140,0x59C0,0x51A0,0x59E0,0xD440,0x1880,
    0xF81F,0xD420,0x6A00,0x4960,0x59C0,0x4160,0xA340,0xC3E0,
    0xB3A0,0xBBA0,0x4140,0x59E0,0x51A0,0x59C0,0xDC60,0x1880,
    0xF81F,0x6220,0xCC00,0x51A0,0x4960,0x7240,0xD420,0x28C0,
    0x1880,0xC400,0x82A0,0x4960,0x4980,0xBBC0,0x82A0,0xF81F,
    0xF81F,0xF81F,0x7A80,0xC400,0xBBC0,0xC400,0x3940,0xF81F,
    0xF81F,0x20E0,0xBBE0,0xBBC0,0xC400,0x9300,0xF81F,0xF81F,
    0xF81F,0xF81F,0xF81F,0xF81F,0x2100,0xF81F,0xF81F,0xF81F,
    0xF81F,0xF81F,0xF81F,0x20E0,0x18A0,0xF81F,0xF81F,0xF81F,
    0xF81F,0xF81F,0xF81F,0xF81F,0xF81F,0xF81F,0xF81F,0xF81F,
    0xF81F,0xF81F,0xF81F,0xF81F,0xF81F,0xF81F,0xF81F,0xF81F,
    0xF81F,0xF81F,0xF81F,0xF81F,0xF81F,0xF81F,0xF81F,0xF81F,
    0xF81F,0xF81F,0xF81F,0xF81F,0xF81F,0xF81F,0xF81F,0xF81F,
    0xF81F,0xF81F,0xF81F,0xF81F,0xF81F,0xF81F,0xF81F,0xF81F,
    0xF81F,0xF81F,0xF81F,0xF81F,0xF81F,0xF81F,0xF81F,0xF81F,
    0xF81F,0xF81F,0xF81F,0xF81F,0xF81F,0xF81F,0xF81F,0xF81F,
    0xF81F,0xF81F,0xF81F,0xF81F,0xF81F,0xF81F,0xF81F,0xF81F,
};

// LED COLLAR
static const uint16_t item_icon_cos_collar[16 * 16] PROGMEM = {
    0xF81F,0xF81F,0xF81F,0xF81F,0xF81F,0xF81F,0xF81F,0x01C0,
    0x0240,0xF81F,0xF81F,0xF81F,0xF81F,0xF81F,0xF81F,0xF81F,
    0xF81F,0xF81F,0xF81F,0xF81F,0xF81F,0xF81F,0xF81F,0x0780,
    0x07E0,0x00E0,0xF81F,0xF81F,0xF81F,0xF81F,0xF81F,0xF81F,
    0xF81F,0xF81F,0xF81F,0xF81F,0xF81F,0x0140,0x0460,0x07E0,
    0x07E0,0x04E0,0x0180,0xF81F,0xF81F,0xF81F,0xF81F,0xF81F,
    0xF81F,0xF81F,0xF81F,0xF81F,0x03E0,0x07E0,0x07E0,0x0780,
    0x0780,0x07E0,0x07E0,0x0480,0xF81F,0xF81F,0xF81F,0xF81F,
    0xF81F,0xF81F,0xF81F,0x03C0,0x07E0,0x06A0,0x0280,0x00C0,
    0xF81F,0x0240,0x0620,0x07E0,0x04C0,0xF81F,0xF81F,0xF81F,
    0xF81F,0xF81F,0x0100,0x07E0,0x06A0,0xF81F,0xF81F,0xF81F,
    0xF81F,0xF81F,0xF81F,0x05E0,0x07E0,0x01E0,0xF81F,0xF81F,
    0xF81F,0xF81F,0x0480,0x07E0,0x0260,0xF81F,0xF81F,0xF81F,
    0xF81F,0xF81F,0xF81F,0x0180,0x07E0,0x0580,0xF81F,0xF81F,
    0x01E0,0x0760,0x07E0,0x0780,0xF81F,0xF81F,0xF81F,0xF81F,
    0xF81F,0xF81F,0xF81F,0xF81F,0x06E0,0x07E0,0x05C0,0xF81F,
    0x0240,0x07E0,0x07E0,0x0780,0xF81F,0xF81F,0xF81F,0xF81F,
    0xF81F,0xF81F,0xF81F,0xF81F,0x06C0,0x07E0,0x0680,0xF81F,
    0xF81F,0x0140,0x0500,0x07E0,0x0200,0xF81F,0xF81F,0xF81F,
    0xF81F,0xF81F,0xF81F,0x0120,0x07C0,0x05E0,0xF81F,0xF81F,
    0xF81F,0xF81F,0x0160,0x07E0,0x0620,0xF81F,0xF81F,0xF81F,
    0xF81F,0xF81F,0xF81F,0x0540,0x07E0,0x0240,0xF81F,0xF81F,
    0xF81F,0xF81F,0xF81F,0x0480,0x07E0,0x05C0,0x01A0,0xF81F,
    0xF81F,0x0160,0x0540,0x07E0,0x0580,0xF81F,0xF81F,0xF81F,
    0xF81F,0xF81F,0xF81F,0xF81F,0x04C0,0x07E0,0x07E0,0x06E0,
    0x06C0,0x07E0,0x07E0,0x0560,0xF81F,0xF81F,0xF81F,0xF81F,
    0xF81F,0xF81F,0xF81F,0xF81F,0xF81F,0x0200,0x0540,0x07E0,
    0x07E0,0x05C0,0x0260,0xF81F,0xF81F,0xF81F,0xF81F,0xF81F,
    0xF81F,0xF81F,0xF81F,0xF81F,0xF81F,0xF81F,0xF81F,0x07C0,
    0x07E0,0x0120,0xF81F,0xF81F,0xF81F,0xF81F,0xF81F,0xF81F,
    0xF81F,0xF81F,0xF81F,0xF81F,0xF81F,0xF81F,0xF81F,0x02A0,
    0x0320,0xF81F,0xF81F,0xF81F,0xF81F,0xF81F,0xF81F,0xF81F,
};

// DESK LAMP
static const uint16_t item_icon_cos_lamp[16 * 16] PROGMEM = {
    0xF81F,0xF81F,0xF81F,0xF81F,0xF81F,0xF81F,0xF81F,0xF81F,
    0xF81F,0xF81F,0xF81F,0xF81F,0xF81F,0xF81F,0xF81F,0xF81F,
    0xF81F,0xF81F,0xF81F,0xF81F,0xF81F,0xF81F,0xF81F,0xF81F,
    0xF81F,0xF81F,0xF81F,0xF81F,0xF81F,0xF81F,0xF81F,0xF81F,
    0xF81F,0xF81F,0xF81F,0xF81F,0x4220,0x8400,0x7BE0,0x8400,
    0x8400,0x7BE0,0x8400,0x52A0,0xF81F,0xF81F,0xF81F,0xF81F,
    0xF81F,0xF81F,0xF81F,0xF81F,0xDEE0,0xFFE0,0xFFE0,0xFFE0,
    0xFFE0,0xFFE0,0xFFE0,0xF7A0,0xF81F,0xF81F,0xF81F,0xF81F,
    0xF81F,0xF81F,0xF81F,0x39E0,0xFFE0,0xFFC0,0xFFC0,0xFFC0,
    0xFFC0,0xFFC0,0xF7A0,0xFFE0,0x5AC0,0xF81F,0xF81F,0xF81F,
    0xF81F,0xF81F,0xF81F,0x9CE0,0xFFE0,0xFFC0,0xFFE0,0xFFE0,
    0xFFE0,0xFFE0,0xFFC0,0xFFE0,0xBDC0,0xF81F,0xF81F,0xF81F,
    0xF81F,0xF81F,0xF81F,0xF7A0,0xFFE0,0xFFE0,0xFFE0,0xFFE0,
    0xFFE0,0xFFE0,0xFFE0,0xFFE0,0xFFE0,0x2940,0xF81F,0xF81F,
    0xF81F,0xF81F,0x4A60,0xDEC0,0xD6A0,0xDEC0,0xDEC0,0xE700,
    0xEF40,0xDEC0,0xDEC0,0xD680,0xDEC0,0x6B40,0xF81F,0xF81F,
    0xF81F,0xF81F,0xF81F,0xF81F,0xF81F,0xF81F,0xF81F,0x7380,
    0x9CE0,0xF81F,0xF81F,0xF81F,0xF81F,0xF81F,0xF81F,0xF81F,
    0xF81F,0xF81F,0xF81F,0xF81F,0xF81F,0xF81F,0xF81F,0x73A0,
    0xA500,0xF81F,0xF81F,0xF81F,0xF81F,0xF81F,0xF81F,0xF81F,
    0xF81F,0xF81F,0xF81F,0xF81F,0xF81F,0xF81F,0xF81F,0x73A0,
    0xA500,0xF81F,0xF81F,0xF81F,0xF81F,0xF81F,0xF81F,0xF81F,
    0xF81F,0xF81F,0xF81F,0xF81F,0xF81F,0xF81F,0xF81F,0x7380,
    0xA500,0xF81F,0xF81F,0xF81F,0xF81F,0xF81F,0xF81F,0xF81F,
    0xF81F,0xF81F,0xF81F,0xF81F,0xF81F,0xF81F,0xF81F,0x73A0,
    0xA500,0xF81F,0xF81F,0xF81F,0xF81F,0xF81F,0xF81F,0xF81F,
    0xF81F,0xF81F,0xF81F,0xF81F,0x8420,0xBDE0,0xB580,0xBDC0,
    0xBDE0,0xB580,0xBDC0,0x94A0,0xF81F,0xF81F,0xF81F,0xF81F,
    0xF81F,0xF81F,0xF81F,0xF81F,0x5280,0x73A0,0x6B60,0x6B60,
    0x6B60,0x6B60,0x7380,0x5AE0,0xF81F,0xF81F,0xF81F,0xF81F,
    0xF81F,0xF81F,0xF81F,0xF81F,0xF81F,0xF81F,0xF81F,0xF81F,
    0xF81F,0xF81F,0xF81F,0xF81F,0xF81F,0xF81F,0xF81F,0xF81F,
};

// STATIC RUG
static const uint16_t item_icon_cos_rug[16 * 16] PROGMEM = {
    0xF81F,0xF81F,0xF81F,0xF81F,0xF81F,0xF81F,0xF81F,0xF81F,
    0xF81F,0xF81F,0xF81F,0xF81F,0xF81F,0xF81F,0xF81F,0xF81F,
    0xF81F,0xF81F,0xF81F,0xF81F,0xF81F,0xF81F,0xF81F,0xF81F,
    0xF81F,0xF81F,0xF81F,0xF81F,0xF81F,0xF81F,0xF81F,0xF81F,
    0xF81F,0xF81F,0xF81F,0xF81F,0xF81F,0xF81F,0xF81F,0xF81F,
    0xF81F,0xF81F,0xF81F,0xF81F,0xF81F,0xF81F,0xF81F,0xF81F,
    0xF81F,0xF81F,0xF81F,0xF81F,0xF81F,0xF81F,0xF81F,0xF81F,
    0xF81F,0xF81F,0xF81F,0xF81F,0xF81F,0xF81F,0xF81F,0xF81F,
    0xF81F,0xF81F,0x4208,0x52AA,0x528A,0x52AA,0x52AA,0x52AA,
    0x52AA,0x52AA,0x52AA,0x528A,0x52AA,0x4A49,0xF81F,0xF81F,
    0xF81F,0x4208,0x8410,0x7BCF,0x7BCF,0x7BCF,0x7BCF,0x7BCF,
    0x7BCF,0x7BCF,0x7BCF,0x7BCF,0x7BCF,0x8410,0x526A,0xF81F,
    0xF81F,0x5ACB,0x5AAB,0x5AAB,0x5AAB,0x5AAB,0x5AAB,0x5AAB,
    0x5AAB,0x5AAB,0x5AAB,0x5AAB,0x5ACB,0x528A,0x630C,0xF81F,
    0xF81F,0x52AA,0x6B4D,0x738E,0x738E,0x738E,0x738E,0x738E,
    0x738E,0x738E,0x738E,0x738E,0x738E,0x6B2D,0x62EC,0xF81F,
    0xF81F,0x5AAB,0x5ACB,0x52AA,0x5AAB,0x5AAB,0x5AAB,0x5AAB,
    0x5AAB,0x5AAB,0x5AAB,0x5AAB,0x5AAB,0x5AAB,0x630C,0xF81F,
    0xF81F,0x5AAB,0x632C,0x738E,0x738E,0x738E,0x738E,0x738E,
    0x738E,0x738E,0x738E,0x738E,0x73AE,0x632C,0x62EC,0xF81F,
    0xF81F,0x52AA,0x632C,0x52AA,0x5AAB,0x5AAB,0x5AAB,0x5AAB,
    0x5AAB,0x5AAB,0x5AAB,0x5AAB,0x52AA,0x62EC,0x62EC,0xF81F,
    0xF81F,0x10A2,0x7BEF,0x9CB3,0x9492,0x9492,0x94B2,0x94B2,
    0x94B2,0x94B2,0x94B2,0x9492,0x9CB3,0x8430,0x2104,0xF81F,
    0xF81F,0xF81F,0xF81F,0x1082,0x1062,0x1082,0x1082,0x1082,
    0x1082,0x1082,0x1082,0x1062,0x1082,0xF81F,0xF81F,0xF81F,
    0xF81F,0xF81F,0xF81F,0xF81F,0xF81F,0xF81F,0xF81F,0xF81F,
    0xF81F,0xF81F,0xF81F,0xF81F,0xF81F,0xF81F,0xF81F,0xF81F,
    0xF81F,0xF81F,0xF81F,0xF81F,0xF81F,0xF81F,0xF81F,0xF81F,
    0xF81F,0xF81F,0xF81F,0xF81F,0xF81F,0xF81F,0xF81F,0xF81F,
    0xF81F,0xF81F,0xF81F,0xF81F,0xF81F,0xF81F,0xF81F,0xF81F,
    0xF81F,0xF81F,0xF81F,0xF81F,0xF81F,0xF81F,0xF81F,0xF81F,
};

// FARADAY POSTER
static const uint16_t item_icon_cos_poster[16 * 16] PROGMEM = {
    0xF81F,0xF81F,0xF81F,0xF81F,0xF81F,0xF81F,0xF81F,0xF81F,
    0xF81F,0xF81F,0xF81F,0xF81F,0xF81F,0xF81F,0xF81F,0xF81F,
    0xF81F,0xF81F,0xF81F,0x03AE,0x03EF,0x03EF,0x03EF,0x03EF,
    0x03EF,0x03EF,0x03EF,0x03EF,0x03EF,0xF81F,0xF81F,0xF81F,
    0xF81F,0xF81F,0xF81F,0x06FB,0x0430,0x0679,0x0471,0x0534,
    0x05F7,0x03EF,0x0679,0x0451,0x06FB,0x0145,0xF81F,0xF81F,
    0xF81F,0xF81F,0xF81F,0x05F7,0x0208,0x04F3,0x0269,0x036D,
    0x0471,0x01C7,0x0514,0x0249,0x05B6,0x0124,0xF81F,0xF81F,
    0xF81F,0xF81F,0xF81F,0x06BA,0x04F3,0x0679,0x0534,0x05B6,
    0x0638,0x04D3,0x069A,0x0534,0x06DB,0x0124,0xF81F,0xF81F,
    0xF81F,0xF81F,0xF81F,0x05F7,0x01A6,0x04D3,0x0208,0x032C,
    0x0430,0x0145,0x04F3,0x01E7,0x0596,0x0124,0xF81F,0xF81F,
    0xF81F,0xF81F,0xF81F,0x0659,0x036D,0x05B6,0x03CF,0x0492,
    0x0555,0x034D,0x05D7,0x03AE,0x0659,0x0124,0xF81F,0xF81F,
    0xF81F,0xF81F,0xF81F,0x069A,0x0471,0x0638,0x04B2,0x0534,
    0x05D7,0x0430,0x0638,0x0492,0x069A,0x0124,0xF81F,0xF81F,
    0xF81F,0xF81F,0xF81F,0x05D7,0x0145,0x04B2,0x01C7,0x02EB,
    0x0410,0x0104,0x04D3,0x01A6,0x0575,0x0124,0xF81F,0xF81F,
    0xF81F,0xF81F,0xF81F,0x069A,0x0471,0x0638,0x04B2,0x0534,
    0x05D7,0x0430,0x0638,0x0492,0x069A,0x0124,0xF81F,0xF81F,
    0xF81F,0xF81F,0xF81F,0x0659,0x036D,0x05B6,0x03CF,0x0492,
    0x0555,0x034D,0x05D7,0x03AE,0x0659,0x0124,0xF81F,0xF81F,
    0xF81F,0xF81F,0xF81F,0x05F7,0x01A6,0x04D3,0x0208,0x032C,
    0x0451,0x0165,0x04F3,0x0208,0x0596,0x0124,0xF81F,0xF81F,
    0xF81F,0xF81F,0xF81F,0x069A,0x0492,0x0638,0x04D3,0x0555,
    0x05F7,0x0471,0x0659,0x04B2,0x069A,0x0124,0xF81F,0xF81F,
    0xF81F,0xF81F,0xF81F,0x06FB,0x03EF,0x0659,0x0451,0x0514,
    0x05D7,0x03CF,0x0659,0x0430,0x06DB,0x0145,0xF81F,0xF81F,
    0xF81F,0xF81F,0xF81F,0x0492,0x04D3,0x04D3,0x04D3,0x04D3,
    0x04D3,0x04D3,0x04D3,0x04D3,0x04D3,0x00C3,0xF81F,0xF81F,
    0xF81F,0xF81F,0xF81F,0xF81F,0xF81F,0xF81F,0xF81F,0xF81F,
    0xF81F,0xF81F,0xF81F,0xF81F,0xF81F,0xF81F,0xF81F,0xF81F,
};

// SERVER FERN
static const uint16_t item_icon_cos_fern[16 * 16] PROGMEM = {
    0xF81F,0xF81F,0xF81F,0xF81F,0xF81F,0xF81F,0xF81F,0xF81F,
    0xF81F,0xF81F,0xF81F,0xF81F,0xF81F,0xF81F,0xF81F,0xF81F,
    0xF81F,0xF81F,0xF81F,0xF81F,0xF81F,0xF81F,0xF81F,0xF81F,
    0xF81F,0xF81F,0xF81F,0xF81F,0xF81F,0xF81F,0xF81F,0xF81F,
    0xF81F,0xF81F,0xF81F,0xF81F,0xF81F,0xF81F,0xF81F,0xF81F,
    0xF81F,0xF81F,0xF81F,0xF81F,0xF81F,0xF81F,0xF81F,0xF81F,
    0xF81F,0xF81F,0xF81F,0x0220,0xF81F,0xF81F,0xF81F,0xF81F,
    0xF81F,0xF81F,0xF81F,0xF81F,0x0140,0xF81F,0xF81F,0xF81F,
    0xF81F,0xF81F,0xF81F,0x0440,0x0580,0x0460,0x0220,0xF81F,
    0xF81F,0x0100,0x0340,0x0520,0x0520,0x00C0,0xF81F,0xF81F,
    0xF81F,0xF81F,0xF81F,0xF81F,0xF81F,0x0240,0x04A0,0x06A0,
    0x0680,0x0540,0x0380,0x00E0,0xF81F,0xF81F,0xF81F,0xF81F,
    0xF81F,0xF81F,0xF81F,0x0500,0x0360,0xF81F,0xF81F,0x0500,
    0x0560,0xF81F,0xF81F,0x0200,0x0480,0x00E0,0xF81F,0xF81F,
    0xF81F,0xF81F,0xF81F,0x00C0,0x0380,0x0560,0x0500,0x0620,
    0x05A0,0x0420,0x05A0,0x04A0,0x01E0,0xF81F,0xF81F,0xF81F,
    0xF81F,0xF81F,0xF81F,0x01E0,0xF81F,0xF81F,0x0100,0x0620,
    0x06A0,0x0260,0xF81F,0xF81F,0x00C0,0xF81F,0xF81F,0xF81F,
    0xF81F,0xF81F,0xF81F,0x0440,0x05A0,0x0460,0x01A0,0x04E0,
    0x04A0,0xF81F,0x0320,0x0540,0x0520,0x00C0,0xF81F,0xF81F,
    0xF81F,0xF81F,0xF81F,0xF81F,0xF81F,0x0240,0x04A0,0x0700,
    0x06E0,0x0560,0x0380,0x00E0,0xF81F,0xF81F,0xF81F,0xF81F,
    0xF81F,0xF81F,0xF81F,0x04E0,0x0360,0x00A0,0xF81F,0x04E0,
    0x0540,0xF81F,0xF81F,0x0200,0x0480,0x00E0,0xF81F,0xF81F,
    0xF81F,0xF81F,0xF81F,0x0120,0x0380,0x0500,0x0460,0x0640,
    0x05A0,0x0380,0x0520,0x04A0,0x0220,0xF81F,0xF81F,0xF81F,
    0xF81F,0xF81F,0xF81F,0xF81F,0xF81F,0x00E0,0x03E0,0x0600,
    0x0640,0x0500,0x01E0,0xF81F,0xF81F,0xF81F,0xF81F,0xF81F,
    0xF81F,0xF81F,0xF81F,0xF81F,0xF81F,0x02A0,0x0560,0x04A0,
    0x04A0,0x0520,0x0320,0xF81F,0xF81F,0xF81F,0xF81F,0xF81F,
    0xF81F,0xF81F,0xF81F,0xF81F,0xF81F,0x0180,0x0360,0x0320,
    0x0320,0x0360,0x01E0,0xF81F,0xF81F,0xF81F,0xF81F,0xF81F,
};

// BEACON LAMP
static const uint16_t item_icon_cos_lantern[16 * 16] PROGMEM = {
    0xF81F,0xF81F,0xF81F,0xF81F,0xF81F,0xF81F,0xF81F,0xF81F,
    0xF81F,0xF81F,0xF81F,0xF81F,0xF81F,0xF81F,0xF81F,0xF81F,
    0xF81F,0xF81F,0xF81F,0xF81F,0xF81F,0xF81F,0xF81F,0xB380,
    0xCC20,0xF81F,0xF81F,0xF81F,0xF81F,0xF81F,0xF81F,0xF81F,
    0xF81F,0xF81F,0xF81F,0xF81F,0xF81F,0xF81F,0x6A20,0xA340,
    0x8AE0,0x8AC0,0xF81F,0xF81F,0xF81F,0xF81F,0xF81F,0xF81F,
    0xF81F,0xF81F,0xF81F,0xF81F,0xF81F,0xF81F,0xD420,0xF81F,
    0xF81F,0xCC20,0x28C0,0xF81F,0xF81F,0xF81F,0xF81F,0xF81F,
    0xF81F,0xF81F,0xF81F,0xF81F,0x3100,0xD460,0xE480,0xB3A0,
    0xB3A0,0xD440,0xDCA0,0x4980,0xF81F,0xF81F,0xF81F,0xF81F,
    0xF81F,0xF81F,0xF81F,0xF81F,0x7260,0xD420,0x8AC0,0xA300,
    0x9B00,0x92E0,0xC3E0,0x9300,0xF81F,0xF81F,0xF81F,0xF81F,
    0xF81F,0xF81F,0xF81F,0xF81F,0x9300,0xB380,0x7A40,0x9B80,
    0x9BC0,0x7A60,0xA340,0xAB60,0xF81F,0xF81F,0xF81F,0xF81F,
    0xF81F,0xF81F,0xF81F,0xF81F,0xB3A0,0xA300,0xAC60,0xFFE0,
    0xFFE0,0xBD00,0x92C0,0xC400,0xF81F,0xF81F,0xF81F,0xF81F,
    0xF81F,0xF81F,0xF81F,0xF81F,0xCC00,0x8AA0,0xE6C0,0xFFE0,
    0xFFE0,0xF760,0x8AC0,0xD420,0xF81F,0xF81F,0xF81F,0xF81F,
    0xF81F,0xF81F,0xF81F,0x1880,0xD440,0x8280,0xBD00,0xFFE0,
    0xFFE0,0xCDA0,0x7A60,0xD460,0x3100,0xF81F,0xF81F,0xF81F,
    0xF81F,0xF81F,0xF81F,0x3120,0xCC20,0x7A60,0x8280,0xA400,
    0xA420,0x8280,0x7240,0xCC00,0x49A0,0xF81F,0xF81F,0xF81F,
    0xF81F,0xF81F,0xF81F,0x5A00,0xE4A0,0xA340,0xB380,0xAB40,
    0xAB20,0xB380,0xA340,0xDC80,0x82A0,0xF81F,0xF81F,0xF81F,
    0xF81F,0xF81F,0xF81F,0x4980,0x9B60,0x9B20,0x9B20,0x9B40,
    0x9B40,0x9B20,0x9B20,0x9B60,0x61E0,0xF81F,0xF81F,0xF81F,
    0xF81F,0xF81F,0xF81F,0xF81F,0xF81F,0xF81F,0xF81F,0xF81F,
    0xF81F,0xF81F,0xF81F,0xF81F,0xF81F,0xF81F,0xF81F,0xF81F,
    0xF81F,0xF81F,0xF81F,0xF81F,0xF81F,0xF81F,0xF81F,0xF81F,
    0xF81F,0xF81F,0xF81F,0xF81F,0xF81F,0xF81F,0xF81F,0xF81F,
    0xF81F,0xF81F,0xF81F,0xF81F,0xF81F,0xF81F,0xF81F,0xF81F,
    0xF81F,0xF81F,0xF81F,0xF81F,0xF81F,0xF81F,0xF81F,0xF81F,
};

// PACKET FLURRY
static const uint16_t item_icon_cos_confetti[16 * 16] PROGMEM = {
    0xF81F,0xF81F,0xF81F,0xF81F,0xF81F,0xF81F,0xF81F,0xF81F,
    0xF81F,0xF81F,0xF81F,0xF81F,0xF81F,0xF81F,0xF81F,0xF81F,
    0xF81F,0xF81F,0xF81F,0xF81F,0xF81F,0xF81F,0x2004,0xA013,
    0x580A,0xF81F,0xF81F,0xF81F,0xF81F,0xF81F,0xF81F,0xF81F,
    0xF81F,0xF81F,0x700E,0x780F,0x2805,0xF81F,0x2004,0x9011,
    0x5009,0xF81F,0xF81F,0xF81F,0xF81F,0xF81F,0xF81F,0xF81F,
    0xF81F,0xF81F,0xF81E,0xF81E,0x680D,0xF81F,0xF81F,0xF81F,
    0xF81F,0xF81F,0xF81F,0x2004,0x4008,0x4008,0xF81F,0xF81F,
    0xF81F,0xF81F,0xC018,0xD01A,0x4809,0xF81F,0xF81F,0xF81F,
    0xF81F,0xF81F,0xF81F,0x8010,0xF81E,0xF81E,0x2805,0xF81F,
    0xF81F,0xF81F,0xF81F,0xF81F,0xF81F,0xF81F,0xF81F,0xF81F,
    0xF81F,0xF81F,0xF81F,0x8010,0xF81E,0xF81E,0x2805,0xF81F,
    0xF81F,0xF81F,0xF81F,0xF81F,0xF81F,0xF81F,0xF81F,0xF81F,
    0xF81F,0xF81F,0xF81F,0x2805,0x600C,0x580B,0xF81F,0xF81F,
    0xF81F,0xF81F,0xF81F,0xF81F,0xF81F,0xF81F,0xF81F,0xF81F,
    0x600C,0x8811,0x8010,0xF81F,0xF81F,0xF81F,0xF81F,0xF81F,
    0xF81F,0xF81F,0xF81F,0x9011,0x9812,0x1002,0xF81F,0xF81F,
    0x8811,0xC818,0xB817,0x1803,0xF81F,0xF81F,0xF81F,0xF81F,
    0xF81F,0xF81F,0xF81F,0xE01B,0xF01D,0x2004,0xF81F,0xF81F,
    0x8010,0xB816,0xB015,0x1803,0x0801,0x2805,0xF81F,0xF81F,
    0xF81F,0xF81F,0xF81F,0x4808,0x4809,0xF81F,0xF81F,0xF81F,
    0x1002,0x1803,0x1803,0xF81F,0x5009,0xC017,0x3807,0xF81F,
    0xF81F,0xF81F,0xF81F,0xF81F,0xF81F,0xF81F,0xF81F,0xF81F,
    0xF81F,0xF81F,0xF81F,0xF81F,0x2805,0x680C,0x2003,0xF81F,
    0xF81F,0xF81F,0xF81F,0xF81F,0xF81F,0x700E,0x780F,0x2805,
    0xF81F,0xF81F,0xF81F,0xF81F,0xF81F,0xF81F,0xF81F,0xF81F,
    0xF81F,0xF81F,0xF81F,0xF81F,0xF81F,0xF81E,0xF81E,0x680D,
    0xF81F,0xF81F,0x3006,0x700E,0x3807,0xF81F,0xF81F,0xF81F,
    0xF81F,0xF81F,0xF81F,0xF81F,0xF81F,0xB817,0xD01A,0x4809,
    0xF81F,0xF81F,0x700D,0xF81E,0x9011,0xF81F,0xF81F,0xF81F,
    0xF81F,0xF81F,0xF81F,0xF81F,0xF81F,0xF81F,0xF81F,0xF81F,
    0xF81F,0xF81F,0x4008,0x9813,0x500A,0xF81F,0xF81F,0xF81F,
};

// SOLDER SPARKS
static const uint16_t item_icon_cos_sparks[16 * 16] PROGMEM = {
    0x30A0,0x2080,0xF81F,0xF81F,0xF81F,0xF81F,0xF81F,0x1860,
    0x1860,0xF81F,0xF81F,0xF81F,0xF81F,0xF81F,0xF81F,0x2880,
    0x2880,0xAA40,0x2060,0xF81F,0xF81F,0xF81F,0xF81F,0x7180,
    0x7180,0xF81F,0xF81F,0xF81F,0xF81F,0xF81F,0xAA40,0x38C0,
    0xF81F,0x2060,0xB260,0x2080,0xF81F,0xF81F,0xF81F,0x7160,
    0x7160,0xF81F,0xF81F,0xF81F,0xF81F,0xB240,0x38C0,0xF81F,
    0xF81F,0xF81F,0x2080,0xB260,0x2080,0xF81F,0xF81F,0x6960,
    0x6960,0xF81F,0xF81F,0xF81F,0xB240,0x38C0,0xF81F,0xF81F,
    0xF81F,0xF81F,0xF81F,0x2080,0xB260,0x30A0,0xF81F,0x79A0,
    0x79A0,0xF81F,0x2060,0xB240,0x38C0,0xF81F,0xF81F,0xF81F,
    0xF81F,0xF81F,0xF81F,0xF81F,0x2880,0x6160,0xF81F,0x38A0,
    0x38A0,0xF81F,0x7160,0x40C0,0xF81F,0xF81F,0xF81F,0xF81F,
    0xF81F,0xF81F,0xF81F,0xF81F,0xF81F,0xF81F,0xF81F,0x9B60,
    0xA3A0,0x20C0,0xF81F,0xF81F,0xF81F,0xF81F,0xF81F,0xF81F,
    0x1860,0x7180,0x7160,0x6960,0x71A0,0x40E0,0x9B60,0xFE00,
    0xFDE0,0xBC00,0x2880,0x5940,0x5100,0x5100,0x5120,0x2060,
    0x1860,0x7180,0x7160,0x6960,0x71A0,0x40E0,0xABA0,0xFDE0,
    0xFDE0,0xC440,0x48E0,0x8A00,0x89C0,0x89C0,0x89E0,0x38A0,
    0xF81F,0xF81F,0xF81F,0xF81F,0xF81F,0xF81F,0x20C0,0xB400,
    0xBC40,0x3120,0xF81F,0xF81F,0xF81F,0xF81F,0xF81F,0xF81F,
    0xF81F,0xF81F,0xF81F,0xF81F,0x1840,0x7160,0xF81F,0x2060,
    0x40C0,0xF81F,0x48E0,0x2880,0xF81F,0xF81F,0xF81F,0xF81F,
    0xF81F,0xF81F,0xF81F,0xF81F,0xB240,0x40E0,0xF81F,0x5940,
    0x9200,0xF81F,0x30A0,0xB260,0x2080,0xF81F,0xF81F,0xF81F,
    0xF81F,0xF81F,0xF81F,0xB240,0x38C0,0xF81F,0xF81F,0x5100,
    0x89C0,0xF81F,0xF81F,0x2080,0xB260,0x2080,0xF81F,0xF81F,
    0xF81F,0xF81F,0xB240,0x38C0,0xF81F,0xF81F,0xF81F,0x5100,
    0x89C0,0xF81F,0xF81F,0xF81F,0x2080,0xB260,0x2060,0xF81F,
    0x1860,0xAA20,0x38C0,0xF81F,0xF81F,0xF81F,0xF81F,0x5920,
    0x91E0,0xF81F,0xF81F,0xF81F,0xF81F,0x2060,0xAA40,0x30A0,
    0x2880,0x30A0,0xF81F,0xF81F,0xF81F,0xF81F,0xF81F,0x2060,
    0x38A0,0xF81F,0xF81F,0xF81F,0xF81F,0xF81F,0x2880,0x5100,
};

// NOISE AURORA
static const uint16_t item_icon_cos_aurora[16 * 16] PROGMEM = {
    0xF81F,0xF81F,0xF81F,0xF81F,0xF81F,0xF81F,0xF81F,0xF81F,
    0xF81F,0xF81F,0xF81F,0xF81F,0xF81F,0xF81F,0xF81F,0xF81F,
    0xF81F,0xF81F,0xF81F,0x1003,0x1003,0xF81F,0xF81F,0xF81F,
    0xF81F,0xF81F,0xF81F,0x1003,0x1804,0xF81F,0xF81F,0xF81F,
    0xF81F,0xF81F,0x6010,0xC01F,0xC01F,0x8014,0xF81F,0xF81F,
    0xF81F,0xF81F,0x6812,0xC01F,0xC81F,0x7012,0x1003,0xF81F,
    0x3809,0xB01D,0xD81F,0x8817,0x7814,0xD81F,0x9017,0xF81F,
    0xF81F,0x7814,0xE01F,0x8816,0x7815,0xD81F,0xB81E,0x480C,
    0x3809,0xA81B,0x3809,0xF81F,0xF81F,0x600F,0xE01F,0x8817,
    0x7814,0xE01F,0x7813,0xF81F,0xF81F,0x2806,0xA81A,0x500D,
    0xF81F,0xF81F,0x1807,0x7019,0x7819,0x300C,0x500D,0xD01F,
    0xD81F,0x6010,0x280A,0x7018,0x781A,0x2809,0xF81F,0xF81F,
    0x1805,0x6015,0xA01F,0x881E,0x801C,0xA01F,0x400F,0x2006,
    0x2806,0x380D,0x981F,0x881D,0x801C,0xA81F,0x6817,0x2007,
    0x300C,0x981F,0x5011,0xF81F,0xF81F,0x6816,0xA81F,0x400E,
    0x300B,0xA01F,0x7819,0xF81F,0xF81F,0x400F,0x981F,0x4810,
    0xF81F,0xF81F,0xF81F,0x300C,0x300C,0x1005,0x6014,0xA01F,
    0xA81F,0x6816,0x1805,0x300B,0x380D,0xF81F,0xF81F,0xF81F,
    0xF81F,0x2008,0x6016,0x6818,0x6017,0x6016,0x1806,0x380D,
    0x400E,0x1806,0x5814,0x6818,0x6017,0x6017,0x280A,0xF81F,
    0x2809,0x701A,0x5012,0x1005,0x1003,0x5815,0x6818,0x1004,
    0x0802,0x6016,0x6016,0x1005,0x1004,0x4811,0x701A,0x300C,
    0xF81F,0x2008,0xF81F,0xF81F,0xF81F,0x0803,0x5814,0x6818,
    0x6817,0x6016,0x1005,0xF81F,0xF81F,0xF81F,0x2007,0x0803,
    0xF81F,0xF81F,0xF81F,0xF81F,0xF81F,0xF81F,0x0802,0x400F,
    0x4810,0x1003,0xF81F,0xF81F,0xF81F,0xF81F,0xF81F,0xF81F,
    0xF81F,0xF81F,0xF81F,0xF81F,0xF81F,0xF81F,0xF81F,0xF81F,
    0xF81F,0xF81F,0xF81F,0xF81F,0xF81F,0xF81F,0xF81F,0xF81F,
    0xF81F,0xF81F,0xF81F,0xF81F,0xF81F,0xF81F,0xF81F,0xF81F,
    0xF81F,0xF81F,0xF81F,0xF81F,0xF81F,0xF81F,0xF81F,0xF81F,
    0xF81F,0xF81F,0xF81F,0xF81F,0xF81F,0xF81F,0xF81F,0xF81F,
    0xF81F,0xF81F,0xF81F,0xF81F,0xF81F,0xF81F,0xF81F,0xF81F,
};

// CABLE CRATE
static const uint16_t item_icon_cos_crate[16 * 16] PROGMEM = {
    0xF81F,0xF81F,0xF81F,0xF81F,0xF81F,0xF81F,0xF81F,0xF81F,
    0xF81F,0xF81F,0xF81F,0xF81F,0xF81F,0xF81F,0xF81F,0xF81F,
    0xF81F,0xF81F,0xF81F,0xF81F,0xF81F,0xF81F,0xF81F,0xF81F,
    0xF81F,0xF81F,0xF81F,0xF81F,0xF81F,0xF81F,0xF81F,0xF81F,
    0xF81F,0xF81F,0xF81F,0xF81F,0xF81F,0xF81F,0xF81F,0xF81F,
    0xF81F,0xF81F,0xF81F,0xF81F,0xF81F,0xF81F,0xF81F,0xF81F,
    0xF81F,0xF81F,0xF81F,0xF81F,0xF81F,0xF81F,0xF81F,0xF81F,
    0xF81F,0xF81F,0xF81F,0xF81F,0xF81F,0xF81F,0xF81F,0xF81F,
    0xF81F,0xF81F,0xF81F,0xF81F,0xF81F,0xF81F,0xF81F,0xF81F,
    0xF81F,0xF81F,0xF81F,0xF81F,0xF81F,0xF81F,0xF81F,0xF81F,
    0xF81F,0xF81F,0x4A03,0x5A44,0x5244,0x5244,0x5244,0x5244,
    0x5224,0x5244,0x5244,0x5244,0x5244,0x5224,0xF81F,0xF81F,
    0xF81F,0xF81F,0x8BA7,0x5A44,0x5A44,0x5A64,0x5244,0x6AC5,
    0x7305,0x5224,0x5A64,0x5A44,0x5224,0x93C7,0x18C1,0xF81F,
    0xF81F,0xF81F,0x8366,0x5244,0x5A44,0x5224,0x4A03,0x7305,
    0x8366,0x4A03,0x5224,0x5A44,0x5224,0x8366,0x18C1,0xF81F,
    0xF81F,0xF81F,0x8366,0x5224,0x4A03,0x5224,0x9C27,0x93E7,
    0x93C7,0xA448,0x5A64,0x4A03,0x4A03,0x8366,0x18C1,0xF81F,
    0xF81F,0xF81F,0x7B26,0x3142,0x2922,0x8346,0x7305,0x7B46,
    0x8366,0x6AE5,0x8386,0x3142,0x2922,0x7B26,0x18C1,0xF81F,
    0xF81F,0xF81F,0x7B46,0x3142,0x49E3,0x8386,0x8366,0x5224,
    0x49E3,0x8366,0x8366,0x5A44,0x2922,0x7B46,0x18C1,0xF81F,
    0xF81F,0xF81F,0x7B46,0x3142,0x4A03,0x8366,0x8386,0x49C3,
    0x3982,0x8366,0x8366,0x5A64,0x2902,0x7B46,0x18C1,0xF81F,
    0xF81F,0xF81F,0x7B26,0x3142,0x2922,0x8366,0x6AC5,0x7B46,
    0x8346,0x6AC5,0x8386,0x3142,0x2901,0x7305,0x18C1,0xF81F,
    0xF81F,0xF81F,0x8BA7,0x5224,0x5204,0x6284,0xAC68,0x93C7,
    0x93A7,0xAC68,0x6AC5,0x5203,0x5203,0x8BA7,0x20E1,0xF81F,
    0xF81F,0xF81F,0x5A64,0x62A4,0x6284,0x6284,0x6284,0x7305,
    0x7325,0x62A4,0x5A64,0x62A4,0x6284,0x6284,0x0860,0xF81F,
    0xF81F,0xF81F,0xF81F,0xF81F,0xF81F,0xF81F,0xF81F,0xF81F,
    0xF81F,0xF81F,0xF81F,0xF81F,0xF81F,0xF81F,0xF81F,0xF81F,
};

// PATCH RACK
static const uint16_t item_icon_cos_rack[16 * 16] PROGMEM = {
    0xF81F,0xF81F,0xF81F,0xF81F,0xF81F,0xF81F,0xF81F,0xF81F,
    0xF81F,0xF81F,0xF81F,0xF81F,0xF81F,0xF81F,0xF81F,0xF81F,
    0xF81F,0xF81F,0xF81F,0xF81F,0xF81F,0xF81F,0xF81F,0xF81F,
    0xF81F,0xF81F,0xF81F,0xF81F,0xF81F,0xF81F,0xF81F,0xF81F,
    0xF81F,0xF81F,0xF81F,0xF81F,0xF81F,0xF81F,0xF81F,0xF81F,
    0xF81F,0xF81F,0xF81F,0xF81F,0xF81F,0xF81F,0xF81F,0xF81F,
    0xF81F,0x3186,0x4208,0x4208,0x4208,0x4208,0x4208,0x4208,
    0x4208,0x4208,0x4208,0x4208,0x4208,0x4208,0x31A6,0xF81F,
    0xF81F,0xBDD7,0xCE59,0xC618,0xCE59,0xC5F8,0xCE79,0xC638,
    0xC618,0xCE79,0xC618,0xCE59,0xCE39,0xC638,0xCE79,0xF81F,
    0xF81F,0x9492,0x0861,0x2965,0x4A69,0x0000,0x5AAB,0x18E3,
    0x0861,0x62EC,0x0000,0x39E7,0x39E7,0x0000,0x94B2,0xF81F,
    0xF81F,0x9CF3,0x4208,0x528A,0x6B4D,0x2945,0x738E,0x4A49,
    0x39E7,0x7BAF,0x2965,0x630C,0x62EC,0x3186,0xA534,0xF81F,
    0xF81F,0xB596,0xAD55,0x9472,0x9492,0x94B2,0x9492,0x94B2,
    0x94B2,0x9492,0x94B2,0x9492,0x9492,0xA4F4,0xC618,0xF81F,
    0xF81F,0xB5B6,0xB576,0x9492,0x94B2,0x9CD3,0x94B2,0x9CB3,
    0x9CB3,0x94B2,0x9CD3,0x94B2,0x9492,0xA514,0xC638,0xF81F,
    0xF81F,0xA514,0x52AA,0x5AAB,0x736E,0x39E7,0x738E,0x5AAB,
    0x4A69,0x7BAF,0x39E7,0x6B4D,0x630C,0x4228,0xAD55,0xF81F,
    0xF81F,0x9492,0x0000,0x9CD3,0x528A,0x6B4D,0x8C71,0x1082,
    0x0020,0x83F0,0x7BCF,0x39E7,0xA534,0x0000,0x8C71,0xF81F,
    0xF81F,0xBDF7,0xB596,0xE71C,0xEF5D,0xD6BA,0xF7BE,0x9CF3,
    0x9CD3,0xEF7D,0xE71C,0xDEFB,0xF79E,0xAD55,0xCE79,0xF81F,
    0xF81F,0x4228,0x630C,0x630C,0x630C,0x9CD3,0xE71C,0xFFDF,
    0xFFFF,0xE73C,0xAD55,0x630C,0x630C,0x630C,0x528A,0xF81F,
    0xF81F,0xF81F,0xF81F,0xF81F,0xF81F,0xF81F,0xF81F,0x2104,
    0x2104,0xF81F,0xF81F,0xF81F,0xF81F,0xF81F,0xF81F,0xF81F,
    0xF81F,0xF81F,0xF81F,0xF81F,0xF81F,0xF81F,0xF81F,0xF81F,
    0xF81F,0xF81F,0xF81F,0xF81F,0xF81F,0xF81F,0xF81F,0xF81F,
    0xF81F,0xF81F,0xF81F,0xF81F,0xF81F,0xF81F,0xF81F,0xF81F,
    0xF81F,0xF81F,0xF81F,0xF81F,0xF81F,0xF81F,0xF81F,0xF81F,
};

// ROOFTOP DISH
static const uint16_t item_icon_cos_dish[16 * 16] PROGMEM = {
    0xF81F,0xF81F,0xF81F,0xF81F,0xF81F,0xF81F,0xF81F,0xF81F,
    0xF81F,0xF81F,0xF81F,0xF81F,0xF81F,0xF81F,0xF81F,0xF81F,
    0xF81F,0xF81F,0xF81F,0xF81F,0xF81F,0x534D,0x7494,0x74B5,
    0x6C33,0x3A49,0xF81F,0xF81F,0x18E3,0x6B6D,0xF81F,0xF81F,
    0xF81F,0xF81F,0xF81F,0x29C7,0x8DBA,0x74B5,0x5B90,0x5370,
    0x63D1,0x8558,0x74B5,0xF81F,0xBDF7,0xFFFF,0x9492,0xF81F,
    0xF81F,0xF81F,0x10C3,0x95BA,0x4B2E,0x4AED,0x6412,0x6C33,
    0x5BB1,0x3A4B,0x8537,0x8578,0x73F0,0xC638,0x4228,0xF81F,
    0xF81F,0xF81F,0x5BD0,0x6C54,0x42CD,0x74B6,0x7474,0x6C54,
    0x7CF7,0x8D99,0x63F2,0x8D9A,0x10E3,0xF81F,0xF81F,0xF81F,
    0xF81F,0xF81F,0x7CD6,0x532F,0x63D2,0x7495,0x6C54,0x8558,
    0x8D79,0x7CD6,0x42AC,0x7495,0x4AEC,0xF81F,0xF81F,0xF81F,
    0xF81F,0xF81F,0x74B5,0x536F,0x5BB1,0x7495,0x6C54,0x7495,
    0x6C53,0x7495,0x42CD,0x7CD6,0x3A6A,0xF81F,0xF81F,0xF81F,
    0xF81F,0xF81F,0x42CB,0x8538,0x3A4A,0x6C54,0x74B5,0x7495,
    0x74B5,0x5BB1,0x42AC,0x8DBA,0xF81F,0xF81F,0xF81F,0xF81F,
    0xF81F,0xF81F,0xF81F,0x7CD6,0x74B5,0x42AC,0x534F,0x5B90,
    0x4AEE,0x4AED,0x95BA,0x42CB,0xF81F,0xF81F,0xF81F,0xF81F,
    0xF81F,0xF81F,0xF81F,0xF81F,0x6412,0x8D99,0x7495,0x6C33,
    0x7D17,0x8D99,0x428B,0xF81F,0xF81F,0xF81F,0xF81F,0xF81F,
    0xF81F,0xF81F,0xF81F,0xF81F,0xF81F,0x18E3,0x6412,0x95FB,
    0x3228,0xF81F,0xF81F,0xF81F,0xF81F,0xF81F,0xF81F,0xF81F,
    0xF81F,0xF81F,0xF81F,0xF81F,0xF81F,0xF81F,0x3229,0x7495,
    0xF81F,0xF81F,0xF81F,0xF81F,0xF81F,0xF81F,0xF81F,0xF81F,
    0xF81F,0xF81F,0xF81F,0xF81F,0xF81F,0xF81F,0x3A8B,0x7CD6,
    0xF81F,0xF81F,0xF81F,0xF81F,0xF81F,0xF81F,0xF81F,0xF81F,
    0xF81F,0xF81F,0xF81F,0xF81F,0xF81F,0xF81F,0x3A4B,0x74B6,
    0xF81F,0xF81F,0xF81F,0xF81F,0xF81F,0xF81F,0xF81F,0xF81F,
    0xF81F,0xF81F,0xF81F,0xF81F,0x0862,0x0882,0x42CD,0x7CF7,
    0x10C3,0x0882,0xF81F,0xF81F,0xF81F,0xF81F,0xF81F,0xF81F,
    0xF81F,0xF81F,0xF81F,0xF81F,0x428B,0x5B90,0x5B90,0x5BD1,
    0x536F,0x5BB1,0x2146,0xF81F,0xF81F,0xF81F,0xF81F,0xF81F,
};

#endif

#if ITEM_ICON_PX == 32

// SCRAP
static const uint16_t item_icon_mat_scrap[32 * 32] PROGMEM = {
    0xF81F,0xF81F,0xF81F,0xF81F,0xF81F,0xF81F,0xF81F,0xF81F,
    0xF81F,0xF81F,0xF81F,0xF81F,0xF81F,0xF81F,0xF81F,0xF81F,
    0xF81F,0xF81F,0xF81F,0xF81F,0xF81F,0xF81F,0xF81F,0xF81F,
    0xF81F,0xF81F,0xF81F,0xF81F,0xF81F,0xF81F,0xF81F,0xF81F,
    0xF81F,0xF81F,0xF81F,0xF81F,0xF81F,0xF81F,0xF81F,0xF81F,
    0xF81F,0xF81F,0xF81F,0xF81F,0xF81F,0xF81F,0xF81F,0xF81F,
    0xF81F,0xF81F,0xF81F,0xF81F,0xF81F,0xF81F,0xF81F,0xF81F,
    0xF81F,0xF81F,0xF81F,0xF81F,0xF81F,0xF81F,0xF81F,0xF81F,
    0xF81F,0xF81F,0xF81F,0xF81F,0xF81F,0xF81F,0xF81F,0xF81F,
    0xF81F,0xF81F,0xF81F,0xF81F,0xF81F,0xF81F,0xF81F,0xF81F,
    0xF81F,0xF81F,0xF81F,0xF81F,0xF81F,0xF81F,0xF81F,0xF81F,
    0xF81F,0xF81F,0xF81F,0xF81F,0xF81F,0xF81F,0xF81F,0xF81F,
    0xF81F,0xF81F,0xF81F,0xF81F,0xF81F,0xF81F,0xF81F,0xF81F,
    0xF81F,0xF81F,0xF81F,0xF81F,0xF81F,0xF81F,0xF81F,0xF81F,
    0xF81F,0xF81F,0xF81F,0xF81F,0xF81F,0xF81F,0xF81F,0xF81F,
    0xF81F,0xF81F,0xF81F,0xF81F,0xF81F,0xF81F,0xF81F,0xF81F,
    0xF81F,0xF81F,0xF81F,0xF81F,0xF81F,0xF81F,0xF81F,0xF81F,
    0xF81F,0xF81F,0xF81F,0xF81F,0xF81F,0xF81F,0xF81F,0xF81F,
    0xF81F,0xF81F,0xF81F,0xF81F,0xF81F,0xF81F,0xF81F,0xF81F,
    0xF81F,0xF81F,0xF81F,0xF81F,0xF81F,0xF81F,0xF81F,0xF81F,
    0xF81F,0xF81F,0xF81F,0xF81F,0xF81F,0xF81F,0xF81F,0xF81F,
    0xF81F,0xF81F,0xF81F,0xF81F,0xF81F,0xF81F,0xF81F,0xF81F,
    0x0861,0x2925,0x10A2,0xF81F,0xF81F,0xF81F,0xF81F,0xF81F,
    0xF81F,0xF81F,0xF81F,0xF81F,0xF81F,0xF81F,0xF81F,0xF81F,
    0xF81F,0xF81F,0xF81F,0xF81F,0xF81F,0xF81F,0xF81F,0xF81F,
    0xF81F,0xF81F,0xF81F,0xF81F,0x20E4,0x39C7,0x52AA,0x6B4D,
    0x7BEF,0x8C51,0x7BCF,0xF81F,0xF81F,0xF81F,0xF81F,0xF81F,
    0xF81F,0xF81F,0xF81F,0xF81F,0xF81F,0xF81F,0xF81F,0xF81F,
    0xF81F,0xF81F,0xF81F,0xF81F,0xF81F,0xF81F,0xF81F,0xF81F,
    0x2104,0x4A69,0x6B2D,0x7BCF,0x8C31,0x8410,0x7BCF,0x6B4D,
    0x5AAB,0x526A,0x8430,0x6B4D,0xF81F,0xF81F,0xF81F,0xF81F,
    0xF81F,0xF81F,0xF81F,0xF81F,0xF81F,0xF81F,0xF81F,0xF81F,
    0xF81F,0xF81F,0xF81F,0xF81F,0xF81F,0xF81F,0xF81F,0xF81F,
    0x630C,0x9492,0x6B2D,0x5ACB,0x526A,0x4228,0x4208,0x4208,
    0x4208,0x4208,0x526A,0x8C51,0x62EC,0xF81F,0xF81F,0xF81F,
    0xF81F,0xF81F,0xF81F,0xF81F,0xF81F,0xF81F,0xF81F,0xF81F,
    0xF81F,0xF81F,0xF81F,0xF81F,0xF81F,0xF81F,0xF81F,0x0841,
    0x83F0,0x630C,0x5AAB,0x4A49,0x39E7,0x4A29,0x4A29,0x4A29,
    0x4A29,0x4A49,0x4208,0x52AA,0x8C71,0x4A69,0xF81F,0xF81F,
    0xF81F,0xF81F,0xF81F,0xF81F,0xF81F,0xF81F,0xF81F,0xF81F,
    0xF81F,0xF81F,0xF81F,0xF81F,0xF81F,0xF81F,0xF81F,0x2945,
    0x8C51,0x5AAB,0xB596,0xB576,0x630C,0x4208,0x4208,0x4A49,
    0x4A29,0x4A29,0x4A29,0x4208,0x5ACB,0x9492,0x39A7,0xF81F,
    0xF81F,0xF81F,0xF81F,0xF81F,0xF81F,0xF81F,0xF81F,0xF81F,
    0xF81F,0xF81F,0xF81F,0xF81F,0xF81F,0xF81F,0xF81F,0x528A,
    0x8410,0x4228,0x6B4D,0xB576,0xC618,0x9472,0x4A69,0x41E8,
    0x4A29,0x4A29,0x4A29,0x4A29,0x4208,0x6B2D,0x8C71,0x3186,
    0xF81F,0xF81F,0xF81F,0xF81F,0xF81F,0xF81F,0xF81F,0xF81F,
    0xF81F,0xF81F,0xF81F,0xF81F,0xF81F,0xF81F,0xF81F,0x7BAF,
    0x736E,0x4208,0x4208,0x4A49,0x8430,0xC618,0xB596,0x738E,
    0x4208,0x4208,0x4A29,0x4A29,0x4A29,0x4208,0x6B4D,0x8C31,
    0x18E3,0xF81F,0xF81F,0xF81F,0xF81F,0xF81F,0xF81F,0xF81F,
    0xF81F,0xF81F,0xF81F,0xF81F,0xF81F,0xF81F,0x18C3,0x8C31,
    0x5ACB,0x4208,0x4A49,0x4228,0x41E8,0x62EC,0xA514,0xC638,
    0x9CD3,0x5ACB,0x4208,0x4A29,0x4A29,0x4228,0x4A49,0x8C51,
    0x528A,0xF81F,0xF81F,0xF81F,0xF81F,0xF81F,0xF81F,0xF81F,
    0xF81F,0xF81F,0xF81F,0xF81F,0xF81F,0xF81F,0x4208,0x8C51,
    0x4A49,0x4228,0x4A29,0x4A29,0x4A49,0x4208,0x4228,0x7BCF,
    0xBDB7,0xC5F8,0x738E,0x4208,0x4A49,0x4208,0x5ACB,0x8C51,
    0x2124,0xF81F,0xF81F,0xF81F,0xF81F,0xF81F,0xF81F,0xF81F,
    0xF81F,0xF81F,0xF81F,0xF81F,0xF81F,0xF81F,0x632C,0x7BCF,
    0x4208,0x4A29,0x4A29,0x4A29,0x4A29,0x4A49,0x4A29,0x39E7,
    0x528A,0x9CD3,0x6B4D,0x4208,0x4A49,0x4208,0x736E,0x7BAF,
    0xF81F,0xF81F,0xF81F,0xF81F,0xF81F,0xF81F,0xF81F,0xF81F,
    0xF81F,0xF81F,0xF81F,0xF81F,0xF81F,0x0841,0x8410,0x630C,
    0x4208,0x4A29,0x4A29,0x4A29,0x4A29,0x4A29,0x4A29,0x4A49,
    0x4208,0x4208,0x4228,0x4A29,0x4228,0x4A29,0x8410,0x5ACB,
    0xF81F,0xF81F,0xF81F,0xF81F,0xF81F,0xF81F,0xF81F,0xF81F,
    0xF81F,0xF81F,0xF81F,0xF81F,0xF81F,0x3166,0x8C51,0x528A,
    0x4208,0x4A29,0x4A29,0x4A29,0x4A29,0x4A29,0x4A29,0x4A29,
    0x4A29,0x4A29,0x4A29,0x4A29,0x4208,0x52AA,0x8C71,0x3166,
    0xF81F,0xF81F,0xF81F,0xF81F,0xF81F,0xF81F,0xF81F,0xF81F,
    0xF81F,0xF81F,0xF81F,0xF81F,0xF81F,0x5ACB,0x7BEF,0x4208,
    0x4A29,0x4A29,0x4A29,0x4A29,0x4A29,0x4A29,0x4A29,0x4A29,
    0x4A29,0x4A29,0x4A29,0x4A29,0x4208,0x6B6D,0x83F0,0x0841,
    0xF81F,0xF81F,0xF81F,0xF81F,0xF81F,0xF81F,0xF81F,0xF81F,
    0xF81F,0xF81F,0xF81F,0xF81F,0xF81F,0x738E,0x8410,0x4A29,
    0x4228,0x4A29,0x4A29,0x4A29,0x4A29,0x4A29,0x4A29,0x4A29,
    0x4A29,0x4A29,0x4A29,0x4228,0x4A29,0x8410,0x5ACB,0xF81F,
    0xF81F,0xF81F,0xF81F,0xF81F,0xF81F,0xF81F,0xF81F,0xF81F,
    0xF81F,0xF81F,0xF81F,0xF81F,0xF81F,0x18C3,0x7BCF,0x8410,
    0x526A,0x4208,0x4A29,0x4A29,0x4A29,0x4A29,0x4A29,0x4A29,
    0x4A29,0x4A29,0x4A29,0x4208,0x528A,0x8C71,0x2965,0xF81F,
    0xF81F,0xF81F,0xF81F,0xF81F,0xF81F,0xF81F,0xF81F,0xF81F,
    0xF81F,0xF81F,0xF81F,0xF81F,0xF81F,0xF81F,0x0841,0x6B4D,
    0x8C51,0x4A69,0x4208,0x4A29,0x4A29,0x4A29,0x4A29,0x4A29,
    0x4A29,0x4A29,0x4A29,0x41E8,0x6B2D,0x8410,0x0841,0xF81F,
    0xF81F,0xF81F,0xF81F,0xF81F,0xF81F,0xF81F,0xF81F,0xF81F,
    0xF81F,0xF81F,0xF81F,0xF81F,0xF81F,0xF81F,0xF81F,0xF81F,
    0x6B4D,0x8C51,0x528A,0x4208,0x4208,0x4208,0x41E8,0x41E8,
    0x4208,0x4208,0x4228,0x4A29,0x7BEF,0x632C,0xF81F,0xF81F,
    0xF81F,0xF81F,0xF81F,0xF81F,0xF81F,0xF81F,0xF81F,0xF81F,
    0xF81F,0xF81F,0xF81F,0xF81F,0xF81F,0xF81F,0xF81F,0xF81F,
    0xF81F,0x630C,0x8C51,0x630C,0x52AA,0x630C,0x6B4D,0x6B4D,
    0x7BCF,0x7BCF,0x8410,0x8410,0x9492,0x39C7,0xF81F,0xF81F,
    0xF81F,0xF81F,0xF81F,0xF81F,0xF81F,0xF81F,0xF81F,0xF81F,
    0xF81F,0xF81F,0xF81F,0xF81F,0xF81F,0xF81F,0xF81F,0xF81F,
    0xF81F,0xF81F,0x526A,0x8410,0x7BCF,0x73AE,0x630C,0x632C,
    0x4A49,0x4228,0x39C7,0x2104,0x2104,0xF81F,0xF81F,0xF81F,
    0xF81F,0xF81F,0xF81F,0xF81F,0xF81F,0xF81F,0xF81F,0xF81F,
    0xF81F,0xF81F,0xF81F,0xF81F,0xF81F,0xF81F,0xF81F,0xF81F,
    0xF81F,0xF81F,0xF81F,0x0861,0xF81F,0xF81F,0xF81F,0xF81F,
    0xF81F,0xF81F,0xF81F,0xF81F,0xF81F,0xF81F,0xF81F,0xF81F,
    0xF81F,0xF81F,0xF81F,0xF81F,0xF81F,0xF81F,0xF81F,0xF81F,
    0xF81F,0xF81F,0xF81F,0xF81F,0xF81F,0xF81F,0xF81F,0xF81F,
    0xF81F,0xF81F,0xF81F,0xF81F,0xF81F,0xF81F,0xF81F,0xF81F,
    0xF81F,0xF81F,0xF81F,0xF81F,0xF81F,0xF81F,0xF81F,0xF81F,
    0xF81F,0xF81F,0xF81F,0xF81F,0xF81F,0xF81F,0xF81F,0xF81F,
    0xF81F,0xF81F,0xF81F,0xF81F,0xF81F,0xF81F,0xF81F,0xF81F,
    0xF81F,0xF81F,0xF81F,0xF81F,0xF81F,0xF81F,0xF81F,0xF81F,
    0xF81F,0xF81F,0xF81F,0xF81F,0xF81F,0xF81F,0xF81F,0xF81F,
    0xF81F,0xF81F,0xF81F,0xF81F,0xF81F,0xF81F,0xF81F,0xF81F,
    0xF81F,0xF81F,0xF81F,0xF81F,0xF81F,0xF81F,0xF81F,0xF81F,
    0xF81F,0xF81F,0xF81F,0xF81F,0xF81F,0xF81F,0xF81F,0xF81F,
    0xF81F,0xF81F,0xF81F,0xF81F,0xF81F,0xF81F,0xF81F,0xF81F,
    0xF81F,0xF81F,0xF81F,0xF81F,0xF81F,0xF81F,0xF81F,0xF81F,
    0xF81F,0xF81F,0xF81F,0xF81F,0xF81F,0xF81F,0xF81F,0xF81F,
    0xF81F,0xF81F,0xF81F,0xF81F,0xF81F,0xF81F,0xF81F,0xF81F,
    0xF81F,0xF81F,0xF81F,0xF81F,0xF81F,0xF81F,0xF81F,0xF81F,
    0xF81F,0xF81F,0xF81F,0xF81F,0xF81F,0xF81F,0xF81F,0xF81F,
    0xF81F,0xF81F,0xF81F,0xF81F,0xF81F,0xF81F,0xF81F,0xF81F,
    0xF81F,0xF81F,0xF81F,0xF81F,0xF81F,0xF81F,0xF81F,0xF81F,
    0xF81F,0xF81F,0xF81F,0xF81F,0xF81F,0xF81F,0xF81F,0xF81F,
    0xF81F,0xF81F,0xF81F,0xF81F,0xF81F,0xF81F,0xF81F,0xF81F,
    0xF81F,0xF81F,0xF81F,0xF81F,0xF81F,0xF81F,0xF81F,0xF81F,
    0xF81F,0xF81F,0xF81F,0xF81F,0xF81F,0xF81F,0xF81F,0xF81F,
    0xF81F,0xF81F,0xF81F,0xF81F,0xF81F,0xF81F,0xF81F,0xF81F,
    0xF81F,0xF81F,0xF81F,0xF81F,0xF81F,0xF81F,0xF81F,0xF81F,
};

// SIGNAL FRAG
static const uint16_t item_icon_mat_signal[32 * 32] PROGMEM = {
    0xF81F,0xF81F,0xF81F,0xF81F,0xF81F,0xF81F,0xF81F,0xF81F,
    0xF81F,0xF81F,0xF81F,0xF81F,0xF81F,0xF81F,0xF81F,0xF81F,
    0xF81F,0xF81F,0xF81F,0xF81F,0xF81F,0xF81F,0xF81F,0xF81F,
    0xF81F,0xF81F,0xF81F,0xF81F,0xF81F,0xF81F,0xF81F,0xF81F,
    0xF81F,0xF81F,0xF81F,0xF81F,0xF81F,0xF81F,0xF81F,0xF81F,
    0xF81F,0xF81F,0xF81F,0xF81F,0xF81F,0xF81F,0xF81F,0xF81F,
    0xF81F,0xF81F,0xF81F,0xF81F,0xF81F,0xF81F,0xF81F,0xF81F,
    0xF81F,0xF81F,0xF81F,0xF81F,0xF81F,0xF81F,0xF81F,0xF81F,
    0xF81F,0xF81F,0xF81F,0xF81F,0xF81F,0xF81F,0xF81F,0xF81F,
    0xF81F,0xF81F,0xF81F,0xF81F,0xF81F,0xF81F,0xF81F,0xF81F,
    0xF81F,0xF81F,0xF81F,0xF81F,0xF81F,0xF81F,0xF81F,0xF81F,
    0xF81F,0xF81F,0xF81F,0xF81F,0xF81F,0xF81F,0xF81F,0xF81F,
    0xF81F,0xF81F,0xF81F,0xF81F,0xF81F,0xF81F,0xF81F,0xF81F,
    0xF81F,0xF81F,0xF81F,0xF81F,0xF81F,0xF81F,0xF81F,0xF81F,
    0xF81F,0xF81F,0xF81F,0xF81F,0xF81F,0xF81F,0xF81F,0xF81F,
    0xF81F,0xF81F,0xF81F,0xF81F,0xF81F,0xF81F,0xF81F,0xF81F,
    0xF81F,0xF81F,0xF81F,0xF81F,0xF81F,0xF81F,0xF81F,0xF81F,
    0xF81F,0xF81F,0xF81F,0xF81F,0xF81F,0xF81F,0xF81F,0xF81F,
    0xF81F,0xF81F,0xF81F,0xF81F,0xF81F,0xF81F,0xF81F,0xF81F,
    0xF81F,0xF81F,0xF81F,0xF81F,0xF81F,0xF81F,0xF81F,0xF81F,
    0xF81F,0xF81F,0xF81F,0xF81F,0xF81F,0xF81F,0xF81F,0xF81F,
    0xF81F,0xF81F,0xF81F,0xF81F,0xF81F,0xF81F,0xF81F,0xF81F,
    0xF81F,0xF81F,0xF81F,0xF81F,0xF81F,0xF81F,0xF81F,0xF81F,
    0xF81F,0xF81F,0xF81F,0xF81F,0xF81F,0xF81F,0xF81F,0xF81F,
    0xF81F,0xF81F,0xF81F,0xF81F,0xF81F,0xF81F,0xF81F,0xF81F,
    0xF81F,0xF81F,0x00A2,0x01E7,0x02CB,0x036D,0x0410,0x0430,
    0x0410,0x0430,0x038E,0x030C,0x0228,0x0104,0xF81F,0xF81F,
    0xF81F,0xF81F,0xF81F,0xF81F,0xF81F,0xF81F,0xF81F,0xF81F,
    0xF81F,0xF81F,0xF81F,0xF81F,0xF81F,0xF81F,0xF81F,0xF81F,
    0x01A6,0x034D,0x0471,0x04B2,0x04B2,0x04B2,0x0492,0x0492,
    0x0492,0x0492,0x0492,0x04B2,0x04B2,0x0492,0x03AE,0x0208,
    0xF81F,0xF81F,0xF81F,0xF81F,0xF81F,0xF81F,0xF81F,0xF81F,
    0xF81F,0xF81F,0xF81F,0xF81F,0xF81F,0xF81F,0x0145,0x03CF,
    0x04B2,0x0492,0x0492,0x04B2,0x04B2,0x0492,0x0430,0x0410,
    0x0410,0x0430,0x0492,0x04B2,0x04B2,0x0492,0x0492,0x04B2,
    0x0430,0x01E7,0xF81F,0xF81F,0xF81F,0xF81F,0xF81F,0xF81F,
    0xF81F,0xF81F,0xF81F,0xF81F,0xF81F,0x02CB,0x04B2,0x0492,
    0x0471,0x04B2,0x0430,0x032C,0x01E7,0x0124,0x0082,0xF81F,
    0xF81F,0x0061,0x0124,0x01A6,0x02CB,0x0410,0x04B2,0x0492,
    0x0471,0x04D3,0x036D,0x0082,0xF81F,0xF81F,0xF81F,0xF81F,
    0xF81F,0xF81F,0xF81F,0x0082,0x038E,0x04D3,0x0451,0x04B2,
    0x0430,0x0228,0x0082,0xF81F,0xF81F,0xF81F,0xF81F,0xF81F,
    0xF81F,0xF81F,0xF81F,0xF81F,0xF81F,0xF81F,0x01A6,0x03CF,
    0x04B2,0x0471,0x04B2,0x0430,0x0124,0xF81F,0xF81F,0xF81F,
    0xF81F,0xF81F,0x00C3,0x0451,0x0492,0x0471,0x04B2,0x028A,
    0xF81F,0xF81F,0xF81F,0xF81F,0xF81F,0x0186,0x02AA,0x032C,
    0x030C,0x02EB,0x01C7,0x00A2,0xF81F,0xF81F,0xF81F,0xF81F,
    0x01E7,0x0451,0x0492,0x0471,0x04B2,0x01A6,0xF81F,0xF81F,
    0xF81F,0xF81F,0x03EF,0x0492,0x0471,0x0451,0x0165,0xF81F,
    0xF81F,0xF81F,0x01A6,0x03EF,0x0596,0x0679,0x069A,0x069A,
    0x069A,0x069A,0x0679,0x05F7,0x0471,0x0249,0xF81F,0xF81F,
    0xF81F,0x00C3,0x03AE,0x04B2,0x0451,0x0492,0x00E3,0xF81F,
    0xF81F,0x032C,0x04B2,0x0471,0x0451,0x00E3,0xF81F,0xF81F,
    0x0082,0x0430,0x069A,0x069A,0x0659,0x0659,0x069A,0x069A,
    0x069A,0x069A,0x0679,0x0659,0x0679,0x06BA,0x0514,0x0145,
    0xF81F,0xF81F,0xF81F,0x038E,0x0492,0x0471,0x0410,0x0061,
    0x0249,0x04B2,0x0451,0x0492,0x00E3,0xF81F,0xF81F,0x0165,
    0x05D7,0x069A,0x0618,0x069A,0x0638,0x0555,0x03CF,0x032C,
    0x030C,0x036D,0x04F3,0x05F7,0x069A,0x0638,0x0679,0x0659,
    0x0269,0xF81F,0xF81F,0xF81F,0x03EF,0x0492,0x0492,0x036D,
    0x0451,0x0471,0x04B2,0x01E7,0xF81F,0xF81F,0x01E7,0x0679,
    0x0638,0x0659,0x0638,0x03EF,0x0124,0xF81F,0xF81F,0xF81F,
    0xF81F,0xF81F,0xF81F,0x00C3,0x030C,0x05D7,0x0679,0x0618,
    0x06BA,0x034D,0xF81F,0xF81F,0x00E3,0x0471,0x0471,0x0492,
    0x0451,0x04B2,0x034D,0xF81F,0xF81F,0x0104,0x05F7,0x0638,
    0x0679,0x0575,0x0165,0xF81F,0xF81F,0xF81F,0xF81F,0xF81F,
    0xF81F,0xF81F,0xF81F,0xF81F,0xF81F,0x0082,0x0492,0x069A,
    0x0618,0x069A,0x0249,0xF81F,0xF81F,0x0249,0x04D3,0x0451,
    0x0471,0x04B2,0x0104,0xF81F,0xF81F,0x0514,0x0679,0x0679,
    0x0514,0xF81F,0xF81F,0xF81F,0x0124,0x0410,0x0659,0x077D,
    0x077D,0x06BA,0x04D3,0x01C7,0xF81F,0xF81F,0xF81F,0x03CF,
    0x069A,0x0638,0x0618,0x00C3,0xF81F,0xF81F,0x0430,0x0492,
    0x0451,0x034D,0xF81F,0xF81F,0x02EB,0x069A,0x0618,0x05F7,
    0x00C3,0xF81F,0xF81F,0x030C,0x079E,0x07FF,0x07FF,0x07FF,
    0x07FF,0x07FF,0x07FF,0x07FF,0x0471,0xF81F,0xF81F,0xF81F,
    0x04D3,0x0659,0x0679,0x0471,0xF81F,0xF81F,0x0228,0x0492,
    0x0082,0x0082,0xF81F,0xF81F,0x0618,0x069A,0x06BA,0x0249,
    0xF81F,0xF81F,0x032C,0x07FF,0x07FF,0x07FF,0x07FF,0x079E,
    0x077D,0x07FF,0x07FF,0x07DF,0x07FF,0x04D3,0xF81F,0xF81F,
    0x00E3,0x0659,0x0679,0x06DB,0x0186,0xF81F,0xF81F,0x0082,
    0xF81F,0xF81F,0xF81F,0xF81F,0x02CB,0x0514,0x04F3,0xF81F,
    0xF81F,0x0208,0x07FF,0x07DF,0x07FF,0x0659,0x028A,0xF81F,
    0xF81F,0x01E7,0x0534,0x07FF,0x07BE,0x07FF,0x03EF,0xF81F,
    0xF81F,0x03AE,0x05B6,0x032C,0x00C3,0xF81F,0xF81F,0xF81F,
    0xF81F,0xF81F,0xF81F,0xF81F,0xF81F,0xF81F,0xF81F,0xF81F,
    0xF81F,0x06DB,0x07FF,0x07FF,0x0575,0xF81F,0xF81F,0xF81F,
    0xF81F,0xF81F,0xF81F,0x038E,0x07FF,0x07FF,0x07FF,0x00C3,
    0xF81F,0xF81F,0xF81F,0xF81F,0xF81F,0xF81F,0xF81F,0xF81F,
    0xF81F,0xF81F,0xF81F,0xF81F,0xF81F,0xF81F,0xF81F,0xF81F,
    0xF81F,0x0269,0x0514,0x069A,0xF81F,0xF81F,0x032C,0x073C,
    0x077D,0x0492,0xF81F,0xF81F,0x0596,0x05B6,0x0269,0xF81F,
    0xF81F,0xF81F,0xF81F,0xF81F,0xF81F,0xF81F,0xF81F,0xF81F,
    0xF81F,0xF81F,0xF81F,0xF81F,0xF81F,0xF81F,0xF81F,0xF81F,
    0xF81F,0xF81F,0xF81F,0xF81F,0xF81F,0x0208,0x07FF,0x07FF,
    0x07FF,0x07FF,0x03EF,0xF81F,0xF81F,0xF81F,0xF81F,0xF81F,
    0xF81F,0xF81F,0xF81F,0xF81F,0xF81F,0xF81F,0xF81F,0xF81F,
    0xF81F,0xF81F,0xF81F,0xF81F,0xF81F,0xF81F,0xF81F,0xF81F,
    0xF81F,0xF81F,0xF81F,0xF81F,0xF81F,0x0451,0x07FF,0x07DF,
    0x07DF,0x07DF,0x0659,0xF81F,0xF81F,0xF81F,0xF81F,0xF81F,
    0xF81F,0xF81F,0xF81F,0xF81F,0xF81F,0xF81F,0xF81F,0xF81F,
    0xF81F,0xF81F,0xF81F,0xF81F,0xF81F,0xF81F,0xF81F,0xF81F,
    0xF81F,0xF81F,0xF81F,0xF81F,0xF81F,0x02EB,0x07FF,0x07DF,
    0x07DF,0x07FF,0x04F3,0xF81F,0xF81F,0xF81F,0xF81F,0xF81F,
    0xF81F,0xF81F,0xF81F,0xF81F,0xF81F,0xF81F,0xF81F,0xF81F,
    0xF81F,0xF81F,0xF81F,0xF81F,0xF81F,0xF81F,0xF81F,0xF81F,
    0xF81F,0xF81F,0xF81F,0xF81F,0xF81F,0xF81F,0x04D3,0x07FF,
    0x07FF,0x0618,0xF81F,0xF81F,0xF81F,0xF81F,0xF81F,0xF81F,
    0xF81F,0xF81F,0xF81F,0xF81F,0xF81F,0xF81F,0xF81F,0xF81F,
    0xF81F,0xF81F,0xF81F,0xF81F,0xF81F,0xF81F,0xF81F,0xF81F,
    0xF81F,0xF81F,0xF81F,0xF81F,0xF81F,0xF81F,0xF81F,0x01A6,
    0x0208,0xF81F,0xF81F,0xF81F,0xF81F,0xF81F,0xF81F,0xF81F,
    0xF81F,0xF81F,0xF81F,0xF81F,0xF81F,0xF81F,0xF81F,0xF81F,
    0xF81F,0xF81F,0xF81F,0xF81F,0xF81F,0xF81F,0xF81F,0xF81F,
    0xF81F,0xF81F,0xF81F,0xF81F,0xF81F,0xF81F,0xF81F,0xF81F,
    0xF81F,0xF81F,0xF81F,0xF81F,0xF81F,0xF81F,0xF81F,0xF81F,
    0xF81F,0xF81F,0xF81F,0xF81F,0xF81F,0xF81F,0xF81F,0xF81F,
    0xF81F,0xF81F,0xF81F,0xF81F,0xF81F,0xF81F,0xF81F,0xF81F,
    0xF81F,0xF81F,0xF81F,0xF81F,0xF81F,0xF81F,0xF81F,0xF81F,
    0xF81F,0xF81F,0xF81F,0xF81F,0xF81F,0xF81F,0xF81F,0xF81F,
    0xF81F,0xF81F,0xF81F,0xF81F,0xF81F,0xF81F,0xF81F,0xF81F,
    0xF81F,0xF81F,0xF81F,0xF81F,0xF81F,0xF81F,0xF81F,0xF81F,
    0xF81F,0xF81F,0xF81F,0xF81F,0xF81F,0xF81F,0xF81F,0xF81F,
    0xF81F,0xF81F,0xF81F,0xF81F,0xF81F,0xF81F,0xF81F,0xF81F,
    0xF81F,0xF81F,0xF81F,0xF81F,0xF81F,0xF81F,0xF81F,0xF81F,
    0xF81F,0xF81F,0xF81F,0xF81F,0xF81F,0xF81F,0xF81F,0xF81F,
    0xF81F,0xF81F,0xF81F,0xF81F,0xF81F,0xF81F,0xF81F,0xF81F,
    0xF81F,0xF81F,0xF81F,0xF81F,0xF81F,0xF81F,0xF81F,0xF81F,
    0xF81F,0xF81F,0xF81F,0xF81F,0xF81F,0xF81F,0xF81F,0xF81F,
};

// CIRCUIT BIT
static const uint16_t item_icon_mat_circuit[32 * 32] PROGMEM = {
    0xF81F,0xF81F,0xF81F,0xF81F,0xF81F,0xF81F,0xF81F,0xF81F,
    0xF81F,0xF81F,0xF81F,0xF81F,0xF81F,0xF81F,0xF81F,0xF81F,
    0xF81F,0xF81F,0xF81F,0xF81F,0xF81F,0xF81F,0xF81F,0xF81F,
    0xF81F,0xF81F,0xF81F,0xF81F,0xF81F,0xF81F,0xF81F,0xF81F,
    0xF81F,0xF81F,0xF81F,0xF81F,0xF81F,0xF81F,0xF81F,0xF81F,
    0xF81F,0xF81F,0xF81F,0xF81F,0xF81F,0xF81F,0xF81F,0xF81F,
    0xF81F,0xF81F,0xF81F,0xF81F,0xF81F,0xF81F,0xF81F,0xF81F,
    0xF81F,0xF81F,0xF81F,0xF81F,0xF81F,0xF81F,0xF81F,0xF81F,
    0xF81F,0xF81F,0xF81F,0xF81F,0xF81F,0xF81F,0xF81F,0xF81F,
    0xF81F,0xF81F,0xF81F,0xF81F,0xF81F,0xF81F,0xF81F,0xF81F,
    0xF81F,0xF81F,0xF81F,0xF81F,0xF81F,0xF81F,0xF81F,0xF81F,
    0xF81F,0xF81F,0xF81F,0xF81F,0xF81F,0xF81F,0xF81F,0xF81F,
    0xF81F,0xF81F,0xF81F,0xF81F,0xF81F,0xF81F,0xF81F,0xF81F,
    0xF81F,0xF81F,0xF81F,0xF81F,0xF81F,0xF81F,0xF81F,0xF81F,
    0xF81F,0xF81F,0xF81F,0xF81F,0xF81F,0xF81F,0xF81F,0xF81F,
    0xF81F,0xF81F,0xF81F,0xF81F,0xF81F,0xF81F,0xF81F,0xF81F,
    0xF81F,0xF81F,0xF81F,0xF81F,0xF81F,0xF81F,0xF81F,0xF81F,
    0xF81F,0xF81F,0xF81F,0xF81F,0xF81F,0xF81F,0xF81F,0xF81F,
    0xF81F,0xF81F,0xF81F,0xF81F,0xF81F,0xF81F,0xF81F,0xF81F,
    0xF81F,0xF81F,0xF81F,0xF81F,0xF81F,0xF81F,0xF81F,0xF81F,
    0xF81F,0xF81F,0xF81F,0xF81F,0xF81F,0xF81F,0xF81F,0xF81F,
    0xF81F,0xF81F,0xF81F,0xF81F,0xF81F,0xF81F,0xF81F,0xF81F,
    0xF81F,0xF81F,0xF81F,0xF81F,0xF81F,0xF81F,0xF81F,0xF81F,
    0xF81F,0xF81F,0xF81F,0xF81F,0xF81F,0xF81F,0xF81F,0xF81F,
    0xF81F,0xF81F,0xF81F,0xF81F,0xF81F,0xF81F,0xF81F,0xF81F,
    0xF81F,0xF81F,0xF81F,0xF81F,0xF81F,0xF81F,0xF81F,0xF81F,
    0xF81F,0xF81F,0xF81F,0xF81F,0xF81F,0xF81F,0xF81F,0xF81F,
    0xF81F,0xF81F,0xF81F,0xF81F,0xF81F,0xF81F,0xF81F,0xF81F,
    0xF81F,0xF81F,0xF81F,0xF81F,0xF81F,0xF81F,0xF81F,0xF81F,
    0xF81F,0xF81F,0xF81F,0xF81F,0xF81F,0xF81F,0xF81F,0xF81F,
    0xF81F,0xF81F,0xF81F,0xF81F,0xF81F,0xF81F,0xF81F,0xF81F,
    0xF81F,0xF81F,0xF81F,0xF81F,0xF81F,0xF81F,0xF81F,0xF81F,
    0xF81F,0xF81F,0xF81F,0xF81F,0xF81F,0xF81F,0xF81F,0xF81F,
    0x0200,0x03E0,0x03E0,0x0400,0x0400,0x0400,0x0400,0x0400,
    0x0400,0x0400,0x0400,0x0400,0x0400,0x03E0,0x0400,0x02E0,
    0xF81F,0xF81F,0xF81F,0xF81F,0xF81F,0xF81F,0xF81F,0xF81F,
    0xF81F,0xF81F,0xF81F,0xF81F,0xF81F,0xF81F,0xF81F,0xF81F,
    0x0420,0x07E0,0x07E0,0x07E0,0x07E0,0x07E0,0x07E0,0x07E0,
    0x07E0,0x07E0,0x07E0,0x07E0,0x07E0,0x07E0,0x07E0,0x0640,
    0xF81F,0xF81F,0xF81F,0xF81F,0xF81F,0xF81F,0xF81F,0xF81F,
    0xF81F,0xF81F,0xF81F,0xF81F,0xF81F,0xF81F,0xF81F,0xF81F,
    0x0420,0x07C0,0x0320,0x02E0,0x02E0,0x02E0,0x02E0,0x02E0,
    0x02E0,0x02E0,0x02E0,0x02E0,0x0300,0x02A0,0x06E0,0x05E0,
    0xF81F,0xF81F,0xF81F,0xF81F,0xF81F,0xF81F,0xF81F,0xF81F,
    0xF81F,0xF81F,0xF81F,0x0400,0x07E0,0x07E0,0x07E0,0x07E0,
    0x07E0,0x07A0,0x0300,0x0280,0x02A0,0x02A0,0x0280,0x0280,
    0x0280,0x0280,0x0280,0x02A0,0x02C0,0x0260,0x0680,0x07E0,
    0x07E0,0x07E0,0x07E0,0x07E0,0x0600,0xF81F,0xF81F,0xF81F,
    0xF81F,0xF81F,0xF81F,0x0200,0x0420,0x0400,0x0420,0x0400,
    0x0600,0x07C0,0x0300,0x02A0,0x02C0,0x0320,0x0320,0x0320,
    0x0320,0x0320,0x0320,0x02E0,0x02C0,0x0280,0x06C0,0x0700,
    0x0400,0x0420,0x0400,0x0420,0x0300,0xF81F,0xF81F,0xF81F,
    0xF81F,0xF81F,0xF81F,0xF81F,0xF81F,0xF81F,0xF81F,0xF81F,
    0x03C0,0x07E0,0x02E0,0x0280,0x0300,0x0740,0x07A0,0x0780,
    0x07A0,0x0780,0x07A0,0x0400,0x0280,0x0260,0x0700,0x05C0,
    0xF81F,0xF81F,0xF81F,0xF81F,0xF81F,0xF81F,0xF81F,0xF81F,
    0xF81F,0xF81F,0xF81F,0xF81F,0xF81F,0xF81F,0xF81F,0xF81F,
    0x03C0,0x07E0,0x02E0,0x0280,0x0320,0x07A0,0x07E0,0x07E0,
    0x07E0,0x07E0,0x07E0,0x0420,0x0280,0x0260,0x0700,0x05C0,
    0xF81F,0xF81F,0xF81F,0xF81F,0xF81F,0xF81F,0xF81F,0xF81F,
    0xF81F,0xF81F,0xF81F,0x0200,0x0420,0x0400,0x0420,0x0400,
    0x0600,0x07C0,0x0300,0x0280,0x0320,0x0780,0x07E0,0x07E0,
    0x07E0,0x07E0,0x07E0,0x0420,0x0280,0x0280,0x06C0,0x0700,
    0x0400,0x0420,0x0400,0x0420,0x0300,0xF81F,0xF81F,0xF81F,
    0xF81F,0xF81F,0xF81F,0x0400,0x07E0,0x07E0,0x07E0,0x07E0,
    0x07E0,0x07A0,0x0320,0x0280,0x0320,0x07A0,0x07E0,0x07E0,
    0x07E0,0x07E0,0x07E0,0x0420,0x0280,0x02A0,0x06A0,0x07E0,
    0x07E0,0x07E0,0x07E0,0x07E0,0x0600,0xF81F,0xF81F,0xF81F,
    0xF81F,0xF81F,0xF81F,0xF81F,0xF81F,0xF81F,0xF81F,0xF81F,
    0x0420,0x07E0,0x02E0,0x0280,0x0320,0x0780,0x07E0,0x07E0,
    0x07E0,0x07C0,0x07E0,0x0420,0x0280,0x0260,0x0700,0x0600,
    0xF81F,0xF81F,0xF81F,0xF81F,0xF81F,0xF81F,0xF81F,0xF81F,
    0xF81F,0xF81F,0xF81F,0xF81F,0xF81F,0xF81F,0xF81F,0xF81F,
    0x03E0,0x07E0,0x02E0,0x0280,0x0320,0x07C0,0x07E0,0x07E0,
    0x07E0,0x07E0,0x07E0,0x0420,0x0280,0x0260,0x0700,0x05E0,
    0xF81F,0xF81F,0xF81F,0xF81F,0xF81F,0xF81F,0xF81F,0xF81F,
    0xF81F,0xF81F,0xF81F,0xF81F,0xF81F,0xF81F,0xF81F,0xF81F,
    0x0420,0x07E0,0x02E0,0x02A0,0x02E0,0x0400,0x0420,0x0400,
    0x0420,0x0400,0x0420,0x0320,0x02C0,0x0260,0x0700,0x0600,
    0xF81F,0xF81F,0xF81F,0xF81F,0xF81F,0xF81F,0xF81F,0xF81F,
    0xF81F,0xF81F,0xF81F,0x0400,0x07E0,0x07E0,0x07E0,0x07E0,
    0x07E0,0x07A0,0x0320,0x02C0,0x02C0,0x0280,0x0280,0x0280,
    0x0280,0x0280,0x0280,0x02C0,0x02E0,0x02A0,0x06A0,0x07E0,
    0x07E0,0x07E0,0x07E0,0x07E0,0x0600,0xF81F,0xF81F,0xF81F,
    0xF81F,0xF81F,0xF81F,0x0200,0x0420,0x0400,0x0420,0x0400,
    0x0600,0x07A0,0x02A0,0x0240,0x0260,0x0260,0x0260,0x0260,
    0x0260,0x0260,0x0260,0x0260,0x0260,0x0220,0x06A0,0x06E0,
    0x0400,0x0420,0x0400,0x0420,0x0300,0xF81F,0xF81F,0xF81F,
    0xF81F,0xF81F,0xF81F,0xF81F,0xF81F,0xF81F,0xF81F,0xF81F,
    0x03E0,0x07E0,0x0700,0x0700,0x0700,0x0700,0x0700,0x0700,
    0x0700,0x0700,0x0700,0x0700,0x0700,0x06E0,0x07E0,0x0600,
    0xF81F,0xF81F,0xF81F,0xF81F,0xF81F,0xF81F,0xF81F,0xF81F,
    0xF81F,0xF81F,0xF81F,0xF81F,0xF81F,0xF81F,0xF81F,0xF81F,
    0x0300,0x05E0,0x05C0,0x05E0,0x05E0,0x05E0,0x05E0,0x05E0,
    0x05E0,0x05E0,0x05E0,0x05E0,0x05E0,0x05C0,0x05E0,0x0460,
    0xF81F,0xF81F,0xF81F,0xF81F,0xF81F,0xF81F,0xF81F,0xF81F,
    0xF81F,0xF81F,0xF81F,0xF81F,0xF81F,0xF81F,0xF81F,0xF81F,
    0xF81F,0xF81F,0xF81F,0xF81F,0xF81F,0xF81F,0xF81F,0xF81F,
    0xF81F,0xF81F,0xF81F,0xF81F,0xF81F,0xF81F,0xF81F,0xF81F,
    0xF81F,0xF81F,0xF81F,0xF81F,0xF81F,0xF81F,0xF81F,0xF81F,
    0xF81F,0xF81F,0xF81F,0xF81F,0xF81F,0xF81F,0xF81F,0xF81F,
    0xF81F,0xF81F,0xF81F,0xF81F,0xF81F,0xF81F,0xF81F,0xF81F,
    0xF81F,0xF81F,0xF81F,0xF81F,0xF81F,0xF81F,0xF81F,0xF81F,
    0xF81F,0xF81F,0xF81F,0xF81F,0xF81F,0xF81F,0xF81F,0xF81F,
    0xF81F,0xF81F,0xF81F,0xF81F,0xF81F,0xF81F,0xF81F,0xF81F,
    0xF81F,0xF81F,0xF81F,0xF81F,0xF81F,0xF81F,0xF81F,0xF81F,
    0xF81F,0xF81F,0xF81F,0xF81F,0xF81F,0xF81F,0xF81F,0xF81F,
    0xF81F,0xF81F,0xF81F,0xF81F,0xF81F,0xF81F,0xF81F,0xF81F,
    0xF81F,0xF81F,0xF81F,0xF81F,0xF81F,0xF81F,0xF81F,0xF81F,
    0xF81F,0xF81F,0xF81F,0xF81F,0xF81F,0xF81F,0xF81F,0xF81F,
    0xF81F,0xF81F,0xF81F,0xF81F,0xF81F,0xF81F,0xF81F,0xF81F,
    0xF81F,0xF81F,0xF81F,0xF81F,0xF81F,0xF81F,0xF81F,0xF81F,
    0xF81F,0xF81F,0xF81F,0xF81F,0xF81F,0xF81F,0xF81F,0xF81F,
    0xF81F,0xF81F,0xF81F,0xF81F,0xF81F,0xF81F,0xF81F,0xF81F,
    0xF81F,0xF81F,0xF81F,0xF81F,0xF81F,0xF81F,0xF81F,0xF81F,
    0xF81F,0xF81F,0xF81F,0xF81F,0xF81F,0xF81F,0xF81F,0xF81F,
    0xF81F,0xF81F,0xF81F,0xF81F,0xF81F,0xF81F,0xF81F,0xF81F,
    0xF81F,0xF81F,0xF81F,0xF81F,0xF81F,0xF81F,0xF81F,0xF81F,
    0xF81F,0xF81F,0xF81F,0xF81F,0xF81F,0xF81F,0xF81F,0xF81F,
    0xF81F,0xF81F,0xF81F,0xF81F,0xF81F,0xF81F,0xF81F,0xF81F,
    0xF81F,0xF81F,0xF81F,0xF81F,0xF81F,0xF81F,0xF81F,0xF81F,
    0xF81F,0xF81F,0xF81F,0xF81F,0xF81F,0xF81F,0xF81F,0xF81F,
    0xF81F,0xF81F,0xF81F,0xF81F,0xF81F,0xF81F,0xF81F,0xF81F,
    0xF81F,0xF81F,0xF81F,0xF81F,0xF81F,0xF81F,0xF81F,0xF81F,
    0xF81F,0xF81F,0xF81F,0xF81F,0xF81F,0xF81F,0xF81F,0xF81F,
    0xF81F,0xF81F,0xF81F,0xF81F,0xF81F,0xF81F,0xF81F,0xF81F,
    0xF81F,0xF81F,0xF81F,0xF81F,0xF81F,0xF81F,0xF81F,0xF81F,
    0xF81F,0xF81F,0xF81F,0xF81F,0xF81F,0xF81F,0xF81F,0xF81F,
};

// DATA SHARD
static const uint16_t item_icon_mat_shard[32 * 32] PROGMEM = {
    0xF81F,0xF81F,0xF81F,0xF81F,0xF81F,0xF81F,0xF81F,0xF81F,
    0xF81F,0xF81F,0xF81F,0xF81F,0xF81F,0xF81F,0xF81F,0xF81F,
    0xF81F,0xF81F,0xF81F,0xF81F,0xF81F,0xF81F,0xF81F,0xF81F,
    0xF81F,0xF81F,0xF81F,0xF81F,0xF81F,0xF81F,0xF81F,0xF81F,
    0xF81F,0xF81F,0xF81F,0xF81F,0xF81F,0xF81F,0xF81F,0xF81F,
    0xF81F,0xF81F,0xF81F,0xF81F,0xF81F,0xF81F,0xF81F,0xF81F,
    0xF81F,0xF81F,0xF81F,0xF81F,0xF81F,0xF81F,0xF81F,0xF81F,
    0xF81F,0xF81F,0xF81F,0xF81F,0xF81F,0xF81F,0xF81F,0xF81F,
    0xF81F,0xF81F,0xF81F,0xF81F,0xF81F,0xF81F,0xF81F,0xF81F,
    0xF81F,0xF81F,0xF81F,0xF81F,0xF81F,0xF81F,0xF81F,0xF81F,
    0x1005,0xF81F,0xF81F,0xF81F,0xF81F,0xF81F,0xF81F,0xF81F,
    0xF81F,0xF81F,0xF81F,0xF81F,0xF81F,0xF81F,0xF81F,0xF81F,
    0xF81F,0xF81F,0xF81F,0xF81F,0xF81F,0xF81F,0xF81F,0xF81F,
    0xF81F,0xF81F,0xF81F,0xF81F,0xF81F,0xF81F,0xF81F,0x5014,
    0x701B,0xF81F,0xF81F,0xF81F,0xF81F,0xF81F,0xF81F,0xF81F,
    0xF81F,0xF81F,0xF81F,0xF81F,0xF81F,0xF81F,0xF81F,0xF81F,
    0xF81F,0xF81F,0xF81F,0xF81F,0xF81F,0xF81F,0xF81F,0xF81F,
    0xF81F,0xF81F,0xF81F,0xF81F,0xF81F,0xF81F,0x2008,0x981F,
    0xB81F,0x400F,0xF81F,0xF81F,0xF81F,0xF81F,0xF81F,0xF81F,
    0xF81F,0xF81F,0xF81F,0xF81F,0xF81F,0xF81F,0xF81F,0xF81F,
    0xF81F,0xF81F,0xF81F,0xF81F,0xF81F,0xF81F,0xF81F,0xF81F,
    0xF81F,0xF81F,0xF81F,0xF81F,0xF81F,0xF81F,0x701B,0xB01F,
    0xD01F,0x901F,0x1806,0xF81F,0xF81F,0xF81F,0xF81F,0xF81F,
    0xF81F,0xF81F,0xF81F,0xF81F,0xF81F,0xF81F,0xF81F,0xF81F,
    0xF81F,0xF81F,0xF81F,0xF81F,0xF81F,0xF81F,0xF81F,0xF81F,
    0xF81F,0xF81F,0xF81F,0xF81F,0xF81F,0x5012,0x881F,0x901B,
    0xC81F,0x881E,0x7019,0xF81F,0xF81F,0xF81F,0xF81F,0xF81F,
    0xF81F,0xF81F,0xF81F,0xF81F,0xF81F,0xF81F,0xF81F,0xF81F,
    0xF81F,0xF81F,0xF81F,0xF81F,0xF81F,0xF81F,0xF81F,0xF81F,
    0xF81F,0xF81F,0xF81F,0xF81F,0x2008,0x981F,0x5816,0x8817,
    0xC81F,0x5814,0x901F,0x4010,0xF81F,0xF81F,0xF81F,0xF81F,
    0xF81F,0xF81F,0xF81F,0xF81F,0xF81F,0xF81F,0xF81F,0xF81F,
    0xF81F,0xF81F,0xF81F,0xF81F,0xF81F,0xF81F,0xF81F,0xF81F,
    0xF81F,0xF81F,0xF81F,0xF81F,0x781B,0x801D,0x300D,0x8818,
    0xD01F,0x400F,0x6818,0x901F,0x1805,0xF81F,0xF81F,0xF81F,
    0xF81F,0xF81F,0xF81F,0xF81F,0xF81F,0xF81F,0xF81F,0xF81F,
    0xF81F,0xF81F,0xF81F,0xF81F,0xF81F,0xF81F,0xF81F,0xF81F,
    0xF81F,0xF81F,0xF81F,0x4812,0x901F,0x5012,0x300D,0x8818,
    0xD01F,0x4810,0x400F,0x881E,0x7019,0xF81F,0xF81F,0xF81F,
    0xF81F,0xF81F,0xF81F,0xF81F,0xF81F,0xF81F,0xF81F,0xF81F,
    0xF81F,0xF81F,0xF81F,0xF81F,0xF81F,0xF81F,0xF81F,0xF81F,
    0xF81F,0xF81F,0x2008,0x901F,0x6017,0x400E,0x380E,0x8818,
    0xD01F,0x4810,0x380E,0x5013,0x981F,0x400F,0xF81F,0xF81F,
    0xF81F,0xF81F,0xF81F,0xF81F,0xF81F,0xF81F,0xF81F,0xF81F,
    0xF81F,0xF81F,0xF81F,0xF81F,0xF81F,0xF81F,0xF81F,0xF81F,
    0xF81F,0xF81F,0x781B,0x801D,0x400F,0x4810,0x380E,0x8818,
    0xD01F,0x4810,0x400F,0x380E,0x6819,0x901F,0x1805,0xF81F,
    0xF81F,0xF81F,0xF81F,0xF81F,0xF81F,0xF81F,0xF81F,0xF81F,
    0xF81F,0xF81F,0xF81F,0xF81F,0xF81F,0xF81F,0xF81F,0xF81F,
    0xF81F,0x5012,0x901F,0x4812,0x400F,0x4810,0x380E,0x8818,
    0xD01F,0x4810,0x400F,0x400F,0x400F,0x881E,0x7019,0xF81F,
    0xF81F,0xF81F,0xF81F,0xF81F,0xF81F,0xF81F,0xF81F,0xF81F,
    0xF81F,0xF81F,0xF81F,0xF81F,0xF81F,0xF81F,0xF81F,0xF81F,
    0x2008,0x901F,0x6017,0x400E,0x4010,0x4010,0x380E,0x8818,
    0xD01F,0x4810,0x400F,0x4010,0x400F,0x5013,0x981F,0x400F,
    0xF81F,0xF81F,0xF81F,0xF81F,0xF81F,0xF81F,0xF81F,0xF81F,
    0xF81F,0xF81F,0xF81F,0xF81F,0xF81F,0xF81F,0xF81F,0xF81F,
    0x701A,0x801E,0x400F,0x400F,0x400F,0x4010,0x380E,0x8818,
    0xD01F,0x4810,0x400F,0x4010,0x4010,0x380E,0x6819,0x881F,
    0x0803,0xF81F,0xF81F,0xF81F,0xF81F,0xF81F,0xF81F,0xF81F,
    0xF81F,0xF81F,0xF81F,0xF81F,0xF81F,0xF81F,0xF81F,0xF81F,
    0x4810,0x881F,0x4010,0x400F,0x4010,0x4010,0x380E,0x8818,
    0xD01F,0x4810,0x400F,0x4010,0x4010,0x380E,0x781C,0x6817,
    0xF81F,0xF81F,0xF81F,0xF81F,0xF81F,0xF81F,0xF81F,0xF81F,
    0xF81F,0xF81F,0xF81F,0xF81F,0xF81F,0xF81F,0xF81F,0xF81F,
    0xF81F,0x801D,0x6818,0x380E,0x4010,0x4010,0x380E,0x8818,
    0xD01F,0x4810,0x400F,0x4010,0x400F,0x5013,0x901F,0x2007,
    0xF81F,0xF81F,0xF81F,0xF81F,0xF81F,0xF81F,0xF81F,0xF81F,
    0xF81F,0xF81F,0xF81F,0xF81F,0xF81F,0xF81F,0xF81F,0xF81F,
    0xF81F,0x4010,0x901F,0x4010,0x400F,0x4810,0x380E,0x8818,
    0xD01F,0x4810,0x400F,0x4010,0x400E,0x801D,0x6818,0xF81F,
    0xF81F,0xF81F,0xF81F,0xF81F,0xF81F,0xF81F,0xF81F,0xF81F,
    0xF81F,0xF81F,0xF81F,0xF81F,0xF81F,0xF81F,0xF81F,0xF81F,
    0xF81F,0xF81F,0x781B,0x701A,0x380E,0x4810,0x380E,0x8818,
    0xD01F,0x4810,0x400F,0x400E,0x5815,0x901F,0x1806,0xF81F,
    0xF81F,0xF81F,0xF81F,0xF81F,0xF81F,0xF81F,0xF81F,0xF81F,
    0xF81F,0xF81F,0xF81F,0xF81F,0xF81F,0xF81F,0xF81F,0xF81F,
    0xF81F,0xF81F,0x300B,0x901F,0x4811,0x400F,0x380E,0x8818,
    0xD01F,0x4810,0x400F,0x400F,0x881E,0x5814,0xF81F,0xF81F,
    0xF81F,0xF81F,0xF81F,0xF81F,0xF81F,0xF81F,0xF81F,0xF81F,
    0xF81F,0xF81F,0xF81F,0xF81F,0xF81F,0xF81F,0xF81F,0xF81F,
    0xF81F,0xF81F,0xF81F,0x781B,0x701A,0x400E,0x380E,0x8818,
    0xD01F,0x4810,0x380E,0x5816,0x881F,0x1004,0xF81F,0xF81F,
    0xF81F,0xF81F,0xF81F,0xF81F,0xF81F,0xF81F,0xF81F,0xF81F,
    0xF81F,0xF81F,0xF81F,0xF81F,0xF81F,0xF81F,0xF81F,0xF81F,
    0xF81F,0xF81F,0xF81F,0x300B,0x901F,0x5012,0x300E,0x8818,
    0xD01F,0x4810,0x400F,0x881F,0x5014,0xF81F,0xF81F,0xF81F,
    0xF81F,0xF81F,0xF81F,0xF81F,0xF81F,0xF81F,0xF81F,0xF81F,
    0xF81F,0xF81F,0xF81F,0xF81F,0xF81F,0xF81F,0xF81F,0xF81F,
    0xF81F,0xF81F,0xF81F,0xF81F,0x6818,0x801D,0x300D,0x8818,
    0xD01F,0x400F,0x6018,0x881D,0x0802,0xF81F,0xF81F,0xF81F,
    0xF81F,0xF81F,0xF81F,0xF81F,0xF81F,0xF81F,0xF81F,0xF81F,
    0xF81F,0xF81F,0xF81F,0xF81F,0xF81F,0xF81F,0xF81F,0xF81F,
    0xF81F,0xF81F,0xF81F,0xF81F,0x2007,0x901F,0x4812,0x8817,
    0xD01F,0x4811,0x881F,0x4010,0xF81F,0xF81F,0xF81F,0xF81F,
    0xF81F,0xF81F,0xF81F,0xF81F,0xF81F,0xF81F,0xF81F,0xF81F,
    0xF81F,0xF81F,0xF81F,0xF81F,0xF81F,0xF81F,0xF81F,0xF81F,
    0xF81F,0xF81F,0xF81F,0xF81F,0xF81F,0x6817,0x701C,0x8017,
    0xC81E,0x7019,0x801D,0xF81F,0xF81F,0xF81F,0xF81F,0xF81F,
    0xF81F,0xF81F,0xF81F,0xF81F,0xF81F,0xF81F,0xF81F,0xF81F,
    0xF81F,0xF81F,0xF81F,0xF81F,0xF81F,0xF81F,0xF81F,0xF81F,
    0xF81F,0xF81F,0xF81F,0xF81F,0xF81F,0x2007,0x881F,0xA01C,
    0xC81F,0x901F,0x400F,0xF81F,0xF81F,0xF81F,0xF81F,0xF81F,
    0xF81F,0xF81F,0xF81F,0xF81F,0xF81F,0xF81F,0xF81F,0xF81F,
    0xF81F,0xF81F,0xF81F,0xF81F,0xF81F,0xF81F,0xF81F,0xF81F,
    0xF81F,0xF81F,0xF81F,0xF81F,0xF81F,0xF81F,0x5013,0xB81F,
    0xD01F,0x781B,0xF81F,0xF81F,0xF81F,0xF81F,0xF81F,0xF81F,
    0xF81F,0xF81F,0xF81F,0xF81F,0xF81F,0xF81F,0xF81F,0xF81F,
    0xF81F,0xF81F,0xF81F,0xF81F,0xF81F,0xF81F,0xF81F,0xF81F,
    0xF81F,0xF81F,0xF81F,0xF81F,0xF81F,0xF81F,0x1004,0xA01E,
    0xC81F,0x300B,0xF81F,0xF81F,0xF81F,0xF81F,0xF81F,0xF81F,
    0xF81F,0xF81F,0xF81F,0xF81F,0xF81F,0xF81F,0xF81F,0xF81F,
    0xF81F,0xF81F,0xF81F,0xF81F,0xF81F,0xF81F,0xF81F,0xF81F,
    0xF81F,0xF81F,0xF81F,0xF81F,0xF81F,0xF81F,0xF81F,0x5815,
    0x781D,0xF81F,0xF81F,0xF81F,0xF81F,0xF81F,0xF81F,0xF81F,
    0xF81F,0xF81F,0xF81F,0xF81F,0xF81F,0xF81F,0xF81F,0xF81F,
    0xF81F,0xF81F,0xF81F,0xF81F,0xF81F,0xF81F,0xF81F,0xF81F,
    0xF81F,0xF81F,0xF81F,0xF81F,0xF81F,0xF81F,0xF81F,0x1806,
    0x280A,0xF81F,0xF81F,0xF81F,0xF81F,0xF81F,0xF81F,0xF81F,
    0xF81F,0xF81F,0xF81F,0xF81F,0xF81F,0xF81F,0xF81F,0xF81F,
    0xF81F,0xF81F,0xF81F,0xF81F,0xF81F,0xF81F,0xF81F,0xF81F,
    0xF81F,0xF81F,0xF81F,0xF81F,0xF81F,0xF81F,0xF81F,0xF81F,
    0xF81F,0xF81F,0xF81F,0xF81F,0xF81F,0xF81F,0xF81F,0xF81F,
    0xF81F,0xF81F,0xF81F,0xF81F,0xF81F,0xF81F,0xF81F,0xF81F,
    0xF81F,0xF81F,0xF81F,0xF81F,0xF81F,0xF81F,0xF81F,0xF81F,
    0xF81F,0xF81F,0xF81F,0xF81F,0xF81F,0xF81F,0xF81F,0xF81F,
    0xF81F,0xF81F,0xF81F,0xF81F,0xF81F,0xF81F,0xF81F,0xF81F,
    0xF81F,0xF81F,0xF81F,0xF81F,0xF81F,0xF81F,0xF81F,0xF81F,
};

// GLITCH FRAG
static const uint16_t item_icon_mat_glitch[32 * 32] PROGMEM = {
    0xF81F,0xF81F,0xF81F,0xF81F,0xF81F,0xF81F,0xF81F,0xF81F,
    0xF81F,0xF81F,0xF81F,0xF81F,0xF81F,0xF81F,0xF81F,0xF81F,
    0xF81F,0xF81F,0xF81F,0xF81F,0xF81F,0xF81F,0xF81F,0xF81F,
    0xF81F,0xF81F,0xF81F,0xF81F,0xF81F,0xF81F,0xF81F,0xF81F,
    0xF81F,0xF81F,0xF81F,0xF81F,0xF81F,0xF81F,0xF81F,0xF81F,
    0xF81F,0xF81F,0xF81F,0xF81F,0xF81F,0xF81F,0xF81F,0xF81F,
    0xF81F,0xF81F,0xF81F,0xF81F,0xF81F,0xF81F,0xF81F,0xF81F,
    0xF81F,0xF81F,0xF81F,0xF81F,0xF81F,0xF81F,0xF81F,0xF81F,
    0xF81F,0xF81F,0xF81F,0xF81F,0xF81F,0xF81F,0xF81F,0xF81F,
    0xF81F,0xF81F,0xF81F,0xF81F,0xF81F,0xF81F,0xF81F,0xF81F,
    0xF81F,0xF81F,0x700D,0xF81F,0xF81F,0xF81F,0xF81F,0xF81F,
    0xF81F,0xF81F,0xF81F,0xF81F,0xF81F,0xF81F,0xF81F,0xF81F,
    0xF81F,0xF81F,0xF81F,0xF81F,0xF81F,0xF81F,0xF81F,0xF81F,
    0xF81F,0xF81F,0xF81F,0xF81F,0xF81F,0xF81F,0xF81F,0xF81F,
    0xF81F,0x9011,0x9812,0xF81F,0xF81F,0xF81F,0xF81F,0xF81F,
    0xF81F,0xF81F,0xF81F,0xF81F,0xF81F,0xF81F,0xF81F,0xF81F,
    0xF81F,0xF81F,0xF81F,0xF81F,0xF81F,0xF81F,0xF81F,0xF81F,
    0xF81F,0xF81F,0xF81F,0xF81F,0xF81F,0xF81F,0xF81F,0xF81F,
    0x2805,0xF81E,0x780E,0xF81F,0xF81F,0xF81F,0xF81F,0xF81F,
    0xF81F,0xF81F,0xF81F,0xF81F,0xF81F,0xF81F,0xF81F,0xF81F,
    0xF81F,0xF81F,0xF81F,0xF81F,0xF81F,0xF81F,0xF81F,0xF81F,
    0xF81F,0xF81F,0xF81F,0xF81F,0xF81F,0xF81F,0xF81F,0xF81F,
    0xC819,0xF81E,0x4008,0xF81F,0xF81F,0xF81F,0xF81F,0xF81F,
    0xF81F,0xF81F,0xF81F,0xF81F,0xF81F,0xF81F,0xF81F,0xF81F,
    0xF81F,0xF81F,0xF81F,0xF81F,0xF81F,0xF81F,0xF81F,0xF81F,
    0xF81F,0xF81F,0xF81F,0xF81F,0xF81F,0xF81F,0xF81F,0x9011,
    0xF81E,0xF81E,0x3807,0xF81F,0xF81F,0xF81F,0xF81F,0xF81F,
    0xF81F,0xF81F,0xF81F,0xF81F,0xF81F,0xF81F,0xF81F,0xF81F,
    0xF81F,0xF81F,0xF81F,0xF81F,0xF81F,0xF81F,0xF81F,0xF81F,
    0xF81F,0xF81F,0xF81F,0xF81F,0xF81F,0xF81F,0x4008,0xF81E,
    0xF81E,0xF01C,0xF81F,0xF81F,0xF81F,0xF81F,0xF81F,0xF81F,
    0xF81F,0xF81F,0xF81F,0xF81F,0xF81F,0xF81F,0xF81F,0xF81F,
    0xF81F,0xF81F,0xF81F,0xF81F,0xF81F,0xF81F,0xF81F,0xF81F,
    0xF81F,0xF81F,0xF81F,0xF81F,0xF81F,0xF81F,0xE81C,0xF81E,
    0xF81E,0xE81C,0xF81F,0xF81F,0xF81F,0xF81F,0xF81F,0xF81F,
    0xF81F,0xF81F,0xF81F,0xF81F,0xF81F,0xF81F,0xF81F,0xF81F,
    0xF81F,0xF81F,0xF81F,0xF81F,0xF81F,0xF81F,0xF81F,0xF81F,
    0xF81F,0xF81F,0xF81F,0xF81F,0xF81F,0xA814,0xF81E,0xF81D,
    0xF81E,0xC017,0xF81F,0xF81F,0xF81F,0xF81F,0xF81F,0xF81F,
    0xF81F,0xF81F,0xF81F,0xF81F,0xF81F,0xF81F,0xF81F,0xF81F,
    0xF81F,0xF81F,0xF81F,0xF81F,0xF81F,0xF81F,0xF81F,0xF81F,
    0xF81F,0xF81F,0xF81F,0xF81F,0x680C,0xF81E,0xF81E,0xF81E,
    0xF81E,0xB816,0xF81F,0xF81F,0xF81F,0xF81F,0xF81F,0xF81F,
    0xF81F,0xF81F,0xF81F,0xF81F,0xF81F,0xF81F,0xF81F,0xF81F,
    0xF81F,0xF81F,0xF81F,0xF81F,0xF81F,0xF81F,0xF81F,0xF81F,
    0xF81F,0xF81F,0xF81F,0x2004,0xF01D,0xF81E,0xF81E,0xF81E,
    0xF81E,0x8010,0xF81F,0xF81F,0xF81F,0xF81F,0xF81F,0xF81F,
    0xF81F,0xF81F,0xF81F,0xF81F,0xF81F,0xF81F,0xF81F,0xF81F,
    0xF81F,0xF81F,0xF81F,0xF81F,0xF81F,0xF81F,0xF81F,0xF81F,
    0xF81F,0xF81F,0xF81F,0xC818,0xF81E,0xF81E,0xF81E,0xF81E,
    0xF81E,0x780E,0xF81F,0xF81F,0xF81F,0xF81F,0xF81F,0xF81F,
    0xF81F,0xF81F,0xF81F,0xF81F,0xF81F,0xF81F,0xF81F,0xF81F,
    0xF81F,0xF81F,0xF81F,0xF81F,0xF81F,0xF81F,0xF81F,0xF81F,
    0xF81F,0xF81F,0x780E,0xF81E,0xF81D,0xF81E,0xF81E,0xF81E,
    0xF81E,0x5009,0xF81F,0xF81F,0xF81F,0xF81F,0xF81F,0xF81F,
    0xF81F,0xF81F,0xF81F,0xF81F,0xF81F,0xF81F,0xF81F,0xF81F,
    0xF81F,0xF81F,0xF81F,0xF81F,0xF81F,0xF81F,0xF81F,0xF81F,
    0xF81F,0x4008,0xF81E,0xF81E,0xF81E,0xF81E,0xF81E,0xF81E,
    0xF81E,0xF01D,0xE81C,0xE81C,0xE81C,0xE81C,0xF01E,0x600B,
    0xF81F,0xF81F,0xF81F,0xF81F,0xF81F,0xF81F,0xF81F,0xF81F,
    0xF81F,0xF81F,0xF81F,0xF81F,0xF81F,0xF81F,0xF81F,0xF81F,
    0xF81F,0x9812,0xB817,0xB816,0xB816,0xB816,0xC017,0xF81E,
    0xF81E,0xF81E,0xF81E,0xF81E,0xF81E,0xF81E,0xB015,0xF81F,
    0xF81F,0xF81F,0xF81F,0xF81F,0xF81F,0xF81F,0xF81F,0xF81F,
    0xF81F,0xF81F,0xF81F,0xF81F,0xF81F,0xF81F,0xF81F,0xF81F,
    0xF81F,0xF81F,0xF81F,0xF81F,0xF81F,0xF81F,0x2804,0xF81E,
    0xF81E,0xF81E,0xF81E,0xF81E,0xF81E,0xD81A,0xF81F,0xF81F,
    0xF81F,0xF81F,0xF81F,0xF81F,0xF81F,0xF81F,0xF81F,0xF81F,
    0xF81F,0xF81F,0xF81F,0xF81F,0xF81F,0xF81F,0xF81F,0xF81F,
    0xF81F,0xF81F,0xF81F,0xF81F,0xF81F,0xF81F,0x700D,0xF81E,
    0xF81E,0xF81E,0xF81E,0xF81E,0xF81E,0x3806,0xF81F,0xF81F,
    0xF81F,0xF81F,0xF81F,0xF81F,0xF81F,0xF81F,0xF81F,0xF81F,
    0xF81F,0xF81F,0xF81F,0xF81F,0xF81F,0xF81F,0xF81F,0xF81F,
    0xF81F,0xF81F,0xF81F,0xF81F,0xF81F,0xF81F,0xA815,0xF81E,
    0xF81E,0xF81E,0xF81E,0xF81E,0x700D,0xF81F,0xF81F,0xF81F,
    0xF81F,0xF81F,0xF81F,0xF81F,0xF81F,0xF81F,0xF81F,0xF81F,
    0xF81F,0xF81F,0xF81F,0xF81F,0xF81F,0xF81F,0xF81F,0xF81F,
    0xF81F,0xF81F,0xF81F,0xF81F,0xF81F,0xF81F,0xE01B,0xF81E,
    0xF81E,0xF81E,0xF81E,0xA814,0xF81F,0xF81F,0xF81F,0xF81F,
    0xF81F,0xF81F,0xF81F,0xF81F,0xF81F,0xF81F,0xF81F,0xF81F,
    0xF81F,0xF81F,0xF81F,0xF81F,0xF81F,0xF81F,0xF81F,0xF81F,
    0xF81F,0xF81F,0xF81F,0xF81F,0xF81F,0x3006,0xF81E,0xF81E,
    0xF81E,0xF81E,0xD81A,0xF81F,0xF81F,0xF81F,0xF81F,0xF81F,
    0xF81F,0xF81F,0xF81F,0xF81F,0xF81F,0xF81F,0xF81F,0xF81F,
    0xF81F,0xF81F,0xF81F,0xF81F,0xF81F,0xF81F,0xF81F,0xF81F,
    0xF81F,0xF81F,0xF81F,0xF81F,0xF81F,0x700D,0xF81E,0xF81E,
    0xF81E,0xF81E,0x3806,0xF81F,0xF81F,0xF81F,0xF81F,0xF81F,
    0xF81F,0xF81F,0xF81F,0xF81F,0xF81F,0xF81F,0xF81F,0xF81F,
    0xF81F,0xF81F,0xF81F,0xF81F,0xF81F,0xF81F,0xF81F,0xF81F,
    0xF81F,0xF81F,0xF81F,0xF81F,0xF81F,0xA814,0xF81E,0xF81D,
    0xF81E,0x700D,0xF81F,0xF81F,0xF81F,0xF81F,0xF81F,0xF81F,
    0xF81F,0xF81F,0xF81F,0xF81F,0xF81F,0xF81F,0xF81F,0xF81F,
    0xF81F,0xF81F,0xF81F,0xF81F,0xF81F,0xF81F,0xF81F,0xF81F,
    0xF81F,0xF81F,0xF81F,0xF81F,0xF81F,0xD019,0xF81E,0xF81E,
    0xA814,0xF81F,0xF81F,0xF81F,0xF81F,0xF81F,0xF81F,0xF81F,
    0xF81F,0xF81F,0xF81F,0xF81F,0xF81F,0xF81F,0xF81F,0xF81F,
    0xF81F,0xF81F,0xF81F,0xF81F,0xF81F,0xF81F,0xF81F,0xF81F,
    0xF81F,0xF81F,0xF81F,0xF81F,0x2004,0xF81E,0xF81E,0xD81A,
    0xF81F,0xF81F,0xF81F,0xF81F,0xF81F,0xF81F,0xF81F,0xF81F,
    0xF81F,0xF81F,0xF81F,0xF81F,0xF81F,0xF81F,0xF81F,0xF81F,
    0xF81F,0xF81F,0xF81F,0xF81F,0xF81F,0xF81F,0xF81F,0xF81F,
    0xF81F,0xF81F,0xF81F,0xF81F,0x580B,0xF81E,0xF81E,0x3006,
    0xF81F,0xF81F,0xF81F,0xF81F,0xF81F,0xF81F,0xF81F,0xF81F,
    0xF81F,0xF81F,0xF81F,0xF81F,0xF81F,0xF81F,0xF81F,0xF81F,
    0xF81F,0xF81F,0xF81F,0xF81F,0xF81F,0xF81F,0xF81F,0xF81F,
    0xF81F,0xF81F,0xF81F,0xF81F,0x9812,0xF81E,0x680C,0xF81F,
    0xF81F,0xF81F,0xF81F,0xF81F,0xF81F,0xF81F,0xF81F,0xF81F,
    0xF81F,0xF81F,0xF81F,0xF81F,0xF81F,0xF81F,0xF81F,0xF81F,
    0xF81F,0xF81F,0xF81F,0xF81F,0xF81F,0xF81F,0xF81F,0xF81F,
    0xF81F,0xF81F,0xF81F,0xF81F,0xE81C,0xB015,0xF81F,0xF81F,
    0xF81F,0xF81F,0xF81F,0xF81F,0xF81F,0xF81F,0xF81F,0xF81F,
    0xF81F,0xF81F,0xF81F,0xF81F,0xF81F,0xF81F,0xF81F,0xF81F,
    0xF81F,0xF81F,0xF81F,0xF81F,0xF81F,0xF81F,0xF81F,0xF81F,
    0xF81F,0xF81F,0xF81F,0x2805,0xE01B,0xF81F,0xF81F,0xF81F,
    0xF81F,0xF81F,0xF81F,0xF81F,0xF81F,0xF81F,0xF81F,0xF81F,
    0xF81F,0xF81F,0xF81F,0xF81F,0xF81F,0xF81F,0xF81F,0xF81F,
    0xF81F,0xF81F,0xF81F,0xF81F,0xF81F,0xF81F,0xF81F,0xF81F,
    0xF81F,0xF81F,0xF81F,0x600C,0x4008,0xF81F,0xF81F,0xF81F,
    0xF81F,0xF81F,0xF81F,0xF81F,0xF81F,0xF81F,0xF81F,0xF81F,
    0xF81F,0xF81F,0xF81F,0xF81F,0xF81F,0xF81F,0xF81F,0xF81F,
    0xF81F,0xF81F,0xF81F,0xF81F,0xF81F,0xF81F,0xF81F,0xF81F,
    0xF81F,0xF81F,0xF81F,0xF81F,0xF81F,0xF81F,0xF81F,0xF81F,
    0xF81F,0xF81F,0xF81F,0xF81F,0xF81F,0xF81F,0xF81F,0xF81F,
    0xF81F,0xF81F,0xF81F,0xF81F,0xF81F,0xF81F,0xF81F,0xF81F,
    0xF81F,0xF81F,0xF81F,0xF81F,0xF81F,0xF81F,0xF81F,0xF81F,
    0xF81F,0xF81F,0xF81F,0xF81F,0xF81F,0xF81F,0xF81F,0xF81F,
    0xF81F,0xF81F,0xF81F,0xF81F,0xF81F,0xF81F,0xF81F,0xF81F,
    0xF81F,0xF81F,0xF81F,0xF81F,0xF81F,0xF81F,0xF81F,0xF81F,
};

// COPPER WIRE
static const uint16_t item_icon_mat_copper[32 * 32] PROGMEM = {
    0xF81F,0xF81F,0xF81F,0xF81F,0xF81F,0xF81F,0xF81F,0xF81F,
    0xF81F,0xF81F,0xF81F,0xF81F,0xF81F,0xF81F,0xF81F,0xF81F,
    0xF81F,0xF81F,0xF81F,0xF81F,0xF81F,0xF81F,0xF81F,0xF81F,
    0xF81F,0xF81F,0xF81F,0xF81F,0xF81F,0xF81F,0xF81F,0xF81F,
    0xF81F,0xF81F,0xF81F,0xF81F,0xF81F,0xF81F,0xF81F,0xF81F,
    0xF81F,0xF81F,0xF81F,0xF81F,0xF81F,0xF81F,0xF81F,0xF81F,
    0xF81F,0xF81F,0xF81F,0xF81F,0xF81F,0xF81F,0xF81F,0xF81F,
    0xF81F,0xF81F,0xF81F,0xF81F,0xF81F,0xF81F,0xF81F,0xF81F,
    0xF81F,0xF81F,0xF81F,0xF81F,0xF81F,0xF81F,0xF81F,0xF81F,
    0xF81F,0xF81F,0xF81F,0xF81F,0xF81F,0xF81F,0xF81F,0xF81F,
    0xF81F,0xF81F,0xF81F,0xF81F,0xF81F,0xF81F,0xF81F,0xF81F,
    0xF81F,0xF81F,0xF81F,0xF81F,0xF81F,0xF81F,0xF81F,0xF81F,
    0xF81F,0xF81F,0xF81F,0xF81F,0xF81F,0xF81F,0xF81F,0xF81F,
    0xF81F,0xF81F,0xF81F,0xF81F,0xF81F,0xF81F,0xF81F,0xF81F,
    0xF81F,0xF81F,0xF81F,0xF81F,0xF81F,0xF81F,0xF81F,0xF81F,
    0xF81F,0xF81F,0xF81F,0xF81F,0xF81F,0xF81F,0xF81F,0xF81F,
    0xF81F,0xF81F,0xF81F,0xF81F,0xF81F,0xF81F,0xF81F,0xF81F,
    0xF81F,0xF81F,0xF81F,0xF81F,0xF81F,0xF81F,0xF81F,0xF81F,
    0xF81F,0xF81F,0xF81F,0xF81F,0xF81F,0xF81F,0xF81F,0xF81F,
    0xF81F,0xF81F,0xF81F,0xF81F,0xF81F,0xF81F,0xF81F,0xF81F,
    0xF81F,0xF81F,0xF81F,0xF81F,0xF81F,0xF81F,0xF81F,0xF81F,
    0xF81F,0xF81F,0xF81F,0xF81F,0xF81F,0xF81F,0xF81F,0xF81F,
    0xF81F,0xF81F,0xF81F,0xF81F,0xF81F,0xF81F,0xF81F,0xF81F,
    0xF81F,0xF81F,0xF81F,0xF81F,0xF81F,0xF81F,0xF81F,0xF81F,
    0xF81F,0xF81F,0xF81F,0xF81F,0xF81F,0xF81F,0xF81F,0xF81F,
    0xF81F,0xF81F,0xF81F,0xF81F,0xF81F,0xF81F,0xF81F,0xF81F,
    0xF81F,0xF81F,0xF81F,0xF81F,0xF81F,0xF81F,0xF81F,0xF81F,
    0xF81F,0xF81F,0xF81F,0xF81F,0xF81F,0xF81F,0xF81F,0xF81F,
    0xF81F,0xF81F,0xF81F,0xF81F,0xF81F,0xF81F,0xF81F,0xF81F,
    0xF81F,0xF81F,0xF81F,0xF81F,0xF81F,0xF81F,0xF81F,0xF81F,
    0xF81F,0xF81F,0xF81F,0xF81F,0xF81F,0xF81F,0xF81F,0xF81F,
    0xF81F,0xF81F,0xF81F,0xF81F,0xF81F,0xF81F,0xF81F,0xF81F,
    0xF81F,0xF81F,0xF81F,0xF81F,0xF81F,0x40E0,0x48E0,0xF81F,
    0xF81F,0xF81F,0xF81F,0x6960,0xF81F,0xF81F,0xF81F,0xF81F,
    0x40E0,0x48E0,0xF81F,0xF81F,0xF81F,0xF81F,0x6960,0xF81F,
    0xF81F,0xF81F,0xF81F,0xF81F,0xF81F,0xF81F,0xF81F,0xF81F,
    0xF81F,0xF81F,0xF81F,0xF81F,0xF81F,0x89C0,0xFBE0,0x5920,
    0xF81F,0xF81F,0xF81F,0xFB80,0xCAC0,0xF81F,0xF81F,0xF81F,
    0x89C0,0xFBE0,0x5920,0xF81F,0xF81F,0xF81F,0xFB80,0xCAC0,
    0xF81F,0xF81F,0xF81F,0xF81F,0xF81F,0xF81F,0xF81F,0xF81F,
    0xF81F,0xF81F,0xF81F,0xF81F,0xF81F,0x81A0,0xFBA0,0xF340,
    0x2060,0xF81F,0xF81F,0xEB20,0xFBC0,0x89E0,0xF81F,0xF81F,
    0x81A0,0xFBA0,0xF340,0x2060,0xF81F,0xF81F,0xEB20,0xFBC0,
    0x89E0,0xF81F,0xF81F,0xF81F,0xF81F,0xF81F,0xF81F,0xF81F,
    0xF81F,0xF81F,0xF81F,0xF81F,0xF81F,0x5920,0xFB60,0xFBA0,
    0x81A0,0xF81F,0xF81F,0xD2C0,0xFB80,0xEB20,0x1840,0xF81F,
    0x5920,0xFB60,0xFBA0,0x81A0,0xF81F,0xF81F,0xD2C0,0xFB80,
    0xEB20,0xF81F,0xF81F,0xF81F,0xF81F,0xF81F,0xF81F,0xF81F,
    0xF81F,0xF81F,0xF81F,0xF81F,0xF81F,0xF81F,0xF320,0xFB80,
    0xCAA0,0xF81F,0xF81F,0x81C0,0xFBA0,0xFB80,0x5120,0xF81F,
    0xF81F,0xF320,0xFB80,0xCAA0,0xF81F,0xF81F,0x81C0,0xFBA0,
    0xFB80,0x5120,0xF81F,0xF81F,0xF81F,0xF81F,0xF81F,0xF81F,
    0xF81F,0xF81F,0xF81F,0xF81F,0xF81F,0xF81F,0xD2C0,0xFB80,
    0xEB20,0xF81F,0xF81F,0x6140,0xFB80,0xFB80,0x81A0,0xF81F,
    0xF81F,0xD2C0,0xFB80,0xEB20,0xF81F,0xF81F,0x6140,0xFB80,
    0xFB80,0x79A0,0xF81F,0xF81F,0xF81F,0xF81F,0xF81F,0xF81F,
    0xF81F,0xF81F,0xF81F,0xF81F,0xF81F,0xF81F,0xBA60,0xFB80,
    0xFB60,0x30A0,0xF81F,0x38C0,0xFB80,0xFB80,0xAA40,0xF81F,
    0xF81F,0xBA60,0xFB80,0xFB60,0x30A0,0xF81F,0x38C0,0xFB80,
    0xFB80,0xAA40,0xF81F,0xF81F,0xF81F,0xF81F,0xF81F,0xF81F,
    0xF81F,0xF81F,0x79A0,0x81C0,0x81C0,0x5920,0xBA60,0xFB80,
    0xFB80,0x40E0,0xF81F,0x40E0,0xFB80,0xFB80,0xC280,0xF81F,
    0xF81F,0xBA80,0xFB80,0xFB80,0x40E0,0xF81F,0x40E0,0xFB80,
    0xFB80,0xB260,0x38C0,0x81E0,0x81A0,0x81C0,0x2060,0xF81F,
    0xF81F,0xF81F,0xF320,0xFB60,0xFBA0,0xB260,0xB240,0xFB80,
    0xFB80,0x40E0,0xF81F,0x40E0,0xFB80,0xFB80,0xBA80,0xF81F,
    0xF81F,0xBA80,0xFB80,0xFB80,0x40E0,0xF81F,0x40E0,0xFB80,
    0xFBA0,0xAA40,0x7180,0xFBA0,0xFB40,0xFB80,0x40C0,0xF81F,
    0xF81F,0xF81F,0xF81F,0xF81F,0xF81F,0xF81F,0xBA60,0xFB80,
    0xFB60,0x40C0,0xF81F,0x40C0,0xFB80,0xFB80,0xBA60,0xF81F,
    0xF81F,0xBA60,0xFB80,0xFB60,0x40C0,0xF81F,0x40C0,0xFB80,
    0xFB80,0xBA60,0xF81F,0xF81F,0xF81F,0xF81F,0xF81F,0xF81F,
    0xF81F,0xF81F,0xF81F,0xF81F,0xF81F,0xF81F,0xCAA0,0xFB80,
    0xEB20,0x1840,0xF81F,0x5100,0xFB80,0xFB80,0x89C0,0xF81F,
    0xF81F,0xCAA0,0xFB80,0xEB20,0x1840,0xF81F,0x5100,0xFB80,
    0xFB80,0x89C0,0xF81F,0xF81F,0xF81F,0xF81F,0xF81F,0xF81F,
    0xF81F,0xF81F,0xF81F,0xF81F,0xF81F,0xF81F,0xEB20,0xFB80,
    0xDAE0,0xF81F,0xF81F,0x79A0,0xFBA0,0xFB80,0x6140,0xF81F,
    0xF81F,0xEB20,0xFB80,0xDAE0,0xF81F,0xF81F,0x79A0,0xFBA0,
    0xFB80,0x6140,0xF81F,0xF81F,0xF81F,0xF81F,0xF81F,0xF81F,
    0xF81F,0xF81F,0xF81F,0xF81F,0xF81F,0x40E0,0xFB60,0xFBA0,
    0x9A00,0xF81F,0xF81F,0xBA60,0xFB80,0xF340,0x2060,0xF81F,
    0x40E0,0xFB60,0xFBA0,0x9A00,0xF81F,0xF81F,0xBA60,0xFB80,
    0xF340,0x2060,0xF81F,0xF81F,0xF81F,0xF81F,0xF81F,0xF81F,
    0xF81F,0xF81F,0xF81F,0xF81F,0xF81F,0x81A0,0xFB80,0xFB60,
    0x30A0,0xF81F,0xF81F,0xEB20,0xFBA0,0xAA40,0xF81F,0xF81F,
    0x81A0,0xFB80,0xFB60,0x30A0,0xF81F,0xF81F,0xEB20,0xFBA0,
    0xAA40,0xF81F,0xF81F,0xF81F,0xF81F,0xF81F,0xF81F,0xF81F,
    0xF81F,0xF81F,0xF81F,0xF81F,0xF81F,0x81A0,0xFC00,0x89C0,
    0xF81F,0xF81F,0xF81F,0xFB60,0xF340,0x2060,0xF81F,0xF81F,
    0x81A0,0xFC00,0x89C0,0xF81F,0xF81F,0xF81F,0xFB60,0xF340,
    0x2060,0xF81F,0xF81F,0xF81F,0xF81F,0xF81F,0xF81F,0xF81F,
    0xF81F,0xF81F,0xF81F,0xF81F,0xF81F,0x6140,0x89C0,0xF81F,
    0xF81F,0xF81F,0xF81F,0xAA40,0x30A0,0xF81F,0xF81F,0xF81F,
    0x6140,0x89C0,0xF81F,0xF81F,0xF81F,0xF81F,0xAA40,0x30A0,
    0xF81F,0xF81F,0xF81F,0xF81F,0xF81F,0xF81F,0xF81F,0xF81F,
    0xF81F,0xF81F,0xF81F,0xF81F,0xF81F,0xF81F,0xF81F,0xF81F,
    0xF81F,0xF81F,0xF81F,0xF81F,0xF81F,0xF81F,0xF81F,0xF81F,
    0xF81F,0xF81F,0xF81F,0xF81F,0xF81F,0xF81F,0xF81F,0xF81F,
    0xF81F,0xF81F,0xF81F,0xF81F,0xF81F,0xF81F,0xF81F,0xF81F,
    0xF81F,0xF81F,0xF81F,0xF81F,0xF81F,0xF81F,0xF81F,0xF81F,
    0xF81F,0xF81F,0xF81F,0xF81F,0xF81F,0xF81F,0xF81F,0xF81F,
    0xF81F,0xF81F,0xF81F,0xF81F,0xF81F,0xF81F,0xF81F,0xF81F,
    0xF81F,0xF81F,0xF81F,0xF81F,0xF81F,0xF81F,0xF81F,0xF81F,
    0xF81F,0xF81F,0xF81F,0xF81F,0xF81F,0xF81F,0xF81F,0xF81F,
    0xF81F,0xF81F,0xF81F,0xF81F,0xF81F,0xF81F,0xF81F,0xF81F,
    0xF81F,0xF81F,0xF81F,0xF81F,0xF81F,0xF81F,0xF81F,0xF81F,
    0xF81F,0xF81F,0xF81F,0xF81F,0xF81F,0xF81F,0xF81F,0xF81F,
    0xF81F,0xF81F,0xF81F,0xF81F,0xF81F,0xF81F,0xF81F,0xF81F,
    0xF81F,0xF81F,0xF81F,0xF81F,0xF81F,0xF81F,0xF81F,0xF81F,
    0xF81F,0xF81F,0xF81F,0xF81F,0xF81F,0xF81F,0xF81F,0xF81F,
    0xF81F,0xF81F,0xF81F,0xF81F,0xF81F,0xF81F,0xF81F,0xF81F,
    0xF81F,0xF81F,0xF81F,0xF81F,0xF81F,0xF81F,0xF81F,0xF81F,
    0xF81F,0xF81F,0xF81F,0xF81F,0xF81F,0xF81F,0xF81F,0xF81F,
    0xF81F,0xF81F,0xF81F,0xF81F,0xF81F,0xF81F,0xF81F,0xF81F,
    0xF81F,0xF81F,0xF81F,0xF81F,0xF81F,0xF81F,0xF81F,0xF81F,
    0xF81F,0xF81F,0xF81F,0xF81F,0xF81F,0xF81F,0xF81F,0xF81F,
    0xF81F,0xF81F,0xF81F,0xF81F,0xF81F,0xF81F,0xF81F,0xF81F,
    0xF81F,0xF81F,0xF81F,0xF81F,0xF81F,0xF81F,0xF81F,0xF81F,
    0xF81F,0xF81F,0xF81F,0xF81F,0xF81F,0xF81F,0xF81F,0xF81F,
    0xF81F,0xF81F,0xF81F,0xF81F,0xF81F,0xF81F,0xF81F,0xF81F,
    0xF81F,0xF81F,0xF81F,0xF81F,0xF81F,0xF81F,0xF81F,0xF81F,
    0xF81F,0xF81F,0xF81F,0xF81F,0xF81F,0xF81F,0xF81F,0xF81F,
    0xF81F,0xF81F,0xF81F,0xF81F,0xF81F,0xF81F,0xF81F,0xF81F,
    0xF81F,0xF81F,0xF81F,0xF81F,0xF81F,0xF81F,0xF81F,0xF81F,
    0xF81F,0xF81F,0xF81F,0xF81F,0xF81F,0xF81F,0xF81F,0xF81F,
    0xF81F,0xF81F,0xF81F,0xF81F,0xF81F,0xF81F,0xF81F,0xF81F,
    0xF81F,0xF81F,0xF81F,0xF81F,0xF81F,0xF81F,0xF81F,0xF81F,
};

// CRACKED LENS
static const uint16_t item_icon_mat_lens[32 * 32] PROGMEM = {
    0xF81F,0xF81F,0xF81F,0xF81F,0xF81F,0xF81F,0xF81F,0xF81F,
    0xF81F,0xF81F,0xF81F,0xF81F,0xF81F,0xF81F,0xF81F,0xF81F,
    0xF81F,0xF81F,0xF81F,0xF81F,0xF81F,0xF81F,0xF81F,0xF81F,
    0xF81F,0xF81F,0xF81F,0xF81F,0xF81F,0xF81F,0xF81F,0xF81F,
    0xF81F,0xF81F,0xF81F,0xF81F,0xF81F,0xF81F,0xF81F,0xF81F,
    0xF81F,0xF81F,0xF81F,0xF81F,0xF81F,0xF81F,0xF81F,0xF81F,
    0xF81F,0xF81F,0xF81F,0xF81F,0xF81F,0xF81F,0xF81F,0xF81F,
    0xF81F,0xF81F,0xF81F,0xF81F,0xF81F,0xF81F,0xF81F,0xF81F,
    0xF81F,0xF81F,0xF81F,0xF81F,0xF81F,0xF81F,0xF81F,0xF81F,
    0xF81F,0xF81F,0xF81F,0xF81F,0xF81F,0xF81F,0xF81F,0xF81F,
    0xF81F,0xF81F,0xF81F,0xF81F,0xF81F,0xF81F,0xF81F,0xF81F,
    0xF81F,0xF81F,0xF81F,0xF81F,0xF81F,0xF81F,0xF81F,0xF81F,
    0xF81F,0xF81F,0xF81F,0xF81F,0xF81F,0xF81F,0xF81F,0xF81F,
    0xF81F,0xF81F,0xF81F,0xF81F,0xF81F,0xF81F,0xF81F,0xF81F,
    0xF81F,0xF81F,0xF81F,0xF81F,0xF81F,0xF81F,0xF81F,0xF81F,
    0xF81F,0xF81F,0xF81F,0xF81F,0xF81F,0xF81F,0xF81F,0xF81F,
    0xF81F,0xF81F,0xF81F,0xF81F,0xF81F,0xF81F,0xF81F,0xF81F,
    0xF81F,0xF81F,0xF81F,0x10A3,0x4B0E,0x74B5,0x95DA,0xA67D,
    0xA65D,0x9E1C,0x7CF7,0x5B70,0x1925,0xF81F,0xF81F,0xF81F,
    0xF81F,0xF81F,0xF81F,0xF81F,0xF81F,0xF81F,0xF81F,0xF81F,
    0xF81F,0xF81F,0xF81F,0xF81F,0xF81F,0xF81F,0xF81F,0xF81F,
    0xF81F,0x10A3,0x6C53,0xA69E,0xB73F,0xB73F,0xB71F,0xB71F,
    0xB71F,0xB71F,0xB73F,0xB75F,0xAEDF,0x8537,0x2167,0xF81F,
    0xF81F,0xF81F,0xF81F,0xF81F,0xF81F,0xF81F,0xF81F,0xF81F,
    0xF81F,0xF81F,0xF81F,0xF81F,0xF81F,0xF81F,0xF81F,0xF81F,
    0x29C8,0x9E5C,0xB75F,0xAEDF,0xAEFF,0xB71F,0xAEBF,0xA67E,
    0xA67E,0xA69E,0xB71F,0xB6FF,0xAEDF,0xB73F,0xAEFF,0x4B0E,
    0xF81F,0xF81F,0xF81F,0xF81F,0xF81F,0xF81F,0xF81F,0xF81F,
    0xF81F,0xF81F,0xF81F,0xF81F,0xF81F,0xF81F,0xF81F,0x42AC,
    0xB73F,0xB6FF,0xCF3E,0xB6FE,0x8D99,0x63D1,0x42AC,0x3A4A,
    0x3A4A,0x428B,0x5B90,0x8517,0xAEDF,0xAEFF,0xAEBF,0xBF7F,
    0x6413,0xF81F,0xF81F,0xF81F,0xF81F,0xF81F,0xF81F,0xF81F,
    0xF81F,0xF81F,0xF81F,0xF81F,0xF81F,0xF81F,0x29C8,0xB73F,
    0xA6BF,0xBF1F,0xFFFF,0xD6DB,0x29C8,0x29A8,0x29E8,0x31E9,
    0x31E9,0x31E9,0x29C8,0x29A8,0x42CC,0x8D99,0xB71F,0xA69E,
    0xBF7F,0x5350,0xF81F,0xF81F,0xF81F,0xF81F,0xF81F,0xF81F,
    0xF81F,0xF81F,0xF81F,0xF81F,0xF81F,0x1083,0x9E5D,0xAEFF,
    0xB71F,0x8D9A,0xADB7,0xFFFF,0x7C31,0x21A8,0x322A,0x3209,
    0x3209,0x3209,0x3209,0x3229,0x29C8,0x29C8,0x7CF7,0xB71F,
    0xA6BF,0xB71F,0x29C8,0xF81F,0xF81F,0xF81F,0xF81F,0xF81F,
    0xF81F,0xF81F,0xF81F,0xF81F,0xF81F,0x6C34,0xBF5F,0xAEDF,
    0x9E5C,0x322A,0x31E9,0xE73D,0xEF9E,0x3A6A,0x29E9,0x3209,
    0x3209,0x3209,0x3209,0x3209,0x3209,0x3209,0x29A8,0x8558,
    0xB71F,0xB71F,0x95DB,0xF81F,0xF81F,0xF81F,0xF81F,0xF81F,
    0xF81F,0xF81F,0xF81F,0xF81F,0x10A3,0xA69E,0xAEDF,0xB6FF,
    0x534F,0x29C8,0x29C8,0x73F0,0xFFFF,0xBDF8,0x21A8,0x3229,
    0x3209,0x3209,0x3209,0x3209,0x3209,0x3209,0x31E9,0x3A6B,
    0xA69E,0xAEDF,0xB73F,0x3209,0xF81F,0xF81F,0xF81F,0xF81F,
    0xF81F,0xF81F,0xF81F,0xF81F,0x4AEE,0xB75F,0xAEFF,0x8D9A,
    0x29C8,0x3209,0x3209,0x21A8,0xBDF8,0xFFFF,0x73F0,0x21A8,
    0x3229,0x3209,0x3209,0x3209,0x3209,0x3209,0x322A,0x29A7,
    0x6C74,0xB71F,0xB73F,0x74B6,0xF81F,0xF81F,0xF81F,0xF81F,
    0xF81F,0xF81F,0xF81F,0xF81F,0x7495,0xB73F,0xB71F,0x63D1,
    0x29A8,0x3229,0x3209,0x29E9,0x3A6A,0xEF7D,0xEF7D,0x426B,
    0x31E9,0x3209,0x3209,0x3209,0x3209,0x3209,0x3209,0x29E8,
    0x42CC,0xAEDF,0xB71F,0x961C,0xF81F,0xF81F,0xF81F,0xF81F,
    0xF81F,0xF81F,0xF81F,0xF81F,0x95DB,0xB71F,0xAEBF,0x42AC,
    0x29E8,0x3209,0x3209,0x3229,0x21A8,0x73F0,0xFFFF,0xB5B7,
    0x2187,0x3229,0x3209,0x3209,0x3209,0x3209,0x3209,0x3209,
    0x3209,0x961C,0xB6FF,0xAEBF,0x1905,0xF81F,0xF81F,0xF81F,
    0xF81F,0xF81F,0xF81F,0xF81F,0xA67E,0xB71F,0xA67E,0x3A4A,
    0x31E9,0x3209,0x3209,0x3209,0x3229,0x21A8,0xBE18,0xFFFF,
    0x638F,0x21A7,0x3229,0x3209,0x3209,0x3209,0x3209,0x3209,
    0x29C8,0x8D99,0xB6FF,0xB71F,0x29C8,0xF81F,0xF81F,0xF81F,
    0xF81F,0xF81F,0xF81F,0xF81F,0xA65D,0xB71F,0xA67E,0x3A4A,
    0x31E9,0x3209,0x3209,0x3209,0x3209,0x31E9,0x426B,0xEF5D,
    0xE71C,0x426B,0x31E9,0x3209,0x3209,0x3209,0x3209,0x3209,
    0x29C8,0x8D9A,0xB6FF,0xB71F,0x29C8,0xF81F,0xF81F,0xF81F,
    0xF81F,0xF81F,0xF81F,0xF81F,0x961C,0xB71F,0xA69E,0x428B,
    0x31E9,0x3209,0x3209,0x3209,0x31E9,0x21A8,0x4AAC,0xD6DB,
    0xFFFF,0x636E,0x29C8,0x3209,0x3209,0x3209,0x3209,0x3209,
    0x31E9,0x95DB,0xB6FF,0xAEFF,0x2166,0xF81F,0xF81F,0xF81F,
    0xF81F,0xF81F,0xF81F,0xF81F,0x7CF7,0xB73F,0xB6FF,0x5B90,
    0x29C8,0x3209,0x3209,0x3209,0x3A4A,0x94F4,0xFFFF,0xF79E,
    0x7C31,0x29E9,0x3209,0x3209,0x3209,0x3209,0x3209,0x31E9,
    0x3A8B,0xA69E,0xB6FF,0x9E3D,0xF81F,0xF81F,0xF81F,0xF81F,
    0xF81F,0xF81F,0xF81F,0xF81F,0x5B70,0xB75F,0xB6FF,0x8517,
    0x29A8,0x3229,0x3209,0x29C8,0x52EC,0xFFFF,0xD6BA,0x3209,
    0x2187,0x322A,0x3209,0x3209,0x3209,0x3209,0x3229,0x29A8,
    0x63F2,0xB71F,0xB71F,0x8538,0xF81F,0xF81F,0xF81F,0xF81F,
    0xF81F,0xF81F,0xF81F,0xF81F,0x1925,0xAEDF,0xAEDF,0xAEDF,
    0x42CC,0x29C8,0x3229,0x3209,0x3A2A,0xB5D7,0xFFFF,0xAD96,
    0x3229,0x29A8,0x3229,0x3209,0x3209,0x3209,0x3209,0x3209,
    0x9E1C,0xAEDF,0xB75F,0x42AC,0xF81F,0xF81F,0xF81F,0xF81F,
    0xF81F,0xF81F,0xF81F,0xF81F,0xF81F,0x8518,0xB73F,0xAEFF,
    0x8D9A,0x29C8,0x3209,0x3209,0x31E9,0x21A8,0x8451,0xFFFF,
    0xDF1C,0x530D,0x21A8,0x3209,0x3209,0x322A,0x2187,0x7474,
    0xB71F,0xAEDF,0xA67D,0xF81F,0xF81F,0xF81F,0xF81F,0xF81F,
    0xF81F,0xF81F,0xF81F,0xF81F,0xF81F,0x2146,0xAEFF,0xAEBF,
    0xB71F,0x7CF7,0x29A8,0x31E9,0x322A,0x322A,0x2187,0x52ED,
    0xDEFB,0xFFFF,0x8C93,0x29C8,0x29E8,0x29A7,0x63F2,0xB71F,
    0xA6BF,0xBF5F,0x42CD,0xF81F,0xF81F,0xF81F,0xF81F,0xF81F,
    0xF81F,0xF81F,0xF81F,0xF81F,0xF81F,0xF81F,0x4AEE,0xBF7F,
    0xA69E,0xB71F,0x8558,0x3A6B,0x29A7,0x29E8,0x3229,0x29C8,
    0x29E9,0xA556,0xFFFF,0xC659,0x428B,0x6C54,0xB71F,0xA6BE,
    0xBF7F,0x7495,0xF81F,0xF81F,0xF81F,0xF81F,0xF81F,0xF81F,
    0xF81F,0xF81F,0xF81F,0xF81F,0xF81F,0xF81F,0xF81F,0x6413,
    0xBF7F,0xAEBF,0xB71F,0xA69E,0x6C74,0x42CC,0x3209,0x31E8,
    0x29C8,0x2167,0x7432,0xFFFF,0xF7DF,0xC75F,0xA69F,0xBF7F,
    0x8D79,0xF81F,0xF81F,0xF81F,0xF81F,0xF81F,0xF81F,0xF81F,
    0xF81F,0xF81F,0xF81F,0xF81F,0xF81F,0xF81F,0xF81F,0xF81F,
    0x536F,0xB71F,0xB71F,0xAEDF,0xB71F,0xAEDF,0x95FB,0x8D99,
    0x8D9A,0x95FB,0x9E5D,0xAEBF,0xE79F,0xFFFF,0xDFDF,0x7495,
    0xF81F,0xF81F,0xF81F,0xF81F,0xF81F,0xF81F,0xF81F,0xF81F,
    0xF81F,0xF81F,0xF81F,0xF81F,0xF81F,0xF81F,0xF81F,0xF81F,
    0xF81F,0x29E8,0x95DA,0xB73F,0xB73F,0xB71F,0xB71F,0xB6FF,
    0xB6FF,0xB6FF,0xB71F,0xB73F,0xB73F,0xC6FD,0x5B2D,0xF81F,
    0xF81F,0xF81F,0xF81F,0xF81F,0xF81F,0xF81F,0xF81F,0xF81F,
    0xF81F,0xF81F,0xF81F,0xF81F,0xF81F,0xF81F,0xF81F,0xF81F,
    0xF81F,0xF81F,0xF81F,0x3229,0x74B5,0x9E1C,0xAEBF,0xB71F,
    0xB71F,0xAEFF,0x9E5D,0x8537,0x42CC,0xF81F,0xF81F,0xF81F,
    0xF81F,0xF81F,0xF81F,0xF81F,0xF81F,0xF81F,0xF81F,0xF81F,
    0xF81F,0xF81F,0xF81F,0xF81F,0xF81F,0xF81F,0xF81F,0xF81F,
    0xF81F,0xF81F,0xF81F,0xF81F,0xF81F,0xF81F,0x1905,0x29C8,
    0x29C8,0x2166,0xF81F,0xF81F,0xF81F,0xF81F,0xF81F,0xF81F,
    0xF81F,0xF81F,0xF81F,0xF81F,0xF81F,0xF81F,0xF81F,0xF81F,
    0xF81F,0xF81F,0xF81F,0xF81F,0xF81F,0xF81F,0xF81F,0xF81F,
    0xF81F,0xF81F,0xF81F,0xF81F,0xF81F,0xF81F,0xF81F,0xF81F,
    0xF81F,0xF81F,0xF81F,0xF81F,0xF81F,0xF81F,0xF81F,0xF81F,
    0xF81F,0xF81F,0xF81F,0xF81F,0xF81F,0xF81F,0xF81F,0xF81F,
    0xF81F,0xF81F,0xF81F,0xF81F,0xF81F,0xF81F,0xF81F,0xF81F,
    0xF81F,0xF81F,0xF81F,0xF81F,0xF81F,0xF81F,0xF81F,0xF81F,
    0xF81F,0xF81F,0xF81F,0xF81F,0xF81F,0xF81F,0xF81F,0xF81F,
    0xF81F,0xF81F,0xF81F,0xF81F,0xF81F,0xF81F,0xF81F,0xF81F,
    0xF81F,0xF81F,0xF81F,0xF81F,0xF81F,0xF81F,0xF81F,0xF81F,
    0xF81F,0xF81F,0xF81F,0xF81F,0xF81F,0xF81F,0xF81F,0xF81F,
    0xF81F,0xF81F,0xF81F,0xF81F,0xF81F,0xF81F,0xF81F,0xF81F,
    0xF81F,0xF81F,0xF81F,0xF81F,0xF81F,0xF81F,0xF81F,0xF81F,
};

// FERRITE BEAD
static const uint16_t item_icon_mat_ferrite[32 * 32] PROGMEM = {
    0xF81F,0xF81F,0xF81F,0xF81F,0xF81F,0xF81F,0xF81F,0xF81F,
    0xF81F,0xF81F,0xF81F,0xF81F,0xF81F,0xF81F,0xF81F,0xF81F,
    0xF81F,0xF81F,0xF81F,0xF81F,0xF81F,0xF81F,0xF81F,0xF81F,
    0xF81F,0xF81F,0xF81F,0xF81F,0xF81F,0xF81F,0xF81F,0xF81F,
    0xF81F,0xF81F,0xF81F,0xF81F,0xF81F,0xF81F,0xF81F,0xF81F,
    0xF81F,0xF81F,0xF81F,0xF81F,0xF81F,0xF81F,0xF81F,0xF81F,
    0xF81F,0xF81F,0xF81F,0xF81F,0xF81F,0xF81F,0xF81F,0xF81F,
    0xF81F,0xF81F,0xF81F,0xF81F,0xF81F,0xF81F,0xF81F,0xF81F,
    0xF81F,0xF81F,0xF81F,0xF81F,0xF81F,0xF81F,0xF81F,0xF81F,
    0xF81F,0xF81F,0xF81F,0xF81F,0xF81F,0xF81F,0xF81F,0xF81F,
    0xF81F,0xF81F,0xF81F,0xF81F,0xF81F,0xF81F,0xF81F,0xF81F,
    0xF81F,0xF81F,0xF81F,0xF81F,0xF81F,0xF81F,0xF81F,0xF81F,
    0xF81F,0xF81F,0xF81F,0xF81F,0xF81F,0xF81F,0xF81F,0xF81F,
    0xF81F,0xF81F,0xF81F,0xF81F,0xF81F,0xF81F,0xF81F,0xF81F,
    0xF81F,0xF81F,0xF81F,0xF81F,0xF81F,0xF81F,0xF81F,0xF81F,
    0xF81F,0xF81F,0xF81F,0xF81F,0xF81F,0xF81F,0xF81F,0xF81F,
    0xF81F,0xF81F,0xF81F,0xF81F,0xF81F,0xF81F,0xF81F,0xF81F,
    0xF81F,0xF81F,0xF81F,0xF81F,0xF81F,0xF81F,0xF81F,0xF81F,
    0xF81F,0xF81F,0xF81F,0xF81F,0xF81F,0xF81F,0xF81F,0xF81F,
    0xF81F,0xF81F,0xF81F,0xF81F,0xF81F,0xF81F,0xF81F,0xF81F,
    0xF81F,0xF81F,0xF81F,0xF81F,0xF81F,0xF81F,0xF81F,0xF81F,
    0xF81F,0xF81F,0xF81F,0xF81F,0xF81F,0xF81F,0xF81F,0xF81F,
    0xF81F,0xF81F,0xF81F,0xF81F,0xF81F,0xF81F,0xF81F,0xF81F,
    0xF81F,0xF81F,0xF81F,0xF81F,0xF81F,0xF81F,0xF81F,0xF81F,
    0xF81F,0xF81F,0xF81F,0xF81F,0xF81F,0xF81F,0xF81F,0xF81F,
    0xF81F,0xF81F,0xF81F,0xF81F,0xF81F,0xF81F,0xF81F,0xF81F,
    0xF81F,0xF81F,0xF81F,0xF81F,0xF81F,0xF81F,0xF81F,0xF81F,
    0xF81F,0xF81F,0xF81F,0xF81F,0xF81F,0xF81F,0xF81F,0xF81F,
    0xF81F,0xF81F,0xF81F,0xF81F,0xF81F,0xF81F,0xF81F,0xF81F,
    0xF81F,0xF81F,0xF81F,0xF81F,0x0861,0x18C3,0x2965,0x2965,
    0x2965,0x2965,0x18E3,0x1082,0xF81F,0xF81F,0xF81F,0xF81F,
    0xF81F,0xF81F,0xF81F,0xF81F,0xF81F,0xF81F,0xF81F,0xF81F,
    0xF81F,0xF81F,0xF81F,0xF81F,0xF81F,0xF81F,0xF81F,0xF81F,
    0xF81F,0x10A2,0x31C6,0x4A89,0x5AEB,0x630C,0x5B0B,0x5B0B,
    0x5B0B,0x5B0B,0x630C,0x5B0B,0x52AA,0x3A07,0x18E3,0xF81F,
    0xF81F,0xF81F,0xF81F,0xF81F,0xF81F,0xF81F,0xF81F,0xF81F,
    0xF81F,0xF81F,0xF81F,0xF81F,0xF81F,0xF81F,0xF81F,0x1082,
    0x4228,0x5B0B,0x5B0B,0x52AA,0x4A49,0x4228,0x3A07,0x3A07,
    0x3A07,0x3A07,0x4228,0x4248,0x528A,0x5AEB,0x632C,0x4A89,
    0x18E3,0xF81F,0xF81F,0xF81F,0xF81F,0xF81F,0xF81F,0xF81F,
    0xF81F,0xF81F,0xF81F,0xF81F,0xF81F,0xF81F,0x2104,0x5B0B,
    0x5AEB,0x4248,0x3A07,0x39E7,0x39E7,0x3A07,0x39E7,0x39E7,
    0x39E7,0x39E7,0x39E7,0x39E7,0x39E7,0x39E7,0x4228,0x52CA,
    0x632C,0x31A6,0xF81F,0xF81F,0xF81F,0xF81F,0xF81F,0xF81F,
    0xF81F,0xF81F,0xF81F,0xF81F,0xF81F,0x2104,0x632C,0x4A89,
    0x39E7,0x39E7,0x3A07,0x3A07,0x3A07,0x3A07,0x4228,0x4228,
    0x4228,0x4228,0x3A07,0x3A07,0x3A07,0x3A07,0x39E7,0x39E7,
    0x4A49,0x632C,0x31A6,0xF81F,0xF81F,0xF81F,0xF81F,0xF81F,
    0xF81F,0xF81F,0xF81F,0xF81F,0x18E3,0x632C,0x4A69,0x39E7,
    0x3A07,0x3A07,0x3A07,0x3A07,0x3A07,0x4208,0x2985,0x1903,
    0x1903,0x2965,0x3A07,0x4208,0x39E7,0x3A07,0x3A07,0x3A07,
    0x39E7,0x4248,0x632C,0x3186,0xF81F,0xF81F,0xF81F,0xF81F,
    0xF81F,0xF81F,0xF81F,0xF81F,0x4A89,0x52CA,0x39E7,0x3A07,
    0x3A07,0x3A07,0x3A07,0x3A07,0x3A07,0x18C3,0xF81F,0xF81F,
    0xF81F,0xF81F,0x0861,0x39E7,0x3A07,0x3A07,0x3A07,0x3A07,
    0x3A07,0x39E7,0x4A69,0x5AEB,0x0861,0xF81F,0xF81F,0xF81F,
    0xF81F,0xF81F,0xF81F,0x10C2,0x630C,0x4228,0x39E7,0x3A07,
    0x3A07,0x3A07,0x39E7,0x4228,0x1903,0xF81F,0xF81F,0xF81F,
    0xF81F,0xF81F,0xF81F,0x1082,0x3A07,0x39E7,0x3A07,0x3A07,
    0x3A07,0x3A07,0x3A07,0x5B0B,0x2965,0xF81F,0xF81F,0xF81F,
    0xF81F,0xF81F,0xF81F,0x2965,0x5B0B,0x3A07,0x3A07,0x3A07,
    0x3A07,0x3A07,0x3A07,0x39E7,0xF81F,0xF81F,0xF81F,0xF81F,
    0xF81F,0xF81F,0xF81F,0xF81F,0x3186,0x4228,0x39E7,0x3A07,
    0x3A07,0x3A07,0x39E7,0x52CA,0x4228,0xF81F,0xF81F,0xF81F,
    0xF81F,0xF81F,0xF81F,0x2965,0x5B0B,0x3A07,0x3A07,0x3A07,
    0x3A07,0x3A07,0x3A07,0x39E7,0xF81F,0xF81F,0xF81F,0xF81F,
    0xF81F,0xF81F,0xF81F,0xF81F,0x2965,0x4228,0x39E7,0x3A07,
    0x3A07,0x3A07,0x39E7,0x52CA,0x4228,0xF81F,0xF81F,0xF81F,
    0xF81F,0xF81F,0xF81F,0x18E3,0x630C,0x4228,0x3A07,0x3A07,
    0x3A07,0x3A07,0x39E7,0x4228,0x10A2,0xF81F,0xF81F,0xF81F,
    0xF81F,0xF81F,0xF81F,0x0841,0x39E7,0x3A07,0x3A07,0x3A07,
    0x3A07,0x3A07,0x39E7,0x5AEB,0x31A6,0xF81F,0xF81F,0xF81F,
    0xF81F,0xF81F,0xF81F,0xF81F,0x52CA,0x52AA,0x39E7,0x3A07,
    0x3A07,0x3A07,0x3A07,0x3A07,0x39E7,0x0861,0xF81F,0xF81F,
    0xF81F,0xF81F,0xF81F,0x31A6,0x4228,0x39E7,0x3A07,0x3A07,
    0x3A07,0x39E7,0x4248,0x630C,0x10A2,0xF81F,0xF81F,0xF81F,
    0xF81F,0xF81F,0xF81F,0xF81F,0x2945,0x632C,0x4248,0x39E7,
    0x3A07,0x3A07,0x3A07,0x39E7,0x4208,0x39E7,0x2104,0x1082,
    0x0881,0x18E3,0x31C6,0x4228,0x39E7,0x3A07,0x3A07,0x3A07,
    0x39E7,0x3A07,0x630C,0x4208,0xF81F,0xF81F,0xF81F,0xF81F,
    0xF81F,0xF81F,0xF81F,0xF81F,0xF81F,0x31A6,0x632C,0x4248,
    0x39E7,0x3A07,0x3A07,0x3A07,0x3A07,0x3A07,0x4228,0x4228,
    0x4228,0x4228,0x4208,0x39E7,0x3A07,0x3A07,0x3A07,0x39E7,
    0x4208,0x5B0B,0x4A49,0xF81F,0xF81F,0xF81F,0xF81F,0xF81F,
    0xF81F,0xF81F,0xF81F,0xF81F,0xF81F,0xF81F,0x31C6,0x632C,
    0x52AA,0x3A07,0x39E7,0x39E7,0x3A07,0x39E7,0x39E7,0x3A07,
    0x3A07,0x39E7,0x39E7,0x3A07,0x39E7,0x39E7,0x3A07,0x4A69,
    0x632C,0x4A49,0xF81F,0xF81F,0xF81F,0xF81F,0xF81F,0xF81F,
    0xF81F,0xF81F,0xF81F,0xF81F,0xF81F,0xF81F,0xF81F,0x2124,
    0x52CA,0x632C,0x52CA,0x4A69,0x4208,0x3A07,0x39E7,0x39E7,
    0x39E7,0x39E7,0x39E7,0x3A07,0x4248,0x52AA,0x5B0B,0x5AEB,
    0x31A6,0xF81F,0xF81F,0xF81F,0xF81F,0xF81F,0xF81F,0xF81F,
    0xF81F,0xF81F,0xF81F,0xF81F,0xF81F,0xF81F,0xF81F,0xF81F,
    0xF81F,0x2945,0x4A69,0x5AEB,0x5B0B,0x5B0B,0x5ACB,0x5ACB,
    0x5ACB,0x52CA,0x5B0B,0x630C,0x5B0B,0x52AA,0x31A6,0x0861,
    0xF81F,0xF81F,0xF81F,0xF81F,0xF81F,0xF81F,0xF81F,0xF81F,
    0xF81F,0xF81F,0xF81F,0xF81F,0xF81F,0xF81F,0xF81F,0xF81F,
    0xF81F,0xF81F,0xF81F,0x0861,0x2124,0x2985,0x4228,0x4228,
    0x4228,0x4228,0x31A6,0x2144,0x1082,0xF81F,0xF81F,0xF81F,
    0xF81F,0xF81F,0xF81F,0xF81F,0xF81F,0xF81F,0xF81F,0xF81F,
    0xF81F,0xF81F,0xF81F,0xF81F,0xF81F,0xF81F,0xF81F,0xF81F,
    0xF81F,0xF81F,0xF81F,0xF81F,0xF81F,0xF81F,0xF81F,0xF81F,
    0xF81F,0xF81F,0xF81F,0xF81F,0xF81F,0xF81F,0xF81F,0xF81F,
    0xF81F,0xF81F,0xF81F,0xF81F,0xF81F,0xF81F,0xF81F,0xF81F,
    0xF81F,0xF81F,0xF81F,0xF81F,0xF81F,0xF81F,0xF81F,0xF81F,
    0xF81F,0xF81F,0xF81F,0xF81F,0xF81F,0xF81F,0xF81F,0xF81F,
    0xF81F,0xF81F,0xF81F,0xF81F,0xF81F,0xF81F,0xF81F,0xF81F,
    0xF81F,0xF81F,0xF81F,0xF81F,0xF81F,0xF81F,0xF81F,0xF81F,
    0xF81F,0xF81F,0xF81F,0xF81F,0xF81F,0xF81F,0xF81F,0xF81F,
    0xF81F,0xF81F,0xF81F,0xF81F,0xF81F,0xF81F,0xF81F,0xF81F,
    0xF81F,0xF81F,0xF81F,0xF81F,0xF81F,0xF81F,0xF81F,0xF81F,
    0xF81F,0xF81F,0xF81F,0xF81F,0xF81F,0xF81F,0xF81F,0xF81F,
    0xF81F,0xF81F,0xF81F,0xF81F,0xF81F,0xF81F,0xF81F,0xF81F,
    0xF81F,0xF81F,0xF81F,0xF81F,0xF81F,0xF81F,0xF81F,0xF81F,
    0xF81F,0xF81F,0xF81F,0xF81F,0xF81F,0xF81F,0xF81F,0xF81F,
    0xF81F,0xF81F,0xF81F,0xF81F,0xF81F,0xF81F,0xF81F,0xF81F,
    0xF81F,0xF81F,0xF81F,0xF81F,0xF81F,0xF81F,0xF81F,0xF81F,
    0xF81F,0xF81F,0xF81F,0xF81F,0xF81F,0xF81F,0xF81F,0xF81F,
    0xF81F,0xF81F,0xF81F,0xF81F,0xF81F,0xF81F,0xF81F,0xF81F,
    0xF81F,0xF81F,0xF81F,0xF81F,0xF81F,0xF81F,0xF81F,0xF81F,
    0xF81F,0xF81F,0xF81F,0xF81F,0xF81F,0xF81F,0xF81F,0xF81F,
    0xF81F,0xF81F,0xF81F,0xF81F,0xF81F,0xF81F,0xF81F,0xF81F,
    0xF81F,0xF81F,0xF81F,0xF81F,0xF81F,0xF81F,0xF81F,0xF81F,
    0xF81F,0xF81F,0xF81F,0xF81F,0xF81F,0xF81F,0xF81F,0xF81F,
    0xF81F,0xF81F,0xF81F,0xF81F,0xF81F,0xF81F,0xF81F,0xF81F,
    0xF81F,0xF81F,0xF81F,0xF81F,0xF81F,0xF81F,0xF81F,0xF81F,
    0xF81F,0xF81F,0xF81F,0xF81F,0xF81F,0xF81F,0xF81F,0xF81F,
    0xF81F,0xF81F,0xF81F,0xF81F,0xF81F,0xF81F,0xF81F,0xF81F,
};

// ANTENNA HAT
static const uint16_t item_icon_cos_antenna[32 * 32] PROGMEM = {
    0xF81F,0xF81F,0xF81F,0xF81F,0xF81F,0xF81F,0xF81F,0xF81F,
    0xF81F,0xF81F,0xF81F,0xF81F,0xF81F,0xF81F,0xF81F,0xF81F,
    0xF81F,0xF81F,0xF81F,0xF81F,0xF81F,0x0165,0x0638,0x07FF,
    0x0534,0xF81F,0xF81F,0xF81F,0xF81F,0xF81F,0xF81F,0xF81F,
    0xF81F,0xF81F,0xF81F,0xF81F,0xF81F,0xF81F,0xF81F,0xF81F,
    0xF81F,0xF81F,0xF81F,0xF81F,0xF81F,0xF81F,0xF81F,0xF81F,
    0xF81F,0xF81F,0xF81F,0xF81F,0xF81F,0x05F7,0x07FF,0x07DF,
    0x07FF,0x0410,0xF81F,0xF81F,0xF81F,0xF81F,0xF81F,0xF81F,
    0xF81F,0xF81F,0xF81F,0xF81F,0xF81F,0xF81F,0xF81F,0xF81F,
    0xF81F,0xF81F,0xF81F,0xF81F,0xF81F,0xF81F,0xF81F,0xF81F,
    0xF81F,0xF81F,0xF81F,0xF81F,0xF81F,0x079E,0x07DF,0x07DF,
    0x07DF,0x0638,0xF81F,0xF81F,0xF81F,0xF81F,0xF81F,0xF81F,
    0xF81F,0xF81F,0xF81F,0xF81F,0xF81F,0xF81F,0xF81F,0xF81F,
    0xF81F,0xF81F,0xF81F,0xF81F,0xF81F,0xF81F,0xF81F,0xF81F,
    0xF81F,0xF81F,0xF81F,0xF81F,0x04F3,0x07FF,0x07FF,0x07FF,
    0x07FF,0x030C,0xF81F,0xF81F,0xF81F,0xF81F,0xF81F,0xF81F,
    0xF81F,0xF81F,0xF81F,0xF81F,0xF81F,0xF81F,0xF81F,0xF81F,
    0xF81F,0xF81F,0xF81F,0xF81F,0xF81F,0xF81F,0xF81F,0xF81F,
    0xF81F,0xF81F,0xF81F,0x0514,0x07FF,0x0208,0x03CF,0x05F7,
    0x030C,0xF81F,0xF81F,0xF81F,0xF81F,0xF81F,0xF81F,0xF81F,
    0xF81F,0xF81F,0xF81F,0xF81F,0xF81F,0xF81F,0xF81F,0xF81F,
    0xF81F,0xF81F,0xF81F,0xF81F,0xF81F,0xF81F,0xF81F,0xF81F,
    0xF81F,0xF81F,0x04F3,0x07FF,0x0186,0xF81F,0xF81F,0xF81F,
    0xF81F,0xF81F,0xF81F,0xF81F,0xF81F,0xF81F,0xF81F,0xF81F,
    0xF81F,0xF81F,0xF81F,0xF81F,0xF81F,0xF81F,0xF81F,0xF81F,
    0xF81F,0xF81F,0xF81F,0xF81F,0xF81F,0xF81F,0xF81F,0xF81F,
    0xF81F,0x04F3,0x07FF,0x0186,0xF81F,0xF81F,0xF81F,0xF81F,
    0xF81F,0xF81F,0xF81F,0xF81F,0xF81F,0xF81F,0xF81F,0xF81F,
    0xF81F,0xF81F,0xF81F,0xF81F,0xF81F,0xF81F,0xF81F,0xF81F,
    0xF81F,0xF81F,0xF81F,0xF81F,0xF81F,0xF81F,0xF81F,0xF81F,
    0x04F3,0x07FF,0x0186,0xF81F,0xF81F,0xF81F,0xF81F,0xF81F,
    0xF81F,0xF81F,0xF81F,0xF81F,0xF81F,0xF81F,0xF81F,0xF81F,
    0xF81F,0xF81F,0xF81F,0xF81F,0xF81F,0xF81F,0xF81F,0xF81F,
    0xF81F,0xF81F,0xF81F,0xF81F,0xF81F,0xF81F,0xF81F,0x0269,
    0x07BE,0x0165,0xF81F,0xF81F,0xF81F,0xF81F,0xF81F,0xF81F,
    0xF81F,0xF81F,0xF81F,0xF81F,0xF81F,0xF81F,0xF81F,0xF81F,
    0xF81F,0xF81F,0xF81F,0xF81F,0xF81F,0xF81F,0xF81F,0xF81F,
    0xF81F,0xF81F,0xF81F,0xF81F,0xF81F,0xF81F,0xF81F,0x0596,
    0x071C,0xF81F,0xF81F,0xF81F,0xF81F,0xF81F,0xF81F,0xF81F,
    0xF81F,0xF81F,0xF81F,0xF81F,0xF81F,0xF81F,0xF81F,0xF81F,
    0xF81F,0xF81F,0xF81F,0xF81F,0xF81F,0xF81F,0xF81F,0xF81F,
    0xF81F,0xF81F,0xF81F,0xF81F,0xF81F,0xF81F,0x0471,0x07FF,
    0x07FF,0x0659,0xF81F,0xF81F,0xF81F,0xF81F,0xF81F,0xF81F,
    0xF81F,0xF81F,0xF81F,0xF81F,0xF81F,0xF81F,0xF81F,0xF81F,
    0xF81F,0xF81F,0xF81F,0xF81F,0xF81F,0xF81F,0xF81F,0xF81F,
    0xF81F,0xF81F,0xF81F,0xF81F,0xF81F,0x02EB,0x07FF,0x0638,
    0x0555,0x07FF,0x04B2,0xF81F,0xF81F,0xF81F,0xF81F,0xF81F,
    0xF81F,0xF81F,0xF81F,0xF81F,0xF81F,0xF81F,0xF81F,0xF81F,
    0xF81F,0xF81F,0xF81F,0xF81F,0xF81F,0xF81F,0xF81F,0xF81F,
    0xF81F,0xF81F,0xF81F,0xF81F,0x0186,0x07BE,0x06FB,0x0492,
    0x0492,0x0618,0x07FF,0x032C,0xF81F,0xF81F,0xF81F,0xF81F,
    0xF81F,0xF81F,0xF81F,0xF81F,0xF81F,0xF81F,0xF81F,0xF81F,
    0xF81F,0xF81F,0xF81F,0xF81F,0xF81F,0xF81F,0xF81F,0xF81F,
    0xF81F,0xF81F,0xF81F,0xF81F,0x06FB,0x079E,0x04D3,0x04D3,
    0x04D3,0x0492,0x06BA,0x07FF,0x01A6,0xF81F,0xF81F,0xF81F,
    0xF81F,0xF81F,0xF81F,0xF81F,0xF81F,0xF81F,0xF81F,0xF81F,
    0xF81F,0xF81F,0xF81F,0xF81F,0xF81F,0xF81F,0xF81F,0xF81F,
    0xF81F,0xF81F,0xF81F,0x0638,0x07FF,0x0534,0x04B2,0x04D3,
    0x04D3,0x04D3,0x04B2,0x075D,0x077D,0x00E3,0xF81F,0xF81F,
    0xF81F,0xF81F,0xF81F,0xF81F,0xF81F,0xF81F,0xF81F,0xF81F,
    0xF81F,0xF81F,0xF81F,0xF81F,0xF81F,0xF81F,0xF81F,0xF81F,
    0xF81F,0xF81F,0x04B2,0x07FF,0x0596,0x0492,0x04D3,0x04D3,
    0x04D3,0x04D3,0x04B2,0x04F3,0x07FF,0x0659,0xF81F,0xF81F,
    0xF81F,0xF81F,0xF81F,0xF81F,0xF81F,0xF81F,0xF81F,0xF81F,
    0xF81F,0xF81F,0xF81F,0xF81F,0xF81F,0xF81F,0xF81F,0xF81F,
    0xF81F,0x032C,0x07FF,0x0618,0x0492,0x04D3,0x04D3,0x04D3,
    0x04D3,0x04D3,0x04D3,0x04B2,0x0555,0x07FF,0x04F3,0xF81F,
    0xF81F,0xF81F,0xF81F,0xF81F,0xF81F,0xF81F,0xF81F,0xF81F,
    0xF81F,0xF81F,0xF81F,0xF81F,0xF81F,0xF81F,0xF81F,0xF81F,
    0x0208,0x07FF,0x069A,0x0492,0x04D3,0x04D3,0x04D3,0x04D3,
    0x04D3,0x04D3,0x04D3,0x04D3,0x0492,0x05F7,0x07FF,0x03EF,
    0xF81F,0xF81F,0xF81F,0xF81F,0xF81F,0xF81F,0xF81F,0xF81F,
    0xF81F,0xF81F,0xF81F,0xF81F,0xF81F,0xF81F,0xF81F,0x0104,
    0x077D,0x075D,0x04B2,0x04D3,0x04D3,0x04D3,0x04D3,0x04D3,
    0x04D3,0x04D3,0x04D3,0x04D3,0x04F3,0x0492,0x0679,0x07FF,
    0x028A,0xF81F,0xF81F,0xF81F,0xF81F,0xF81F,0xF81F,0xF81F,
    0xF81F,0xF81F,0xF81F,0xF81F,0xF81F,0xF81F,0xF81F,0x0659,
    0x07BE,0x04B2,0x0492,0x04B2,0x0492,0x04B2,0x0492,0x0492,
    0x0492,0x0492,0x0492,0x04B2,0x04B2,0x04B2,0x0471,0x06FB,
    0x077D,0x0145,0xF81F,0xF81F,0xF81F,0xF81F,0xF81F,0xF81F,
    0xF81F,0xF81F,0xF81F,0xF81F,0xF81F,0xF81F,0x04F3,0x07FF,
    0x0638,0x0575,0x05B6,0x0596,0x0596,0x0596,0x0596,0x0596,
    0x0596,0x0596,0x0596,0x0596,0x0596,0x05B6,0x0596,0x05B6,
    0x07FF,0x069A,0xF81F,0xF81F,0xF81F,0xF81F,0xF81F,0xF81F,
    0xF81F,0xF81F,0xF81F,0xF81F,0xF81F,0x0410,0x07FF,0x07DF,
    0x07FF,0x07FF,0x07FF,0x07FF,0x07FF,0x07FF,0x07FF,0x07FF,
    0x07FF,0x07FF,0x07FF,0x07FF,0x07FF,0x07FF,0x07FF,0x07FF,
    0x07DF,0x07FF,0x05D7,0xF81F,0xF81F,0xF81F,0xF81F,0xF81F,
    0xF81F,0xF81F,0xF81F,0x03CF,0x077D,0x07FF,0x07FF,0x07FF,
    0x07FF,0x07FF,0x07FF,0x07FF,0x07FF,0x07FF,0x07FF,0x07FF,
    0x07FF,0x07FF,0x07FF,0x07FF,0x07FF,0x07FF,0x07FF,0x07FF,
    0x07FF,0x07FF,0x07FF,0x079E,0x0596,0xF81F,0xF81F,0xF81F,
    0xF81F,0xF81F,0xF81F,0x0410,0x07FF,0x07DF,0x07FF,0x07FF,
    0x07FF,0x07FF,0x07FF,0x07FF,0x07FF,0x07FF,0x07FF,0x07FF,
    0x07FF,0x07FF,0x07FF,0x07FF,0x07FF,0x07FF,0x07FF,0x07FF,
    0x07FF,0x07FF,0x07DF,0x07FF,0x0618,0xF81F,0xF81F,0xF81F,
    0xF81F,0xF81F,0xF81F,0x03EF,0x07DF,0x07DF,0x07FF,0x07FF,
    0x07FF,0x07FF,0x07FF,0x07FF,0x07FF,0x07FF,0x07FF,0x07FF,
    0x07FF,0x07FF,0x07FF,0x07FF,0x07FF,0x07FF,0x07FF,0x07FF,
    0x07FF,0x07FF,0x07DF,0x07FF,0x05D7,0xF81F,0xF81F,0xF81F,
    0xF81F,0xF81F,0xF81F,0x0430,0x07FF,0x07FF,0x07FF,0x07FF,
    0x07FF,0x07FF,0x07FF,0x07FF,0x07FF,0x07FF,0x07FF,0x07FF,
    0x07FF,0x07FF,0x07FF,0x07FF,0x07FF,0x07FF,0x07FF,0x07FF,
    0x07FF,0x07FF,0x07FF,0x07FF,0x0638,0xF81F,0xF81F,0xF81F,
    0xF81F,0xF81F,0xF81F,0x0104,0x0208,0x0208,0x0208,0x0208,
    0x0208,0x0208,0x0208,0x0208,0x0208,0x0208,0x0208,0x0208,
    0x0208,0x0208,0x0208,0x0208,0x0208,0x0208,0x0208,0x0208,
    0x0208,0x0208,0x0208,0x0208,0x0186,0xF81F,0xF81F,0xF81F,
    0xF81F,0xF81F,0xF81F,0xF81F,0xF81F,0xF81F,0xF81F,0xF81F,
    0xF81F,0xF81F,0xF81F,0xF81F,0xF81F,0xF81F,0xF81F,0xF81F,
    0xF81F,0xF81F,0xF81F,0xF81F,0xF81F,0xF81F,0xF81F,0xF81F,
    0xF81F,0xF81F,0xF81F,0xF81F,0xF81F,0xF81F,0xF81F,0xF81F,
    0xF81F,0xF81F,0xF81F,0xF81F,0xF81F,0xF81F,0xF81F,0xF81F,
    0xF81F,0xF81F,0xF81F,0xF81F,0xF81F,0xF81F,0xF81F,0xF81F,
    0xF81F,0xF81F,0xF81F,0xF81F,0xF81F,0xF81F,0xF81F,0xF81F,
    0xF81F,0xF81F,0xF81F,0xF81F,0xF81F,0xF81F,0xF81F,0xF81F,
    0xF81F,0xF81F,0xF81F,0xF81F,0xF81F,0xF81F,0xF81F,0xF81F,
    0xF81F,0xF81F,0xF81F,0xF81F,0xF81F,0xF81F,0xF81F,0xF81F,
    0xF81F,0xF81F,0xF81F,0xF81F,0xF81F,0xF81F,0xF81F,0xF81F,
    0xF81F,0xF81F,0xF81F,0xF81F,0xF81F,0xF81F,0xF81F,0xF81F,
    0xF81F,0xF81F,0xF81F,0xF81F,0xF81F,0xF81F,0xF81F,0xF81F,
    0xF81F,0xF81F,0xF81F,0xF81F,0xF81F,0xF81F,0xF81F,0xF81F,
    0xF81F,0xF81F,0xF81F,0xF81F,0xF81F,0xF81F,0xF81F,0xF81F,
    0xF81F,0xF81F,0xF81F,0xF81F,0xF81F,0xF81F,0xF81F,0xF81F,
    0xF81F,0xF81F,0xF81F,0xF81F,0xF81F,0xF81F,0xF81F,0xF81F,
    0xF81F,0xF81F,0xF81F,0xF81F,0xF81F,0xF81F,0xF81F,0xF81F,
    0xF81F,0xF81F,0xF81F,0xF81F,0xF81F,0xF81F,0xF81F,0xF81F,
    0xF81F,0xF81F,0xF81F,0xF81F,0xF81F,0xF81F,0xF81F,0xF81F,
};

// SIGNAL SCARF
static const uint16_t item_icon_cos_scarf[32 * 32] PROGMEM = {
    0xF81F,0xF81F,0xF81F,0xF81F,0xF81F,0xF81F,0xF81F,0xF81F,
    0xF81F,0xF81F,0xF81F,0xF81F,0xF81F,0xF81F,0xF81F,0xF81F,
    0xF81F,0xF81F,0xF81F,0xF81F,0xF81F,0xF81F,0xF81F,0xF81F,
    0xF81F,0xF81F,0xF81F,0xF81F,0xF81F,0xF81F,0xF81F,0xF81F,
    0xF81F,0xF81F,0xF81F,0xF81F,0xF81F,0xF81F,0xF81F,0xF81F,
    0xF81F,0xF81F,0xF81F,0xF81F,0xF81F,0xF81F,0xF81F,0xF81F,
    0xF81F,0xF81F,0xF81F,0xF81F,0xF81F,0xF81F,0xF81F,0xF81F,
    0xF81F,0xF81F,0xF81F,0xF81F,0xF81F,0xF81F,0xF81F,0xF81F,
    0xF81F,0xF81F,0xF81F,0xF81F,0xF81F,0xF81F,0xF81F,0xF81F,
    0xF81F,0xF81F,0xF81F,0xF81F,0xF81F,0xF81F,0xF81F,0xF81F,
    0xF81F,0xF81F,0xF81F,0xF81F,0xF81F,0xF81F,0xF81F,0xF81F,
    0xF81F,0xF81F,0xF81F,0xF81F,0xF81F,0xF81F,0xF81F,0xF81F,
    0xF81F,0xF81F,0xF81F,0xF81F,0xF81F,0xF81F,0xF81F,0xF81F,
    0xF81F,0xF81F,0xF81F,0xF81F,0xF81F,0xF81F,0xF81F,0xF81F,
    0xF81F,0xF81F,0xF81F,0xF81F,0xF81F,0xF81F,0xF81F,0xF81F,
    0xF81F,0xF81F,0xF81F,0xF81F,0xF81F,0xF81F,0xF81F,0xF81F,
    0xF81F,0xF81F,0xF81F,0xF81F,0xF81F,0xF81F,0xF81F,0xF81F,
    0xF81F,0xF81F,0xF81F,0xF81F,0xF81F,0xF81F,0xF81F,0xF81F,
    0xF81F,0xF81F,0xF81F,0xF81F,0xF81F,0xF81F,0xF81F,0xF81F,
    0xF81F,0xF81F,0xF81F,0xF81F,0xF81F,0xF81F,0xF81F,0xF81F,
    0xF81F,0xF81F,0xF81F,0xF81F,0xF81F,0xF81F,0xF81F,0xF81F,
    0xF81F,0xF81F,0xF81F,0xF81F,0xF81F,0xF81F,0xF81F,0xF81F,
    0xF81F,0xF81F,0xF81F,0xF81F,0xF81F,0xF81F,0xF81F,0xF81F,
    0xF81F,0xF81F,0xF81F,0xF81F,0xF81F,0xF81F,0xF81F,0xF81F,
    0xF81F,0xF81F,0xF81F,0xF81F,0xF81F,0xF81F,0xF81F,0xF81F,
    0xF81F,0xF81F,0xF81F,0xF81F,0xF81F,0xF81F,0xF81F,0xF81F,
    0xF81F,0xF81F,0xF81F,0xF81F,0xF81F,0xF81F,0xF81F,0xF81F,
    0xF81F,0xF81F,0xF81F,0xF81F,0xF81F,0xF81F,0xF81F,0xF81F,
    0xF81F,0xF81F,0xF81F,0xF81F,0xF81F,0xF81F,0xF81F,0xF81F,
    0xF81F,0xF81F,0xF81F,0xF81F,0xF81F,0xF81F,0xF81F,0xF81F,
    0xF81F,0xF81F,0xF81F,0xF81F,0xF81F,0xF81F,0xF81F,0xF81F,
    0xF81F,0xF81F,0xF81F,0xF81F,0xF81F,0xF81F,0xF81F,0xF81F,
    0xF81F,0xF81F,0xF81F,0xF81F,0xF81F,0xF81F,0xF81F,0xF81F,
    0xF81F,0xF81F,0xF81F,0xF81F,0xF81F,0xF81F,0xF81F,0xB016,
    0x3807,0xF81F,0x3807,0xE01C,0x600C,0xF81F,0xF81F,0xF81F,
    0xF81F,0xF81F,0xF81F,0xF81F,0xF81F,0xF81F,0xF81F,0xF81F,
    0xF81F,0xF81F,0xF81F,0xF81F,0x780E,0xF81F,0xF81F,0xF81F,
    0xF81F,0xF81F,0xF81F,0xF81F,0xF81F,0x3006,0xE01C,0xF81E,
    0xD81A,0x3005,0xD81A,0xF81E,0xF81E,0xA014,0xF81F,0xF81F,
    0xF81F,0xF81F,0xF81F,0x2003,0x780E,0xF81F,0xF81F,0xF81F,
    0xF81F,0xF81F,0xF81F,0x780F,0xF81E,0xD81A,0x4008,0xF81F,
    0xF81F,0xF81F,0xF81F,0xF81F,0x500A,0xE81D,0xF81E,0xF81E,
    0xF81E,0xF81E,0xF81E,0xF81E,0xF81E,0xF81E,0xD81A,0x3807,
    0xF81F,0xF81F,0x3807,0xE01C,0xF81E,0x600B,0xF81F,0xF81F,
    0xF81F,0xF81F,0x3806,0xF81E,0xF81E,0xF81E,0xF81E,0x9011,
    0xF81F,0xF81F,0xF81F,0x600C,0xF81E,0xF81E,0xF81E,0xF81E,
    0xF81E,0xF81E,0xF81E,0xF81E,0xF81E,0xF81E,0xF81E,0xF81E,
    0x600C,0x600B,0xF81E,0xF81E,0xF81E,0xF01E,0x3006,0xF81F,
    0xF81F,0xF81F,0xD81A,0xF81E,0xF81E,0xF81E,0xF81E,0xF81E,
    0xD81A,0x4008,0x8810,0xF81E,0xF81E,0xF81E,0xF81E,0xF81E,
    0xF81E,0xF81E,0xF81E,0xF81E,0xF81E,0xF81E,0xF81E,0xF81E,
    0xF81E,0xF81E,0xF81E,0xF81E,0xF81E,0xF81E,0xD81A,0xF81F,
    0xF81F,0x9813,0xF81E,0xF81D,0xF81E,0xF81E,0xF81E,0xF81E,
    0xF81E,0xF81E,0xF81E,0xF81E,0xF81E,0xF81E,0xF81E,0xF81E,
    0xF81E,0xF81E,0xF81E,0xF81E,0xF81E,0xF81E,0xF81E,0xF81E,
    0xF81E,0xF81E,0xF81E,0xF81E,0xF81E,0xF81D,0xF81E,0xB816,
    0xF81F,0x680D,0xE81D,0xF81E,0xF81E,0xF81E,0xF81E,0xF81E,
    0xF81E,0xF81E,0xF81E,0xF81E,0xF81E,0xF81E,0xF81E,0xF81E,
    0xD81A,0x4007,0x9012,0xF81E,0xF81E,0xF81E,0xF81E,0xF81E,
    0xF81E,0xF81E,0xF81E,0xF81E,0xF81E,0xF81E,0xE81C,0x500A,
    0xF81F,0xF81F,0x2004,0xB816,0xF81E,0xF81E,0xF81E,0xF81E,
    0xF81E,0xF81E,0xF81E,0xF81E,0xF81E,0xF81E,0xF81E,0xC818,
    0xF81F,0xF81F,0xF81F,0x600C,0xF01E,0xF01D,0xE81C,0xF81E,
    0xF81E,0xF81E,0xF81E,0xF81E,0xF81E,0xC818,0x2004,0xF81F,
    0xF81F,0xF81F,0xF81F,0xF81F,0x680D,0xF01D,0xF81E,0xF81E,
    0xF81E,0xF81E,0xF81E,0xF81E,0xF81E,0xF81E,0xA814,0xF81F,
    0xF81F,0xF81F,0xF81F,0xF81F,0x3006,0xB015,0xA815,0xD019,
    0xA013,0x580B,0xF01E,0xF81E,0x9813,0xF81F,0xF81F,0xF81F,
    0xF81F,0xF81F,0xF81F,0xF81F,0xF81F,0x2004,0xB816,0xF81E,
    0xF81E,0xC017,0x700D,0xF81E,0xF81E,0x9812,0xF81F,0xF81F,
    0xF81F,0xF81F,0xF81F,0xF81F,0x1002,0xA814,0xB015,0xA814,
    0xA814,0x8811,0xC818,0x9012,0xF81F,0xF81F,0xF81F,0xF81F,
    0xF81F,0xF81F,0xF81F,0xF81F,0xF81F,0xF81F,0xF81F,0x680D,
    0xE01C,0x3006,0xF81F,0xA013,0x700D,0xF81F,0xF81F,0xF81F,
    0xF81F,0xF81F,0xF81F,0xF81F,0x600B,0xC017,0xA815,0xB015,
    0xB015,0xB816,0xB015,0xA014,0x9812,0x3807,0xF81F,0xF81F,
    0xF81F,0xF81F,0xF81F,0xF81F,0xF81F,0xF81F,0xF81F,0xF81F,
    0xF81F,0xF81F,0xF81F,0xF81F,0xF81F,0xF81F,0xF81F,0xF81F,
    0xF81F,0xF81F,0xF81F,0xF81F,0x9012,0xB816,0xB015,0xB015,
    0xB015,0xB015,0xB015,0xB015,0xC017,0x3806,0xF81F,0xF81F,
    0xF81F,0xF81F,0xF81F,0xF81F,0xF81F,0xF81F,0xF81F,0xF81F,
    0xF81F,0xF81F,0xF81F,0xF81F,0xF81F,0xF81F,0xF81F,0xF81F,
    0xF81F,0xF81F,0xF81F,0x2004,0xB016,0xB015,0xB015,0xB015,
    0xB015,0xB015,0xA815,0xB817,0x700E,0xF81F,0xF81F,0xF81F,
    0xF81F,0xF81F,0xF81F,0xF81F,0xF81F,0xF81F,0xF81F,0xF81F,
    0xF81F,0xF81F,0xF81F,0xF81F,0xF81F,0xF81F,0xF81F,0xF81F,
    0xF81F,0xF81F,0xF81F,0x680D,0xB816,0xA815,0xB015,0xB015,
    0xB015,0xB015,0xB015,0xA814,0x1802,0xF81F,0xF81F,0xF81F,
    0xF81F,0xF81F,0xF81F,0xF81F,0xF81F,0xF81F,0xF81F,0xF81F,
    0xF81F,0xF81F,0xF81F,0xF81F,0xF81F,0xF81F,0xF81F,0xF81F,
    0xF81F,0xF81F,0xF81F,0x9812,0xB816,0xA815,0xB015,0xB015,
    0xB015,0xA814,0xC017,0x500A,0xF81F,0xF81F,0xF81F,0xF81F,
    0xF81F,0xF81F,0xF81F,0xF81F,0xF81F,0xF81F,0xF81F,0xF81F,
    0xF81F,0xF81F,0xF81F,0xF81F,0xF81F,0xF81F,0xF81F,0xF81F,
    0xF81F,0xF81F,0xF81F,0x2004,0xA815,0xB015,0xA815,0xB015,
    0xB015,0xB016,0x9812,0xF81F,0xF81F,0xF81F,0xF81F,0xF81F,
    0xF81F,0xF81F,0xF81F,0xF81F,0xF81F,0xF81F,0xF81F,0xF81F,
    0xF81F,0xF81F,0xF81F,0xF81F,0xF81F,0xF81F,0xF81F,0xF81F,
    0xF81F,0xF81F,0xF81F,0xF81F,0x4007,0xB816,0xB015,0xB015,
    0xA815,0xB817,0x4007,0xF81F,0xF81F,0xF81F,0xF81F,0xF81F,
    0xF81F,0xF81F,0xF81F,0xF81F,0xF81F,0xF81F,0xF81F,0xF81F,
    0xF81F,0xF81F,0xF81F,0xF81F,0xF81F,0xF81F,0xF81F,0xF81F,
    0xF81F,0xF81F,0xF81F,0xF81F,0xF81F,0x4008,0xB816,0xA814,
    0xB816,0x8010,0xF81F,0xF81F,0xF81F,0xF81F,0xF81F,0xF81F,
    0xF81F,0xF81F,0xF81F,0xF81F,0xF81F,0xF81F,0xF81F,0xF81F,
    0xF81F,0xF81F,0xF81F,0xF81F,0xF81F,0xF81F,0xF81F,0xF81F,
    0xF81F,0xF81F,0xF81F,0xF81F,0xF81F,0xF81F,0x4809,0xC017,
    0xB015,0x2004,0xF81F,0xF81F,0xF81F,0xF81F,0xF81F,0xF81F,
    0xF81F,0xF81F,0xF81F,0xF81F,0xF81F,0xF81F,0xF81F,0xF81F,
    0xF81F,0xF81F,0xF81F,0xF81F,0xF81F,0xF81F,0xF81F,0xF81F,
    0xF81F,0xF81F,0xF81F,0xF81F,0xF81F,0xF81F,0xF81F,0x700E,
    0x700E,0xF81F,0xF81F,0xF81F,0xF81F,0xF81F,0xF81F,0xF81F,
    0xF81F,0xF81F,0xF81F,0xF81F,0xF81F,0xF81F,0xF81F,0xF81F,
    0xF81F,0xF81F,0xF81F,0xF81F,0xF81F,0xF81F,0xF81F,0xF81F,
    0xF81F,0xF81F,0xF81F,0xF81F,0xF81F,0xF81F,0xF81F,0xF81F,
    0xF81F,0xF81F,0xF81F,0xF81F,0xF81F,0xF81F,0xF81F,0xF81F,
    0xF81F,0xF81F,0xF81F,0xF81F,0xF81F,0xF81F,0xF81F,0xF81F,
    0xF81F,0xF81F,0xF81F,0xF81F,0xF81F,0xF81F,0xF81F,0xF81F,
    0xF81F,0xF81F,0xF81F,0xF81F,0xF81F,0xF81F,0xF81F,0xF81F,
    0xF81F,0xF81F,0xF81F,0xF81F,0xF81F,0xF81F,0xF81F,0xF81F,
    0xF81F,0xF81F,0xF81F,0xF81F,0xF81F,0xF81F,0xF81F,0xF81F,
    0xF81F,0xF81F,0xF81F,0xF81F,0xF81F,0xF81F,0xF81F,0xF81F,
    0xF81F,0xF81F,0xF81F,0xF81F,0xF81F,0xF81F,0xF81F,0xF81F,
    0xF81F,0xF81F,0xF81F,0xF81F,0xF81F,0xF81F,0xF81F,0xF81F,
    0xF81F,0xF81F,0xF81F,0xF81F,0xF81F,0xF81F,0xF81F,0xF81F,
    0xF81F,0xF81F,0xF81F,0xF81F,0xF81F,0xF81F,0xF81F,0xF81F,
    0xF81F,0xF81F,0xF81F,0xF81F,0xF81F,0xF81F,0xF81F,0xF81F,
    0xF81F,0xF81F,0xF81F,0xF81F,0xF81F,0xF81F,0xF81F,0xF81F,
};

// RECON GOGGLES
static const uint16_t item_icon_cos_goggles[32 * 32] PROGMEM = {
    0xF81F,0xF81F,0xF81F,0xF81F,0xF81F,0xF81F,0xF81F,0xF81F,
    0xF81F,0xF81F,0xF81F,0xF81F,0xF81F,0xF81F,0xF81F,0xF81F,
    0xF81F,0xF81F,0xF81F,0xF81F,0xF81F,0xF81F,0xF81F,0xF81F,
    0xF81F,0xF81F,0xF81F,0xF81F,0xF81F,0xF81F,0xF81F,0xF81F,
    0xF81F,0xF81F,0xF81F,0xF81F,0xF81F,0xF81F,0xF81F,0xF81F,
    0xF81F,0xF81F,0xF81F,0xF81F,0xF81F,0xF81F,0xF81F,0xF81F,
    0xF81F,0xF81F,0xF81F,0xF81F,0xF81F,0xF81F,0xF81F,0xF81F,
    0xF81F,0xF81F,0xF81F,0xF81F,0xF81F,0xF81F,0xF81F,0xF81F,
    0xF81F,0xF81F,0xF81F,0xF81F,0xF81F,0xF81F,0xF81F,0xF81F,
    0xF81F,0xF81F,0xF81F,0xF81F,0xF81F,0xF81F,0xF81F,0xF81F,
    0xF81F,0xF81F,0xF81F,0xF81F,0xF81F,0xF81F,0xF81F,0xF81F,
    0xF81F,0xF81F,0xF81F,0xF81F,0xF81F,0xF81F,0xF81F,0xF81F,
    0xF81F,0xF81F,0xF81F,0xF81F,0xF81F,0xF81F,0xF81F,0xF81F,
    0xF81F,0xF81F,0xF81F,0xF81F,0xF81F,0xF81F,0xF81F,0xF81F,
    0xF81F,0xF81F,0xF81F,0xF81F,0xF81F,0xF81F,0xF81F,0xF81F,
    0xF81F,0xF81F,0xF81F,0xF81F,0xF81F,0xF81F,0xF81F,0xF81F,
    0xF81F,0xF81F,0xF81F,0xF81F,0xF81F,0xF81F,0xF81F,0xF81F,
    0xF81F,0xF81F,0xF81F,0xF81F,0xF81F,0xF81F,0xF81F,0xF81F,
    0xF81F,0xF81F,0xF81F,0xF81F,0xF81F,0xF81F,0xF81F,0xF81F,
    0xF81F,0xF81F,0xF81F,0xF81F,0xF81F,0xF81F,0xF81F,0xF81F,
    0xF81F,0xF81F,0xF81F,0xF81F,0xF81F,0xF81F,0xF81F,0xF81F,
    0xF81F,0xF81F,0xF81F,0xF81F,0xF81F,0xF81F,0xF81F,0xF81F,
    0xF81F,0xF81F,0xF81F,0xF81F,0xF81F,0xF81F,0xF81F,0xF81F,
    0xF81F,0xF81F,0xF81F,0xF81F,0xF81F,0xF81F,0xF81F,0xF81F,
    0xF81F,0xF81F,0xF81F,0xF81F,0xF81F,0xF81F,0xF81F,0xF81F,
    0xF81F,0xF81F,0xF81F,0xF81F,0xF81F,0xF81F,0xF81F,0xF81F,
    0xF81F,0xF81F,0xF81F,0xF81F,0xF81F,0xF81F,0xF81F,0xF81F,
    0xF81F,0xF81F,0xF81F,0xF81F,0xF81F,0xF81F,0xF81F,0xF81F,
    0xF81F,0xF81F,0xF81F,0xF81F,0xF81F,0xF81F,0xF81F,0xF81F,
    0xF81F,0xF81F,0xF81F,0xF81F,0xF81F,0xF81F,0xF81F,0xF81F,
    0xF81F,0xF81F,0xF81F,0xF81F,0xF81F,0xF81F,0xF81F,0xF81F,
    0xF81F,0xF81F,0xF81F,0xF81F,0xF81F,0xF81F,0xF81F,0xF81F,
    0xF81F,0xF81F,0xF81F,0xF81F,0xF81F,0xF81F,0xF81F,0xF81F,
    0xF81F,0xF81F,0xF81F,0xF81F,0xF81F,0xF81F,0xF81F,0xF81F,
    0xF81F,0xF81F,0xF81F,0xF81F,0xF81F,0xF81F,0xF81F,0xF81F,
    0xF81F,0xF81F,0xF81F,0xF81F,0xF81F,0xF81F,0xF81F,0xF81F,
    0xF81F,0xF81F,0xF81F,0xF81F,0xF81F,0xF81F,0xF81F,0xF81F,
    0xF81F,0xF81F,0xF81F,0xF81F,0xF81F,0xF81F,0xF81F,0xF81F,
    0xF81F,0xF81F,0xF81F,0xF81F,0xF81F,0xF81F,0xF81F,0xF81F,
    0xF81F,0xF81F,0xF81F,0xF81F,0xF81F,0xF81F,0xF81F,0xF81F,
    0xF81F,0xF81F,0xF81F,0xF81F,0xF81F,0x20C0,0x9B60,0xD4A0,
    0xED20,0xE4C0,0xABA0,0x4140,0xF81F,0xF81F,0xF81F,0xF81F,
    0xF81F,0xF81F,0xF81F,0xF81F,0x20A0,0x9B40,0xD480,0xED20,
    0xE4C0,0xABA0,0x4140,0xF81F,0xF81F,0xF81F,0xF81F,0xF81F,
    0xF81F,0xF81F,0xF81F,0xF81F,0x59E0,0xF500,0xF4C0,0xBB80,
    0xA300,0xBBC0,0xF500,0xFD80,0x8AE0,0xF81F,0xF81F,0xF81F,
    0xF81F,0xF81F,0xF81F,0x59E0,0xF540,0xFD40,0xC400,0xAB60,
    0xBBC0,0xF500,0xFD80,0x8AE0,0xF81F,0xF81F,0xF81F,0xF81F,
    0xF81F,0xF81F,0xF81F,0x4160,0xFD60,0xF5C0,0xBD20,0x9CA0,
    0x8BE0,0x4140,0x51A0,0xA360,0xFDC0,0x7A80,0xF81F,0xF81F,
    0xF81F,0xF81F,0x4140,0xFDA0,0xCC20,0x59E0,0x4960,0x4980,
    0x4960,0x51A0,0xA360,0xFDC0,0x7A80,0xF81F,0xF81F,0xF81F,
    0xF81F,0xF81F,0xF81F,0xDCA0,0xDC20,0xA4A0,0xFFE0,0xFFE0,
    0xDE60,0x5180,0x59C0,0x4160,0xBBA0,0xFD60,0x28E0,0xF81F,
    0xF81F,0x1040,0xDC80,0xE4A0,0x4980,0x51A0,0x59C0,0x59C0,
    0x59C0,0x59C0,0x4140,0xBBA0,0xFD40,0x28E0,0xF81F,0xF81F,
    0xF81F,0xF81F,0xA320,0xFD80,0x82A0,0x51A0,0x6220,0x6200,
    0x5A00,0x59C0,0x59C0,0x51A0,0x6200,0xFD20,0xCC00,0x8AA0,
    0x8AC0,0xAB60,0xFD60,0x82A0,0x4980,0x59C0,0x59C0,0x59C0,
    0x59C0,0x59C0,0x51A0,0x6200,0xFD20,0xD420,0x1880,0xF81F,
    0xF81F,0xF81F,0xC3E0,0xFD20,0x61E0,0x51A0,0x51A0,0x51A0,
    0x51A0,0x59C0,0x59C0,0x59C0,0x51A0,0xDC60,0xECC0,0x9300,
    0x9300,0xCC20,0xFD00,0x6200,0x51A0,0x59C0,0x59C0,0x59C0,
    0x59C0,0x59C0,0x59C0,0x51A0,0xDC40,0xF4E0,0x18A0,0xF81F,
    0xF81F,0xF81F,0xC3E0,0xFD00,0x59E0,0x51C0,0x59C0,0x59C0,
    0x59C0,0x59C0,0x59C0,0x59C0,0x5180,0xDC40,0xECC0,0x92E0,
    0x8AC0,0xCC20,0xFD00,0x61E0,0x51A0,0x59C0,0x59C0,0x59C0,
    0x59C0,0x59C0,0x59C0,0x5180,0xD440,0xF4E0,0x18A0,0xF81F,
    0xF81F,0xF81F,0xB3A0,0xFD60,0x7240,0x51A0,0x59C0,0x59C0,
    0x59C0,0x59C0,0x59C0,0x59C0,0x59C0,0xF4E0,0xDC80,0x9B00,
    0x9B20,0xC3E0,0xFD60,0x7A60,0x51A0,0x59C0,0x59C0,0x59C0,
    0x59C0,0x59C0,0x59C0,0x59C0,0xF4E0,0xECA0,0x18A0,0xF81F,
    0xF81F,0xF81F,0x28E0,0xED00,0xCC00,0x4960,0x59C0,0x59C0,
    0x59C0,0x59C0,0x59E0,0x4160,0x9B00,0xFD80,0x51A0,0x20A0,
    0x20C0,0x3100,0xED00,0xCC00,0x4960,0x59C0,0x59C0,0x59C0,
    0x59C0,0x59E0,0x4160,0x9B00,0xFD80,0x51C0,0xF81F,0xF81F,
    0xF81F,0xF81F,0xF81F,0x6A00,0xFDC0,0x9B20,0x4980,0x4980,
    0x51A0,0x4980,0x4960,0x7A80,0xFD80,0xAB60,0xF81F,0xF81F,
    0xF81F,0xF81F,0x6A00,0xFDC0,0x9B20,0x4980,0x4980,0x51A0,
    0x4980,0x4960,0x7A80,0xFD80,0xAB60,0xF81F,0xF81F,0xF81F,
    0xF81F,0xF81F,0xF81F,0xF81F,0x9300,0xFDC0,0xDC80,0x92E0,
    0x7A80,0x8AC0,0xC400,0xFDA0,0xC400,0xF81F,0xF81F,0xF81F,
    0xF81F,0xF81F,0xF81F,0x9300,0xFDC0,0xDC80,0x92E0,0x7A80,
    0x8AC0,0xC400,0xFDA0,0xC400,0xF81F,0xF81F,0xF81F,0xF81F,
    0xF81F,0xF81F,0xF81F,0xF81F,0xF81F,0x51C0,0xD480,0xFD40,
    0xFD80,0xFD60,0xE4E0,0x7A80,0xF81F,0xF81F,0xF81F,0xF81F,
    0xF81F,0xF81F,0xF81F,0xF81F,0x51C0,0xD480,0xFD40,0xFD80,
    0xFD60,0xE4E0,0x7A80,0xF81F,0xF81F,0xF81F,0xF81F,0xF81F,
    0xF81F,0xF81F,0xF81F,0xF81F,0xF81F,0xF81F,0xF81F,0x20C0,
    0x3960,0x3100,0xF81F,0xF81F,0xF81F,0xF81F,0xF81F,0xF81F,
    0xF81F,0xF81F,0xF81F,0xF81F,0xF81F,0xF81F,0x20C0,0x3960,
    0x3100,0xF81F,0xF81F,0xF81F,0xF81F,0xF81F,0xF81F,0xF81F,
    0xF81F,0xF81F,0xF81F,0xF81F,0xF81F,0xF81F,0xF81F,0xF81F,
    0xF81F,0xF81F,0xF81F,0xF81F,0xF81F,0xF81F,0xF81F,0xF81F,
    0xF81F,0xF81F,0xF81F,0xF81F,0xF81F,0xF81F,0xF81F,0xF81F,
    0xF81F,0xF81F,0xF81F,0xF81F,0xF81F,0xF81F,0xF81F,0xF81F,
    0xF81F,0xF81F,0xF81F,0xF81F,0xF81F,0xF81F,0xF81F,0xF81F,
    0xF81F,0xF81F,0xF81F,0xF81F,0xF81F,0xF81F,0xF81F,0xF81F,
    0xF81F,0xF81F,0xF81F,0xF81F,0xF81F,0xF81F,0xF81F,0xF81F,
    0xF81F,0xF81F,0xF81F,0xF81F,0xF81F,0xF81F,0xF81F,0xF81F,
    0xF81F,0xF81F,0xF81F,0xF81F,0xF81F,0xF81F,0xF81F,0xF81F,
    0xF81F,0xF81F,0xF81F,0xF81F,0xF81F,0xF81F,0xF81F,0xF81F,
    0xF81F,0xF81F,0xF81F,0xF81F,0xF81F,0xF81F,0xF81F,0xF81F,
    0xF81F,0xF81F,0xF81F,0xF81F,0xF81F,0xF81F,0xF81F,0xF81F,
    0xF81F,0xF81F,0xF81F,0xF81F,0xF81F,0xF81F,0xF81F,0xF81F,
    0xF81F,0xF81F,0xF81F,0xF81F,0xF81F,0xF81F,0xF81F,0xF81F,
    0xF81F,0xF81F,0xF81F,0xF81F,0xF81F,0xF81F,0xF81F,0xF81F,
    0xF81F,0xF81F,0xF81F,0xF81F,0xF81F,0xF81F,0xF81F,0xF81F,
    0xF81F,0xF81F,0xF81F,0xF81F,0xF81F,0xF81F,0xF81F,0xF81F,
    0xF81F,0xF81F,0xF81F,0xF81F,0xF81F,0xF81F,0xF81F,0xF81F,
    0xF81F,0xF81F,0xF81F,0xF81F,0xF81F,0xF81F,0xF81F,0xF81F,
    0xF81F,0xF81F,0xF81F,0xF81F,0xF81F,0xF81F,0xF81F,0xF81F,
    0xF81F,0xF81F,0xF81F,0xF81F,0xF81F,0xF81F,0xF81F,0xF81F,
    0xF81F,0xF81F,0xF81F,0xF81F,0xF81F,0xF81F,0xF81F,0xF81F,
    0xF81F,0xF81F,0xF81F,0xF81F,0xF81F,0xF81F,0xF81F,0xF81F,
    0xF81F,0xF81F,0xF81F,0xF81F,0xF81F,0xF81F,0xF81F,0xF81F,
    0xF81F,0xF81F,0xF81F,0xF81F,0xF81F,0xF81F,0xF81F,0xF81F,
    0xF81F,0xF81F,0xF81F,0xF81F,0xF81F,0xF81F,0xF81F,0xF81F,
    0xF81F,0xF81F,0xF81F,0xF81F,0xF81F,0xF81F,0xF81F,0xF81F,
    0xF81F,0xF81F,0xF81F,0xF81F,0xF81F,0xF81F,0xF81F,0xF81F,
    0xF81F,0xF81F,0xF81F,0xF81F,0xF81F,0xF81F,0xF81F,0xF81F,
    0xF81F,0xF81F,0xF81F,0xF81F,0xF81F,0xF81F,0xF81F,0xF81F,
    0xF81F,0xF81F,0xF81F,0xF81F,0xF81F,0xF81F,0xF81F,0xF81F,
    0xF81F,0xF81F,0xF81F,0xF81F,0xF81F,0xF81F,0xF81F,0xF81F,
    0xF81F,0xF81F,0xF81F,0xF81F,0xF81F,0xF81F,0xF81F,0xF81F,
    0xF81F,0xF81F,0xF81F,0xF81F,0xF81F,0xF81F,0xF81F,0xF81F,
    0xF81F,0xF81F,0xF81F,0xF81F,0xF81F,0xF81F,0xF81F,0xF81F,
    0xF81F,0xF81F,0xF81F,0xF81F,0xF81F,0xF81F,0xF81F,0xF81F,
};

// LED COLLAR
static const uint16_t item_icon_cos_collar[32 * 32] PROGMEM = {
    0xF81F,0xF81F,0xF81F,0xF81F,0xF81F,0xF81F,0xF81F,0xF81F,
    0xF81F,0xF81F,0xF81F,0xF81F,0xF81F,0xF81F,0xF81F,0xF81F,
    0xF81F,0xF81F,0xF81F,0xF81F,0xF81F,0xF81F,0xF81F,0xF81F,
    0xF81F,0xF81F,0xF81F,0xF81F,0xF81F,0xF81F,0xF81F,0xF81F,
    0xF81F,0xF81F,0xF81F,0xF81F,0xF81F,0xF81F,0xF81F,0xF81F,
    0xF81F,0xF81F,0xF81F,0xF81F,0xF81F,0xF81F,0x0120,0x04C0,
    0x0580,0x0200,0xF81F,0xF81F,0xF81F,0xF81F,0xF81F,0xF81F,
    0xF81F,0xF81F,0xF81F,0xF81F,0xF81F,0xF81F,0xF81F,0xF81F,
    0xF81F,0xF81F,0xF81F,0xF81F,0xF81F,0xF81F,0xF81F,0xF81F,
    0xF81F,0xF81F,0xF81F,0xF81F,0xF81F,0xF81F,0x06C0,0x07E0,
    0x07E0,0x07E0,0x0160,0xF81F,0xF81F,0xF81F,0xF81F,0xF81F,
    0xF81F,0xF81F,0xF81F,0xF81F,0xF81F,0xF81F,0xF81F,0xF81F,
    0xF81F,0xF81F,0xF81F,0xF81F,0xF81F,0xF81F,0xF81F,0xF81F,
    0xF81F,0xF81F,0xF81F,0xF81F,0xF81F,0x01A0,0x07E0,0x07C0,
    0x07A0,0x07E0,0x03C0,0xF81F,0xF81F,0xF81F,0xF81F,0xF81F,
    0xF81F,0xF81F,0xF81F,0xF81F,0xF81F,0xF81F,0xF81F,0xF81F,
    0xF81F,0xF81F,0xF81F,0xF81F,0xF81F,0xF81F,0xF81F,0xF81F,
    0xF81F,0xF81F,0xF81F,0xF81F,0xF81F,0x0260,0x07A0,0x07E0,
    0x07E0,0x07E0,0x03E0,0xF81F,0xF81F,0xF81F,0xF81F,0xF81F,
    0xF81F,0xF81F,0xF81F,0xF81F,0xF81F,0xF81F,0xF81F,0xF81F,
    0xF81F,0xF81F,0xF81F,0xF81F,0xF81F,0xF81F,0xF81F,0xF81F,
    0xF81F,0xF81F,0xF81F,0x0400,0x06A0,0x07E0,0x07E0,0x07E0,
    0x07E0,0x07E0,0x07E0,0x0700,0x04C0,0x0160,0xF81F,0xF81F,
    0xF81F,0xF81F,0xF81F,0xF81F,0xF81F,0xF81F,0xF81F,0xF81F,
    0xF81F,0xF81F,0xF81F,0xF81F,0xF81F,0xF81F,0xF81F,0xF81F,
    0xF81F,0x0320,0x0740,0x07E0,0x07E0,0x07C0,0x07E0,0x07E0,
    0x07E0,0x07E0,0x07C0,0x07E0,0x07E0,0x07C0,0x0460,0xF81F,
    0xF81F,0xF81F,0xF81F,0xF81F,0xF81F,0xF81F,0xF81F,0xF81F,
    0xF81F,0xF81F,0xF81F,0xF81F,0xF81F,0xF81F,0xF81F,0xF81F,
    0x04C0,0x07E0,0x07E0,0x07C0,0x07E0,0x07E0,0x07E0,0x0760,
    0x0760,0x07E0,0x07E0,0x07E0,0x07C0,0x07E0,0x07E0,0x0620,
    0xF81F,0xF81F,0xF81F,0xF81F,0xF81F,0xF81F,0xF81F,0xF81F,
    0xF81F,0xF81F,0xF81F,0xF81F,0xF81F,0xF81F,0xF81F,0x04C0,
    0x07E0,0x07C0,0x07E0,0x07E0,0x0680,0x03A0,0x01A0,0xF81F,
    0xF81F,0x0140,0x0300,0x05C0,0x07E0,0x07E0,0x07C0,0x07E0,
    0x0640,0xF81F,0xF81F,0xF81F,0xF81F,0xF81F,0xF81F,0xF81F,
    0xF81F,0xF81F,0xF81F,0xF81F,0xF81F,0xF81F,0x0300,0x07E0,
    0x07C0,0x07E0,0x07C0,0x0380,0xF81F,0xF81F,0xF81F,0xF81F,
    0xF81F,0xF81F,0xF81F,0xF81F,0x0240,0x0720,0x07E0,0x07C0,
    0x07E0,0x04E0,0xF81F,0xF81F,0xF81F,0xF81F,0xF81F,0xF81F,
    0xF81F,0xF81F,0xF81F,0xF81F,0xF81F,0xF81F,0x0780,0x07E0,
    0x07C0,0x07E0,0x01E0,0xF81F,0xF81F,0xF81F,0xF81F,0xF81F,
    0xF81F,0xF81F,0xF81F,0xF81F,0xF81F,0x00C0,0x06E0,0x07E0,
    0x07C0,0x07E0,0x0200,0xF81F,0xF81F,0xF81F,0xF81F,0xF81F,
    0xF81F,0xF81F,0xF81F,0xF81F,0xF81F,0x03E0,0x07E0,0x07C0,
    0x07E0,0x0380,0xF81F,0xF81F,0xF81F,0xF81F,0xF81F,0xF81F,
    0xF81F,0xF81F,0xF81F,0xF81F,0xF81F,0xF81F,0x01C0,0x07C0,
    0x07C0,0x07E0,0x05E0,0xF81F,0xF81F,0xF81F,0xF81F,0xF81F,
    0xF81F,0xF81F,0xF81F,0xF81F,0xF81F,0x06C0,0x07E0,0x07E0,
    0x06A0,0xF81F,0xF81F,0xF81F,0xF81F,0xF81F,0xF81F,0xF81F,
    0xF81F,0xF81F,0xF81F,0xF81F,0xF81F,0xF81F,0xF81F,0x04E0,
    0x07E0,0x07C0,0x07C0,0x0100,0xF81F,0xF81F,0xF81F,0xF81F,
    0xF81F,0xF81F,0xF81F,0x01E0,0x0260,0x07E0,0x07C0,0x07E0,
    0x0380,0xF81F,0xF81F,0xF81F,0xF81F,0xF81F,0xF81F,0xF81F,
    0xF81F,0xF81F,0xF81F,0xF81F,0xF81F,0xF81F,0xF81F,0x01A0,
    0x07E0,0x07C0,0x07E0,0x04A0,0xF81F,0xF81F,0xF81F,0xF81F,
    0xF81F,0x0100,0x06A0,0x07E0,0x07E0,0x07E0,0x07E0,0x07C0,
    0x0180,0xF81F,0xF81F,0xF81F,0xF81F,0xF81F,0xF81F,0xF81F,
    0xF81F,0xF81F,0xF81F,0xF81F,0xF81F,0xF81F,0xF81F,0xF81F,
    0x0700,0x07E0,0x07E0,0x07E0,0x0740,0x0280,0xF81F,0xF81F,
    0xF81F,0x04E0,0x07E0,0x07C0,0x07E0,0x07E0,0x07E0,0x0760,
    0xF81F,0xF81F,0xF81F,0xF81F,0xF81F,0xF81F,0xF81F,0xF81F,
    0xF81F,0xF81F,0xF81F,0xF81F,0xF81F,0xF81F,0xF81F,0xF81F,
    0x05E0,0x07E0,0x07E0,0x07C0,0x07E0,0x06E0,0xF81F,0xF81F,
    0xF81F,0x05A0,0x07E0,0x07A0,0x07E0,0x07E0,0x07E0,0x0760,
    0xF81F,0xF81F,0xF81F,0xF81F,0xF81F,0xF81F,0xF81F,0xF81F,
    0xF81F,0xF81F,0xF81F,0xF81F,0xF81F,0xF81F,0xF81F,0xF81F,
    0x05C0,0x07E0,0x07E0,0x07C0,0x07E0,0x0760,0xF81F,0xF81F,
    0xF81F,0x01E0,0x07C0,0x07E0,0x07E0,0x07E0,0x07E0,0x07A0,
    0x0120,0xF81F,0xF81F,0xF81F,0xF81F,0xF81F,0xF81F,0xF81F,
    0xF81F,0xF81F,0xF81F,0xF81F,0xF81F,0xF81F,0xF81F,0xF81F,
    0x06A0,0x07E0,0x07E0,0x07E0,0x07E0,0x03C0,0xF81F,0xF81F,
    0xF81F,0xF81F,0x0160,0x03C0,0x0400,0x07E0,0x07C0,0x07E0,
    0x02E0,0xF81F,0xF81F,0xF81F,0xF81F,0xF81F,0xF81F,0xF81F,
    0xF81F,0xF81F,0xF81F,0xF81F,0xF81F,0xF81F,0xF81F,0x0120,
    0x07C0,0x07C0,0x07E0,0x05E0,0x0220,0xF81F,0xF81F,0xF81F,
    0xF81F,0xF81F,0xF81F,0xF81F,0xF81F,0x0740,0x07E0,0x07E0,
    0x05E0,0xF81F,0xF81F,0xF81F,0xF81F,0xF81F,0xF81F,0xF81F,
    0xF81F,0xF81F,0xF81F,0xF81F,0xF81F,0xF81F,0xF81F,0x0400,
    0x07E0,0x07C0,0x07E0,0x0180,0xF81F,0xF81F,0xF81F,0xF81F,
    0xF81F,0xF81F,0xF81F,0xF81F,0xF81F,0x04E0,0x07E0,0x07C0,
    0x07E0,0x0220,0xF81F,0xF81F,0xF81F,0xF81F,0xF81F,0xF81F,
    0xF81F,0xF81F,0xF81F,0xF81F,0xF81F,0xF81F,0xF81F,0x0740,
    0x07E0,0x07E0,0x06A0,0xF81F,0xF81F,0xF81F,0xF81F,0xF81F,
    0xF81F,0xF81F,0xF81F,0xF81F,0xF81F,0x0140,0x07E0,0x07C0,
    0x07E0,0x0740,0xF81F,0xF81F,0xF81F,0xF81F,0xF81F,0xF81F,
    0xF81F,0xF81F,0xF81F,0xF81F,0xF81F,0xF81F,0x05C0,0x07E0,
    0x07C0,0x07E0,0x02E0,0xF81F,0xF81F,0xF81F,0xF81F,0xF81F,
    0xF81F,0xF81F,0xF81F,0xF81F,0xF81F,0xF81F,0x0460,0x07E0,
    0x07C0,0x07E0,0x06C0,0x01C0,0xF81F,0xF81F,0xF81F,0xF81F,
    0xF81F,0xF81F,0xF81F,0xF81F,0x00C0,0x05C0,0x07E0,0x07C0,
    0x07E0,0x0640,0xF81F,0xF81F,0xF81F,0xF81F,0xF81F,0xF81F,
    0xF81F,0xF81F,0xF81F,0xF81F,0xF81F,0xF81F,0xF81F,0x0620,
    0x07E0,0x07C0,0x07E0,0x07C0,0x04E0,0x01C0,0xF81F,0xF81F,
    0xF81F,0xF81F,0x0140,0x03E0,0x0740,0x07E0,0x07C0,0x07E0,
    0x0760,0x0100,0xF81F,0xF81F,0xF81F,0xF81F,0xF81F,0xF81F,
    0xF81F,0xF81F,0xF81F,0xF81F,0xF81F,0xF81F,0xF81F,0xF81F,
    0x0640,0x07E0,0x07C0,0x07E0,0x07E0,0x07E0,0x0700,0x05E0,
    0x05E0,0x06A0,0x07E0,0x07E0,0x07E0,0x07C0,0x07E0,0x0760,
    0x01A0,0xF81F,0xF81F,0xF81F,0xF81F,0xF81F,0xF81F,0xF81F,
    0xF81F,0xF81F,0xF81F,0xF81F,0xF81F,0xF81F,0xF81F,0xF81F,
    0xF81F,0x04C0,0x07E0,0x07E0,0x07E0,0x07C0,0x07E0,0x07E0,
    0x07E0,0x07E0,0x07E0,0x07C0,0x07E0,0x07E0,0x0620,0x0120,
    0xF81F,0xF81F,0xF81F,0xF81F,0xF81F,0xF81F,0xF81F,0xF81F,
    0xF81F,0xF81F,0xF81F,0xF81F,0xF81F,0xF81F,0xF81F,0xF81F,
    0xF81F,0xF81F,0x0220,0x05C0,0x07C0,0x07E0,0x07E0,0x07E0,
    0x07E0,0x07E0,0x07E0,0x07E0,0x0680,0x0300,0xF81F,0xF81F,
    0xF81F,0xF81F,0xF81F,0xF81F,0xF81F,0xF81F,0xF81F,0xF81F,
    0xF81F,0xF81F,0xF81F,0xF81F,0xF81F,0xF81F,0xF81F,0xF81F,
    0xF81F,0xF81F,0xF81F,0xF81F,0x0140,0x03C0,0x07A0,0x07E0,
    0x07E0,0x07E0,0x04E0,0x01C0,0xF81F,0xF81F,0xF81F,0xF81F,
    0xF81F,0xF81F,0xF81F,0xF81F,0xF81F,0xF81F,0xF81F,0xF81F,
    0xF81F,0xF81F,0xF81F,0xF81F,0xF81F,0xF81F,0xF81F,0xF81F,
    0xF81F,0xF81F,0xF81F,0xF81F,0xF81F,0x0180,0x07E0,0x07C0,
    0x07C0,0x07E0,0x0380,0xF81F,0xF81F,0xF81F,0xF81F,0xF81F,
    0xF81F,0xF81F,0xF81F,0xF81F,0xF81F,0xF81F,0xF81F,0xF81F,
    0xF81F,0xF81F,0xF81F,0xF81F,0xF81F,0xF81F,0xF81F,0xF81F,
    0xF81F,0xF81F,0xF81F,0xF81F,0xF81F,0x00E0,0x07A0,0x07E0,
    0x07E0,0x07E0,0x0240,0xF81F,0xF81F,0xF81F,0xF81F,0xF81F,
    0xF81F,0xF81F,0xF81F,0xF81F,0xF81F,0xF81F,0xF81F,0xF81F,
    0xF81F,0xF81F,0xF81F,0xF81F,0xF81F,0xF81F,0xF81F,0xF81F,
    0xF81F,0xF81F,0xF81F,0xF81F,0xF81F,0xF81F,0x0260,0x0680,
    0x0700,0x03C0,0xF81F,0xF81F,0xF81F,0xF81F,0xF81F,0xF81F,
    0xF81F,0xF81F,0xF81F,0xF81F,0xF81F,0xF81F,0xF81F,0xF81F,
    0xF81F,0xF81F,0xF81F,0xF81F,0xF81F,0xF81F,0xF81F,0xF81F,
    0xF81F,0xF81F,0xF81F,0xF81F,0xF81F,0xF81F,0xF81F,0xF81F,
    0xF81F,0xF81F,0xF81F,0xF81F,0xF81F,0xF81F,0xF81F,0xF81F,
    0xF81F,0xF81F,0xF81F,0xF81F,0xF81F,0xF81F,0xF81F,0xF81F,
};

// DESK LAMP
static const uint16_t item_icon_cos_lamp[32 * 32] PROGMEM = {
    0xF81F,0xF81F,0xF81F,0xF81F,0xF81F,0xF81F,0xF81F,0xF81F,
    0xF81F,0xF81F,0xF81F,0xF81F,0xF81F,0xF81F,0xF81F,0xF81F,
    0xF81F,0xF81F,0xF81F,0xF81F,0xF81F,0xF81F,0xF81F,0xF81F,
    0xF81F,0xF81F,0xF81F,0xF81F,0xF81F,0xF81F,0xF81F,0xF81F,
    0xF81F,0xF81F,0xF81F,0xF81F,0xF81F,0xF81F,0xF81F,0xF81F,
    0xF81F,0xF81F,0xF81F,0xF81F,0xF81F,0xF81F,0xF81F,0xF81F,
    0xF81F,0xF81F,0xF81F,0xF81F,0xF81F,0xF81F,0xF81F,0xF81F,
    0xF81F,0xF81F,0xF81F,0xF81F,0xF81F,0xF81F,0xF81F,0xF81F,
    0xF81F,0xF81F,0xF81F,0xF81F,0xF81F,0xF81F,0xF81F,0xF81F,
    0xF81F,0xF81F,0xF81F,0xF81F,0xF81F,0xF81F,0xF81F,0xF81F,
    0xF81F,0xF81F,0xF81F,0xF81F,0xF81F,0xF81F,0xF81F,0xF81F,
    0xF81F,0xF81F,0xF81F,0xF81F,0xF81F,0xF81F,0xF81F,0xF81F,
    0xF81F,0xF81F,0xF81F,0xF81F,0xF81F,0xF81F,0xF81F,0xF81F,
    0xF81F,0xF81F,0xF81F,0xF81F,0xF81F,0xF81F,0xF81F,0xF81F,
    0xF81F,0xF81F,0xF81F,0xF81F,0xF81F,0xF81F,0xF81F,0xF81F,
    0xF81F,0xF81F,0xF81F,0xF81F,0xF81F,0xF81F,0xF81F,0xF81F,
    0xF81F,0xF81F,0xF81F,0xF81F,0xF81F,0xF81F,0xF81F,0xF81F,
    0xF81F,0xF81F,0xF81F,0xF81F,0xF81F,0xF81F,0xF81F,0xF81F,
    0xF81F,0xF81F,0xF81F,0xF81F,0xF81F,0xF81F,0xF81F,0xF81F,
    0xF81F,0xF81F,0xF81F,0xF81F,0xF81F,0xF81F,0xF81F,0xF81F,
    0xF81F,0xF81F,0xF81F,0xF81F,0xF81F,0xF81F,0xF81F,0xF81F,
    0x2940,0xE720,0xEF60,0xEF60,0xEF60,0xEF60,0xEF60,0xEF60,
    0xEF60,0xEF60,0xEF60,0xEF60,0xEF60,0xEF60,0xEF60,0x5AE0,
    0xF81F,0xF81F,0xF81F,0xF81F,0xF81F,0xF81F,0xF81F,0xF81F,
    0xF81F,0xF81F,0xF81F,0xF81F,0xF81F,0xF81F,0xF81F,0xF81F,
    0x8C60,0xFFE0,0xFFE0,0xFFE0,0xFFE0,0xFFE0,0xFFE0,0xFFE0,
    0xFFE0,0xFFE0,0xFFE0,0xFFE0,0xFFE0,0xFFE0,0xFFE0,0xCE40,
    0xF81F,0xF81F,0xF81F,0xF81F,0xF81F,0xF81F,0xF81F,0xF81F,
    0xF81F,0xF81F,0xF81F,0xF81F,0xF81F,0xF81F,0xF81F,0xF81F,
    0xDEC0,0xFFE0,0xFFE0,0xFFE0,0xFFE0,0xFFE0,0xFFE0,0xFFE0,
    0xFFE0,0xFFE0,0xFFE0,0xFFE0,0xFFE0,0xFFE0,0xFFE0,0xFFC0,
    0x2940,0xF81F,0xF81F,0xF81F,0xF81F,0xF81F,0xF81F,0xF81F,
    0xF81F,0xF81F,0xF81F,0xF81F,0xF81F,0xF81F,0xF81F,0x4A40,
    0xFFE0,0xFFE0,0xFFE0,0xFFE0,0xFFE0,0xFFE0,0xFFE0,0xFFE0,
    0xFFE0,0xFFE0,0xFFE0,0xFFE0,0xFFE0,0xFFE0,0xFFC0,0xFFE0,
    0x8C40,0xF81F,0xF81F,0xF81F,0xF81F,0xF81F,0xF81F,0xF81F,
    0xF81F,0xF81F,0xF81F,0xF81F,0xF81F,0xF81F,0xF81F,0xA520,
    0xFFE0,0xFFC0,0xFFE0,0xFFE0,0xFFE0,0xFFE0,0xFFE0,0xFFE0,
    0xFFE0,0xFFE0,0xFFE0,0xFFE0,0xFFE0,0xFFE0,0xFFE0,0xFFE0,
    0xDEC0,0xF81F,0xF81F,0xF81F,0xF81F,0xF81F,0xF81F,0xF81F,
    0xF81F,0xF81F,0xF81F,0xF81F,0xF81F,0xF81F,0x18C0,0xF780,
    0xFFE0,0xFFE0,0xFFE0,0xFFE0,0xFFE0,0xFFE0,0xFFE0,0xFFE0,
    0xFFE0,0xFFE0,0xFFE0,0xFFE0,0xFFE0,0xFFE0,0xFFE0,0xFFE0,
    0xFFE0,0x4A60,0xF81F,0xF81F,0xF81F,0xF81F,0xF81F,0xF81F,
    0xF81F,0xF81F,0xF81F,0xF81F,0xF81F,0xF81F,0x73A0,0xFFE0,
    0xFFC0,0xFFE0,0xFFE0,0xFFE0,0xFFE0,0xFFE0,0xFFE0,0xFFE0,
    0xFFE0,0xFFE0,0xFFE0,0xFFE0,0xFFE0,0xFFE0,0xFFE0,0xFFE0,
    0xFFE0,0xB5A0,0xF81F,0xF81F,0xF81F,0xF81F,0xF81F,0xF81F,
    0xF81F,0xF81F,0xF81F,0xF81F,0xF81F,0xF81F,0xCE40,0xFFE0,
    0xFFE0,0xFFE0,0xFFE0,0xFFE0,0xFFE0,0xFFE0,0xFFE0,0xFFE0,
    0xFFE0,0xFFE0,0xFFE0,0xFFE0,0xFFE0,0xFFE0,0xFFE0,0xFFE0,
    0xFFE0,0xF780,0x18C0,0xF81F,0xF81F,0xF81F,0xF81F,0xF81F,
    0xF81F,0xF81F,0xF81F,0xF81F,0xF81F,0x31A0,0xFFC0,0xFFC0,
    0xFFE0,0xFFE0,0xFFE0,0xFFE0,0xFFE0,0xFFE0,0xFFC0,0xFFE0,
    0xFFE0,0xFFE0,0xFFE0,0xFFE0,0xFFE0,0xFFE0,0xFFE0,0xFFE0,
    0xFFC0,0xFFE0,0x7380,0xF81F,0xF81F,0xF81F,0xF81F,0xF81F,
    0xF81F,0xF81F,0xF81F,0xF81F,0xF81F,0x9CC0,0xFFE0,0xFFE0,
    0xFFE0,0xFFE0,0xFFE0,0xFFE0,0xFFE0,0xFFE0,0xFFE0,0xFFE0,
    0xFFE0,0xFFE0,0xFFE0,0xFFE0,0xFFE0,0xFFE0,0xFFE0,0xFFE0,
    0xFFE0,0xFFE0,0xD6A0,0xF81F,0xF81F,0xF81F,0xF81F,0xF81F,
    0xF81F,0xF81F,0xF81F,0xF81F,0xF81F,0xAD40,0xBDE0,0xBDE0,
    0xBDE0,0xBDE0,0xBDE0,0xBDE0,0xBDE0,0xBDE0,0xC620,0xDEC0,
    0xDEC0,0xD680,0xBDE0,0xBDE0,0xBDE0,0xBDE0,0xBDE0,0xBDE0,
    0xBDE0,0xBDE0,0xBDE0,0x2120,0xF81F,0xF81F,0xF81F,0xF81F,
    0xF81F,0xF81F,0xF81F,0xF81F,0xF81F,0xF81F,0xF81F,0xF81F,
    0xF81F,0xF81F,0xF81F,0xF81F,0xF81F,0xF81F,0x2100,0xB580,
    0xB5A0,0x7BE0,0xF81F,0xF81F,0xF81F,0xF81F,0xF81F,0xF81F,
    0xF81F,0xF81F,0xF81F,0xF81F,0xF81F,0xF81F,0xF81F,0xF81F,
    0xF81F,0xF81F,0xF81F,0xF81F,0xF81F,0xF81F,0xF81F,0xF81F,
    0xF81F,0xF81F,0xF81F,0xF81F,0xF81F,0xF81F,0x2960,0xBDC0,
    0xBDC0,0x8420,0xF81F,0xF81F,0xF81F,0xF81F,0xF81F,0xF81F,
    0xF81F,0xF81F,0xF81F,0xF81F,0xF81F,0xF81F,0xF81F,0xF81F,
    0xF81F,0xF81F,0xF81F,0xF81F,0xF81F,0xF81F,0xF81F,0xF81F,
    0xF81F,0xF81F,0xF81F,0xF81F,0xF81F,0xF81F,0x2960,0xBDC0,
    0xBDC0,0x8400,0xF81F,0xF81F,0xF81F,0xF81F,0xF81F,0xF81F,
    0xF81F,0xF81F,0xF81F,0xF81F,0xF81F,0xF81F,0xF81F,0xF81F,
    0xF81F,0xF81F,0xF81F,0xF81F,0xF81F,0xF81F,0xF81F,0xF81F,
    0xF81F,0xF81F,0xF81F,0xF81F,0xF81F,0xF81F,0x2960,0xBDC0,
    0xBDC0,0x8400,0xF81F,0xF81F,0xF81F,0xF81F,0xF81F,0xF81F,
    0xF81F,0xF81F,0xF81F,0xF81F,0xF81F,0xF81F,0xF81F,0xF81F,
    0xF81F,0xF81F,0xF81F,0xF81F,0xF81F,0xF81F,0xF81F,0xF81F,
    0xF81F,0xF81F,0xF81F,0xF81F,0xF81F,0xF81F,0x2960,0xBDC0,
    0xBDC0,0x8400,0xF81F,0xF81F,0xF81F,0xF81F,0xF81F,0xF81F,
    0xF81F,0xF81F,0xF81F,0xF81F,0xF81F,0xF81F,0xF81F,0xF81F,
    0xF81F,0xF81F,0xF81F,0xF81F,0xF81F,0xF81F,0xF81F,0xF81F,
    0xF81F,0xF81F,0xF81F,0xF81F,0xF81F,0xF81F,0x2960,0xBDC0,
    0xBDC0,0x8400,0xF81F,0xF81F,0xF81F,0xF81F,0xF81F,0xF81F,
    0xF81F,0xF81F,0xF81F,0xF81F,0xF81F,0xF81F,0xF81F,0xF81F,
    0xF81F,0xF81F,0xF81F,0xF81F,0xF81F,0xF81F,0xF81F,0xF81F,
    0xF81F,0xF81F,0xF81F,0xF81F,0xF81F,0xF81F,0x2960,0xBDC0,
    0xBDC0,0x8400,0xF81F,0xF81F,0xF81F,0xF81F,0xF81F,0xF81F,
    0xF81F,0xF81F,0xF81F,0xF81F,0xF81F,0xF81F,0xF81F,0xF81F,
    0xF81F,0xF81F,0xF81F,0xF81F,0xF81F,0xF81F,0xF81F,0xF81F,
    0xF81F,0xF81F,0xF81F,0xF81F,0xF81F,0xF81F,0x2960,0xBDC0,
    0xBDC0,0x8400,0xF81F,0xF81F,0xF81F,0xF81F,0xF81F,0xF81F,
    0xF81F,0xF81F,0xF81F,0xF81F,0xF81F,0xF81F,0xF81F,0xF81F,
    0xF81F,0xF81F,0xF81F,0xF81F,0xF81F,0xF81F,0xF81F,0xF81F,
    0xF81F,0xF81F,0xF81F,0xF81F,0xF81F,0xF81F,0x2940,0xBDC0,
    0xBDC0,0x8400,0xF81F,0xF81F,0xF81F,0xF81F,0xF81F,0xF81F,
    0xF81F,0xF81F,0xF81F,0xF81F,0xF81F,0xF81F,0xF81F,0xF81F,
    0xF81F,0xF81F,0xF81F,0xF81F,0xF81F,0xF81F,0xF81F,0xF81F,
    0xF81F,0xF81F,0xF81F,0xF81F,0xF81F,0xF81F,0x31A0,0xBDC0,
    0xBDC0,0x8420,0xF81F,0xF81F,0xF81F,0xF81F,0xF81F,0xF81F,
    0xF81F,0xF81F,0xF81F,0xF81F,0xF81F,0xF81F,0xF81F,0xF81F,
    0xF81F,0xF81F,0xF81F,0xF81F,0xF81F,0xF81F,0xF81F,0xF81F,
    0x5280,0xB580,0xA500,0xA520,0xA520,0xA520,0xAD40,0xB580,
    0xB580,0xAD60,0xA520,0xA520,0xA520,0xA520,0xAD60,0x7BC0,
    0xF81F,0xF81F,0xF81F,0xF81F,0xF81F,0xF81F,0xF81F,0xF81F,
    0xF81F,0xF81F,0xF81F,0xF81F,0xF81F,0xF81F,0xF81F,0xF81F,
    0x5AC0,0xC600,0xAD60,0xB580,0xB580,0xB580,0xB580,0xAD60,
    0xAD60,0xB580,0xB580,0xB580,0xB580,0xB580,0xBDE0,0x8420,
    0xF81F,0xF81F,0xF81F,0xF81F,0xF81F,0xF81F,0xF81F,0xF81F,
    0xF81F,0xF81F,0xF81F,0xF81F,0xF81F,0xF81F,0xF81F,0xF81F,
    0x5AE0,0xC620,0xB5A0,0xBDC0,0xBDC0,0xBDC0,0xBDC0,0xBDC0,
    0xBDC0,0xBDC0,0xBDC0,0xBDC0,0xBDC0,0xB5A0,0xC620,0x8C40,
    0xF81F,0xF81F,0xF81F,0xF81F,0xF81F,0xF81F,0xF81F,0xF81F,
    0xF81F,0xF81F,0xF81F,0xF81F,0xF81F,0xF81F,0xF81F,0xF81F,
    0x10A0,0x3180,0x2960,0x2960,0x2960,0x2960,0x2960,0x2960,
    0x2960,0x2960,0x2960,0x2960,0x2960,0x2960,0x2960,0x2100,
    0xF81F,0xF81F,0xF81F,0xF81F,0xF81F,0xF81F,0xF81F,0xF81F,
    0xF81F,0xF81F,0xF81F,0xF81F,0xF81F,0xF81F,0xF81F,0xF81F,
    0xF81F,0xF81F,0xF81F,0xF81F,0xF81F,0xF81F,0xF81F,0xF81F,
    0xF81F,0xF81F,0xF81F,0xF81F,0xF81F,0xF81F,0xF81F,0xF81F,
    0xF81F,0xF81F,0xF81F,0xF81F,0xF81F,0xF81F,0xF81F,0xF81F,
    0xF81F,0xF81F,0xF81F,0xF81F,0xF81F,0xF81F,0xF81F,0xF81F,
    0xF81F,0xF81F,0xF81F,0xF81F,0xF81F,0xF81F,0xF81F,0xF81F,
    0xF81F,0xF81F,0xF81F,0xF81F,0xF81F,0xF81F,0xF81F,0xF81F,
    0xF81F,0xF81F,0xF81F,0xF81F,0xF81F,0xF81F,0xF81F,0xF81F,
};

// STATIC RUG
static const uint16_t item_icon_cos_rug[32 * 32] PROGMEM = {
    0xF81F,0xF81F,0xF81F,0xF81F,0xF81F,0xF81F,0xF81F,0xF81F,
    0xF81F,0xF81F,0xF81F,0xF81F,0xF81F,0xF81F,0xF81F,0xF81F,
    0xF81F,0xF81F,0xF81F,0xF81F,0xF81F,0xF81F,0xF81F,0xF81F,
    0xF81F,0xF81F,0xF81F,0xF81F,0xF81F,0xF81F,0xF81F,0xF81F,
    0xF81F,0xF81F,0xF81F,0xF81F,0xF81F,0xF81F,0xF81F,0xF81F,
    0xF81F,0xF81F,0xF81F,0xF81F,0xF81F,0xF81F,0xF81F,0xF81F,
    0xF81F,0xF81F,0xF81F,0xF81F,0xF81F,0xF81F,0xF81F,0xF81F,
    0xF81F,0xF81F,0xF81F,0xF81F,0xF81F,0xF81F,0xF81F,0xF81F,
    0xF81F,0xF81F,0xF81F,0xF81F,0xF81F,0xF81F,0xF81F,0xF81F,
    0xF81F,0xF81F,0xF81F,0xF81F,0xF81F,0xF81F,0xF81F,0xF81F,
    0xF81F,0xF81F,0xF81F,0xF81F,0xF81F,0xF81F,0xF81F,0xF81F,
    0xF81F,0xF81F,0xF81F,0xF81F,0xF81F,0xF81F,0xF81F,0xF81F,
    0xF81F,0xF81F,0xF81F,0xF81F,0xF81F,0xF81F,0xF81F,0xF81F,
    0xF81F,0xF81F,0xF81F,0xF81F,0xF81F,0xF81F,0xF81F,0xF81F,
    0xF81F,0xF81F,0xF81F,0xF81F,0xF81F,0xF81F,0xF81F,0xF81F,
    0xF81F,0xF81F,0xF81F,0xF81F,0xF81F,0xF81F,0xF81F,0xF81F,
    0xF81F,0xF81F,0xF81F,0xF81F,0xF81F,0xF81F,0xF81F,0xF81F,
    0xF81F,0xF81F,0xF81F,0xF81F,0xF81F,0xF81F,0xF81F,0xF81F,
    0xF81F,0xF81F,0xF81F,0xF81F,0xF81F,0xF81F,0xF81F,0xF81F,
    0xF81F,0xF81F,0xF81F,0xF81F,0xF81F,0xF81F,0xF81F,0xF81F,
    0xF81F,0xF81F,0xF81F,0xF81F,0xF81F,0xF81F,0xF81F,0xF81F,
    0xF81F,0xF81F,0xF81F,0xF81F,0xF81F,0xF81F,0xF81F,0xF81F,
    0xF81F,0xF81F,0xF81F,0xF81F,0xF81F,0xF81F,0xF81F,0xF81F,
    0xF81F,0xF81F,0xF81F,0xF81F,0xF81F,0xF81F,0xF81F,0xF81F,
    0xF81F,0xF81F,0xF81F,0xF81F,0xF81F,0xF81F,0xF81F,0xF81F,
    0xF81F,0xF81F,0xF81F,0xF81F,0xF81F,0xF81F,0xF81F,0xF81F,
    0xF81F,0xF81F,0xF81F,0xF81F,0xF81F,0xF81F,0xF81F,0xF81F,
    0xF81F,0xF81F,0xF81F,0xF81F,0xF81F,0xF81F,0xF81F,0xF81F,
    0xF81F,0xF81F,0xF81F,0xF81F,0xF81F,0xF81F,0xF81F,0xF81F,
    0xF81F,0xF81F,0xF81F,0xF81F,0xF81F,0xF81F,0xF81F,0xF81F,
    0xF81F,0xF81F,0xF81F,0xF81F,0xF81F,0xF81F,0xF81F,0xF81F,
    0xF81F,0xF81F,0xF81F,0xF81F,0xF81F,0xF81F,0xF81F,0xF81F,
    0xF81F,0xF81F,0xF81F,0xF81F,0xF81F,0x2945,0x4208,0x4208,
    0x4208,0x4208,0x4208,0x4208,0x4208,0x4208,0x4208,0x4208,
    0x4208,0x4208,0x4208,0x4208,0x4208,0x4208,0x4208,0x4208,
    0x4208,0x4208,0x3186,0xF81F,0xF81F,0xF81F,0xF81F,0xF81F,
    0xF81F,0xF81F,0xF81F,0x10A2,0x6B4D,0x8C71,0x8C31,0x8C51,
    0x8C51,0x8C51,0x8C51,0x8C51,0x8C51,0x8C51,0x8C51,0x8C51,
    0x8C51,0x8C51,0x8C51,0x8C51,0x8C51,0x8C51,0x8C51,0x8C51,
    0x8C51,0x8C31,0x8C51,0x7BCF,0x2124,0xF81F,0xF81F,0xF81F,
    0xF81F,0xF81F,0xF81F,0x6B4D,0x8C51,0x4A69,0x41E8,0x4208,
    0x4208,0x4208,0x4208,0x4208,0x4208,0x4208,0x4208,0x4208,
    0x4208,0x4208,0x4208,0x4208,0x4208,0x4208,0x4208,0x4208,
    0x4208,0x4208,0x4228,0x7BCF,0x8410,0x1082,0xF81F,0xF81F,
    0xF81F,0xF81F,0x2925,0x8C51,0x5AAB,0x9492,0xA4F4,0x9CF3,
    0x9CF3,0x9CF3,0x9CF3,0x9CF3,0x9CF3,0x9CF3,0x9CF3,0x9CF3,
    0x9CF3,0x9CF3,0x9CF3,0x9CF3,0x9CF3,0x9CF3,0x9CF3,0x9CF3,
    0x9CF3,0x9CD3,0xA4F4,0x5AEB,0x8410,0x4A49,0xF81F,0xF81F,
    0xF81F,0xF81F,0x4208,0x8430,0x4A49,0x6B2D,0x6B4D,0x6B4D,
    0x6B4D,0x6B4D,0x6B4D,0x6B4D,0x6B4D,0x6B4D,0x6B4D,0x6B4D,
    0x6B4D,0x6B4D,0x6B4D,0x6B4D,0x6B4D,0x6B4D,0x6B4D,0x6B4D,
    0x6B4D,0x6B4D,0x6B6D,0x4A49,0x73AE,0x632C,0xF81F,0xF81F,
    0xF81F,0xF81F,0x4208,0x8C31,0x4A29,0x39A7,0x39A7,0x39C7,
    0x39C7,0x39C7,0x39C7,0x39C7,0x39C7,0x39C7,0x39C7,0x39C7,
    0x39C7,0x39C7,0x39C7,0x39C7,0x39C7,0x39C7,0x39C7,0x39C7,
    0x39C7,0x39C7,0x39C7,0x41E8,0x7BCF,0x630C,0xF81F,0xF81F,
    0xF81F,0xF81F,0x4208,0x8C31,0x4A49,0x6B2D,0x6B4D,0x6B4D,
    0x6B4D,0x6B4D,0x6B4D,0x6B4D,0x6B4D,0x6B4D,0x6B4D,0x6B4D,
    0x6B4D,0x6B4D,0x6B4D,0x6B4D,0x6B4D,0x6B4D,0x6B4D,0x6B4D,
    0x6B4D,0x6B4D,0x6B6D,0x4A49,0x7BAF,0x630C,0xF81F,0xF81F,
    0xF81F,0xF81F,0x4208,0x8430,0x4A69,0x9CB3,0xA4F4,0xA4F4,
    0xA4F4,0xA4F4,0xA4F4,0xA4F4,0xA4F4,0xA4F4,0xA4F4,0xA4F4,
    0xA4F4,0xA4F4,0xA4F4,0xA4F4,0xA4F4,0xA4F4,0xA4F4,0xA4F4,
    0xA4F4,0x9CF3,0xA514,0x5AAB,0x73AE,0x632C,0xF81F,0xF81F,
    0xF81F,0xF81F,0x4208,0x8C31,0x4A29,0x4208,0x4208,0x4208,
    0x4208,0x4208,0x4208,0x4208,0x4208,0x4208,0x4208,0x4208,
    0x4208,0x4208,0x4208,0x4208,0x4208,0x4208,0x4208,0x4208,
    0x4208,0x4208,0x4208,0x4208,0x7BCF,0x630C,0xF81F,0xF81F,
    0xF81F,0xF81F,0x4208,0x8C31,0x4A29,0x4208,0x4208,0x4208,
    0x4208,0x4208,0x4208,0x4208,0x4208,0x4208,0x4208,0x4208,
    0x4208,0x4208,0x4208,0x4208,0x4208,0x4208,0x4208,0x4208,
    0x4208,0x4208,0x4208,0x4208,0x7BCF,0x630C,0xF81F,0xF81F,
    0xF81F,0xF81F,0x4208,0x8430,0x4A69,0x9CB3,0xA4F4,0xA4F4,
    0xA4F4,0xA4F4,0xA4F4,0xA4F4,0xA4F4,0xA4F4,0xA4F4,0xA4F4,
    0xA4F4,0xA4F4,0xA4F4,0xA4F4,0xA4F4,0xA4F4,0xA4F4,0xA4F4,
    0xA4F4,0x9CF3,0xA514,0x5AAB,0x73AE,0x632C,0xF81F,0xF81F,
    0xF81F,0xF81F,0x4208,0x8C31,0x4A49,0x6B2D,0x6B4D,0x6B4D,
    0x6B4D,0x6B4D,0x6B4D,0x6B4D,0x6B4D,0x6B4D,0x6B4D,0x6B4D,
    0x6B4D,0x6B4D,0x6B4D,0x6B4D,0x6B4D,0x6B4D,0x6B4D,0x6B4D,
    0x6B4D,0x6B4D,0x6B6D,0x4A49,0x7BAF,0x630C,0xF81F,0xF81F,
    0xF81F,0xF81F,0x4208,0x8C31,0x4228,0x39C7,0x39C7,0x39C7,
    0x39C7,0x39C7,0x39C7,0x39C7,0x39C7,0x39C7,0x39C7,0x39C7,
    0x39C7,0x39C7,0x39C7,0x39C7,0x39C7,0x39C7,0x39C7,0x39C7,
    0x39C7,0x39C7,0x39C7,0x39E7,0x7BCF,0x630C,0xF81F,0xF81F,
    0xF81F,0xF81F,0x18E3,0x8C51,0x62EC,0x630C,0x6B2D,0x6B2D,
    0x6B2D,0x6B2D,0x6B2D,0x6B2D,0x6B2D,0x6B2D,0x6B2D,0x6B2D,
    0x6B2D,0x6B2D,0x6B2D,0x6B2D,0x6B2D,0x6B2D,0x6B2D,0x6B2D,
    0x6B2D,0x6B2D,0x6B2D,0x5AAB,0x8C51,0x39E7,0xF81F,0xF81F,
    0xF81F,0xF81F,0xF81F,0x52AA,0x9492,0xAD55,0xAD55,0xAD55,
    0xAD55,0xAD55,0xAD55,0xAD55,0xAD55,0xAD55,0xAD55,0xAD55,
    0xAD55,0xAD55,0xAD55,0xAD55,0xAD55,0xAD55,0xAD55,0xAD55,
    0xAD55,0xAD55,0xAD75,0x9CB3,0x736E,0xF81F,0xF81F,0xF81F,
    0xF81F,0xF81F,0xF81F,0xF81F,0x4A49,0x7BCF,0x8410,0x8410,
    0x8410,0x8410,0x8410,0x8410,0x8410,0x8410,0x8410,0x8410,
    0x8410,0x8410,0x8410,0x8410,0x8410,0x8410,0x8410,0x8410,
    0x8410,0x8430,0x83F0,0x5AEB,0x1082,0xF81F,0xF81F,0xF81F,
    0xF81F,0xF81F,0xF81F,0xF81F,0xF81F,0x0861,0x2104,0x2104,
    0x2104,0x2104,0x2104,0x2104,0x2104,0x2104,0x2104,0x2104,
    0x2104,0x2104,0x2104,0x2104,0x2104,0x2104,0x2104,0x2104,
    0x2104,0x2104,0x10A2,0xF81F,0xF81F,0xF81F,0xF81F,0xF81F,
    0xF81F,0xF81F,0xF81F,0xF81F,0xF81F,0xF81F,0xF81F,0xF81F,
    0xF81F,0xF81F,0xF81F,0xF81F,0xF81F,0xF81F,0xF81F,0xF81F,
    0xF81F,0xF81F,0xF81F,0xF81F,0xF81F,0xF81F,0xF81F,0xF81F,
    0xF81F,0xF81F,0xF81F,0xF81F,0xF81F,0xF81F,0xF81F,0xF81F,
    0xF81F,0xF81F,0xF81F,0xF81F,0xF81F,0xF81F,0xF81F,0xF81F,
    0xF81F,0xF81F,0xF81F,0xF81F,0xF81F,0xF81F,0xF81F,0xF81F,
    0xF81F,0xF81F,0xF81F,0xF81F,0xF81F,0xF81F,0xF81F,0xF81F,
    0xF81F,0xF81F,0xF81F,0xF81F,0xF81F,0xF81F,0xF81F,0xF81F,
    0xF81F,0xF81F,0xF81F,0xF81F,0xF81F,0xF81F,0xF81F,0xF81F,
    0xF81F,0xF81F,0xF81F,0xF81F,0xF81F,0xF81F,0xF81F,0xF81F,
    0xF81F,0xF81F,0xF81F,0xF81F,0xF81F,0xF81F,0xF81F,0xF81F,
    0xF81F,0xF81F,0xF81F,0xF81F,0xF81F,0xF81F,0xF81F,0xF81F,
    0xF81F,0xF81F,0xF81F,0xF81F,0xF81F,0xF81F,0xF81F,0xF81F,
    0xF81F,0xF81F,0xF81F,0xF81F,0xF81F,0xF81F,0xF81F,0xF81F,
    0xF81F,0xF81F,0xF81F,0xF81F,0xF81F,0xF81F,0xF81F,0xF81F,
    0xF81F,0xF81F,0xF81F,0xF81F,0xF81F,0xF81F,0xF81F,0xF81F,
    0xF81F,0xF81F,0xF81F,0xF81F,0xF81F,0xF81F,0xF81F,0xF81F,
    0xF81F,0xF81F,0xF81F,0xF81F,0xF81F,0xF81F,0xF81F,0xF81F,
    0xF81F,0xF81F,0xF81F,0xF81F,0xF81F,0xF81F,0xF81F,0xF81F,
    0xF81F,0xF81F,0xF81F,0xF81F,0xF81F,0xF81F,0xF81F,0xF81F,
    0xF81F,0xF81F,0xF81F,0xF81F,0xF81F,0xF81F,0xF81F,0xF81F,
    0xF81F,0xF81F,0xF81F,0xF81F,0xF81F,0xF81F,0xF81F,0xF81F,
    0xF81F,0xF81F,0xF81F,0xF81F,0xF81F,0xF81F,0xF81F,0xF81F,
    0xF81F,0xF81F,0xF81F,0xF81F,0xF81F,0xF81F,0xF81F,0xF81F,
    0xF81F,0xF81F,0xF81F,0xF81F,0xF81F,0xF81F,0xF81F,0xF81F,
    0xF81F,0xF81F,0xF81F,0xF81F,0xF81F,0xF81F,0xF81F,0xF81F,
    0xF81F,0xF81F,0xF81F,0xF81F,0xF81F,0xF81F,0xF81F,0xF81F,
    0xF81F,0xF81F,0xF81F,0xF81F,0xF81F,0xF81F,0xF81F,0xF81F,
};

// FARADAY POSTER
static const uint16_t item_icon_cos_poster[32 * 32] PROGMEM = {
    0xF81F,0xF81F,0xF81F,0xF81F,0xF81F,0xF81F,0xF81F,0xF81F,
    0xF81F,0xF81F,0xF81F,0xF81F,0xF81F,0xF81F,0xF81F,0xF81F,
    0xF81F,0xF81F,0xF81F,0xF81F,0xF81F,0xF81F,0xF81F,0xF81F,
    0xF81F,0xF81F,0xF81F,0xF81F,0xF81F,0xF81F,0xF81F,0xF81F,
    0xF81F,0xF81F,0xF81F,0xF81F,0xF81F,0xF81F,0xF81F,0xF81F,
    0xF81F,0xF81F,0xF81F,0xF81F,0xF81F,0xF81F,0xF81F,0xF81F,
    0xF81F,0xF81F,0xF81F,0xF81F,0xF81F,0xF81F,0xF81F,0xF81F,
    0xF81F,0xF81F,0xF81F,0xF81F,0xF81F,0xF81F,0xF81F,0xF81F,
    0xF81F,0xF81F,0xF81F,0xF81F,0xF81F,0xF81F,0xF81F,0xF81F,
    0xF81F,0xF81F,0xF81F,0xF81F,0xF81F,0xF81F,0xF81F,0xF81F,
    0xF81F,0xF81F,0xF81F,0xF81F,0xF81F,0xF81F,0xF81F,0xF81F,
    0xF81F,0xF81F,0xF81F,0xF81F,0xF81F,0xF81F,0xF81F,0xF81F,
    0xF81F,0xF81F,0xF81F,0xF81F,0xF81F,0xF81F,0x06FB,0x077D,
    0x077D,0x077D,0x077D,0x077D,0x077D,0x077D,0x077D,0x077D,
    0x077D,0x077D,0x077D,0x077D,0x077D,0x077D,0x077D,0x077D,
    0x077D,0x077D,0x01E7,0xF81F,0xF81F,0xF81F,0xF81F,0xF81F,
    0xF81F,0xF81F,0xF81F,0xF81F,0xF81F,0xF81F,0x079E,0x06DB,
    0x0514,0x0534,0x0638,0x079E,0x0534,0x0575,0x0534,0x0638,
    0x079E,0x0534,0x0575,0x0534,0x0638,0x079E,0x0534,0x0534,
    0x05F7,0x07FF,0x0208,0xF81F,0xF81F,0xF81F,0xF81F,0xF81F,
    0xF81F,0xF81F,0xF81F,0xF81F,0xF81F,0xF81F,0x077D,0x0514,
    0x0186,0x0186,0x03CF,0x06BA,0x0186,0x0208,0x0186,0x03CF,
    0x06BA,0x0186,0x0208,0x0186,0x03CF,0x06BA,0x01A6,0x01A6,
    0x036D,0x07FF,0x01E7,0xF81F,0xF81F,0xF81F,0xF81F,0xF81F,
    0xF81F,0xF81F,0xF81F,0xF81F,0xF81F,0xF81F,0x077D,0x0575,
    0x0228,0x0249,0x0430,0x06DB,0x0228,0x02AA,0x0228,0x0430,
    0x06DB,0x0228,0x02AA,0x0228,0x0430,0x06DB,0x0249,0x0249,
    0x03CF,0x07FF,0x01E7,0xF81F,0xF81F,0xF81F,0xF81F,0xF81F,
    0xF81F,0xF81F,0xF81F,0xF81F,0xF81F,0xF81F,0x077D,0x0534,
    0x01A6,0x01C7,0x03EF,0x06BA,0x01C7,0x0228,0x01A6,0x03EF,
    0x06BA,0x01C7,0x0228,0x01A6,0x03EF,0x06BA,0x01C7,0x01C7,
    0x038E,0x07FF,0x01E7,0xF81F,0xF81F,0xF81F,0xF81F,0xF81F,
    0xF81F,0xF81F,0xF81F,0xF81F,0xF81F,0xF81F,0x077D,0x077D,
    0x06BA,0x06BA,0x073C,0x07BE,0x06BA,0x06DB,0x06BA,0x073C,
    0x07BE,0x06BA,0x06DB,0x06BA,0x073C,0x07BE,0x06BA,0x06BA,
    0x071C,0x07FF,0x0208,0xF81F,0xF81F,0xF81F,0xF81F,0xF81F,
    0xF81F,0xF81F,0xF81F,0xF81F,0xF81F,0xF81F,0x077D,0x0638,
    0x03CF,0x03EF,0x0555,0x073C,0x03EF,0x0430,0x03CF,0x0555,
    0x073C,0x03EF,0x0430,0x03CF,0x0555,0x073C,0x03EF,0x03EF,
    0x0514,0x07FF,0x01E7,0xF81F,0xF81F,0xF81F,0xF81F,0xF81F,
    0xF81F,0xF81F,0xF81F,0xF81F,0xF81F,0xF81F,0x077D,0x0534,
    0x0186,0x01A6,0x03EF,0x06BA,0x01A6,0x0228,0x0186,0x03EF,
    0x06BA,0x01A6,0x0228,0x0186,0x03EF,0x06BA,0x01C7,0x01C7,
    0x036D,0x07FF,0x01E7,0xF81F,0xF81F,0xF81F,0xF81F,0xF81F,
    0xF81F,0xF81F,0xF81F,0xF81F,0xF81F,0xF81F,0x077D,0x0575,
    0x0228,0x0249,0x0430,0x06DB,0x0228,0x02AA,0x0228,0x0430,
    0x06DB,0x0228,0x02AA,0x0228,0x0430,0x06DB,0x0249,0x0249,
    0x03CF,0x07FF,0x01E7,0xF81F,0xF81F,0xF81F,0xF81F,0xF81F,
    0xF81F,0xF81F,0xF81F,0xF81F,0xF81F,0xF81F,0x077D,0x0534,
    0x0186,0x01A6,0x03EF,0x06BA,0x01A6,0x0228,0x0186,0x03EF,
    0x06BA,0x01A6,0x0228,0x0186,0x03EF,0x06BA,0x01C7,0x01C7,
    0x036D,0x07FF,0x01E7,0xF81F,0xF81F,0xF81F,0xF81F,0xF81F,
    0xF81F,0xF81F,0xF81F,0xF81F,0xF81F,0xF81F,0x077D,0x0638,
    0x03CF,0x03EF,0x0555,0x073C,0x03EF,0x0430,0x03CF,0x0555,
    0x073C,0x03EF,0x0430,0x03CF,0x0555,0x073C,0x03EF,0x03EF,
    0x0514,0x07FF,0x01E7,0xF81F,0xF81F,0xF81F,0xF81F,0xF81F,
    0xF81F,0xF81F,0xF81F,0xF81F,0xF81F,0xF81F,0x077D,0x077D,
    0x06BA,0x06BA,0x073C,0x07BE,0x06BA,0x06DB,0x06BA,0x073C,
    0x07BE,0x06BA,0x06DB,0x06BA,0x073C,0x07BE,0x06BA,0x06BA,
    0x071C,0x07FF,0x0208,0xF81F,0xF81F,0xF81F,0xF81F,0xF81F,
    0xF81F,0xF81F,0xF81F,0xF81F,0xF81F,0xF81F,0x077D,0x0534,
    0x01A6,0x01C7,0x03EF,0x06BA,0x01C7,0x0228,0x01A6,0x03EF,
    0x06BA,0x01C7,0x0228,0x01A6,0x03EF,0x06BA,0x01C7,0x01C7,
    0x038E,0x07FF,0x01E7,0xF81F,0xF81F,0xF81F,0xF81F,0xF81F,
    0xF81F,0xF81F,0xF81F,0xF81F,0xF81F,0xF81F,0x077D,0x0555,
    0x0208,0x0228,0x0430,0x06DB,0x0228,0x028A,0x0208,0x0430,
    0x06DB,0x0228,0x028A,0x0208,0x0430,0x06DB,0x0228,0x0228,
    0x03CF,0x07FF,0x01E7,0xF81F,0xF81F,0xF81F,0xF81F,0xF81F,
    0xF81F,0xF81F,0xF81F,0xF81F,0xF81F,0xF81F,0x077D,0x0555,
    0x0208,0x0228,0x0430,0x06DB,0x0228,0x028A,0x0208,0x0430,
    0x06DB,0x0228,0x028A,0x0208,0x0430,0x06DB,0x0228,0x0228,
    0x03CF,0x07FF,0x01E7,0xF81F,0xF81F,0xF81F,0xF81F,0xF81F,
    0xF81F,0xF81F,0xF81F,0xF81F,0xF81F,0xF81F,0x077D,0x0534,
    0x01A6,0x01C7,0x03EF,0x06BA,0x01C7,0x0228,0x01A6,0x03EF,
    0x06BA,0x01C7,0x0228,0x01A6,0x03EF,0x06BA,0x01C7,0x01C7,
    0x038E,0x07FF,0x01E7,0xF81F,0xF81F,0xF81F,0xF81F,0xF81F,
    0xF81F,0xF81F,0xF81F,0xF81F,0xF81F,0xF81F,0x077D,0x077D,
    0x06BA,0x06BA,0x073C,0x07BE,0x06BA,0x06DB,0x06BA,0x073C,
    0x07BE,0x06BA,0x06DB,0x06BA,0x073C,0x07BE,0x06BA,0x06BA,
    0x071C,0x07FF,0x0208,0xF81F,0xF81F,0xF81F,0xF81F,0xF81F,
    0xF81F,0xF81F,0xF81F,0xF81F,0xF81F,0xF81F,0x077D,0x0638,
    0x03CF,0x03EF,0x0555,0x073C,0x03EF,0x0430,0x03CF,0x0555,
    0x073C,0x03EF,0x0430,0x03CF,0x0555,0x073C,0x03EF,0x03EF,
    0x0514,0x07FF,0x01E7,0xF81F,0xF81F,0xF81F,0xF81F,0xF81F,
    0xF81F,0xF81F,0xF81F,0xF81F,0xF81F,0xF81F,0x077D,0x0534,
    0x0186,0x01A6,0x03EF,0x06BA,0x01A6,0x0228,0x0186,0x03EF,
    0x06BA,0x01A6,0x0228,0x0186,0x03EF,0x06BA,0x01C7,0x01C7,
    0x036D,0x07FF,0x01E7,0xF81F,0xF81F,0xF81F,0xF81F,0xF81F,
    0xF81F,0xF81F,0xF81F,0xF81F,0xF81F,0xF81F,0x077D,0x0575,
    0x0228,0x0249,0x0430,0x06DB,0x0228,0x02AA,0x0228,0x0430,
    0x06DB,0x0228,0x02AA,0x0228,0x0430,0x06DB,0x0249,0x0249,
    0x03CF,0x07FF,0x01E7,0xF81F,0xF81F,0xF81F,0xF81F,0xF81F,
    0xF81F,0xF81F,0xF81F,0xF81F,0xF81F,0xF81F,0x077D,0x0534,
    0x0186,0x01A6,0x03EF,0x06BA,0x01A6,0x0228,0x0186,0x03EF,
    0x06BA,0x01A6,0x0228,0x0186,0x03EF,0x06BA,0x01C7,0x01C7,
    0x036D,0x07FF,0x01E7,0xF81F,0xF81F,0xF81F,0xF81F,0xF81F,
    0xF81F,0xF81F,0xF81F,0xF81F,0xF81F,0xF81F,0x077D,0x0638,
    0x03CF,0x03EF,0x0555,0x073C,0x03EF,0x0430,0x03CF,0x0555,
    0x073C,0x03EF,0x0430,0x03CF,0x0555,0x073C,0x03EF,0x03EF,
    0x0514,0x07FF,0x01E7,0xF81F,0xF81F,0xF81F,0xF81F,0xF81F,
    0xF81F,0xF81F,0xF81F,0xF81F,0xF81F,0xF81F,0x077D,0x077D,
    0x06BA,0x06DB,0x073C,0x07BE,0x06DB,0x06FB,0x06DB,0x073C,
    0x07BE,0x06DB,0x06FB,0x06DB,0x073C,0x07BE,0x06DB,0x06DB,
    0x071C,0x07FF,0x0208,0xF81F,0xF81F,0xF81F,0xF81F,0xF81F,
    0xF81F,0xF81F,0xF81F,0xF81F,0xF81F,0xF81F,0x077D,0x0514,
    0x0145,0x0165,0x03AE,0x06BA,0x0165,0x01E7,0x0145,0x03AE,
    0x06BA,0x0165,0x01E7,0x0145,0x03AE,0x06BA,0x0186,0x0186,
    0x034D,0x07FF,0x01E7,0xF81F,0xF81F,0xF81F,0xF81F,0xF81F,
    0xF81F,0xF81F,0xF81F,0xF81F,0xF81F,0xF81F,0x077D,0x05F7,
    0x036D,0x038E,0x0514,0x071C,0x038E,0x03CF,0x036D,0x0514,
    0x071C,0x038E,0x03CF,0x036D,0x0514,0x071C,0x038E,0x038E,
    0x04D3,0x07FF,0x0208,0xF81F,0xF81F,0xF81F,0xF81F,0xF81F,
    0xF81F,0xF81F,0xF81F,0xF81F,0xF81F,0xF81F,0x07BE,0x07FF,
    0x07FF,0x07FF,0x07FF,0x07FF,0x07FF,0x07FF,0x07FF,0x07FF,
    0x07FF,0x07FF,0x07FF,0x07FF,0x07FF,0x07FF,0x07FF,0x07FF,
    0x07FF,0x07FF,0x0228,0xF81F,0xF81F,0xF81F,0xF81F,0xF81F,
    0xF81F,0xF81F,0xF81F,0xF81F,0xF81F,0xF81F,0x01E7,0x0208,
    0x01E7,0x01E7,0x01E7,0x0208,0x01E7,0x01E7,0x01E7,0x01E7,
    0x0208,0x01E7,0x01E7,0x01E7,0x01E7,0x0208,0x01E7,0x01E7,
    0x01E7,0x0208,0xF81F,0xF81F,0xF81F,0xF81F,0xF81F,0xF81F,
    0xF81F,0xF81F,0xF81F,0xF81F,0xF81F,0xF81F,0xF81F,0xF81F,
    0xF81F,0xF81F,0xF81F,0xF81F,0xF81F,0xF81F,0xF81F,0xF81F,
    0xF81F,0xF81F,0xF81F,0xF81F,0xF81F,0xF81F,0xF81F,0xF81F,
    0xF81F,0xF81F,0xF81F,0xF81F,0xF81F,0xF81F,0xF81F,0xF81F,
    0xF81F,0xF81F,0xF81F,0xF81F,0xF81F,0xF81F,0xF81F,0xF81F,
    0xF81F,0xF81F,0xF81F,0xF81F,0xF81F,0xF81F,0xF81F,0xF81F,
    0xF81F,0xF81F,0xF81F,0xF81F,0xF81F,0xF81F,0xF81F,0xF81F,
    0xF81F,0xF81F,0xF81F,0xF81F,0xF81F,0xF81F,0xF81F,0xF81F,
};

// SERVER FERN
static const uint16_t item_icon_cos_fern[32 * 32] PROGMEM = {
    0xF81F,0xF81F,0xF81F,0xF81F,0xF81F,0xF81F,0xF81F,0xF81F,
    0xF81F,0xF81F,0xF81F,0xF81F,0xF81F,0xF81F,0xF81F,0xF81F,
    0xF81F,0xF81F,0xF81F,0xF81F,0xF81F,0xF81F,0xF81F,0xF81F,
    0xF81F,0xF81F,0xF81F,0xF81F,0xF81F,0xF81F,0xF81F,0xF81F,
    0xF81F,0xF81F,0xF81F,0xF81F,0xF81F,0xF81F,0xF81F,0xF81F,
    0xF81F,0xF81F,0xF81F,0xF81F,0xF81F,0xF81F,0xF81F,0xF81F,
    0xF81F,0xF81F,0xF81F,0xF81F,0xF81F,0xF81F,0xF81F,0xF81F,
    0xF81F,0xF81F,0xF81F,0xF81F,0xF81F,0xF81F,0xF81F,0xF81F,
    0xF81F,0xF81F,0xF81F,0xF81F,0xF81F,0xF81F,0xF81F,0xF81F,
    0xF81F,0xF81F,0xF81F,0xF81F,0xF81F,0xF81F,0xF81F,0xF81F,
    0xF81F,0xF81F,0xF81F,0xF81F,0xF81F,0xF81F,0xF81F,0xF81F,
    0xF81F,0xF81F,0xF81F,0xF81F,0xF81F,0xF81F,0xF81F,0xF81F,
    0xF81F,0xF81F,0xF81F,0xF81F,0xF81F,0xF81F,0xF81F,0xF81F,
    0xF81F,0xF81F,0xF81F,0xF81F,0xF81F,0xF81F,0xF81F,0xF81F,
    0xF81F,0xF81F,0xF81F,0xF81F,0xF81F,0xF81F,0xF81F,0xF81F,
    0xF81F,0xF81F,0xF81F,0xF81F,0xF81F,0xF81F,0xF81F,0xF81F,
    0xF81F,0xF81F,0xF81F,0xF81F,0xF81F,0xF81F,0xF81F,0xF81F,
    0xF81F,0xF81F,0xF81F,0xF81F,0xF81F,0xF81F,0xF81F,0xF81F,
    0xF81F,0xF81F,0xF81F,0xF81F,0xF81F,0xF81F,0xF81F,0xF81F,
    0xF81F,0xF81F,0xF81F,0xF81F,0xF81F,0xF81F,0xF81F,0xF81F,
    0xF81F,0xF81F,0xF81F,0xF81F,0xF81F,0xF81F,0xF81F,0xF81F,
    0xF81F,0xF81F,0xF81F,0xF81F,0xF81F,0xF81F,0xF81F,0xF81F,
    0xF81F,0xF81F,0xF81F,0xF81F,0xF81F,0xF81F,0xF81F,0xF81F,
    0xF81F,0xF81F,0xF81F,0xF81F,0xF81F,0xF81F,0xF81F,0xF81F,
    0xF81F,0xF81F,0xF81F,0xF81F,0xF81F,0xF81F,0xF81F,0xF81F,
    0xF81F,0xF81F,0xF81F,0xF81F,0xF81F,0xF81F,0xF81F,0xF81F,
    0xF81F,0xF81F,0xF81F,0xF81F,0xF81F,0xF81F,0xF81F,0xF81F,
    0xF81F,0xF81F,0xF81F,0xF81F,0xF81F,0xF81F,0xF81F,0xF81F,
    0xF81F,0xF81F,0xF81F,0xF81F,0xF81F,0xF81F,0x0420,0x0280,
    0xF81F,0xF81F,0xF81F,0xF81F,0xF81F,0xF81F,0xF81F,0xF81F,
    0xF81F,0xF81F,0xF81F,0xF81F,0xF81F,0xF81F,0xF81F,0xF81F,
    0xF81F,0x0220,0xF81F,0xF81F,0xF81F,0xF81F,0xF81F,0xF81F,
    0xF81F,0xF81F,0xF81F,0xF81F,0xF81F,0x0120,0x0700,0x07E0,
    0x0780,0x0480,0x01A0,0xF81F,0xF81F,0xF81F,0xF81F,0xF81F,
    0xF81F,0xF81F,0xF81F,0xF81F,0xF81F,0xF81F,0x01A0,0x0500,
    0x07A0,0x07E0,0x02A0,0xF81F,0xF81F,0xF81F,0xF81F,0xF81F,
    0xF81F,0xF81F,0xF81F,0xF81F,0xF81F,0xF81F,0xF81F,0x01A0,
    0x0500,0x07A0,0x07E0,0x0720,0x0480,0x01A0,0xF81F,0xF81F,
    0xF81F,0xF81F,0xF81F,0x01A0,0x0480,0x0720,0x07E0,0x0780,
    0x0480,0x01C0,0xF81F,0xF81F,0xF81F,0xF81F,0xF81F,0xF81F,
    0xF81F,0xF81F,0xF81F,0xF81F,0xF81F,0xF81F,0xF81F,0xF81F,
    0xF81F,0xF81F,0x0260,0x0520,0x07A0,0x07E0,0x0720,0x06A0,
    0x0660,0x0540,0x06A0,0x07E0,0x0780,0x0520,0x0260,0xF81F,
    0xF81F,0xF81F,0xF81F,0xF81F,0xF81F,0xF81F,0xF81F,0xF81F,
    0xF81F,0xF81F,0xF81F,0xF81F,0xF81F,0xF81F,0xF81F,0xF81F,
    0xF81F,0xF81F,0xF81F,0xF81F,0xF81F,0x02E0,0x0660,0x07E0,
    0x07E0,0x07E0,0x05C0,0x0260,0xF81F,0xF81F,0xF81F,0xF81F,
    0xF81F,0xF81F,0xF81F,0xF81F,0xF81F,0xF81F,0xF81F,0xF81F,
    0xF81F,0xF81F,0xF81F,0xF81F,0xF81F,0xF81F,0x0420,0x0280,
    0xF81F,0xF81F,0xF81F,0xF81F,0xF81F,0xF81F,0x02C0,0x06C0,
    0x0700,0x0360,0xF81F,0xF81F,0xF81F,0xF81F,0xF81F,0xF81F,
    0xF81F,0x0220,0xF81F,0xF81F,0xF81F,0xF81F,0xF81F,0xF81F,
    0xF81F,0xF81F,0xF81F,0xF81F,0xF81F,0x0120,0x0700,0x07E0,
    0x0780,0x0480,0x01A0,0xF81F,0xF81F,0xF81F,0x0340,0x06C0,
    0x06A0,0x0320,0xF81F,0xF81F,0xF81F,0xF81F,0x01A0,0x0500,
    0x07A0,0x07E0,0x02A0,0xF81F,0xF81F,0xF81F,0xF81F,0xF81F,
    0xF81F,0xF81F,0xF81F,0xF81F,0xF81F,0xF81F,0xF81F,0x01A0,
    0x0500,0x07A0,0x07E0,0x0720,0x0480,0x0160,0x0300,0x06A0,
    0x06A0,0x02C0,0xF81F,0x01C0,0x0480,0x0720,0x07E0,0x0780,
    0x0480,0x01C0,0xF81F,0xF81F,0xF81F,0xF81F,0xF81F,0xF81F,
    0xF81F,0xF81F,0xF81F,0xF81F,0xF81F,0xF81F,0xF81F,0xF81F,
    0xF81F,0xF81F,0x0260,0x0520,0x07A0,0x07E0,0x0740,0x0700,
    0x06E0,0x0580,0x06A0,0x07E0,0x0780,0x0520,0x0260,0xF81F,
    0xF81F,0xF81F,0xF81F,0xF81F,0xF81F,0xF81F,0xF81F,0xF81F,
    0xF81F,0xF81F,0xF81F,0xF81F,0xF81F,0xF81F,0xF81F,0xF81F,
    0xF81F,0xF81F,0xF81F,0xF81F,0xF81F,0x02E0,0x0660,0x07E0,
    0x07E0,0x07E0,0x05C0,0x0260,0xF81F,0xF81F,0xF81F,0xF81F,
    0xF81F,0xF81F,0xF81F,0xF81F,0xF81F,0xF81F,0xF81F,0xF81F,
    0xF81F,0xF81F,0xF81F,0xF81F,0xF81F,0xF81F,0x0420,0x0280,
    0xF81F,0xF81F,0xF81F,0xF81F,0xF81F,0xF81F,0x02C0,0x06C0,
    0x0720,0x0360,0xF81F,0xF81F,0xF81F,0xF81F,0xF81F,0xF81F,
    0xF81F,0x0220,0xF81F,0xF81F,0xF81F,0xF81F,0xF81F,0xF81F,
    0xF81F,0xF81F,0xF81F,0xF81F,0xF81F,0x0120,0x0700,0x07E0,
    0x0780,0x0480,0x01A0,0xF81F,0xF81F,0xF81F,0x0340,0x06C0,
    0x06A0,0x0320,0xF81F,0xF81F,0xF81F,0xF81F,0x01A0,0x0500,
    0x07A0,0x07E0,0x02A0,0xF81F,0xF81F,0xF81F,0xF81F,0xF81F,
    0xF81F,0xF81F,0xF81F,0xF81F,0xF81F,0xF81F,0xF81F,0x01A0,
    0x0500,0x07A0,0x07E0,0x0720,0x0480,0x0160,0x0300,0x06A0,
    0x06A0,0x02C0,0xF81F,0x01C0,0x0480,0x0720,0x07E0,0x0780,
    0x0480,0x01C0,0xF81F,0xF81F,0xF81F,0xF81F,0xF81F,0xF81F,
    0xF81F,0xF81F,0xF81F,0xF81F,0xF81F,0xF81F,0xF81F,0xF81F,
    0xF81F,0xF81F,0x0260,0x0520,0x07A0,0x07E0,0x0740,0x0700,
    0x06E0,0x0580,0x06A0,0x07E0,0x0780,0x0520,0x0260,0xF81F,
    0xF81F,0xF81F,0xF81F,0xF81F,0xF81F,0xF81F,0xF81F,0xF81F,
    0xF81F,0xF81F,0xF81F,0xF81F,0xF81F,0xF81F,0xF81F,0xF81F,
    0xF81F,0xF81F,0xF81F,0xF81F,0xF81F,0x02E0,0x0660,0x07E0,
    0x07E0,0x07E0,0x05C0,0x0260,0xF81F,0xF81F,0xF81F,0xF81F,
    0xF81F,0xF81F,0xF81F,0xF81F,0xF81F,0xF81F,0xF81F,0xF81F,
    0xF81F,0xF81F,0xF81F,0xF81F,0xF81F,0xF81F,0x0420,0x0280,
    0xF81F,0xF81F,0xF81F,0xF81F,0xF81F,0xF81F,0x02C0,0x06C0,
    0x0720,0x0360,0xF81F,0xF81F,0xF81F,0xF81F,0xF81F,0xF81F,
    0xF81F,0x0220,0xF81F,0xF81F,0xF81F,0xF81F,0xF81F,0xF81F,
    0xF81F,0xF81F,0xF81F,0xF81F,0xF81F,0x0120,0x0700,0x07E0,
    0x0780,0x0480,0x01A0,0xF81F,0xF81F,0xF81F,0x0340,0x06C0,
    0x06A0,0x0320,0xF81F,0xF81F,0xF81F,0xF81F,0x01A0,0x0500,
    0x07A0,0x07E0,0x02A0,0xF81F,0xF81F,0xF81F,0xF81F,0xF81F,
    0xF81F,0xF81F,0xF81F,0xF81F,0xF81F,0xF81F,0xF81F,0x01A0,
    0x0500,0x07A0,0x07E0,0x0720,0x04A0,0x0160,0x0300,0x06A0,
    0x06A0,0x02C0,0xF81F,0x01C0,0x0480,0x0720,0x07E0,0x0780,
    0x0480,0x01C0,0xF81F,0xF81F,0xF81F,0xF81F,0xF81F,0xF81F,
    0xF81F,0xF81F,0xF81F,0xF81F,0xF81F,0xF81F,0xF81F,0xF81F,
    0xF81F,0xF81F,0x0260,0x0500,0x0780,0x07E0,0x0740,0x0720,
    0x0700,0x0580,0x0680,0x07E0,0x0760,0x0520,0x0260,0xF81F,
    0xF81F,0xF81F,0xF81F,0xF81F,0xF81F,0xF81F,0xF81F,0xF81F,
    0xF81F,0xF81F,0xF81F,0xF81F,0xF81F,0xF81F,0xF81F,0xF81F,
    0xF81F,0xF81F,0xF81F,0xF81F,0x0080,0x0320,0x0680,0x07C0,
    0x07A0,0x07E0,0x0620,0x02A0,0x0080,0xF81F,0xF81F,0xF81F,
    0xF81F,0xF81F,0xF81F,0xF81F,0xF81F,0xF81F,0xF81F,0xF81F,
    0xF81F,0xF81F,0xF81F,0xF81F,0xF81F,0xF81F,0xF81F,0xF81F,
    0xF81F,0xF81F,0xF81F,0x0440,0x0460,0x03E0,0x0460,0x04E0,
    0x04E0,0x04C0,0x0400,0x03E0,0x0480,0x0120,0xF81F,0xF81F,
    0xF81F,0xF81F,0xF81F,0xF81F,0xF81F,0xF81F,0xF81F,0xF81F,
    0xF81F,0xF81F,0xF81F,0xF81F,0xF81F,0xF81F,0xF81F,0xF81F,
    0xF81F,0xF81F,0xF81F,0x0480,0x04E0,0x04E0,0x04E0,0x04A0,
    0x04A0,0x04C0,0x04E0,0x04E0,0x0520,0x0120,0xF81F,0xF81F,
    0xF81F,0xF81F,0xF81F,0xF81F,0xF81F,0xF81F,0xF81F,0xF81F,
    0xF81F,0xF81F,0xF81F,0xF81F,0xF81F,0xF81F,0xF81F,0xF81F,
    0xF81F,0xF81F,0xF81F,0x0460,0x04C0,0x04A0,0x04A0,0x04C0,
    0x04C0,0x04C0,0x04A0,0x04A0,0x04E0,0x0120,0xF81F,0xF81F,
    0xF81F,0xF81F,0xF81F,0xF81F,0xF81F,0xF81F,0xF81F,0xF81F,
    0xF81F,0xF81F,0xF81F,0xF81F,0xF81F,0xF81F,0xF81F,0xF81F,
    0xF81F,0xF81F,0xF81F,0x0480,0x0500,0x04E0,0x04E0,0x04E0,
    0x04E0,0x04E0,0x04E0,0x04E0,0x0520,0x0120,0xF81F,0xF81F,
    0xF81F,0xF81F,0xF81F,0xF81F,0xF81F,0xF81F,0xF81F,0xF81F,
    0xF81F,0xF81F,0xF81F,0xF81F,0xF81F,0xF81F,0xF81F,0xF81F,
    0xF81F,0xF81F,0xF81F,0x0120,0x0140,0x0140,0x0140,0x0140,
    0x0140,0x0140,0x0140,0x0140,0x0140,0xF81F,0xF81F,0xF81F,
    0xF81F,0xF81F,0xF81F,0xF81F,0xF81F,0xF81F,0xF81F,0xF81F,
};

// BEACON LAMP
static const uint16_t item_icon_cos_lantern[32 * 32] PROGMEM = {
    0xF81F,0xF81F,0xF81F,0xF81F,0xF81F,0xF81F,0xF81F,0xF81F,
    0xF81F,0xF81F,0xF81F,0xF81F,0xF81F,0xF81F,0xF81F,0xF81F,
    0xF81F,0xF81F,0xF81F,0xF81F,0xF81F,0xF81F,0xF81F,0xF81F,
    0xF81F,0xF81F,0xF81F,0xF81F,0xF81F,0xF81F,0xF81F,0xF81F,
    0xF81F,0xF81F,0xF81F,0xF81F,0xF81F,0xF81F,0xF81F,0xF81F,
    0xF81F,0xF81F,0xF81F,0xF81F,0xF81F,0xF81F,0xF81F,0xF81F,
    0xF81F,0xF81F,0xF81F,0xF81F,0xF81F,0xF81F,0xF81F,0xF81F,
    0xF81F,0xF81F,0xF81F,0xF81F,0xF81F,0xF81F,0xF81F,0xF81F,
    0xF81F,0xF81F,0xF81F,0xF81F,0xF81F,0xF81F,0xF81F,0xF81F,
    0xF81F,0xF81F,0xF81F,0xF81F,0xF81F,0xF81F,0x28C0,0xECC0,
    0xF500,0x61E0,0xF81F,0xF81F,0xF81F,0xF81F,0xF81F,0xF81F,
    0xF81F,0xF81F,0xF81F,0xF81F,0xF81F,0xF81F,0xF81F,0xF81F,
    0xF81F,0xF81F,0xF81F,0xF81F,0xF81F,0xF81F,0xF81F,0xF81F,
    0xF81F,0xF81F,0xF81F,0xF81F,0xF81F,0xF81F,0xBBC0,0xFD60,
    0xFD00,0xE4C0,0xF81F,0xF81F,0xF81F,0xF81F,0xF81F,0xF81F,
    0xF81F,0xF81F,0xF81F,0xF81F,0xF81F,0xF81F,0xF81F,0xF81F,
    0xF81F,0xF81F,0xF81F,0xF81F,0xF81F,0xF81F,0xF81F,0xF81F,
    0xF81F,0xF81F,0xF81F,0xF81F,0xF81F,0x59C0,0xFDE0,0x8280,
    0x4140,0xFDE0,0x9B20,0xF81F,0xF81F,0xF81F,0xF81F,0xF81F,
    0xF81F,0xF81F,0xF81F,0xF81F,0xF81F,0xF81F,0xF81F,0xF81F,
    0xF81F,0xF81F,0xF81F,0xF81F,0xF81F,0xF81F,0xF81F,0xF81F,
    0xF81F,0xF81F,0xF81F,0xF81F,0xF81F,0xECC0,0xECC0,0xF81F,
    0xF81F,0xBBA0,0xFDA0,0x3920,0xF81F,0xF81F,0xF81F,0xF81F,
    0xF81F,0xF81F,0xF81F,0xF81F,0xF81F,0xF81F,0xF81F,0xF81F,
    0xF81F,0xF81F,0xF81F,0xF81F,0xF81F,0xF81F,0xF81F,0xF81F,
    0xF81F,0xF81F,0xF81F,0xF81F,0x92C0,0xFE00,0x61E0,0xF81F,
    0xF81F,0x20C0,0xFD80,0xCC20,0xF81F,0xF81F,0xF81F,0xF81F,
    0xF81F,0xF81F,0xF81F,0xF81F,0xF81F,0xF81F,0xF81F,0xF81F,
    0xF81F,0xF81F,0xF81F,0xF81F,0xF81F,0xF81F,0xF81F,0xF81F,
    0xF81F,0xF81F,0xF81F,0x3920,0xFDA0,0xA340,0xF81F,0xF81F,
    0xF81F,0xF81F,0x6200,0xFDC0,0x7260,0xF81F,0xF81F,0xF81F,
    0xF81F,0xF81F,0xF81F,0xF81F,0xF81F,0xF81F,0xF81F,0xF81F,
    0xF81F,0xF81F,0xF81F,0xF81F,0xF81F,0xF81F,0xF81F,0xF81F,
    0xF81F,0x3920,0x7AC0,0xD420,0xFD80,0x9B20,0x7A80,0x82A0,
    0x8280,0x8280,0x82A0,0xFD00,0xF4E0,0x82C0,0x59C0,0xF81F,
    0xF81F,0xF81F,0xF81F,0xF81F,0xF81F,0xF81F,0xF81F,0xF81F,
    0xF81F,0xF81F,0xF81F,0xF81F,0xF81F,0xF81F,0xF81F,0xF81F,
    0xF81F,0xAB60,0xFDE0,0xFD00,0xF4E0,0xFD40,0xFD60,0xFD60,
    0xFD60,0xFD60,0xFD60,0xFD00,0xF500,0xFDA0,0xE480,0xF81F,
    0xF81F,0xF81F,0xF81F,0xF81F,0xF81F,0xF81F,0xF81F,0xF81F,
    0xF81F,0xF81F,0xF81F,0xF81F,0xF81F,0xF81F,0xF81F,0xF81F,
    0xF81F,0xC400,0xECC0,0x8AC0,0x9300,0x8AE0,0x8AC0,0x8AC0,
    0x8AC0,0x8AC0,0x8AC0,0x9300,0x8AC0,0xCC00,0xED00,0xF81F,
    0xF81F,0xF81F,0xF81F,0xF81F,0xF81F,0xF81F,0xF81F,0xF81F,
    0xF81F,0xF81F,0xF81F,0xF81F,0xF81F,0xF81F,0xF81F,0xF81F,
    0xF81F,0xECC0,0xD440,0x8280,0x8AC0,0x8AC0,0x8AC0,0x8AC0,
    0x8AE0,0x8AC0,0x8AC0,0x8AC0,0x82A0,0xAB80,0xFD60,0x3920,
    0xF81F,0xF81F,0xF81F,0xF81F,0xF81F,0xF81F,0xF81F,0xF81F,
    0xF81F,0xF81F,0xF81F,0xF81F,0xF81F,0xF81F,0xF81F,0xF81F,
    0x1880,0xF520,0xC3E0,0x8280,0x8AC0,0x8AE0,0x8AA0,0x8260,
    0x8260,0x8280,0x8AE0,0x8AC0,0x82A0,0xA340,0xFD80,0x51A0,
    0xF81F,0xF81F,0xF81F,0xF81F,0xF81F,0xF81F,0xF81F,0xF81F,
    0xF81F,0xF81F,0xF81F,0xF81F,0xF81F,0xF81F,0xF81F,0xF81F,
    0x3920,0xFD80,0xAB60,0x82A0,0x8AE0,0x8280,0x9B60,0xBD00,
    0xC560,0xA3E0,0x8280,0x8AC0,0x8AC0,0x92E0,0xFD60,0x7A80,
    0xF81F,0xF81F,0xF81F,0xF81F,0xF81F,0xF81F,0xF81F,0xF81F,
    0xF81F,0xF81F,0xF81F,0xF81F,0xF81F,0xF81F,0xF81F,0xF81F,
    0x59E0,0xFD80,0x9B20,0x8AC0,0x8280,0xB480,0xFFA0,0xFFE0,
    0xFFE0,0xFFE0,0xCDA0,0x8AA0,0x8AC0,0x8AC0,0xFD20,0x9B20,
    0xF81F,0xF81F,0xF81F,0xF81F,0xF81F,0xF81F,0xF81F,0xF81F,
    0xF81F,0xF81F,0xF81F,0xF81F,0xF81F,0xF81F,0xF81F,0xF81F,
    0x8AC0,0xFD60,0x8AE0,0x82A0,0x9B60,0xFFC0,0xFFE0,0xFFE0,
    0xFFE0,0xFFE0,0xFFE0,0xB460,0x8280,0x82A0,0xECC0,0xC420,
    0xF81F,0xF81F,0xF81F,0xF81F,0xF81F,0xF81F,0xF81F,0xF81F,
    0xF81F,0xF81F,0xF81F,0xF81F,0xF81F,0xF81F,0xF81F,0xF81F,
    0xB3C0,0xF4E0,0x8AC0,0x8260,0xC520,0xFFE0,0xFFC0,0xFFE0,
    0xFFE0,0xFFE0,0xFFE0,0xDE60,0x8280,0x82A0,0xD440,0xECC0,
    0xF81F,0xF81F,0xF81F,0xF81F,0xF81F,0xF81F,0xF81F,0xF81F,
    0xF81F,0xF81F,0xF81F,0xF81F,0xF81F,0xF81F,0xF81F,0xF81F,
    0xCC40,0xECA0,0x82A0,0x8260,0xC560,0xFFE0,0xFFE0,0xFFE0,
    0xFFE0,0xFFE0,0xFFE0,0xE6A0,0x8AA0,0x82A0,0xC3E0,0xF520,
    0x1880,0xF81F,0xF81F,0xF81F,0xF81F,0xF81F,0xF81F,0xF81F,
    0xF81F,0xF81F,0xF81F,0xF81F,0xF81F,0xF81F,0xF81F,0xF81F,
    0xECE0,0xCC20,0x82A0,0x8AA0,0xA3E0,0xFFE0,0xFFE0,0xFFE0,
    0xFFE0,0xFFC0,0xFFE0,0xC520,0x8260,0x82C0,0xAB60,0xFD80,
    0x3940,0xF81F,0xF81F,0xF81F,0xF81F,0xF81F,0xF81F,0xF81F,
    0xF81F,0xF81F,0xF81F,0xF81F,0xF81F,0xF81F,0xF81F,0x3100,
    0xFD40,0xB3A0,0x82A0,0x8AE0,0x8280,0xCDA0,0xFFE0,0xFFE0,
    0xFFE0,0xFFE0,0xE6A0,0x8AC0,0x8AC0,0x8AC0,0x9B00,0xFD60,
    0x6A20,0xF81F,0xF81F,0xF81F,0xF81F,0xF81F,0xF81F,0xF81F,
    0xF81F,0xF81F,0xF81F,0xF81F,0xF81F,0xF81F,0xF81F,0x4160,
    0xFD80,0xA340,0x82A0,0x8AC0,0x8AC0,0x82A0,0xB460,0xDE40,
    0xE6A0,0xBD00,0x8AC0,0x8AC0,0x8AC0,0x8AC0,0x8AC0,0xFD60,
    0x8AC0,0xF81F,0xF81F,0xF81F,0xF81F,0xF81F,0xF81F,0xF81F,
    0xF81F,0xF81F,0xF81F,0xF81F,0xF81F,0xF81F,0xF81F,0x7A60,
    0xFD60,0x9300,0x8AC0,0x8AC0,0x8AC0,0x8AE0,0x8280,0x8280,
    0x8A80,0x8280,0x8AC0,0x8AE0,0x8AC0,0x8AC0,0x8AA0,0xF500,
    0xB3C0,0xF81F,0xF81F,0xF81F,0xF81F,0xF81F,0xF81F,0xF81F,
    0xF81F,0xF81F,0xF81F,0xF81F,0xF81F,0xF81F,0xF81F,0x92E0,
    0xFD40,0x82A0,0x82A0,0x82A0,0x82A0,0x82A0,0x82C0,0x82C0,
    0x82A0,0x82C0,0x82A0,0x82A0,0x82A0,0x82A0,0x7A60,0xE4A0,
    0xCC20,0xF81F,0xF81F,0xF81F,0xF81F,0xF81F,0xF81F,0xF81F,
    0xF81F,0xF81F,0xF81F,0xF81F,0xF81F,0xF81F,0xF81F,0xBBE0,
    0xF4E0,0xA320,0xA340,0xA340,0xA340,0xA340,0xA340,0xA340,
    0xA340,0xA340,0xA340,0xA340,0xA340,0xA340,0x9B20,0xD440,
    0xECE0,0xF81F,0xF81F,0xF81F,0xF81F,0xF81F,0xF81F,0xF81F,
    0xF81F,0xF81F,0xF81F,0xF81F,0xF81F,0xF81F,0xF81F,0xECA0,
    0xFD80,0xFD60,0xFD80,0xFD80,0xFD80,0xFD80,0xFD80,0xFD80,
    0xFD80,0xFD80,0xFD80,0xFD80,0xFD80,0xFD80,0xFD80,0xFD60,
    0xFD60,0x3100,0xF81F,0xF81F,0xF81F,0xF81F,0xF81F,0xF81F,
    0xF81F,0xF81F,0xF81F,0xF81F,0xF81F,0xF81F,0xF81F,0x4140,
    0x4140,0x3940,0x3940,0x3940,0x3940,0x3940,0x3940,0x3940,
    0x3940,0x3940,0x3940,0x3940,0x3940,0x3940,0x3940,0x3940,
    0x4160,0xF81F,0xF81F,0xF81F,0xF81F,0xF81F,0xF81F,0xF81F,
    0xF81F,0xF81F,0xF81F,0xF81F,0xF81F,0xF81F,0xF81F,0xF81F,
    0xF81F,0xF81F,0xF81F,0xF81F,0xF81F,0xF81F,0xF81F,0xF81F,
    0xF81F,0xF81F,0xF81F,0xF81F,0xF81F,0xF81F,0xF81F,0xF81F,
    0xF81F,0xF81F,0xF81F,0xF81F,0xF81F,0xF81F,0xF81F,0xF81F,
    0xF81F,0xF81F,0xF81F,0xF81F,0xF81F,0xF81F,0xF81F,0xF81F,
    0xF81F,0xF81F,0xF81F,0xF81F,0xF81F,0xF81F,0xF81F,0xF81F,
    0xF81F,0xF81F,0xF81F,0xF81F,0xF81F,0xF81F,0xF81F,0xF81F,
    0xF81F,0xF81F,0xF81F,0xF81F,0xF81F,0xF81F,0xF81F,0xF81F,
    0xF81F,0xF81F,0xF81F,0xF81F,0xF81F,0xF81F,0xF81F,0xF81F,
    0xF81F,0xF81F,0xF81F,0xF81F,0xF81F,0xF81F,0xF81F,0xF81F,
    0xF81F,0xF81F,0xF81F,0xF81F,0xF81F,0xF81F,0xF81F,0xF81F,
    0xF81F,0xF81F,0xF81F,0xF81F,0xF81F,0xF81F,0xF81F,0xF81F,
    0xF81F,0xF81F,0xF81F,0xF81F,0xF81F,0xF81F,0xF81F,0xF81F,
    0xF81F,0xF81F,0xF81F,0xF81F,0xF81F,0xF81F,0xF81F,0xF81F,
    0xF81F,0xF81F,0xF81F,0xF81F,0xF81F,0xF81F,0xF81F,0xF81F,
    0xF81F,0xF81F,0xF81F,0xF81F,0xF81F,0xF81F,0xF81F,0xF81F,
    0xF81F,0xF81F,0xF81F,0xF81F,0xF81F,0xF81F,0xF81F,0xF81F,
    0xF81F,0xF81F,0xF81F,0xF81F,0xF81F,0xF81F,0xF81F,0xF81F,
    0xF81F,0xF81F,0xF81F,0xF81F,0xF81F,0xF81F,0xF81F,0xF81F,
    0xF81F,0xF81F,0xF81F,0xF81F,0xF81F,0xF81F,0xF81F,0xF81F,
    0xF81F,0xF81F,0xF81F,0xF81F,0xF81F,0xF81F,0xF81F,0xF81F,
    0xF81F,0xF81F,0xF81F,0xF81F,0xF81F,0xF81F,0xF81F,0xF81F,
    0xF81F,0xF81F,0xF81F,0xF81F,0xF81F,0xF81F,0xF81F,0xF81F,
    0xF81F,0xF81F,0xF81F,0xF81F,0xF81F,0xF81F,0xF81F,0xF81F,
};

// PACKET FLURRY
static const uint16_t item_icon_cos_confetti[32 * 32] PROGMEM = {
    0xF81F,0xF81F,0xF81F,0xF81F,0xF81F,0xF81F,0xF81F,0xF81F,
    0xF81F,0xF81F,0xF81F,0xF81F,0xF81F,0xF81F,0xF81F,0xF81F,
    0xF81F,0xF81F,0xF81F,0xF81F,0xF81F,0xF81F,0xF81F,0xF81F,
    0xF81F,0xF81F,0xF81F,0xF81F,0xF81F,0xF81F,0xF81F,0xF81F,
    0xF81F,0xF81F,0xF81F,0xF81F,0xF81F,0xF81F,0xF81F,0xF81F,
    0xF81F,0xF81F,0xF81F,0xF81F,0xF81F,0xF81F,0xF81F,0xF81F,
    0xF81F,0xF81F,0xF81F,0xF81F,0xF81F,0xF81F,0xF81F,0xF81F,
    0xF81F,0xF81F,0xF81F,0xF81F,0xF81F,0xF81F,0xF81F,0xF81F,
    0xF81F,0xF81F,0xF81F,0xF81F,0xF81F,0xF81F,0xF81F,0xF81F,
    0xF81F,0xF81F,0xF81F,0xF81F,0xF81F,0x4808,0x9812,0x8810,
    0x9012,0x2004,0xF81F,0xF81F,0xF81F,0xF81F,0xF81F,0xF81F,
    0xF81F,0xF81F,0xF81F,0xF81F,0xF81F,0xF81F,0xF81F,0xF81F,
    0xF81F,0xF81F,0xF81F,0xF81F,0xF81F,0xF81F,0xF81F,0xF81F,
    0xF81F,0xF81F,0xF81F,0xF81F,0xF81F,0x4809,0xA013,0x9011,
    0xA013,0x2004,0xF81F,0xF81F,0xF81F,0xF81F,0xF81F,0xF81F,
    0xF81F,0xF81F,0xF81F,0xF81F,0xF81F,0xF81F,0xF81F,0xF81F,
    0xF81F,0xF81F,0xF81F,0xF81F,0xF81F,0xF81F,0xF81F,0xF81F,
    0xF81F,0xF81F,0xF81F,0xF81F,0xF81F,0x5009,0xA814,0x9812,
    0xA814,0x2805,0xF81F,0xF81F,0xF81F,0xF81F,0xF81F,0xF81F,
    0xF81F,0xF81F,0xF81F,0xF81F,0xF81F,0xF81F,0xF81F,0xF81F,
    0xF81F,0xF81F,0xF81F,0xF81F,0xD81B,0xE81D,0xE81D,0xE81D,
    0xB016,0xF81F,0xF81F,0xF81F,0xF81F,0x3806,0x780E,0x680D,
    0x700E,0x1803,0xF81F,0xF81F,0xF81F,0xF81F,0xF81F,0xF81F,
    0xF81F,0xF81F,0xF81F,0xF81F,0xF81F,0xF81F,0xF81F,0xF81F,
    0xF81F,0xF81F,0xF81F,0xF81F,0xF01E,0xF81E,0xF81E,0xF81E,
    0xC018,0xF81F,0xF81F,0xF81F,0xF81F,0xF81F,0xF81F,0xF81F,
    0xF81F,0xF81F,0xF81F,0xF81F,0xF81F,0xF81F,0xF81F,0xF81F,
    0xF81F,0xF81F,0xF81F,0xF81F,0xF81F,0xF81F,0xF81F,0xF81F,
    0xF81F,0xF81F,0xF81F,0xF81F,0xE81D,0xF81E,0xF01E,0xF81E,
    0xB817,0xF81F,0xF81F,0xF81F,0xF81F,0xF81F,0xF81F,0xF81F,
    0xF81F,0xF81F,0xF81F,0xF81F,0xF81F,0xF81F,0xF81F,0x700E,
    0x8010,0x780F,0x780F,0x8010,0x2004,0xF81F,0xF81F,0xF81F,
    0xF81F,0xF81F,0xF81F,0xF81F,0xF81E,0xF81E,0xF81E,0xF81E,
    0xC819,0xF81F,0xF81F,0xF81F,0xF81F,0xF81F,0xF81F,0xF81F,
    0xF81F,0xF81F,0xF81F,0xF81F,0xF81F,0xF81F,0xF81F,0xF81E,
    0xF81E,0xF81E,0xF81E,0xF81E,0x4008,0xF81F,0xF81F,0xF81F,
    0xF81F,0xF81F,0xF81F,0xF81F,0xB016,0xB817,0xB817,0xB817,
    0x8811,0xF81F,0xF81F,0xF81F,0xF81F,0xF81F,0xF81F,0xF81F,
    0xF81F,0xF81F,0xF81F,0xF81F,0xF81F,0xF81F,0xF81F,0xE81D,
    0xF81E,0xF81E,0xF81E,0xF81E,0x4008,0xF81F,0xF81F,0xF81F,
    0xF81F,0xF81F,0xF81F,0xF81F,0xF81F,0xF81F,0xF81F,0xF81F,
    0xF81F,0xF81F,0xF81F,0xF81F,0xF81F,0xF81F,0xF81F,0xF81F,
    0xF81F,0xF81F,0xF81F,0xF81F,0xF81F,0xF81F,0xF81F,0xE81D,
    0xF81E,0xF81E,0xF81E,0xF81E,0x4008,0xF81F,0xF81F,0xF81F,
    0xF81F,0xF81F,0xF81F,0xF81F,0xF81F,0xF81F,0xF81F,0xF81F,
    0xF81F,0xF81F,0xF81F,0xF81F,0xF81F,0xF81F,0xF81F,0xF81F,
    0xF81F,0xF81F,0xF81F,0xF81F,0xF81F,0xF81F,0xF81F,0xF81E,
    0xF81E,0xF81E,0xF81E,0xF81E,0x4008,0xF81F,0xF81F,0xF81F,
    0xF81F,0xF81F,0xF81F,0xF81F,0xF81F,0xF81F,0xF81F,0xF81F,
    0xF81F,0xF81F,0xF81F,0xF81F,0xF81F,0xF81F,0xF81F,0xF81F,
    0xF81F,0xF81F,0xF81F,0xF81F,0xF81F,0xF81F,0xF81F,0xB016,
    0xB817,0xB817,0xB817,0xB817,0x3006,0xF81F,0xF81F,0xF81F,
    0xF81F,0xF81F,0xF81F,0xF81F,0xF81F,0xF81F,0xF81F,0xF81F,
    0xF81F,0xF81F,0xF81F,0xF81F,0xF81F,0xF81F,0xF81F,0xF81F,
    0xF81F,0xF81F,0xF81F,0xF81F,0xF81F,0xF81F,0xF81F,0xF81F,
    0xF81F,0xF81F,0xF81F,0xF81F,0xF81F,0xF81F,0xF81F,0xF81F,
    0xF81F,0xF81F,0xF81F,0xF81F,0xF81F,0xF81F,0xF81F,0xF81F,
    0xF81F,0xF81F,0xF81F,0xF81F,0xF81F,0xF81F,0xF81F,0xF81F,
    0x2805,0x600B,0x580A,0x580B,0x580A,0x580B,0x1002,0xF81F,
    0xF81F,0xF81F,0xF81F,0xF81F,0xF81F,0xF81F,0xF81F,0xF81F,
    0xF81F,0xF81F,0xF81F,0xF81F,0xF81F,0xF81F,0xF81F,0xF81F,
    0xF81F,0xF81F,0xF81F,0xF81F,0xF81F,0xF81F,0xF81F,0xF81F,
    0x600B,0xD019,0xC017,0xC017,0xC017,0xC818,0x3005,0xF81F,
    0xF81F,0xF81F,0xF81F,0xF81F,0xF81F,0xF81F,0xF81F,0xF81F,
    0xF81F,0xF81F,0xF81F,0xF81F,0xF81F,0xF81F,0x600C,0x680D,
    0x680C,0x680D,0x1803,0xF81F,0xF81F,0xF81F,0xF81F,0xF81F,
    0x580A,0xC017,0xB015,0xB015,0xB015,0xB816,0x2805,0xF81F,
    0xF81F,0xF81F,0xF81F,0xF81F,0xF81F,0xF81F,0xF81F,0xF81F,
    0xF81F,0xF81F,0xF81F,0xF81F,0xF81F,0xF81F,0xD01A,0xE81C,
    0xE01B,0xF01C,0x3807,0xF81F,0xF81F,0xF81F,0xF81F,0xF81F,
    0x580B,0xC017,0xB015,0xB016,0xB015,0xB817,0x2805,0xF81F,
    0xF81F,0xF81F,0xF81F,0xF81F,0xF81F,0xF81F,0xF81F,0xF81F,
    0xF81F,0xF81F,0xF81F,0xF81F,0xF81F,0xF81F,0xC017,0xD019,
    0xC818,0xD81A,0x3006,0xF81F,0xF81F,0xF81F,0xF81F,0xF81F,
    0x580A,0xC017,0xB015,0xB015,0xB015,0xB816,0x2805,0xF81F,
    0xF81F,0xF81F,0xF81F,0xF81F,0xF81F,0xF81F,0xF81F,0xF81F,
    0xF81F,0xF81F,0xF81F,0xF81F,0xF81F,0xF81F,0xD019,0xE01B,
    0xD81A,0xE81C,0x3806,0xF81F,0xF81F,0xF81F,0xF81F,0xF81F,
    0x580B,0xC818,0xB816,0xB817,0xB816,0xC818,0x3006,0xF81F,
    0xF81F,0x4008,0x4809,0x5009,0x3806,0xF81F,0xF81F,0xF81F,
    0xF81F,0xF81F,0xF81F,0xF81F,0xF81F,0xF81F,0x9011,0xA013,
    0x9812,0xA013,0x2804,0xF81F,0xF81F,0xF81F,0xF81F,0xF81F,
    0x1002,0x3006,0x2805,0x2805,0x2805,0x3005,0xF81F,0xF81F,
    0xF81F,0x9812,0xA013,0xA814,0x780E,0xF81F,0xF81F,0xF81F,
    0xF81F,0xF81F,0xF81F,0xF81F,0xF81F,0xF81F,0xF81F,0xF81F,
    0xF81F,0xF81F,0xF81F,0xF81F,0xF81F,0xF81F,0xF81F,0xF81F,
    0xF81F,0xF81F,0xF81F,0xF81F,0xF81F,0xF81F,0xF81F,0xF81F,
    0xF81F,0x8810,0x9011,0x9812,0x680D,0xF81F,0xF81F,0xF81F,
    0xF81F,0xF81F,0xF81F,0xF81F,0xF81F,0xF81F,0xF81F,0xF81F,
    0xF81F,0xF81F,0xF81F,0xF81F,0xF81F,0xF81F,0xF81F,0xF81F,
    0xF81F,0xF81F,0xF81F,0xF81F,0xF81F,0xF81F,0xF81F,0xF81F,
    0xF81F,0x9011,0xA013,0xA814,0x700E,0xF81F,0xF81F,0xF81F,
    0xF81F,0xF81F,0xF81F,0xF81F,0xF81F,0xF81F,0xF81F,0xF81F,
    0xF81F,0xF81F,0xF81F,0xF81F,0xF81F,0xF81F,0xF81F,0xF81F,
    0xF81F,0xF81F,0xF81F,0xF81F,0xF81F,0xF81F,0xF81F,0xF81F,
    0xF81F,0x2004,0x2004,0x2804,0x1803,0xF81F,0xF81F,0xF81F,
    0xF81F,0xF81F,0xF81F,0xF81F,0xF81F,0xF81F,0xF81F,0xF81F,
    0xF81F,0xF81F,0xF81F,0xF81F,0xF81F,0xF81F,0xF81F,0xF81F,
    0xF81F,0xF81F,0xF81F,0xF81F,0xF81F,0xF81F,0xF81F,0xF81F,
    0xF81F,0xF81F,0xF81F,0xF81F,0xF81F,0xF81F,0xF81F,0xF81F,
    0xF81F,0xF81F,0xF81F,0xF81F,0xF81F,0xF81F,0xF81F,0xF81F,
    0xF81F,0xF81F,0xD81B,0xE81D,0xE81D,0xE81D,0xB016,0xF81F,
    0xF81F,0xF81F,0xF81F,0xF81F,0xF81F,0xF81F,0xF81F,0xF81F,
    0xF81F,0xF81F,0xF81F,0xF81F,0xF81F,0xF81F,0xF81F,0xF81F,
    0xF81F,0xF81F,0xF81F,0xF81F,0xF81F,0xF81F,0xF81F,0xF81F,
    0xF81F,0xF81F,0xF01E,0xF81E,0xF81E,0xF81E,0xC018,0xF81F,
    0xF81F,0xF81F,0xF81F,0xF81F,0xF81F,0xF81F,0xF81F,0xF81F,
    0xF81F,0xF81F,0xF81F,0xF81F,0xF81F,0xF81F,0xF81F,0xF81F,
    0xF81F,0xF81F,0xF81F,0xF81F,0xF81F,0xF81F,0xF81F,0xF81F,
    0xF81F,0xF81F,0xE81D,0xF81E,0xF01E,0xF81E,0xB817,0xF81F,
    0xF81F,0xF81F,0xF81F,0xF81F,0xF81F,0xB816,0xC818,0xC017,
    0xD019,0x3006,0xF81F,0xF81F,0xF81F,0xF81F,0xF81F,0xF81F,
    0xF81F,0xF81F,0xF81F,0xF81F,0xF81F,0xF81F,0xF81F,0xF81F,
    0xF81F,0xF81F,0xF81E,0xF81E,0xF81E,0xF81E,0xC819,0xF81F,
    0xF81F,0xF81F,0xF81F,0xF81F,0xF81F,0xC818,0xD81A,0xD019,
    0xE01B,0x3006,0xF81F,0xF81F,0xF81F,0xF81F,0xF81F,0xF81F,
    0xF81F,0xF81F,0xF81F,0xF81F,0xF81F,0xF81F,0xF81F,0xF81F,
    0xF81F,0xF81F,0xB016,0xB817,0xB817,0xB817,0x8811,0xF81F,
    0xF81F,0xF81F,0xF81F,0xF81F,0xF81F,0xC017,0xD019,0xD019,
    0xD81A,0x3006,0xF81F,0xF81F,0xF81F,0xF81F,0xF81F,0xF81F,
    0xF81F,0xF81F,0xF81F,0xF81F,0xF81F,0xF81F,0xF81F,0xF81F,
    0xF81F,0xF81F,0xF81F,0xF81F,0xF81F,0xF81F,0xF81F,0xF81F,
    0xF81F,0xF81F,0xF81F,0xF81F,0xF81F,0xC818,0xE01A,0xD81A,
    0xE01B,0x3806,0xF81F,0xF81F,0xF81F,0xF81F,0xF81F,0xF81F,
    0xF81F,0xF81F,0xF81F,0xF81F,0xF81F,0xF81F,0xF81F,0xF81F,
    0xF81F,0xF81F,0xF81F,0xF81F,0xF81F,0xF81F,0xF81F,0xF81F,
    0xF81F,0xF81F,0xF81F,0xF81F,0xF81F,0x3006,0x3807,0x3806,
    0x3807,0xF81F,0xF81F,0xF81F,0xF81F,0xF81F,0xF81F,0xF81F,
};

// SOLDER SPARKS
static const uint16_t item_icon_cos_sparks[32 * 32] PROGMEM = {
    0xF81F,0xF81F,0xF81F,0xF81F,0xF81F,0xF81F,0xF81F,0xF81F,
    0xF81F,0xF81F,0xF81F,0xF81F,0xF81F,0xF81F,0xF81F,0xF81F,
    0xF81F,0xF81F,0xF81F,0xF81F,0xF81F,0xF81F,0xF81F,0xF81F,
    0xF81F,0xF81F,0xF81F,0xF81F,0xF81F,0xF81F,0xF81F,0xF81F,
    0xF81F,0xA220,0x6960,0xF81F,0xF81F,0xF81F,0xF81F,0xF81F,
    0xF81F,0xF81F,0xF81F,0xF81F,0xF81F,0xF81F,0xF81F,0x6140,
    0x6140,0xF81F,0xF81F,0xF81F,0xF81F,0xF81F,0xF81F,0xF81F,
    0xF81F,0xF81F,0xF81F,0xF81F,0xF81F,0x38C0,0x6960,0xF81F,
    0xF81F,0x7180,0xFBC0,0x6140,0xF81F,0xF81F,0xF81F,0xF81F,
    0xF81F,0xF81F,0xF81F,0xF81F,0xF81F,0xF81F,0xF81F,0xDAE0,
    0xDAE0,0xF81F,0xF81F,0xF81F,0xF81F,0xF81F,0xF81F,0xF81F,
    0xF81F,0xF81F,0xF81F,0xF81F,0x3080,0xFBA0,0xA220,0xF81F,
    0xF81F,0xF81F,0x6140,0xFBC0,0x6140,0xF81F,0xF81F,0xF81F,
    0xF81F,0xF81F,0xF81F,0xF81F,0xF81F,0xF81F,0xF81F,0xCAA0,
    0xCAA0,0xF81F,0xF81F,0xF81F,0xF81F,0xF81F,0xF81F,0xF81F,
    0xF81F,0xF81F,0xF81F,0x3080,0xFB80,0x9A20,0xF81F,0xF81F,
    0xF81F,0xF81F,0xF81F,0x6140,0xFBC0,0x6140,0xF81F,0xF81F,
    0xF81F,0xF81F,0xF81F,0xF81F,0xF81F,0xF81F,0xF81F,0xCAA0,
    0xCAA0,0xF81F,0xF81F,0xF81F,0xF81F,0xF81F,0xF81F,0xF81F,
    0xF81F,0xF81F,0x3080,0xFB80,0x9A20,0xF81F,0xF81F,0xF81F,
    0xF81F,0xF81F,0xF81F,0xF81F,0x6140,0xFBC0,0x6140,0xF81F,
    0xF81F,0xF81F,0xF81F,0xF81F,0xF81F,0xF81F,0xF81F,0xCAA0,
    0xCAA0,0xF81F,0xF81F,0xF81F,0xF81F,0xF81F,0xF81F,0xF81F,
    0xF81F,0x3080,0xFB80,0x9A20,0xF81F,0xF81F,0xF81F,0xF81F,
    0xF81F,0xF81F,0xF81F,0xF81F,0xF81F,0x6140,0xFBC0,0x6140,
    0xF81F,0xF81F,0xF81F,0xF81F,0xF81F,0xF81F,0xF81F,0xCAA0,
    0xCAA0,0xF81F,0xF81F,0xF81F,0xF81F,0xF81F,0xF81F,0xF81F,
    0x3080,0xFB80,0x9A20,0xF81F,0xF81F,0xF81F,0xF81F,0xF81F,
    0xF81F,0xF81F,0xF81F,0xF81F,0xF81F,0xF81F,0x6140,0xFBC0,
    0x6140,0xF81F,0xF81F,0xF81F,0xF81F,0xF81F,0xF81F,0xCAA0,
    0xCAA0,0xF81F,0xF81F,0xF81F,0xF81F,0xF81F,0xF81F,0x3080,
    0xFB80,0x9A20,0xF81F,0xF81F,0xF81F,0xF81F,0xF81F,0xF81F,
    0xF81F,0xF81F,0xF81F,0xF81F,0xF81F,0xF81F,0xF81F,0x6140,
    0xFBC0,0x6140,0xF81F,0xF81F,0xF81F,0xF81F,0xF81F,0xCAA0,
    0xCAA0,0xF81F,0xF81F,0xF81F,0xF81F,0xF81F,0x3080,0xFB80,
    0x9A20,0xF81F,0xF81F,0xF81F,0xF81F,0xF81F,0xF81F,0xF81F,
    0xF81F,0xF81F,0xF81F,0xF81F,0xF81F,0xF81F,0xF81F,0xF81F,
    0x6140,0xFBC0,0x6140,0xF81F,0xF81F,0xF81F,0xF81F,0xCAA0,
    0xCAA0,0xF81F,0xF81F,0xF81F,0xF81F,0x3080,0xFB80,0x9A20,
    0xF81F,0xF81F,0xF81F,0xF81F,0xF81F,0xF81F,0xF81F,0xF81F,
    0xF81F,0xF81F,0xF81F,0xF81F,0xF81F,0xF81F,0xF81F,0xF81F,
    0xF81F,0x6140,0xFBC0,0x40C0,0xF81F,0xF81F,0xF81F,0xDAE0,
    0xDAE0,0xF81F,0xF81F,0xF81F,0x30A0,0xFB80,0x9A20,0xF81F,
    0xF81F,0xF81F,0xF81F,0xF81F,0xF81F,0xF81F,0xF81F,0xF81F,
    0xF81F,0xF81F,0xF81F,0xF81F,0xF81F,0xF81F,0xF81F,0xF81F,
    0xF81F,0xF81F,0x38C0,0xF81F,0xF81F,0xF81F,0xF81F,0x2040,
    0x2040,0xF81F,0xF81F,0xF81F,0x2060,0x79A0,0xF81F,0xF81F,
    0xF81F,0xF81F,0xF81F,0xF81F,0xF81F,0xF81F,0xF81F,0xF81F,
    0xF81F,0xF81F,0xF81F,0xF81F,0xF81F,0xF81F,0xF81F,0xF81F,
    0xF81F,0xF81F,0xF81F,0xF81F,0xF81F,0xF81F,0x20A0,0x6240,
    0x7280,0x3120,0xF81F,0xF81F,0xF81F,0xF81F,0xF81F,0xF81F,
    0xF81F,0xF81F,0xF81F,0xF81F,0xF81F,0xF81F,0xF81F,0xF81F,
    0xF81F,0xF81F,0xF81F,0xF81F,0xF81F,0xF81F,0xF81F,0xF81F,
    0xF81F,0xF81F,0xF81F,0xF81F,0xF81F,0x59E0,0xF540,0xFDE0,
    0xFDC0,0xFDA0,0x8AE0,0xF81F,0xF81F,0xF81F,0xF81F,0xF81F,
    0xF81F,0xF81F,0xF81F,0xF81F,0xF81F,0xF81F,0xF81F,0xF81F,
    0xF81F,0xF81F,0xF81F,0xF81F,0xF81F,0xF81F,0xF81F,0xF81F,
    0xF81F,0xF81F,0xF81F,0xF81F,0x20A0,0xF540,0xFD80,0xFD40,
    0xFD40,0xFD60,0xFDE0,0x51A0,0xF81F,0xF81F,0xF81F,0xF81F,
    0xF81F,0xF81F,0xF81F,0xF81F,0xF81F,0xF81F,0xF81F,0xF81F,
    0xF81F,0x6140,0xCAE0,0xCAA0,0xCAA0,0xCAA0,0xCAA0,0xCAA0,
    0xCAA0,0xCAA0,0xCAE0,0x2040,0x6A40,0xFDE0,0xFD40,0xFD60,
    0xFD60,0xFD40,0xFDA0,0xB3C0,0xF81F,0x79A0,0x81C0,0x81A0,
    0x81A0,0x81A0,0x81A0,0x81A0,0x81A0,0x81C0,0x6140,0xF81F,
    0xF81F,0x6140,0xCAE0,0xCAA0,0xCAA0,0xCAA0,0xCAA0,0xCAA0,
    0xCAA0,0xCAA0,0xCAE0,0x2040,0x7280,0xFDC0,0xFD40,0xFD60,
    0xFD60,0xFD40,0xFDA0,0xBC00,0xF81F,0xF340,0xFB80,0xFB60,
    0xFB60,0xFB60,0xFB60,0xFB60,0xFB60,0xFBA0,0xBA80,0xF81F,
    0xF81F,0xF81F,0xF81F,0xF81F,0xF81F,0xF81F,0xF81F,0xF81F,
    0xF81F,0xF81F,0xF81F,0xF81F,0x3920,0xFDA0,0xFD60,0xFD40,
    0xFD40,0xFD40,0xFDE0,0x7260,0xF81F,0xF81F,0xF81F,0xF81F,
    0xF81F,0xF81F,0xF81F,0xF81F,0xF81F,0xF81F,0xF81F,0xF81F,
    0xF81F,0xF81F,0xF81F,0xF81F,0xF81F,0xF81F,0xF81F,0xF81F,
    0xF81F,0xF81F,0xF81F,0xF81F,0xF81F,0x8AE0,0xFDE0,0xFDC0,
    0xFDA0,0xFDE0,0xC400,0xF81F,0xF81F,0xF81F,0xF81F,0xF81F,
    0xF81F,0xF81F,0xF81F,0xF81F,0xF81F,0xF81F,0xF81F,0xF81F,
    0xF81F,0xF81F,0xF81F,0xF81F,0xF81F,0xF81F,0xF81F,0xF81F,
    0xF81F,0xF81F,0xF81F,0xF81F,0xF81F,0xF81F,0x51C0,0xABC0,
    0xBBE0,0x6A60,0xF81F,0xF81F,0xF81F,0xF81F,0xF81F,0xF81F,
    0xF81F,0xF81F,0xF81F,0xF81F,0xF81F,0xF81F,0xF81F,0xF81F,
    0xF81F,0xF81F,0xF81F,0xF81F,0xF81F,0xF81F,0xF81F,0xF81F,
    0xF81F,0xF81F,0x2880,0x2080,0xF81F,0xF81F,0xF81F,0xF81F,
    0xF81F,0xF81F,0xF81F,0xF81F,0xF81F,0xF81F,0xF81F,0xF81F,
    0xF81F,0xF81F,0xF81F,0xF81F,0xF81F,0xF81F,0xF81F,0xF81F,
    0xF81F,0xF81F,0xF81F,0xF81F,0xF81F,0xF81F,0xF81F,0xF81F,
    0xF81F,0x3080,0xFBA0,0x81A0,0xF81F,0xF81F,0xF81F,0x79A0,
    0xF340,0xF81F,0xF81F,0xF81F,0xF81F,0xEB20,0x6960,0xF81F,
    0xF81F,0xF81F,0xF81F,0xF81F,0xF81F,0xF81F,0xF81F,0xF81F,
    0xF81F,0xF81F,0xF81F,0xF81F,0xF81F,0xF81F,0xF81F,0xF81F,
    0x3080,0xFB80,0x9A20,0xF81F,0xF81F,0xF81F,0xF81F,0x81C0,
    0xFB80,0xF81F,0xF81F,0xF81F,0xF81F,0x6960,0xFBC0,0x6140,
    0xF81F,0xF81F,0xF81F,0xF81F,0xF81F,0xF81F,0xF81F,0xF81F,
    0xF81F,0xF81F,0xF81F,0xF81F,0xF81F,0xF81F,0xF81F,0x3080,
    0xFB80,0x9A20,0xF81F,0xF81F,0xF81F,0xF81F,0xF81F,0x81A0,
    0xFB60,0xF81F,0xF81F,0xF81F,0xF81F,0xF81F,0x6140,0xFBC0,
    0x6140,0xF81F,0xF81F,0xF81F,0xF81F,0xF81F,0xF81F,0xF81F,
    0xF81F,0xF81F,0xF81F,0xF81F,0xF81F,0xF81F,0x3080,0xFB80,
    0x9A20,0xF81F,0xF81F,0xF81F,0xF81F,0xF81F,0xF81F,0x81A0,
    0xFB60,0xF81F,0xF81F,0xF81F,0xF81F,0xF81F,0xF81F,0x6140,
    0xFBC0,0x6140,0xF81F,0xF81F,0xF81F,0xF81F,0xF81F,0xF81F,
    0xF81F,0xF81F,0xF81F,0xF81F,0xF81F,0x3080,0xFB80,0x9A20,
    0xF81F,0xF81F,0xF81F,0xF81F,0xF81F,0xF81F,0xF81F,0x81A0,
    0xFB60,0xF81F,0xF81F,0xF81F,0xF81F,0xF81F,0xF81F,0xF81F,
    0x6140,0xFBC0,0x6140,0xF81F,0xF81F,0xF81F,0xF81F,0xF81F,
    0xF81F,0xF81F,0xF81F,0xF81F,0x3080,0xFB80,0x9A20,0xF81F,
    0xF81F,0xF81F,0xF81F,0xF81F,0xF81F,0xF81F,0xF81F,0x81A0,
    0xFB60,0xF81F,0xF81F,0xF81F,0xF81F,0xF81F,0xF81F,0xF81F,
    0xF81F,0x6140,0xFBC0,0x6140,0xF81F,0xF81F,0xF81F,0xF81F,
    0xF81F,0xF81F,0xF81F,0x3080,0xFB80,0x9A20,0xF81F,0xF81F,
    0xF81F,0xF81F,0xF81F,0xF81F,0xF81F,0xF81F,0xF81F,0x81A0,
    0xFB60,0xF81F,0xF81F,0xF81F,0xF81F,0xF81F,0xF81F,0xF81F,
    0xF81F,0xF81F,0x6140,0xFBC0,0x6140,0xF81F,0xF81F,0xF81F,
    0xF81F,0xF81F,0x3080,0xFB80,0x9A20,0xF81F,0xF81F,0xF81F,
    0xF81F,0xF81F,0xF81F,0xF81F,0xF81F,0xF81F,0xF81F,0x81A0,
    0xFB60,0xF81F,0xF81F,0xF81F,0xF81F,0xF81F,0xF81F,0xF81F,
    0xF81F,0xF81F,0xF81F,0x6140,0xFBC0,0x6140,0xF81F,0xF81F,
    0xF81F,0x40C0,0xFB80,0x9A20,0xF81F,0xF81F,0xF81F,0xF81F,
    0xF81F,0xF81F,0xF81F,0xF81F,0xF81F,0xF81F,0xF81F,0x89C0,
    0xFBA0,0xF81F,0xF81F,0xF81F,0xF81F,0xF81F,0xF81F,0xF81F,
    0xF81F,0xF81F,0xF81F,0xF81F,0x6140,0xFBC0,0x6960,0xF81F,
    0xF81F,0x6960,0xA220,0xF81F,0xF81F,0xF81F,0xF81F,0xF81F,
    0xF81F,0xF81F,0xF81F,0xF81F,0xF81F,0xF81F,0xF81F,0x6140,
    0xBA60,0xF81F,0xF81F,0xF81F,0xF81F,0xF81F,0xF81F,0xF81F,
    0xF81F,0xF81F,0xF81F,0xF81F,0xF81F,0x6960,0xE300,0xF81F,
    0xF81F,0xF81F,0xF81F,0xF81F,0xF81F,0xF81F,0xF81F,0xF81F,
    0xF81F,0xF81F,0xF81F,0xF81F,0xF81F,0xF81F,0xF81F,0xF81F,
    0xF81F,0xF81F,0xF81F,0xF81F,0xF81F,0xF81F,0xF81F,0xF81F,
    0xF81F,0xF81F,0xF81F,0xF81F,0xF81F,0xF81F,0xF81F,0xF81F,
};

// NOISE AURORA
static const uint16_t item_icon_cos_aurora[32 * 32] PROGMEM = {
    0xF81F,0xF81F,0xF81F,0xF81F,0xF81F,0xF81F,0xF81F,0xF81F,
    0xF81F,0xF81F,0xF81F,0xF81F,0xF81F,0xF81F,0xF81F,0xF81F,
    0xF81F,0xF81F,0xF81F,0xF81F,0xF81F,0xF81F,0xF81F,0xF81F,
    0xF81F,0xF81F,0xF81F,0xF81F,0xF81F,0xF81F,0xF81F,0xF81F,
    0xF81F,0xF81F,0xF81F,0xF81F,0xF81F,0xF81F,0xF81F,0xF81F,
    0xF81F,0xF81F,0xF81F,0xF81F,0xF81F,0xF81F,0xF81F,0xF81F,
    0xF81F,0xF81F,0xF81F,0xF81F,0xF81F,0xF81F,0xF81F,0xF81F,
    0xF81F,0xF81F,0xF81F,0xF81F,0xF81F,0xF81F,0xF81F,0xF81F,
    0xF81F,0xF81F,0xF81F,0xF81F,0xF81F,0xF81F,0xF81F,0xF81F,
    0xF81F,0xF81F,0xF81F,0xF81F,0xF81F,0xF81F,0xF81F,0xF81F,
    0xF81F,0xF81F,0xF81F,0xF81F,0xF81F,0xF81F,0xF81F,0xF81F,
    0xF81F,0xF81F,0xF81F,0xF81F,0xF81F,0xF81F,0xF81F,0xF81F,
    0xF81F,0xF81F,0xF81F,0xF81F,0xF81F,0xF81F,0xF81F,0x600F,
    0x1003,0x1805,0x1003,0xF81F,0xF81F,0xF81F,0xF81F,0xF81F,
    0xF81F,0xF81F,0xF81F,0xF81F,0xF81F,0xF81F,0x2807,0xF81F,
    0x6010,0x1003,0xF81F,0xF81F,0xF81F,0xF81F,0xF81F,0xF81F,
    0xF81F,0xF81F,0xF81F,0xF81F,0xF81F,0x400B,0xA01A,0xD01F,
    0x8817,0xB01D,0xA01A,0xF81F,0xF81F,0xF81F,0xF81F,0xF81F,
    0xF81F,0xF81F,0xF81F,0xF81F,0xF81F,0x7813,0xC81F,0x8015,
    0xC81F,0xB01D,0x580F,0xF81F,0xF81F,0xF81F,0xF81F,0xF81F,
    0xF81F,0xF81F,0xF81F,0x2806,0x9017,0xC81F,0xC01F,0xB81F,
    0xC81F,0xC01F,0xC81F,0xA019,0x2006,0xF81F,0xF81F,0xF81F,
    0xF81F,0xF81F,0xF81F,0xF81F,0x8015,0xC81F,0xB81F,0xC81F,
    0xB81F,0xC01F,0xC81F,0xA01A,0x400B,0xF81F,0xF81F,0xF81F,
    0xF81F,0x1003,0x7813,0xC01F,0xC81F,0xB81F,0xC81F,0xC01F,
    0xA81C,0xC81F,0xB81F,0xC81F,0xB81D,0x2006,0xF81F,0xF81F,
    0xF81F,0xF81F,0xF81F,0x9819,0xD01F,0xB81F,0xC81F,0xB01E,
    0xB81E,0xC81F,0xB81F,0xC81F,0xC81F,0x9017,0x2806,0xF81F,
    0x1003,0xA81C,0xD01F,0xB81F,0xC01F,0xD01F,0x9819,0x3008,
    0xF81F,0x8015,0xC81F,0xB81F,0xC81F,0xB81D,0x2006,0xF81F,
    0xF81F,0xF81F,0x9819,0xC81F,0xB81E,0xC81F,0xA019,0x2005,
    0x1804,0x8015,0xC81F,0xC81F,0xB81F,0xC81F,0xC01F,0x3008,
    0xF81F,0x7814,0xC81F,0xC81F,0xB01C,0x480C,0xF81F,0xF81F,
    0xF81F,0xF81F,0x7013,0xD01F,0xB81F,0xC81F,0xB81D,0x2806,
    0xF81F,0x9819,0xC81F,0xB81E,0xC81F,0x9819,0xF81F,0xF81F,
    0xF81F,0xF81F,0x3008,0x9819,0xC81F,0xC81F,0xA01A,0xF81F,
    0xF81F,0x1804,0xB81D,0x6010,0x1003,0xF81F,0xF81F,0xF81F,
    0xF81F,0xF81F,0xF81F,0x7013,0xD01F,0xB81F,0xC01F,0xB81E,
    0xB01D,0xC81F,0xB81F,0xD01F,0x9819,0xF81F,0xF81F,0xF81F,
    0x0803,0xF81F,0xF81F,0xF81F,0x480B,0xB81D,0x400B,0xF81F,
    0xF81F,0xF81F,0x1003,0xF81F,0xF81F,0xF81F,0x300C,0x881D,
    0x300C,0x5012,0x400E,0xF81F,0x7013,0xC81F,0xB81F,0xC01F,
    0xC01F,0xB81F,0xC81F,0x9819,0xF81F,0x1807,0x6016,0x2008,
    0x881D,0x4810,0x0803,0xF81F,0xF81F,0xF81F,0xF81F,0xF81F,
    0xF81F,0xF81F,0xF81F,0xF81F,0x2808,0x7019,0x981F,0x901F,
    0x881F,0x901F,0x981F,0x380D,0xF81F,0x500D,0xC81F,0xC81F,
    0xC01F,0xD01F,0x7813,0xF81F,0x2007,0x881E,0x981F,0x881F,
    0x901F,0x981F,0x801C,0x380C,0xF81F,0xF81F,0xF81F,0xF81F,
    0xF81F,0xF81F,0x1805,0x6014,0x981F,0x901F,0x881F,0x901F,
    0x981F,0x881F,0x881F,0x981F,0x5813,0xF81F,0x500E,0x6812,
    0x480D,0x7814,0xF81F,0x380C,0x901F,0x901F,0x881F,0x981F,
    0x981F,0x881F,0x901F,0x981F,0x7019,0x2808,0xF81F,0xF81F,
    0xF81F,0x4810,0x901F,0x981F,0x881F,0x901F,0x981F,0x6016,
    0x400F,0x901F,0x901F,0x881F,0x981F,0x5813,0xF81F,0xF81F,
    0xF81F,0xF81F,0x380C,0x981F,0x901F,0x881F,0x981F,0x5013,
    0x5012,0x901F,0x981F,0x881F,0x901F,0x981F,0x6014,0x1005,
    0xF81F,0x801C,0x901F,0x881F,0x981F,0x781A,0x300B,0xF81F,
    0xF81F,0x2007,0x881D,0x901F,0x881F,0x981F,0x5813,0xF81F,
    0xF81F,0x380D,0x981F,0x881F,0x881F,0x981F,0x380D,0xF81F,
    0xF81F,0x2007,0x6817,0x981F,0x901F,0x881F,0x901F,0x1806,
    0xF81F,0x300B,0xA01F,0x801D,0x400F,0xF81F,0xF81F,0xF81F,
    0xF81F,0xF81F,0x1806,0x881D,0x901F,0x881F,0x981F,0x5814,
    0x400F,0x901F,0x881F,0x881F,0x981F,0x380C,0xF81F,0xF81F,
    0xF81F,0xF81F,0xF81F,0x300B,0x781A,0xA01F,0x5013,0xF81F,
    0xF81F,0xF81F,0x4810,0x1003,0xF81F,0xF81F,0xF81F,0x300B,
    0x0802,0x1003,0xF81F,0x1806,0x881E,0x981F,0x881F,0x981F,
    0x981F,0x881F,0x901F,0x981F,0x380C,0xF81F,0x1805,0xF81F,
    0x300B,0x0802,0xF81F,0xF81F,0xF81F,0x480F,0x1005,0xF81F,
    0xF81F,0xF81F,0xF81F,0xF81F,0xF81F,0x2007,0x5012,0x6818,
    0x4010,0x5814,0x5013,0xF81F,0x1005,0x7819,0x981F,0x881F,
    0x901F,0x901F,0x881D,0x300A,0xF81F,0x380E,0x6017,0x400E,
    0x6817,0x5814,0x280B,0xF81F,0xF81F,0xF81F,0xF81F,0xF81F,
    0xF81F,0xF81F,0xF81F,0x1005,0x4810,0x6017,0x6016,0x5815,
    0x6017,0x5816,0x6017,0x5013,0x0803,0xF81F,0x781A,0x801D,
    0x7019,0x901F,0x1806,0xF81F,0x400F,0x6017,0x5815,0x6017,
    0x5816,0x6016,0x6017,0x5013,0x2007,0xF81F,0xF81F,0xF81F,
    0xF81F,0x0802,0x380E,0x6016,0x6017,0x5815,0x6017,0x6016,
    0x5014,0x6017,0x5815,0x6017,0x5815,0x1003,0xF81F,0x1805,
    0xF81F,0x1806,0xF81F,0x5012,0x6818,0x5815,0x6017,0x5814,
    0x5815,0x6017,0x5815,0x6016,0x6017,0x4810,0x1004,0xF81F,
    0x0802,0x5013,0x6818,0x5815,0x6016,0x6817,0x4811,0x1005,
    0xF81F,0x400F,0x6817,0x5815,0x6016,0x5815,0x1003,0xF81F,
    0xF81F,0xF81F,0x5012,0x6017,0x5815,0x6017,0x5012,0x1004,
    0x0803,0x400F,0x6017,0x6016,0x5815,0x6017,0x6016,0x1805,
    0xF81F,0x380E,0x6017,0x6017,0x5814,0x2008,0xF81F,0xF81F,
    0xF81F,0xF81F,0x380D,0x6818,0x5815,0x6016,0x5815,0x1004,
    0xF81F,0x4812,0x6017,0x5815,0x6017,0x4811,0xF81F,0xF81F,
    0xF81F,0xF81F,0x1806,0x4811,0x6017,0x6017,0x5012,0xF81F,
    0xF81F,0x0803,0x5815,0x300B,0xF81F,0xF81F,0xF81F,0xF81F,
    0xF81F,0xF81F,0xF81F,0x380D,0x6818,0x5815,0x6016,0x5815,
    0x5814,0x6017,0x5815,0x6817,0x4811,0xF81F,0xF81F,0xF81F,
    0xF81F,0xF81F,0xF81F,0xF81F,0x2008,0x5815,0x2008,0xF81F,
    0xF81F,0xF81F,0x0802,0xF81F,0xF81F,0xF81F,0xF81F,0xF81F,
    0xF81F,0xF81F,0xF81F,0xF81F,0x380D,0x6017,0x5815,0x6016,
    0x6016,0x5815,0x6817,0x4811,0xF81F,0xF81F,0xF81F,0xF81F,
    0xF81F,0xF81F,0xF81F,0xF81F,0xF81F,0xF81F,0xF81F,0xF81F,
    0xF81F,0xF81F,0xF81F,0xF81F,0xF81F,0xF81F,0xF81F,0xF81F,
    0xF81F,0xF81F,0xF81F,0xF81F,0xF81F,0x2009,0x6017,0x6017,
    0x6016,0x6818,0x380D,0xF81F,0xF81F,0xF81F,0xF81F,0xF81F,
    0xF81F,0xF81F,0xF81F,0xF81F,0xF81F,0xF81F,0xF81F,0xF81F,
    0xF81F,0xF81F,0xF81F,0xF81F,0xF81F,0xF81F,0xF81F,0xF81F,
    0xF81F,0xF81F,0xF81F,0xF81F,0xF81F,0xF81F,0x2809,0x300C,
    0x2009,0x380E,0xF81F,0xF81F,0xF81F,0xF81F,0xF81F,0xF81F,
    0xF81F,0xF81F,0xF81F,0xF81F,0xF81F,0xF81F,0xF81F,0xF81F,
    0xF81F,0xF81F,0xF81F,0xF81F,0xF81F,0xF81F,0xF81F,0xF81F,
    0xF81F,0xF81F,0xF81F,0xF81F,0xF81F,0xF81F,0xF81F,0xF81F,
    0xF81F,0xF81F,0xF81F,0xF81F,0xF81F,0xF81F,0xF81F,0xF81F,
    0xF81F,0xF81F,0xF81F,0xF81F,0xF81F,0xF81F,0xF81F,0xF81F,
    0xF81F,0xF81F,0xF81F,0xF81F,0xF81F,0xF81F,0xF81F,0xF81F,
    0xF81F,0xF81F,0xF81F,0xF81F,0xF81F,0xF81F,0xF81F,0xF81F,
    0xF81F,0xF81F,0xF81F,0xF81F,0xF81F,0xF81F,0xF81F,0xF81F,
    0xF81F,0xF81F,0xF81F,0xF81F,0xF81F,0xF81F,0xF81F,0xF81F,
    0xF81F,0xF81F,0xF81F,0xF81F,0xF81F,0xF81F,0xF81F,0xF81F,
    0xF81F,0xF81F,0xF81F,0xF81F,0xF81F,0xF81F,0xF81F,0xF81F,
    0xF81F,0xF81F,0xF81F,0xF81F,0xF81F,0xF81F,0xF81F,0xF81F,
    0xF81F,0xF81F,0xF81F,0xF81F,0xF81F,0xF81F,0xF81F,0xF81F,
    0xF81F,0xF81F,0xF81F,0xF81F,0xF81F,0xF81F,0xF81F,0xF81F,
    0xF81F,0xF81F,0xF81F,0xF81F,0xF81F,0xF81F,0xF81F,0xF81F,
    0xF81F,0xF81F,0xF81F,0xF81F,0xF81F,0xF81F,0xF81F,0xF81F,
    0xF81F,0xF81F,0xF81F,0xF81F,0xF81F,0xF81F,0xF81F,0xF81F,
    0xF81F,0xF81F,0xF81F,0xF81F,0xF81F,0xF81F,0xF81F,0xF81F,
    0xF81F,0xF81F,0xF81F,0xF81F,0xF81F,0xF81F,0xF81F,0xF81F,
    0xF81F,0xF81F,0xF81F,0xF81F,0xF81F,0xF81F,0xF81F,0xF81F,
    0xF81F,0xF81F,0xF81F,0xF81F,0xF81F,0xF81F,0xF81F,0xF81F,
    0xF81F,0xF81F,0xF81F,0xF81F,0xF81F,0xF81F,0xF81F,0xF81F,
    0xF81F,0xF81F,0xF81F,0xF81F,0xF81F,0xF81F,0xF81F,0xF81F,
    0xF81F,0xF81F,0xF81F,0xF81F,0xF81F,0xF81F,0xF81F,0xF81F,
    0xF81F,0xF81F,0xF81F,0xF81F,0xF81F,0xF81F,0xF81F,0xF81F,
};

// CABLE CRATE
static const uint16_t item_icon_cos_crate[32 * 32] PROGMEM = {
    0xF81F,0xF81F,0xF81F,0xF81F,0xF81F,0xF81F,0xF81F,0xF81F,
    0xF81F,0xF81F,0xF81F,0xF81F,0xF81F,0xF81F,0xF81F,0xF81F,
    0xF81F,0xF81F,0xF81F,0xF81F,0xF81F,0xF81F,0xF81F,0xF81F,
    0xF81F,0xF81F,0xF81F,0xF81F,0xF81F,0xF81F,0xF81F,0xF81F,
    0xF81F,0xF81F,0xF81F,0xF81F,0xF81F,0xF81F,0xF81F,0xF81F,
    0xF81F,0xF81F,0xF81F,0xF81F,0xF81F,0xF81F,0xF81F,0xF81F,
    0xF81F,0xF81F,0xF81F,0xF81F,0xF81F,0xF81F,0xF81F,0xF81F,
    0xF81F,0xF81F,0xF81F,0xF81F,0xF81F,0xF81F,0xF81F,0xF81F,
    0xF81F,0xF81F,0xF81F,0xF81F,0xF81F,0xF81F,0xF81F,0xF81F,
    0xF81F,0xF81F,0xF81F,0xF81F,0xF81F,0xF81F,0xF81F,0xF81F,
    0xF81F,0xF81F,0xF81F,0xF81F,0xF81F,0xF81F,0xF81F,0xF81F,
    0xF81F,0xF81F,0xF81F,0xF81F,0xF81F,0xF81F,0xF81F,0xF81F,
    0xF81F,0xF81F,0xF81F,0xF81F,0xF81F,0xF81F,0xF81F,0xF81F,
    0xF81F,0xF81F,0xF81F,0xF81F,0xF81F,0xF81F,0xF81F,0xF81F,
    0xF81F,0xF81F,0xF81F,0xF81F,0xF81F,0xF81F,0xF81F,0xF81F,
    0xF81F,0xF81F,0xF81F,0xF81F,0xF81F,0xF81F,0xF81F,0xF81F,
    0xF81F,0xF81F,0xF81F,0xF81F,0xF81F,0xF81F,0xF81F,0xF81F,
    0xF81F,0xF81F,0xF81F,0xF81F,0xF81F,0xF81F,0xF81F,0xF81F,
    0xF81F,0xF81F,0xF81F,0xF81F,0xF81F,0xF81F,0xF81F,0xF81F,
    0xF81F,0xF81F,0xF81F,0xF81F,0xF81F,0xF81F,0xF81F,0xF81F,
    0xF81F,0xF81F,0xF81F,0xF81F,0xF81F,0xF81F,0xF81F,0xF81F,
    0xF81F,0xF81F,0xF81F,0xF81F,0xF81F,0xF81F,0xF81F,0xF81F,
    0xF81F,0xF81F,0xF81F,0xF81F,0xF81F,0xF81F,0xF81F,0xF81F,
    0xF81F,0xF81F,0xF81F,0xF81F,0xF81F,0xF81F,0xF81F,0xF81F,
    0xF81F,0xF81F,0xF81F,0xF81F,0xF81F,0xF81F,0xF81F,0xF81F,
    0xF81F,0xF81F,0xF81F,0xF81F,0xF81F,0xF81F,0xF81F,0xF81F,
    0xF81F,0xF81F,0xF81F,0xF81F,0xF81F,0xF81F,0xF81F,0xF81F,
    0xF81F,0xF81F,0xF81F,0xF81F,0xF81F,0xF81F,0xF81F,0xF81F,
    0xF81F,0xF81F,0xF81F,0xF81F,0xF81F,0xF81F,0xF81F,0xF81F,
    0xF81F,0xF81F,0xF81F,0xF81F,0xF81F,0xF81F,0xF81F,0xF81F,
    0xF81F,0xF81F,0xF81F,0xF81F,0xF81F,0xF81F,0xF81F,0xF81F,
    0xF81F,0xF81F,0xF81F,0xF81F,0xF81F,0xF81F,0xF81F,0xF81F,
    0xF81F,0xF81F,0xF81F,0xF81F,0xF81F,0xF81F,0xF81F,0xF81F,
    0xF81F,0xF81F,0xF81F,0xF81F,0xF81F,0xF81F,0xF81F,0xF81F,
    0xF81F,0xF81F,0xF81F,0xF81F,0xF81F,0xF81F,0xF81F,0xF81F,
    0xF81F,0xF81F,0xF81F,0xF81F,0xF81F,0xF81F,0xF81F,0xF81F,
    0xF81F,0xF81F,0xF81F,0xF81F,0xF81F,0xF81F,0xF81F,0xF81F,
    0xF81F,0xF81F,0xF81F,0xF81F,0xF81F,0xF81F,0xF81F,0xF81F,
    0xF81F,0xF81F,0xF81F,0xF81F,0xF81F,0xF81F,0xF81F,0xF81F,
    0xF81F,0xF81F,0xF81F,0xF81F,0xF81F,0xF81F,0xF81F,0xF81F,
    0xF81F,0xF81F,0xF81F,0xF81F,0xF81F,0xF81F,0xF81F,0xF81F,
    0xF81F,0xF81F,0xF81F,0xF81F,0xF81F,0xF81F,0xF81F,0xF81F,
    0xF81F,0xF81F,0xF81F,0xF81F,0xF81F,0xF81F,0xF81F,0xF81F,
    0xF81F,0xF81F,0xF81F,0xF81F,0xF81F,0xF81F,0xF81F,0xF81F,
    0xF81F,0xF81F,0xF81F,0xF81F,0x8BA7,0x9C27,0xA427,0xA427,
    0xA427,0xA427,0xA427,0xA427,0xA427,0xA427,0xA427,0x9C27,
    0x9C07,0xA427,0xA427,0xA427,0xA427,0xA427,0xA427,0xA427,
    0xA427,0xA427,0x9C07,0x9C27,0x2101,0xF81F,0xF81F,0xF81F,
    0xF81F,0xF81F,0xF81F,0xF81F,0x9C27,0x8BA7,0x6AC5,0x72E5,
    0x72E5,0x72E5,0x72E5,0x72E5,0x72E5,0x72E5,0x6AC5,0x8366,
    0x9C07,0x6AE5,0x72E5,0x72E5,0x72E5,0x72E5,0x72E5,0x72E5,
    0x72E5,0x6AE5,0x7B46,0xB488,0x2902,0xF81F,0xF81F,0xF81F,
    0xF81F,0xF81F,0xF81F,0xF81F,0xA427,0x6AC5,0x2101,0x3142,
    0x3122,0x3122,0x3122,0x3122,0x3122,0x3142,0x2901,0x5224,
    0x8B86,0x2902,0x3142,0x3122,0x3122,0x3122,0x3122,0x3122,
    0x3142,0x2902,0x49E3,0xAC88,0x2901,0xF81F,0xF81F,0xF81F,
    0xF81F,0xF81F,0xF81F,0xF81F,0xA427,0x6AE5,0x2901,0x3162,
    0x3162,0x3162,0x3162,0x3162,0x3162,0x3962,0x2922,0x5244,
    0x8BA6,0x3122,0x3962,0x3162,0x3162,0x3162,0x3162,0x3162,
    0x3162,0x2922,0x4A03,0xB488,0x2901,0xF81F,0xF81F,0xF81F,
    0xF81F,0xF81F,0xF81F,0xF81F,0x9C07,0x9C07,0x8B86,0x8BA7,
    0x8BA7,0x8BA7,0x8BA7,0x8BA7,0x8BA7,0x8346,0x8366,0x9BE7,
    0xA448,0x8366,0x7B46,0x8BA6,0x93C7,0x8BA7,0x8BA7,0x8BA7,
    0x8BA7,0x8BA6,0x93C7,0xAC88,0x2902,0xF81F,0xF81F,0xF81F,
    0xF81F,0xF81F,0xF81F,0xF81F,0x9C27,0x8366,0x5224,0x5A64,
    0x5A44,0x5A44,0x5A64,0x5244,0x5224,0xA448,0xE60B,0xDDCB,
    0xDDAA,0xE60B,0xBCE9,0x5A64,0x5224,0x5A64,0x5A44,0x5A44,
    0x5A64,0x5224,0x6AC5,0xAC88,0x2901,0xF81F,0xF81F,0xF81F,
    0xF81F,0xF81F,0xF81F,0xF81F,0xA427,0x6AC5,0x2101,0x3142,
    0x3142,0x3142,0x2922,0x3982,0xBCC9,0xC509,0x62A5,0x3162,
    0x3142,0x5224,0xAC88,0xCD6A,0x5224,0x2902,0x3142,0x3142,
    0x3142,0x2922,0x4A03,0xB488,0x2901,0xF81F,0xF81F,0xF81F,
    0xF81F,0xF81F,0xF81F,0xF81F,0xA427,0x72E5,0x3142,0x3983,
    0x3982,0x3982,0x3142,0xC509,0xA428,0x20C1,0x41C3,0x93C7,
    0x9C07,0x5A44,0x18A1,0x7305,0xDDAA,0x49C3,0x3162,0x3982,
    0x3983,0x3142,0x5223,0xB488,0x2901,0xF81F,0xF81F,0xF81F,
    0xF81F,0xF81F,0xF81F,0xF81F,0xA427,0x72E5,0x2922,0x3982,
    0x3982,0x2922,0x8366,0xCD4A,0x18C1,0x7B26,0xDDCB,0xA448,
    0x9BE7,0xD58A,0xA448,0x18A1,0x9C27,0xB4A8,0x2922,0x3982,
    0x3982,0x3142,0x5223,0xB488,0x2901,0xF81F,0xF81F,0xF81F,
    0xF81F,0xF81F,0xF81F,0xF81F,0xA427,0x72E5,0x2922,0x3982,
    0x3982,0x3122,0xC529,0x6AC5,0x41A3,0xDDCB,0x6284,0x20E1,
    0x2101,0x39A3,0xD58A,0x72E5,0x3983,0xD58A,0x49C3,0x3162,
    0x3982,0x3142,0x5223,0xB488,0x2901,0xF81F,0xF81F,0xF81F,
    0xF81F,0xF81F,0xF81F,0xF81F,0xA427,0x72E5,0x2922,0x3982,
    0x3162,0x41C3,0xD56A,0x3962,0x93C7,0xA448,0x20E1,0x39A3,
    0x39A3,0x2901,0x7305,0xBCE9,0x20E1,0xC509,0x6AC5,0x2922,
    0x3982,0x3142,0x5223,0xB488,0x2901,0xF81F,0xF81F,0xF81F,
    0xF81F,0xF81F,0xF81F,0xF81F,0xA427,0x72E5,0x2922,0x3982,
    0x3162,0x49E3,0xD56A,0x3142,0x9C07,0x9BE7,0x2101,0x39A3,
    0x3983,0x2922,0x6AC5,0xC509,0x20E1,0xC509,0x72E5,0x2922,
    0x3982,0x3142,0x5223,0xB488,0x2901,0xF81F,0xF81F,0xF81F,
    0xF81F,0xF81F,0xF81F,0xF81F,0xA427,0x72E5,0x2922,0x3982,
    0x3962,0x3162,0xCD4A,0x5A44,0x5A44,0xD58A,0x39A3,0x2902,
    0x2922,0x2902,0xBCE9,0x8BA7,0x3142,0xD56A,0x5224,0x3142,
    0x3982,0x3142,0x5223,0xB488,0x2901,0xF81F,0xF81F,0xF81F,
    0xF81F,0xF81F,0xF81F,0xF81F,0xA427,0x72E5,0x2922,0x3982,
    0x3982,0x2902,0x9C07,0xB4A8,0x18A1,0xA448,0xD58A,0x7305,
    0x6AC5,0xBCE9,0xCD4A,0x2101,0x8366,0xC529,0x3122,0x3982,
    0x3982,0x3142,0x5223,0xB488,0x2901,0xF81F,0xF81F,0xF81F,
    0xF81F,0xF81F,0xF81F,0xF81F,0xA427,0x72E5,0x3142,0x3983,
    0x3982,0x3962,0x39A3,0xDDAA,0x7305,0x18A1,0x7305,0xBCE9,
    0xC509,0x8BA7,0x2901,0x49E3,0xE5CB,0x5A64,0x3142,0x3982,
    0x3983,0x3142,0x5223,0xB488,0x2901,0xF81F,0xF81F,0xF81F,
    0xF81F,0xF81F,0xF81F,0xF81F,0xA427,0x6AE5,0x2901,0x3162,
    0x3142,0x3162,0x2902,0x5224,0xD58A,0x9C07,0x3982,0x20E1,
    0x2101,0x3142,0x7B46,0xDDAA,0x7B26,0x2101,0x3162,0x3142,
    0x3142,0x2922,0x4A03,0xB488,0x2901,0xF81F,0xF81F,0xF81F,
    0xF81F,0xF81F,0xF81F,0xF81F,0x9C07,0x7B26,0x49E3,0x5224,
    0x5223,0x5223,0x5224,0x49E3,0x5A64,0xCD4A,0xDDAA,0xBCE9,
    0xBCC9,0xD56A,0xDDAA,0x7B25,0x41C3,0x5224,0x5223,0x5223,
    0x5224,0x4A03,0x62A4,0xAC88,0x2901,0xF81F,0xF81F,0xF81F,
    0xF81F,0xF81F,0xF81F,0xF81F,0x9C27,0xB488,0xB488,0xB488,
    0xB488,0xB488,0xB488,0xB4A8,0xAC88,0xA448,0xB4A8,0xC529,
    0xC529,0xBCC9,0xA448,0xAC68,0xB4A8,0xB488,0xB488,0xB488,
    0xB488,0xB488,0xAC88,0xB4A8,0x2922,0xF81F,0xF81F,0xF81F,
    0xF81F,0xF81F,0xF81F,0xF81F,0x2101,0x2902,0x2901,0x2901,
    0x2901,0x2901,0x2901,0x2901,0x2902,0x2902,0x2101,0x20E1,
    0x20E1,0x2101,0x2902,0x2902,0x2901,0x2901,0x2901,0x2901,
    0x2901,0x2901,0x2901,0x2922,0xF81F,0xF81F,0xF81F,0xF81F,
    0xF81F,0xF81F,0xF81F,0xF81F,0xF81F,0xF81F,0xF81F,0xF81F,
    0xF81F,0xF81F,0xF81F,0xF81F,0xF81F,0xF81F,0xF81F,0xF81F,
    0xF81F,0xF81F,0xF81F,0xF81F,0xF81F,0xF81F,0xF81F,0xF81F,
    0xF81F,0xF81F,0xF81F,0xF81F,0xF81F,0xF81F,0xF81F,0xF81F,
    0xF81F,0xF81F,0xF81F,0xF81F,0xF81F,0xF81F,0xF81F,0xF81F,
    0xF81F,0xF81F,0xF81F,0xF81F,0xF81F,0xF81F,0xF81F,0xF81F,
    0xF81F,0xF81F,0xF81F,0xF81F,0xF81F,0xF81F,0xF81F,0xF81F,
    0xF81F,0xF81F,0xF81F,0xF81F,0xF81F,0xF81F,0xF81F,0xF81F,
};

// PATCH RACK
static const uint16_t item_icon_cos_rack[32 * 32] PROGMEM = {
    0xF81F,0xF81F,0xF81F,0xF81F,0xF81F,0xF81F,0xF81F,0xF81F,
    0xF81F,0xF81F,0xF81F,0xF81F,0xF81F,0xF81F,0xF81F,0xF81F,
    0xF81F,0xF81F,0xF81F,0xF81F,0xF81F,0xF81F,0xF81F,0xF81F,
    0xF81F,0xF81F,0xF81F,0xF81F,0xF81F,0xF81F,0xF81F,0xF81F,
    0xF81F,0xF81F,0xF81F,0xF81F,0xF81F,0xF81F,0xF81F,0xF81F,
    0xF81F,0xF81F,0xF81F,0xF81F,0xF81F,0xF81F,0xF81F,0xF81F,
    0xF81F,0xF81F,0xF81F,0xF81F,0xF81F,0xF81F,0xF81F,0xF81F,
    0xF81F,0xF81F,0xF81F,0xF81F,0xF81F,0xF81F,0xF81F,0xF81F,
    0xF81F,0xF81F,0xF81F,0xF81F,0xF81F,0xF81F,0xF81F,0xF81F,
    0xF81F,0xF81F,0xF81F,0xF81F,0xF81F,0xF81F,0xF81F,0xF81F,
    0xF81F,0xF81F,0xF81F,0xF81F,0xF81F,0xF81F,0xF81F,0xF81F,
    0xF81F,0xF81F,0xF81F,0xF81F,0xF81F,0xF81F,0xF81F,0xF81F,
    0xF81F,0xF81F,0xF81F,0xF81F,0xF81F,0xF81F,0xF81F,0xF81F,
    0xF81F,0xF81F,0xF81F,0xF81F,0xF81F,0xF81F,0xF81F,0xF81F,
    0xF81F,0xF81F,0xF81F,0xF81F,0xF81F,0xF81F,0xF81F,0xF81F,
    0xF81F,0xF81F,0xF81F,0xF81F,0xF81F,0xF81F,0xF81F,0xF81F,
    0xF81F,0xF81F,0xF81F,0xF81F,0xF81F,0xF81F,0xF81F,0xF81F,
    0xF81F,0xF81F,0xF81F,0xF81F,0xF81F,0xF81F,0xF81F,0xF81F,
    0xF81F,0xF81F,0xF81F,0xF81F,0xF81F,0xF81F,0xF81F,0xF81F,
    0xF81F,0xF81F,0xF81F,0xF81F,0xF81F,0xF81F,0xF81F,0xF81F,
    0xF81F,0xF81F,0xF81F,0xF81F,0xF81F,0xF81F,0xF81F,0xF81F,
    0xF81F,0xF81F,0xF81F,0xF81F,0xF81F,0xF81F,0xF81F,0xF81F,
    0xF81F,0xF81F,0xF81F,0xF81F,0xF81F,0xF81F,0xF81F,0xF81F,
    0xF81F,0xF81F,0xF81F,0xF81F,0xF81F,0xF81F,0xF81F,0xF81F,
    0xF81F,0xF81F,0xF81F,0xF81F,0xF81F,0xF81F,0xF81F,0xF81F,
    0xF81F,0xF81F,0xF81F,0xF81F,0xF81F,0xF81F,0xF81F,0xF81F,
    0xF81F,0xF81F,0xF81F,0xF81F,0xF81F,0xF81F,0xF81F,0xF81F,
    0xF81F,0xF81F,0xF81F,0xF81F,0xF81F,0xF81F,0xF81F,0xF81F,
    0xF81F,0xF81F,0x4208,0x7BEF,0x7BEF,0x8410,0x8410,0x8410,
    0x8410,0x8410,0x8410,0x8410,0x8410,0x8410,0x8410,0x8410,
    0x8410,0x8410,0x8410,0x8410,0x8410,0x8410,0x8410,0x8410,
    0x8410,0x8410,0x8410,0x7BEF,0x7BEF,0x5AEB,0xF81F,0xF81F,
    0xF81F,0xF81F,0x8C51,0xFFFF,0xFFFF,0xFFFF,0xFFFF,0xFFFF,
    0xFFFF,0xFFFF,0xFFFF,0xFFFF,0xFFFF,0xFFFF,0xFFFF,0xFFFF,
    0xFFFF,0xFFFF,0xFFFF,0xFFFF,0xFFFF,0xFFFF,0xFFFF,0xFFFF,
    0xFFFF,0xFFFF,0xFFFF,0xFFFF,0xFFFF,0xCE79,0xF81F,0xF81F,
    0xF81F,0xF81F,0x7BEF,0xEF7D,0x738E,0x738E,0x738E,0x8430,
    0x9492,0x73AE,0x738E,0x738E,0x7BCF,0x94B2,0x7BCF,0x738E,
    0x738E,0x73AE,0x9492,0x8430,0x738E,0x73AE,0x738E,0x8C71,
    0x8C71,0x738E,0x73AE,0x6B4D,0xD6BA,0xBDD7,0xF81F,0xF81F,
    0xF81F,0xF81F,0x8410,0xD6BA,0x0000,0x10A2,0x0020,0x528A,
    0x9492,0x10A2,0x0861,0x0841,0x3166,0x9CD3,0x3166,0x0841,
    0x0861,0x10A2,0x9492,0x528A,0x0020,0x1082,0x0841,0x73AE,
    0x73AE,0x0841,0x10A2,0x0000,0x94B2,0xBDF7,0xF81F,0xF81F,
    0xF81F,0xF81F,0x8410,0xDEDB,0x0841,0x18E3,0x1082,0x5ACB,
    0x9492,0x2104,0x18C3,0x10A2,0x39C7,0x9CF3,0x39C7,0x10A2,
    0x18C3,0x2104,0x9492,0x5ACB,0x1082,0x18E3,0x10A2,0x7BCF,
    0x7BCF,0x10A2,0x2104,0x0020,0x9CD3,0xBDF7,0xF81F,0xF81F,
    0xF81F,0xF81F,0x8410,0xD6BA,0x0000,0x1082,0x0000,0x528A,
    0x9492,0x10A2,0x0861,0x0020,0x2965,0x9CF3,0x2965,0x0020,
    0x0861,0x10A2,0x9492,0x528A,0x0000,0x1082,0x0020,0x7BAF,
    0x7BAF,0x0020,0x1082,0x0000,0x9492,0xBDF7,0xF81F,0xF81F,
    0xF81F,0xF81F,0x8410,0xEF5D,0x4A69,0x52AA,0x526A,0x73AE,
    0x9492,0x5AAB,0x52AA,0x528A,0x630C,0x9CB3,0x630C,0x528A,
    0x52AA,0x5AAB,0x9492,0x73AE,0x526A,0x52AA,0x528A,0x8430,
    0x8430,0x528A,0x5AAB,0x4228,0xC638,0xBDF7,0xF81F,0xF81F,
    0xF81F,0xF81F,0x8410,0xFFFF,0xA4F4,0x9CD3,0x9CD3,0x9CB3,
    0x9492,0x9CD3,0x9CD3,0x9CD3,0x9CD3,0x9492,0x9CD3,0x9CD3,
    0x9CD3,0x9CD3,0x9492,0x9CB3,0x9CD3,0x9CD3,0x9CD3,0x9492,
    0x9492,0x9CD3,0x9CD3,0x9492,0xFFDF,0xBDF7,0xF81F,0xF81F,
    0xF81F,0xF81F,0x8410,0xFFFF,0x9492,0x8C71,0x9472,0x9492,
    0x9492,0x9472,0x9472,0x9472,0x9472,0x9492,0x9472,0x9472,
    0x9472,0x9472,0x9492,0x9492,0x9472,0x9472,0x9472,0x9492,
    0x9492,0x9472,0x9492,0x8C31,0xEF7D,0xBDF7,0xF81F,0xF81F,
    0xF81F,0xF81F,0x8410,0xFFFF,0x9492,0x9472,0x9472,0x9492,
    0x9492,0x9492,0x9492,0x9472,0x9492,0x9492,0x9492,0x9472,
    0x9492,0x9492,0x9492,0x9492,0x9472,0x9492,0x9472,0x9492,
    0x9492,0x9472,0x9492,0x8C31,0xF79E,0xBDF7,0xF81F,0xF81F,
    0xF81F,0xF81F,0x8410,0xFFFF,0x9CD3,0x94B2,0x9CD3,0x94B2,
    0x9492,0x9CB3,0x9CD3,0x9CD3,0x9CB3,0x9492,0x9CB3,0x9CD3,
    0x9CD3,0x9CB3,0x9492,0x94B2,0x9CD3,0x9CB3,0x9CD3,0x9492,
    0x9492,0x9CD3,0x9CD3,0x9472,0xF7BE,0xBDF7,0xF81F,0xF81F,
    0xF81F,0xF81F,0x8410,0xF7BE,0x736E,0x738E,0x738E,0x8430,
    0x9492,0x738E,0x738E,0x738E,0x7BCF,0x94B2,0x7BCF,0x738E,
    0x738E,0x738E,0x9492,0x8410,0x738E,0x73AE,0x738E,0x8C51,
    0x8C71,0x738E,0x73AE,0x632C,0xDEDB,0xBDF7,0xF81F,0xF81F,
    0xF81F,0xF81F,0x8410,0xD6BA,0x0000,0x10A2,0x0000,0x4A49,
    0x9492,0x18C3,0x0841,0x0000,0x3186,0x9CF3,0x3186,0x0841,
    0x1082,0x18C3,0x9492,0x52AA,0x0000,0x0841,0x0841,0x7BCF,
    0x738E,0x0000,0x10A2,0x0000,0x94B2,0xBDF7,0xF81F,0xF81F,
    0xF81F,0xF81F,0x8410,0xDEDB,0x0861,0x10A2,0x6B6D,0xBDF7,
    0x8C31,0x10A2,0x6B4D,0xBDF7,0x39C7,0x9CD3,0x39C7,0x10A2,
    0x18C3,0x2104,0x94B2,0x4A49,0x9CD3,0x9492,0x0861,0x736E,
    0xB5B6,0x7BCF,0x18E3,0x0020,0x9CF3,0xBDF7,0xF81F,0xF81F,
    0xF81F,0xF81F,0x8410,0xD6BA,0x0000,0x0000,0x8C71,0xFFFF,
    0xA534,0x0000,0x52AA,0xFFFF,0x94B2,0x8C51,0x3186,0x0841,
    0x0861,0x18C3,0x8C31,0x8410,0xFFFF,0x9CD3,0x0000,0x7BAF,
    0xFFFF,0xC658,0x0861,0x0000,0x9492,0xBDF7,0xF81F,0xF81F,
    0xF81F,0xF81F,0x7BEF,0xE73C,0x4228,0x4A49,0x4A49,0xDEDB,
    0xF79E,0x7BAF,0x41E8,0xCE59,0xFFFF,0xAD55,0x5AEB,0x4A69,
    0x526A,0x528A,0x9492,0xF79E,0xEF5D,0x528A,0x5AEB,0xD6BA,
    0xEF7D,0x630C,0x4228,0x41E8,0xC618,0xBDF7,0xF81F,0xF81F,
    0xF81F,0xF81F,0x8430,0xFFFF,0xFFDF,0xFFDF,0xFFBF,0xF7BE,
    0xFFFF,0xFFFF,0xF79E,0xE73C,0xFFFF,0xFFDF,0xEF5D,0xEF7D,
    0xEF7D,0xEF5D,0xF7BE,0xFFFF,0xEF7D,0xEF3D,0xFFFF,0xFFFF,
    0xFFFF,0xF7BE,0xFFFF,0xF7BE,0xFFFF,0xCE59,0xF81F,0xF81F,
    0xF81F,0xF81F,0x5AEB,0xBDF7,0xBDD7,0xBDF7,0xBDF7,0xBDF7,
    0xBDF7,0xBDD7,0xEF5D,0xFFFF,0xFFFF,0xFFFF,0xFFFF,0xFFFF,
    0xFFFF,0xFFFF,0xFFFF,0xFFFF,0xFFFF,0xFFDF,0xBDF7,0xBDF7,
    0xBDF7,0xBDF7,0xBDF7,0xBDD7,0xBDF7,0x8C71,0xF81F,0xF81F,
    0xF81F,0xF81F,0xF81F,0xF81F,0xF81F,0xF81F,0xF81F,0xF81F,
    0xF81F,0xF81F,0xF81F,0x738E,0xBDF7,0xEF5D,0xFFFF,0xFFFF,
    0xFFFF,0xFFFF,0xEF7D,0xCE59,0x8C51,0x2945,0xF81F,0xF81F,
    0xF81F,0xF81F,0xF81F,0xF81F,0xF81F,0xF81F,0xF81F,0xF81F,
    0xF81F,0xF81F,0xF81F,0xF81F,0xF81F,0xF81F,0xF81F,0xF81F,
    0xF81F,0xF81F,0xF81F,0xF81F,0xF81F,0xF81F,0x31A6,0x4208,
    0x4208,0x39E7,0xF81F,0xF81F,0xF81F,0xF81F,0xF81F,0xF81F,
    0xF81F,0xF81F,0xF81F,0xF81F,0xF81F,0xF81F,0xF81F,0xF81F,
    0xF81F,0xF81F,0xF81F,0xF81F,0xF81F,0xF81F,0xF81F,0xF81F,
    0xF81F,0xF81F,0xF81F,0xF81F,0xF81F,0xF81F,0xF81F,0xF81F,
    0xF81F,0xF81F,0xF81F,0xF81F,0xF81F,0xF81F,0xF81F,0xF81F,
    0xF81F,0xF81F,0xF81F,0xF81F,0xF81F,0xF81F,0xF81F,0xF81F,
    0xF81F,0xF81F,0xF81F,0xF81F,0xF81F,0xF81F,0xF81F,0xF81F,
    0xF81F,0xF81F,0xF81F,0xF81F,0xF81F,0xF81F,0xF81F,0xF81F,
    0xF81F,0xF81F,0xF81F,0xF81F,0xF81F,0xF81F,0xF81F,0xF81F,
    0xF81F,0xF81F,0xF81F,0xF81F,0xF81F,0xF81F,0xF81F,0xF81F,
    0xF81F,0xF81F,0xF81F,0xF81F,0xF81F,0xF81F,0xF81F,0xF81F,
    0xF81F,0xF81F,0xF81F,0xF81F,0xF81F,0xF81F,0xF81F,0xF81F,
    0xF81F,0xF81F,0xF81F,0xF81F,0xF81F,0xF81F,0xF81F,0xF81F,
    0xF81F,0xF81F,0xF81F,0xF81F,0xF81F,0xF81F,0xF81F,0xF81F,
    0xF81F,0xF81F,0xF81F,0xF81F,0xF81F,0xF81F,0xF81F,0xF81F,
    0xF81F,0xF81F,0xF81F,0xF81F,0xF81F,0xF81F,0xF81F,0xF81F,
    0xF81F,0xF81F,0xF81F,0xF81F,0xF81F,0xF81F,0xF81F,0xF81F,
    0xF81F,0xF81F,0xF81F,0xF81F,0xF81F,0xF81F,0xF81F,0xF81F,
    0xF81F,0xF81F,0xF81F,0xF81F,0xF81F,0xF81F,0xF81F,0xF81F,
    0xF81F,0xF81F,0xF81F,0xF81F,0xF81F,0xF81F,0xF81F,0xF81F,
    0xF81F,0xF81F,0xF81F,0xF81F,0xF81F,0xF81F,0xF81F,0xF81F,
    0xF81F,0xF81F,0xF81F,0xF81F,0xF81F,0xF81F,0xF81F,0xF81F,
};

// ROOFTOP DISH
static const uint16_t item_icon_cos_dish[32 * 32] PROGMEM = {
    0xF81F,0xF81F,0xF81F,0xF81F,0xF81F,0xF81F,0xF81F,0xF81F,
    0xF81F,0xF81F,0xF81F,0xF81F,0xF81F,0xF81F,0xF81F,0xF81F,
    0xF81F,0xF81F,0xF81F,0xF81F,0xF81F,0xF81F,0xF81F,0xF81F,
    0xF81F,0xF81F,0xF81F,0xF81F,0xF81F,0xF81F,0xF81F,0xF81F,
    0xF81F,0xF81F,0xF81F,0xF81F,0xF81F,0xF81F,0xF81F,0xF81F,
    0xF81F,0xF81F,0xF81F,0xF81F,0xF81F,0xF81F,0xF81F,0xF81F,
    0xF81F,0xF81F,0xF81F,0xF81F,0xF81F,0xF81F,0xF81F,0xF81F,
    0xF81F,0xF81F,0xF81F,0xF81F,0xF81F,0xF81F,0xF81F,0xF81F,
    0xF81F,0xF81F,0xF81F,0xF81F,0xF81F,0xF81F,0xF81F,0xF81F,
    0xF81F,0xF81F,0xF81F,0x10A3,0x29E8,0x534F,0x5370,0x5B8F,
    0x3A2A,0x1904,0xF81F,0xF81F,0xF81F,0xF81F,0xF81F,0xF81F,
    0xF81F,0xF81F,0xF81F,0xF81F,0xF81F,0xF81F,0xF81F,0xF81F,
    0xF81F,0xF81F,0xF81F,0xF81F,0xF81F,0xF81F,0xF81F,0xF81F,
    0xF81F,0x29A8,0x7D16,0xAEDE,0xBF5F,0xB71F,0xB71F,0xB71F,
    0xB75F,0xB71F,0x8D98,0x428C,0xF81F,0xF81F,0xF81F,0xF81F,
    0xF81F,0x7BCF,0xE73C,0xD6BA,0x528A,0xF81F,0xF81F,0xF81F,
    0xF81F,0xF81F,0xF81F,0xF81F,0xF81F,0xF81F,0xF81F,0xF81F,
    0x6412,0xBF5F,0xAEBE,0x7CF7,0x5BB1,0x4AED,0x42CD,0x42CD,
    0x5370,0x7495,0x9E3C,0xBF9F,0x8537,0x10E4,0xF81F,0xF81F,
    0x4228,0xFFFF,0xFFFF,0xFFFF,0xF79E,0x18C3,0xF81F,0xF81F,
    0xF81F,0xF81F,0xF81F,0xF81F,0xF81F,0xF81F,0xF81F,0x8D99,
    0xBF7F,0x74B5,0x42AC,0x3A4A,0x3A6B,0x42AC,0x42CD,0x42CC,
    0x3A6B,0x3A4A,0x3A6B,0x63F2,0xB6FF,0xAEBD,0x2166,0xF81F,
    0x8C51,0xFFFF,0xF7BE,0xF7BE,0xFFFF,0x4208,0xF81F,0xF81F,
    0xF81F,0xF81F,0xF81F,0xF81F,0xF81F,0xF81F,0x74B5,0xBF5F,
    0x5370,0x3A6B,0x428C,0x4B2E,0x63D2,0x6C53,0x6C54,0x6C54,
    0x63F2,0x534F,0x42AC,0x3A6B,0x42CD,0x9E3C,0x95DB,0x5390,
    0xA61A,0xFFFF,0xFFFF,0xFFFF,0xDEDB,0xF81F,0xF81F,0xF81F,
    0xF81F,0xF81F,0xF81F,0xF81F,0xF81F,0x3A6B,0xBF9F,0x6413,
    0x3A6B,0x42CD,0x5B90,0x7474,0x7495,0x7474,0x7474,0x7474,
    0x7495,0x7495,0x63D2,0x42AC,0x3A8B,0x7D17,0xBF9F,0x961C,
    0x0883,0x4208,0xB596,0x9CF3,0x2124,0xF81F,0xF81F,0xF81F,
    0xF81F,0xF81F,0xF81F,0xF81F,0xF81F,0x95FA,0x95FB,0x3A6B,
    0x42AC,0x5370,0x7495,0x6C74,0x6C74,0x6C74,0x6C74,0x7474,
    0x6C74,0x6C33,0x7495,0x7D17,0x9E3C,0x8537,0x7D17,0xA6BD,
    0x10C3,0xF81F,0xF81F,0xF81F,0xF81F,0xF81F,0xF81F,0xF81F,
    0xF81F,0xF81F,0xF81F,0xF81F,0x2146,0xB75F,0x6C33,0x3A6B,
    0x4AED,0x6C54,0x7474,0x6C74,0x6C74,0x6C74,0x6C74,0x6C54,
    0x6C54,0x8578,0xA67D,0x9E5C,0x63F2,0x322A,0x4B0E,0xBF7F,
    0x4B0E,0xF81F,0xF81F,0xF81F,0xF81F,0xF81F,0xF81F,0xF81F,
    0xF81F,0xF81F,0xF81F,0xF81F,0x4B0E,0xB73F,0x4B0E,0x3A8B,
    0x536F,0x7495,0x6C74,0x6C74,0x6C74,0x6C74,0x6C74,0x8537,
    0xA65D,0x9E3C,0x7CD6,0x6C54,0x5BB1,0x42AC,0x3A8B,0x9E5D,
    0x7CD6,0xF81F,0xF81F,0xF81F,0xF81F,0xF81F,0xF81F,0xF81F,
    0xF81F,0xF81F,0xF81F,0xF81F,0x5B90,0xB71F,0x42CD,0x3A8B,
    0x5BB0,0x7495,0x6C74,0x6C74,0x7474,0x6C54,0x95BA,0xA67D,
    0x8537,0x6C54,0x6C54,0x7495,0x6413,0x42AC,0x3A6B,0x9E1C,
    0x8558,0xF81F,0xF81F,0xF81F,0xF81F,0xF81F,0xF81F,0xF81F,
    0xF81F,0xF81F,0xF81F,0xF81F,0x534F,0xB71F,0x4AED,0x3A8B,
    0x5B90,0x7495,0x6C74,0x6C74,0x6C74,0x6C74,0x74B5,0x6C54,
    0x6C33,0x7474,0x6C74,0x7495,0x63F2,0x42AC,0x3A6B,0x9E3D,
    0x8537,0xF81F,0xF81F,0xF81F,0xF81F,0xF81F,0xF81F,0xF81F,
    0xF81F,0xF81F,0xF81F,0xF81F,0x29A8,0xBF5F,0x63D1,0x3A6B,
    0x4B0E,0x6C74,0x6C74,0x6C74,0x6C74,0x6C74,0x6C54,0x6C74,
    0x7474,0x6C74,0x6C54,0x7495,0x534F,0x3A8B,0x4AED,0xB71F,
    0x5B90,0xF81F,0xF81F,0xF81F,0xF81F,0xF81F,0xF81F,0xF81F,
    0xF81F,0xF81F,0xF81F,0xF81F,0xF81F,0xA67D,0x8D79,0x3A4B,
    0x42AC,0x5BB1,0x7495,0x6C54,0x6C74,0x6C74,0x6C74,0x6C74,
    0x6C74,0x6C74,0x7495,0x6413,0x42CD,0x3A6B,0x6C33,0xBF5F,
    0x2166,0xF81F,0xF81F,0xF81F,0xF81F,0xF81F,0xF81F,0xF81F,
    0xF81F,0xF81F,0xF81F,0xF81F,0xF81F,0x5370,0xBF7F,0x5370,
    0x3A6B,0x42CD,0x63F2,0x7495,0x7474,0x6C74,0x6C74,0x6C74,
    0x7474,0x7495,0x6C33,0x4B0E,0x428C,0x42CD,0xAEBE,0x8538,
    0xF81F,0xF81F,0xF81F,0xF81F,0xF81F,0xF81F,0xF81F,0xF81F,
    0xF81F,0xF81F,0xF81F,0xF81F,0xF81F,0xF81F,0x95DA,0xAEBE,
    0x42AC,0x3A6B,0x42AC,0x5B90,0x6C33,0x7474,0x7495,0x7474,
    0x6C54,0x5BB1,0x42CD,0x3A8B,0x3A4B,0x8D99,0xB71E,0x1925,
    0xF81F,0xF81F,0xF81F,0xF81F,0xF81F,0xF81F,0xF81F,0xF81F,
    0xF81F,0xF81F,0xF81F,0xF81F,0xF81F,0xF81F,0x1925,0xAEBD,
    0xAEBE,0x5BB1,0x3A4B,0x3A6B,0x42AC,0x4B2E,0x532F,0x532E,
    0x42CD,0x3A6B,0x3A4A,0x4B0E,0x95FB,0xBF7F,0x3A6B,0xF81F,
    0xF81F,0xF81F,0xF81F,0xF81F,0xF81F,0xF81F,0xF81F,0xF81F,
    0xF81F,0xF81F,0xF81F,0xF81F,0xF81F,0xF81F,0xF81F,0x1925,
    0x8DB9,0xBF7F,0x8D79,0x5BD1,0x42CD,0x3A6B,0x3A6B,0x3A6B,
    0x42AC,0x5B90,0x7CF7,0xB73F,0xA69C,0x322A,0xF81F,0xF81F,
    0xF81F,0xF81F,0xF81F,0xF81F,0xF81F,0xF81F,0xF81F,0xF81F,
    0xF81F,0xF81F,0xF81F,0xF81F,0xF81F,0xF81F,0xF81F,0xF81F,
    0xF81F,0x534F,0xA69C,0xBF7F,0xB71F,0x95FB,0x95FB,0x95FB,
    0xAEDF,0xBF7F,0xAEFE,0x6C53,0x0882,0xF81F,0xF81F,0xF81F,
    0xF81F,0xF81F,0xF81F,0xF81F,0xF81F,0xF81F,0xF81F,0xF81F,
    0xF81F,0xF81F,0xF81F,0xF81F,0xF81F,0xF81F,0xF81F,0xF81F,
    0xF81F,0xF81F,0xF81F,0x3209,0x5BD1,0x9E5D,0xA69E,0xA67D,
    0x6412,0x428C,0x10A3,0xF81F,0xF81F,0xF81F,0xF81F,0xF81F,
    0xF81F,0xF81F,0xF81F,0xF81F,0xF81F,0xF81F,0xF81F,0xF81F,
    0xF81F,0xF81F,0xF81F,0xF81F,0xF81F,0xF81F,0xF81F,0xF81F,
    0xF81F,0xF81F,0xF81F,0xF81F,0xF81F,0x6C33,0x7CD6,0x6C33,
    0xF81F,0xF81F,0xF81F,0xF81F,0xF81F,0xF81F,0xF81F,0xF81F,
    0xF81F,0xF81F,0xF81F,0xF81F,0xF81F,0xF81F,0xF81F,0xF81F,
    0xF81F,0xF81F,0xF81F,0xF81F,0xF81F,0xF81F,0xF81F,0xF81F,
    0xF81F,0xF81F,0xF81F,0xF81F,0xF81F,0x7474,0x7CF7,0x6C74,
    0xF81F,0xF81F,0xF81F,0xF81F,0xF81F,0xF81F,0xF81F,0xF81F,
    0xF81F,0xF81F,0xF81F,0xF81F,0xF81F,0xF81F,0xF81F,0xF81F,
    0xF81F,0xF81F,0xF81F,0xF81F,0xF81F,0xF81F,0xF81F,0xF81F,
    0xF81F,0xF81F,0xF81F,0xF81F,0xF81F,0x6C74,0x7CF7,0x6C74,
    0xF81F,0xF81F,0xF81F,0xF81F,0xF81F,0xF81F,0xF81F,0xF81F,
    0xF81F,0xF81F,0xF81F,0xF81F,0xF81F,0xF81F,0xF81F,0xF81F,
    0xF81F,0xF81F,0xF81F,0xF81F,0xF81F,0xF81F,0xF81F,0xF81F,
    0xF81F,0xF81F,0xF81F,0xF81F,0xF81F,0x6C74,0x7CF7,0x6C74,
    0xF81F,0xF81F,0xF81F,0xF81F,0xF81F,0xF81F,0xF81F,0xF81F,
    0xF81F,0xF81F,0xF81F,0xF81F,0xF81F,0xF81F,0xF81F,0xF81F,
    0xF81F,0xF81F,0xF81F,0xF81F,0xF81F,0xF81F,0xF81F,0xF81F,
    0xF81F,0xF81F,0xF81F,0xF81F,0xF81F,0x6C74,0x7CF7,0x6C74,
    0xF81F,0xF81F,0xF81F,0xF81F,0xF81F,0xF81F,0xF81F,0xF81F,
    0xF81F,0xF81F,0xF81F,0xF81F,0xF81F,0xF81F,0xF81F,0xF81F,
    0xF81F,0xF81F,0xF81F,0xF81F,0xF81F,0xF81F,0xF81F,0xF81F,
    0xF81F,0xF81F,0xF81F,0xF81F,0xF81F,0x6C74,0x7CF7,0x6C74,
    0xF81F,0xF81F,0xF81F,0xF81F,0xF81F,0xF81F,0xF81F,0xF81F,
    0xF81F,0xF81F,0xF81F,0xF81F,0xF81F,0xF81F,0xF81F,0xF81F,
    0xF81F,0xF81F,0xF81F,0xF81F,0xF81F,0xF81F,0xF81F,0xF81F,
    0xF81F,0xF81F,0xF81F,0xF81F,0xF81F,0x6C74,0x7CF7,0x6C74,
    0xF81F,0xF81F,0xF81F,0xF81F,0xF81F,0xF81F,0xF81F,0xF81F,
    0xF81F,0xF81F,0xF81F,0xF81F,0xF81F,0xF81F,0xF81F,0xF81F,
    0xF81F,0xF81F,0xF81F,0xF81F,0xF81F,0xF81F,0xF81F,0xF81F,
    0xF81F,0xF81F,0xF81F,0xF81F,0xF81F,0x6C74,0x7CF7,0x6C74,
    0xF81F,0xF81F,0xF81F,0xF81F,0xF81F,0xF81F,0xF81F,0xF81F,
    0xF81F,0xF81F,0xF81F,0xF81F,0xF81F,0xF81F,0xF81F,0xF81F,
    0xF81F,0xF81F,0xF81F,0xF81F,0xF81F,0xF81F,0xF81F,0xF81F,
    0xF81F,0xF81F,0xF81F,0xF81F,0x0882,0x6C54,0x7CD6,0x6C54,
    0x0882,0xF81F,0xF81F,0xF81F,0xF81F,0xF81F,0xF81F,0xF81F,
    0xF81F,0xF81F,0xF81F,0xF81F,0xF81F,0xF81F,0xF81F,0xF81F,
    0xF81F,0xF81F,0xF81F,0xF81F,0xF81F,0xF81F,0xF81F,0xF81F,
    0x3A4A,0x7D17,0x7495,0x74B6,0x74B6,0x7D17,0x7D17,0x7D17,
    0x74B6,0x74B6,0x74B5,0x7CF7,0x5370,0xF81F,0xF81F,0xF81F,
    0xF81F,0xF81F,0xF81F,0xF81F,0xF81F,0xF81F,0xF81F,0xF81F,
    0xF81F,0xF81F,0xF81F,0xF81F,0xF81F,0xF81F,0xF81F,0xF81F,
    0x2146,0x42CD,0x428C,0x428C,0x428C,0x3A8B,0x428B,0x3A8B,
    0x428C,0x428C,0x428C,0x42AC,0x31E9,0xF81F,0xF81F,0xF81F,
    0xF81F,0xF81F,0xF81F,0xF81F,0xF81F,0xF81F,0xF81F,0xF81F,
};

#endif

// Index == item id. Never null for id < ITEM_ICON_COUNT.
static const uint16_t* const ITEM_ICONS[ITEM_ICON_COUNT] = {
    item_icon_mat_scrap,
    item_icon_mat_signal,
    item_icon_mat_circuit,
    item_icon_mat_shard,
    item_icon_mat_glitch,
    item_icon_mat_copper,
    item_icon_mat_lens,
    item_icon_mat_ferrite,
    item_icon_cos_antenna,
    item_icon_cos_scarf,
    item_icon_cos_goggles,
    item_icon_cos_collar,
    item_icon_cos_lamp,
    item_icon_cos_rug,
    item_icon_cos_poster,
    item_icon_cos_fern,
    item_icon_cos_lantern,
    item_icon_cos_confetti,
    item_icon_cos_sparks,
    item_icon_cos_aurora,
    item_icon_cos_crate,
    item_icon_cos_rack,
    item_icon_cos_dish,
};
