#pragma once
// ── HexHound - HD Pet Art (RGB565) ───────────────────────────────
//
// GENERATED FILE - do not hand-edit.
//   source:    assets/hd/asset_<stage>.png (200x200 transparent)
//   generator: scripts/gen_hd_sprites.py
//   panels:    320x172 / 320x170 panels (Waveshare, T-Display S3)
//
// Include from ONE .cpp only (animator.cpp), same rule as sprites.h.
// Transparent pixels use the 0xF81F chroma key that drawSprite() skips.
// ────────────────────────────────────────────────────────────────────────────

#ifndef SIMULATOR_BUILD
#include <pgmspace.h>
#endif
#include <cstdint>

#define HD_HOME_SIZE 64
#define HD_HERO_SIZE 112

static const uint16_t hd_egg_home[64 * 64] PROGMEM = {
    0xF81F,0xF81F,0xF81F,0xF81F,0xF81F,0xF81F,0xF81F,0xF81F,0xF81F,0xF81F,0xF81F,0xF81F,
    0xF81F,0xF81F,0xF81F,0xF81F,0xF81F,0xF81F,0xF81F,0xF81F,0xF81F,0xF81F,0xF81F,0xF81F,
    0xF81F,0xF81F,0xF81F,0xF81F,0xF81F,0xF81F,0xF81F,0xF81F,0xF81F,0xF81F,0xF81F,0xF81F,
    0xF81F,0xF81F,0xF81F,0xF81F,0xF81F,0xF81F,0xF81F,0xF81F,0xF81F,0xF81F,0xF81F,0xF81F,
    0xF81F,0xF81F,0xF81F,0xF81F,0xF81F,0xF81F,0xF81F,0xF81F,0xF81F,0xF81F,0xF81F,0xF81F,
    0xF81F,0xF81F,0xF81F,0xF81F,
    0xF81F,0xF81F,0xF81F,0xF81F,0xF81F,0xF81F,0xF81F,0xF81F,0xF81F,0xF81F,0xF81F,0xF81F,
    0xF81F,0xF81F,0xF81F,0xF81F,0xF81F,0xF81F,0xF81F,0xF81F,0xF81F,0xF81F,0xF81F,0xF81F,
    0xF81F,0xF81F,0xF81F,0xF81F,0xF81F,0xF81F,0xF81F,0xF81F,0xF81F,0xF81F,0xF81F,0xF81F,
    0xF81F,0xF81F,0xF81F,0xF81F,0xF81F,0xF81F,0xF81F,0xF81F,0xF81F,0xF81F,0xF81F,0xF81F,
    0xF81F,0xF81F,0xF81F,0xF81F,0xF81F,0xF81F,0xF81F,0xF81F,0xF81F,0xF81F,0xF81F,0xF81F,
    0xF81F,0xF81F,0xF81F,0xF81F,
    0xF81F,0xF81F,0xF81F,0xF81F,0xF81F,0xF81F,0xF81F,0xF81F,0xF81F,0xF81F,0xF81F,0xF81F,
    0xF81F,0xF81F,0xF81F,0xF81F,0xF81F,0xF81F,0xF81F,0xF81F,0xF81F,0xF81F,0xF81F,0xF81F,
    0xF81F,0xF81F,0xF81F,0xF81F,0xF81F,0xF81F,0xF81F,0xF81F,0xF81F,0xF81F,0xF81F,0xF81F,
    0xF81F,0xF81F,0xF81F,0xF81F,0xF81F,0xF81F,0xF81F,0xF81F,0xF81F,0xF81F,0xF81F,0xF81F,
    0xF81F,0xF81F,0xF81F,0xF81F,0xF81F,0xF81F,0xF81F,0xF81F,0xF81F,0xF81F,0xF81F,0xF81F,
    0xF81F,0xF81F,0xF81F,0xF81F,
    0xF81F,0xF81F,0xF81F,0xF81F,0xF81F,0xF81F,0xF81F,0xF81F,0xF81F,0xF81F,0xF81F,0xF81F,
    0xF81F,0xF81F,0xF81F,0xF81F,0xF81F,0xF81F,0xF81F,0xF81F,0xF81F,0xF81F,0xF81F,0xF81F,
    0xF81F,0xF81F,0xF81F,0xF81F,0xF81F,0xF81F,0xF81F,0xF81F,0xF81F,0xF81F,0xF81F,0xF81F,
    0xF81F,0xF81F,0xF81F,0xF81F,0xF81F,0xF81F,0xF81F,0xF81F,0xF81F,0xF81F,0xF81F,0xF81F,
    0xF81F,0xF81F,0xF81F,0xF81F,0xF81F,0xF81F,0xF81F,0xF81F,0xF81F,0xF81F,0xF81F,0xF81F,
    0xF81F,0xF81F,0xF81F,0xF81F,
    0xF81F,0xF81F,0xF81F,0xF81F,0xF81F,0xF81F,0xF81F,0xF81F,0xF81F,0xF81F,0xF81F,0xF81F,
    0xF81F,0xF81F,0xF81F,0xF81F,0xF81F,0xF81F,0xF81F,0xF81F,0xF81F,0xF81F,0xF81F,0xF81F,
    0xF81F,0xF81F,0xF81F,0xF81F,0xF81F,0xF81F,0xF81F,0xF81F,0xF81F,0xF81F,0xF81F,0xF81F,
    0xF81F,0xF81F,0xF81F,0xF81F,0xF81F,0xF81F,0xF81F,0xF81F,0xF81F,0xF81F,0xF81F,0xF81F,
    0xF81F,0xF81F,0xF81F,0xF81F,0xF81F,0xF81F,0xF81F,0xF81F,0xF81F,0xF81F,0xF81F,0xF81F,
    0xF81F,0xF81F,0xF81F,0xF81F,
    0xF81F,0xF81F,0xF81F,0xF81F,0xF81F,0xF81F,0xF81F,0xF81F,0xF81F,0xF81F,0xF81F,0xF81F,
    0xF81F,0xF81F,0xF81F,0xF81F,0xF81F,0xF81F,0xF81F,0xF81F,0xF81F,0xF81F,0xF81F,0xF81F,
    0xF81F,0xF81F,0xF81F,0xF81F,0xF81F,0xF81F,0xF81F,0xF81F,0xF81F,0xF81F,0xF81F,0xF81F,
    0xF81F,0xF81F,0xF81F,0xF81F,0xF81F,0xF81F,0xF81F,0xF81F,0xF81F,0xF81F,0xF81F,0xF81F,
    0xF81F,0xF81F,0xF81F,0xF81F,0xF81F,0xF81F,0xF81F,0xF81F,0xF81F,0xF81F,0xF81F,0xF81F,
    0xF81F,0xF81F,0xF81F,0xF81F,
    0xF81F,0xF81F,0xF81F,0xF81F,0xF81F,0xF81F,0xF81F,0xF81F,0xF81F,0xF81F,0xF81F,0xF81F,
    0xF81F,0xF81F,0xF81F,0xF81F,0xF81F,0xF81F,0xF81F,0xF81F,0xF81F,0xF81F,0xF81F,0xF81F,
    0xF81F,0xF81F,0xF81F,0xF81F,0xF81F,0xF81F,0xF81F,0xF81F,0xF81F,0xF81F,0xF81F,0xF81F,
    0xF81F,0xF81F,0xF81F,0xF81F,0xF81F,0xF81F,0xF81F,0xF81F,0xF81F,0xF81F,0xF81F,0xF81F,
    0xF81F,0xF81F,0xF81F,0xF81F,0xF81F,0xF81F,0xF81F,0xF81F,0xF81F,0xF81F,0xF81F,0xF81F,
    0xF81F,0xF81F,0xF81F,0xF81F,
    0xF81F,0xF81F,0xF81F,0xF81F,0xF81F,0xF81F,0xF81F,0xF81F,0xF81F,0xF81F,0xF81F,0xF81F,
    0xF81F,0xF81F,0xF81F,0xF81F,0xF81F,0xF81F,0xF81F,0xF81F,0xF81F,0xF81F,0xF81F,0xF81F,
    0xF81F,0xF81F,0xF81F,0xF81F,0xF81F,0xF81F,0xF81F,0xF81F,0xF81F,0xF81F,0xF81F,0xF81F,
    0xF81F,0xF81F,0xF81F,0xF81F,0xF81F,0xF81F,0xF81F,0xF81F,0xF81F,0xF81F,0xF81F,0xF81F,
    0xF81F,0xF81F,0xF81F,0xF81F,0xF81F,0xF81F,0xF81F,0xF81F,0xF81F,0xF81F,0xF81F,0xF81F,
    0xF81F,0xF81F,0xF81F,0xF81F,
    0xF81F,0xF81F,0xF81F,0xF81F,0xF81F,0xF81F,0xF81F,0xF81F,0xF81F,0xF81F,0xF81F,0xF81F,
    0xF81F,0xF81F,0xF81F,0xF81F,0xF81F,0xF81F,0xF81F,0xF81F,0xF81F,0xF81F,0xF81F,0xF81F,
    0xF81F,0xF81F,0xF81F,0xF81F,0xF81F,0xF81F,0xF81F,0xF81F,0xF81F,0xF81F,0xF81F,0xF81F,
    0xF81F,0xF81F,0xF81F,0xF81F,0xF81F,0xF81F,0xF81F,0xF81F,0xF81F,0xF81F,0xF81F,0xF81F,
    0xF81F,0xF81F,0xF81F,0xF81F,0xF81F,0xF81F,0xF81F,0xF81F,0xF81F,0xF81F,0xF81F,0xF81F,
    0xF81F,0xF81F,0xF81F,0xF81F,
    0xF81F,0xF81F,0xF81F,0xF81F,0xF81F,0xF81F,0xF81F,0xF81F,0xF81F,0xF81F,0xF81F,0xF81F,
    0xF81F,0xF81F,0xF81F,0xF81F,0xF81F,0xF81F,0xF81F,0xF81F,0xF81F,0xF81F,0xF81F,0xF81F,
    0xF81F,0xF81F,0xF81F,0xF81F,0xF81F,0xF81F,0xF81F,0xF81F,0xF81F,0xF81F,0xF81F,0xF81F,
    0xF81F,0xF81F,0xF81F,0xF81F,0xF81F,0xF81F,0xF81F,0xF81F,0xF81F,0xF81F,0xF81F,0xF81F,
    0xF81F,0xF81F,0xF81F,0xF81F,0xF81F,0xF81F,0xF81F,0xF81F,0xF81F,0xF81F,0xF81F,0xF81F,
    0xF81F,0xF81F,0xF81F,0xF81F,
    0xF81F,0xF81F,0xF81F,0xF81F,0xF81F,0xF81F,0xF81F,0xF81F,0xF81F,0xF81F,0xF81F,0xF81F,
    0xF81F,0xF81F,0xF81F,0xF81F,0xF81F,0xF81F,0xF81F,0xF81F,0xF81F,0xF81F,0xF81F,0xF81F,
    0xF81F,0xF81F,0xF81F,0xF81F,0xF81F,0xF81F,0xF81F,0xF81F,0xF81F,0xF81F,0xF81F,0xF81F,
    0xF81F,0xF81F,0xF81F,0xF81F,0xF81F,0xF81F,0xF81F,0xF81F,0xF81F,0xF81F,0xF81F,0xF81F,
    0xF81F,0xF81F,0xF81F,0xF81F,0xF81F,0xF81F,0xF81F,0xF81F,0xF81F,0xF81F,0xF81F,0xF81F,
    0xF81F,0xF81F,0xF81F,0xF81F,
    0xF81F,0xF81F,0xF81F,0xF81F,0xF81F,0xF81F,0xF81F,0xF81F,0xF81F,0xF81F,0xF81F,0xF81F,
    0xF81F,0xF81F,0xF81F,0xF81F,0xF81F,0xF81F,0xF81F,0xF81F,0xF81F,0xF81F,0xF81F,0xF81F,
    0xF81F,0xF81F,0xF81F,0xF81F,0xF81F,0xF81F,0xF81F,0xF81F,0xF81F,0xF81F,0xF81F,0xF81F,
    0xF81F,0xF81F,0xF81F,0xF81F,0xF81F,0xF81F,0xF81F,0xF81F,0xF81F,0xF81F,0xF81F,0xF81F,
    0xF81F,0xF81F,0xF81F,0xF81F,0xF81F,0xF81F,0xF81F,0xF81F,0xF81F,0xF81F,0xF81F,0xF81F,
    0xF81F,0xF81F,0xF81F,0xF81F,
    0xF81F,0xF81F,0xF81F,0xF81F,0xF81F,0xF81F,0xF81F,0xF81F,0xF81F,0xF81F,0xF81F,0xF81F,
    0xF81F,0xF81F,0xF81F,0xF81F,0xF81F,0xF81F,0xF81F,0xF81F,0xF81F,0xF81F,0xF81F,0xF81F,
    0xF81F,0xF81F,0xF81F,0xF81F,0xF81F,0xF81F,0xF81F,0xF81F,0xF81F,0xF81F,0xF81F,0xF81F,
    0xF81F,0xF81F,0xF81F,0xF81F,0xF81F,0xF81F,0xF81F,0xF81F,0xF81F,0xF81F,0xF81F,0xF81F,
    0xF81F,0xF81F,0xF81F,0xF81F,0xF81F,0xF81F,0xF81F,0xF81F,0xF81F,0xF81F,0xF81F,0xF81F,
    0xF81F,0xF81F,0xF81F,0xF81F,
    0xF81F,0xF81F,0xF81F,0xF81F,0xF81F,0xF81F,0xF81F,0xF81F,0xF81F,0xF81F,0xF81F,0xF81F,
    0xF81F,0xF81F,0xF81F,0xF81F,0xF81F,0xF81F,0xF81F,0xF81F,0xF81F,0xF81F,0xF81F,0xF81F,
    0xF81F,0xF81F,0xF81F,0xF81F,0xF81F,0xF81F,0xF81F,0xF81F,0xF81F,0xF81F,0xF81F,0xF81F,
    0xF81F,0xF81F,0xF81F,0xF81F,0xF81F,0xF81F,0xF81F,0xF81F,0xF81F,0xF81F,0xF81F,0xF81F,
    0xF81F,0xF81F,0xF81F,0xF81F,0xF81F,0xF81F,0xF81F,0xF81F,0xF81F,0xF81F,0xF81F,0xF81F,
    0xF81F,0xF81F,0xF81F,0xF81F,
    0xF81F,0xF81F,0xF81F,0xF81F,0xF81F,0xF81F,0xF81F,0xF81F,0xF81F,0xF81F,0xF81F,0xF81F,
    0xF81F,0xF81F,0xF81F,0xF81F,0xF81F,0xF81F,0xF81F,0xF81F,0xF81F,0xF81F,0xF81F,0xF81F,
    0xF81F,0xF81F,0xF81F,0xF81F,0xF81F,0xF81F,0xF81F,0x10A2,0x10A3,0xF81F,0xF81F,0xF81F,
    0xF81F,0xF81F,0xF81F,0xF81F,0xF81F,0xF81F,0xF81F,0xF81F,0xF81F,0xF81F,0xF81F,0xF81F,
    0xF81F,0xF81F,0xF81F,0xF81F,0xF81F,0xF81F,0xF81F,0xF81F,0xF81F,0xF81F,0xF81F,0xF81F,
    0xF81F,0xF81F,0xF81F,0xF81F,
    0xF81F,0xF81F,0xF81F,0xF81F,0xF81F,0xF81F,0xF81F,0xF81F,0xF81F,0xF81F,0xF81F,0xF81F,
    0xF81F,0xF81F,0xF81F,0xF81F,0xF81F,0xF81F,0xF81F,0xF81F,0xF81F,0xF81F,0xF81F,0xF81F,
    0xF81F,0xF81F,0xF81F,0x10C3,0x4A8B,0x73F1,0x8494,0x8CB5,0x8CB5,0x8494,0x7412,0x52AC,
    0x18C3,0xF81F,0xF81F,0xF81F,0xF81F,0xF81F,0xF81F,0xF81F,0xF81F,0xF81F,0xF81F,0xF81F,
    0xF81F,0xF81F,0xF81F,0xF81F,0xF81F,0xF81F,0xF81F,0xF81F,0xF81F,0xF81F,0xF81F,0xF81F,
    0xF81F,0xF81F,0xF81F,0xF81F,
    0xF81F,0xF81F,0xF81F,0xF81F,0xF81F,0xF81F,0xF81F,0xF81F,0xF81F,0xF81F,0xF81F,0xF81F,
    0xF81F,0xF81F,0xF81F,0xF81F,0xF81F,0xF81F,0xF81F,0xF81F,0xF81F,0xF81F,0xF81F,0xF81F,
    0xF81F,0xF81F,0x5B0D,0x8CD5,0x8494,0x6BB0,0x5B2E,0x5B0D,0x5B0D,0x5B2E,0x6BB0,0x8474,
    0x8CD5,0x634E,0xF81F,0xF81F,0xF81F,0xF81F,0xF81F,0xF81F,0xF81F,0xF81F,0xF81F,0xF81F,
    0xF81F,0xF81F,0xF81F,0xF81F,0xF81F,0xF81F,0xF81F,0xF81F,0xF81F,0xF81F,0xF81F,0xF81F,
    0xF81F,0xF81F,0xF81F,0xF81F,
    0xF81F,0xF81F,0xF81F,0xF81F,0xF81F,0xF81F,0xF81F,0xF81F,0xF81F,0xF81F,0xF81F,0xF81F,
    0xF81F,0xF81F,0xF81F,0xF81F,0xF81F,0xF81F,0xF81F,0xF81F,0xF81F,0xF81F,0xF81F,0xF81F,
    0x2125,0x8474,0x7C53,0x52CD,0x426B,0x4A6B,0x4A8B,0x426D,0x3A6D,0x4A8B,0x4A6B,0x426B,
    0x52CD,0x7C33,0x8494,0x2966,0xF81F,0xF81F,0xF81F,0xF81F,0xF81F,0xF81F,0xF81F,0xF81F,
    0xF81F,0xF81F,0xF81F,0xF81F,0xF81F,0xF81F,0xF81F,0xF81F,0xF81F,0xF81F,0xF81F,0xF81F,
    0xF81F,0xF81F,0xF81F,0xF81F,
    0xF81F,0xF81F,0xF81F,0xF81F,0xF81F,0xF81F,0xF81F,0xF81F,0xF81F,0xF81F,0xF81F,0xF81F,
    0xF81F,0xF81F,0xF81F,0xF81F,0xF81F,0xF81F,0xF81F,0xF81F,0xF81F,0xF81F,0xF81F,0x2986,
    0x8CB5,0x5B4E,0x424A,0x4A8B,0x4AAC,0x4AAC,0x4AAC,0x19F2,0x19D3,0x4A8D,0x4AAC,0x4AAC,
    0x4A8C,0x424A,0x5B0E,0x8CB5,0x31C7,0xF81F,0xF81F,0xF81F,0xF81F,0xF81F,0xF81F,0xF81F,
    0xF81F,0xF81F,0xF81F,0xF81F,0xF81F,0xF81F,0xF81F,0xF81F,0xF81F,0xF81F,0xF81F,0xF81F,
    0xF81F,0xF81F,0xF81F,0xF81F,
    0xF81F,0xF81F,0xF81F,0xF81F,0xF81F,0xF81F,0xF81F,0xF81F,0xF81F,0xF81F,0xF81F,0xF81F,
    0xF81F,0xF81F,0xF81F,0xF81F,0xF81F,0xF81F,0xF81F,0xF81F,0xF81F,0xF81F,0x2145,0x8494,
    0x52CC,0x424B,0x4AAC,0x4A8C,0x4A8C,0x4A8B,0x4A8B,0x2A30,0x2A10,0x4A8C,0x4A8C,0x4A8C,
    0x4A8C,0x4AAC,0x426B,0x4AAC,0x8494,0x2987,0xF81F,0xF81F,0xF81F,0xF81F,0xF81F,0xF81F,
    0xF81F,0xF81F,0xF81F,0xF81F,0xF81F,0xF81F,0xF81F,0xF81F,0xF81F,0xF81F,0xF81F,0xF81F,
    0xF81F,0xF81F,0xF81F,0xF81F,
    0xF81F,0xF81F,0xF81F,0xF81F,0xF81F,0xF81F,0xF81F,0xF81F,0xF81F,0xF81F,0xF81F,0xF81F,
    0xF81F,0xF81F,0xF81F,0xF81F,0xF81F,0xF81F,0xF81F,0xF81F,0xF81F,0xF81F,0x7C32,0x52CC,
    0x424A,0x4A8B,0x4A8B,0x4A8B,0x4A6B,0x42CD,0x4ACC,0x424D,0x3A4E,0x4A8B,0x4A8B,0x4A8B,
    0x4A8B,0x4A8B,0x4A8B,0x426B,0x4AAC,0x7C53,0x10C3,0xF81F,0xF81F,0xF81F,0xF81F,0xF81F,
    0xF81F,0xF81F,0xF81F,0xF81F,0xF81F,0xF81F,0xF81F,0xF81F,0xF81F,0xF81F,0xF81F,0xF81F,
    0xF81F,0xF81F,0xF81F,0xF81F,
    0xF81F,0xF81F,0xF81F,0xF81F,0xF81F,0xF81F,0xF81F,0xF81F,0xF81F,0xF81F,0xF81F,0xF81F,
    0xF81F,0xF81F,0xF81F,0xF81F,0xF81F,0xF81F,0xF81F,0xF81F,0xF81F,0x634E,0x5B2E,0x422A,
    0x4A8B,0x426B,0x426B,0x426B,0x4A4A,0x3B2E,0x2CD4,0x420C,0x3A4E,0x4A6A,0x426B,0x426B,
    0x426B,0x426B,0x426B,0x4A8B,0x422A,0x52ED,0x636F,0xF81F,0xF81F,0xF81F,0xF81F,0xF81F,
    0xF81F,0xF81F,0xF81F,0xF81F,0xF81F,0xF81F,0xF81F,0xF81F,0xF81F,0xF81F,0xF81F,0xF81F,
    0xF81F,0xF81F,0xF81F,0xF81F,
    0xF81F,0xF81F,0xF81F,0xF81F,0xF81F,0xF81F,0xF81F,0xF81F,0xF81F,0xF81F,0xF81F,0xF81F,
    0xF81F,0xF81F,0xF81F,0xF81F,0xF81F,0xF81F,0xF81F,0xF81F,0x2986,0x6BB0,0x3A09,0x426B,
    0x426B,0x426B,0x426B,0x426B,0x426B,0x4A09,0x2C93,0x2B51,0x39EC,0x4A6A,0x426B,0x426B,
    0x426B,0x426B,0x426B,0x426B,0x426B,0x3A09,0x6B90,0x31C8,0xF81F,0xF81F,0xF81F,0xF81F,
    0xF81F,0xF81F,0xF81F,0xF81F,0xF81F,0xF81F,0xF81F,0xF81F,0xF81F,0xF81F,0xF81F,0xF81F,
    0xF81F,0xF81F,0xF81F,0xF81F,
    0xF81F,0xF81F,0xF81F,0xF81F,0xF81F,0xF81F,0xF81F,0xF81F,0xF81F,0xF81F,0xF81F,0xF81F,
    0xF81F,0xF81F,0xF81F,0xF81F,0xF81F,0xF81F,0xF81F,0xF81F,0x5B2E,0x4A6B,0x424A,0x424A,
    0x424A,0x424A,0x424A,0x424A,0x424A,0x422A,0x42AB,0x14D7,0x320D,0x424A,0x424B,0x424A,
    0x424A,0x424A,0x424A,0x424A,0x424A,0x424A,0x424B,0x634F,0xF81F,0xF81F,0xF81F,0xF81F,
    0xF81F,0xF81F,0xF81F,0xF81F,0xF81F,0xF81F,0xF81F,0xF81F,0xF81F,0xF81F,0xF81F,0xF81F,
    0xF81F,0xF81F,0xF81F,0xF81F,
    0xF81F,0xF81F,0xF81F,0xF81F,0xF81F,0xF81F,0xF81F,0xF81F,0xF81F,0xF81F,0xF81F,0xF81F,
    0xF81F,0xF81F,0xF81F,0xF81F,0xF81F,0xF81F,0xF81F,0x2145,0x5B2E,0x3A09,0x424A,0x424A,
    0x424A,0x424A,0x424A,0x424A,0x424A,0x424A,0x49C8,0x2453,0x2B91,0x41E9,0x424A,0x424A,
    0x424A,0x424A,0x424A,0x424A,0x424A,0x424A,0x3A09,0x5B2E,0x2986,0xF81F,0xF81F,0xF81F,
    0xF81F,0xF81F,0xF81F,0xF81F,0xF81F,0xF81F,0xF81F,0xF81F,0xF81F,0xF81F,0xF81F,0xF81F,
    0xF81F,0xF81F,0xF81F,0xF81F,
    0xF81F,0xF81F,0xF81F,0xF81F,0xF81F,0xF81F,0xF81F,0xF81F,0xF81F,0xF81F,0xF81F,0xF81F,
    0xF81F,0xF81F,0xF81F,0xF81F,0xF81F,0xF81F,0xF81F,0x4A6B,0x4A6B,0x3A09,0x422A,0x422A,
    0x422A,0x422A,0x422A,0x422A,0x422A,0x3A2A,0x4229,0x1CD6,0x328E,0x4209,0x3A2A,0x422A,
    0x422A,0x422A,0x422A,0x422A,0x422A,0x422A,0x3A09,0x424B,0x4AAB,0xF81F,0xF81F,0xF81F,
    0xF81F,0xF81F,0xF81F,0xF81F,0xF81F,0xF81F,0xF81F,0xF81F,0xF81F,0xF81F,0xF81F,0xF81F,
    0xF81F,0xF81F,0xF81F,0xF81F,
    0xF81F,0xF81F,0xF81F,0xF81F,0xF81F,0xF81F,0xF81F,0xF81F,0xF81F,0xF81F,0xF81F,0xF81F,
    0xF81F,0xF81F,0xF81F,0xF81F,0xF81F,0xF81F,0xF81F,0x52CC,0x3A09,0x3A2A,0x3A2A,0x3A2A,
    0x3A2A,0x3A2A,0x3A2A,0x3A2A,0x3A2A,0x41C8,0x2BAF,0x1436,0x318C,0x4229,0x3A2A,0x3A2A,
    0x3A2A,0x3A2A,0x3A2A,0x3A2A,0x3A2A,0x3A2A,0x3A2A,0x3A09,0x52CC,0xF81F,0xF81F,0xF81F,
    0xF81F,0xF81F,0xF81F,0xF81F,0xF81F,0xF81F,0xF81F,0xF81F,0xF81F,0xF81F,0xF81F,0xF81F,
    0xF81F,0xF81F,0xF81F,0xF81F,
    0xF81F,0xF81F,0xF81F,0xF81F,0xF81F,0xF81F,0xF81F,0xF81F,0xF81F,0xF81F,0xF81F,0xF81F,
    0xF81F,0xF81F,0xF81F,0xF81F,0xF81F,0xF81F,0x1904,0x4A8B,0x39E9,0x3A09,0x3A09,0x3A09,
    0x3A09,0x3A09,0x3A09,0x3A09,0x3A09,0x39E8,0x1517,0x2232,0x29CE,0x320C,0x3A09,0x3A09,
    0x3A09,0x3A09,0x3A09,0x3A09,0x3A09,0x3A09,0x3A09,0x39E9,0x4A8B,0x2145,0xF81F,0xF81F,
    0xF81F,0xF81F,0xF81F,0xF81F,0xF81F,0xF81F,0xF81F,0xF81F,0xF81F,0xF81F,0xF81F,0xF81F,
    0xF81F,0xF81F,0xF81F,0xF81F,
    0xF81F,0xF81F,0xF81F,0xF81F,0xF81F,0xF81F,0xF81F,0xF81F,0xF81F,0xF81F,0xF81F,0xF81F,
    0xF81F,0xF81F,0xF81F,0xF81F,0xF81F,0xF81F,0x2987,0x424A,0x31E9,0x3A09,0x3A09,0x3A09,
    0x3A09,0x3A09,0x3A09,0x3A09,0x3A09,0x29AD,0x1BB4,0x1C34,0x4187,0x2A0E,0x31EC,0x3A08,
    0x3A09,0x3A09,0x3A09,0x3A09,0x3A09,0x3A09,0x3A09,0x39E9,0x422A,0x31A7,0xF81F,0xF81F,
    0xF81F,0xF81F,0xF81F,0xF81F,0xF81F,0xF81F,0xF81F,0xF81F,0xF81F,0xF81F,0xF81F,0xF81F,
    0xF81F,0xF81F,0xF81F,0xF81F,
    0xF81F,0xF81F,0xF81F,0xF81F,0xF81F,0xF81F,0xF81F,0xF81F,0xF81F,0xF81F,0xF81F,0xF81F,
    0xF81F,0xF81F,0xF81F,0xF81F,0xF81F,0xF81F,0x31C8,0x3A09,0x31E8,0x39E9,0x39E9,0x39E9,
    0x39E9,0x39E9,0x39E8,0x31E9,0x29EE,0x31EB,0x298C,0x1C74,0x2B8F,0x3987,0x29EE,0x31EC,
    0x39E8,0x39E9,0x39E9,0x39E9,0x39E9,0x39E9,0x39E9,0x31E8,0x3A09,0x31E8,0xF81F,0xF81F,
    0xF81F,0xF81F,0xF81F,0xF81F,0xF81F,0xF81F,0xF81F,0xF81F,0xF81F,0xF81F,0xF81F,0xF81F,
    0xF81F,0xF81F,0xF81F,0xF81F,
    0xF81F,0xF81F,0xF81F,0xF81F,0xF81F,0xF81F,0xF81F,0xF81F,0xF81F,0xF81F,0xF81F,0xF81F,
    0xF81F,0xF81F,0xF81F,0xF81F,0xF81F,0xF81F,0x31C8,0x39E9,0x31C8,0x31E8,0x31E8,0x31E8,
    0x31E8,0x31E9,0x31EA,0x21EE,0x31E9,0x31EA,0x29EE,0x39A7,0x1CB4,0x2AAC,0x39A7,0x29EE,
    0x29EC,0x39E7,0x31E9,0x31E8,0x31E8,0x31E8,0x31E8,0x31C8,0x39E9,0x31C8,0xF81F,0xF81F,
    0xF81F,0xF81F,0xF81F,0xF81F,0xF81F,0xF81F,0xF81F,0xF81F,0xF81F,0xF81F,0xF81F,0xF81F,
    0xF81F,0xF81F,0xF81F,0xF81F,
    0xF81F,0xF81F,0xF81F,0xF81F,0xF81F,0xF81F,0xF81F,0xF81F,0xF81F,0xF81F,0xF81F,0xF81F,
    0xF81F,0xF81F,0xF81F,0xF81F,0xF81F,0xF81F,0x31A7,0x31C8,0x31C8,0x31C8,0x31C8,0x31C8,
    0x29CB,0x19F2,0x21F0,0x31C8,0x31C7,0x29CE,0x31CA,0x31A7,0x31E9,0x3209,0x31A8,0x31C8,
    0x29CD,0x29CB,0x31C7,0x31C8,0x31C8,0x31C8,0x31C8,0x31C8,0x31C8,0x31C8,0xF81F,0xF81F,
    0xF81F,0xF81F,0xF81F,0xF81F,0xF81F,0xF81F,0xF81F,0xF81F,0xF81F,0xF81F,0xF81F,0xF81F,
    0xF81F,0xF81F,0xF81F,0xF81F,
    0xF81F,0xF81F,0xF81F,0xF81F,0xF81F,0xF81F,0xF81F,0xF81F,0xF81F,0xF81F,0xF81F,0xF81F,
    0xF81F,0xF81F,0xF81F,0xF81F,0xF81F,0xF81F,0x29A7,0x31C8,0x31A8,0x31C8,0x31C8,0x31C7,
    0x29CB,0x19F3,0x29CD,0x31A7,0x29CA,0x21CD,0x31C7,0x31C8,0x31A8,0x31A7,0x31C8,0x31C8,
    0x31C7,0x29CD,0x29CB,0x31C7,0x31C8,0x31C8,0x31C8,0x31A8,0x31C8,0x31A7,0xF81F,0xF81F,
    0xF81F,0xF81F,0xF81F,0xF81F,0xF81F,0xF81F,0xF81F,0xF81F,0xF81F,0xF81F,0xF81F,0xF81F,
    0xF81F,0xF81F,0xF81F,0xF81F,
    0xF81F,0xF81F,0xF81F,0xF81F,0xF81F,0xF81F,0xF81F,0xF81F,0xF81F,0xF81F,0xF81F,0xF81F,
    0xF81F,0xF81F,0xF81F,0xF81F,0xF81F,0xF81F,0x2966,0x31C8,0x31A7,0x31A8,0x31A8,0x31A8,
    0x31A7,0x21CD,0x29A9,0x31A7,0x21CD,0x29A9,0x31A7,0x31A8,0x31A8,0x31A8,0x31A8,0x31A8,
    0x31A7,0x31A8,0x21CE,0x31A7,0x31A8,0x31A8,0x31A8,0x31A7,0x31A8,0x2967,0xF81F,0xF81F,
    0xF81F,0xF81F,0xF81F,0xF81F,0xF81F,0xF81F,0xF81F,0xF81F,0xF81F,0xF81F,0xF81F,0xF81F,
    0xF81F,0xF81F,0xF81F,0xF81F,
    0xF81F,0xF81F,0xF81F,0xF81F,0xF81F,0xF81F,0xF81F,0xF81F,0xF81F,0xF81F,0xF81F,0xF81F,
    0xF81F,0xF81F,0xF81F,0xF81F,0xF81F,0xF81F,0x2146,0x31A8,0x2987,0x29A7,0x29A7,0x29A7,
    0x31A7,0x21AD,0x29A8,0x29A9,0x21CD,0x3187,0x29A7,0x29A7,0x29A7,0x29A7,0x29A7,0x29A7,
    0x29A7,0x29A8,0x21CD,0x29A7,0x29A7,0x29A7,0x29A7,0x2987,0x31A7,0x2146,0xF81F,0xF81F,
    0xF81F,0xF81F,0xF81F,0xF81F,0xF81F,0xF81F,0xF81F,0xF81F,0xF81F,0xF81F,0xF81F,0xF81F,
    0xF81F,0xF81F,0xF81F,0xF81F,
    0xF81F,0xF81F,0xF81F,0xF81F,0xF81F,0xF81F,0xF81F,0xF81F,0xF81F,0xF81F,0xF81F,0xF81F,
    0xF81F,0xF81F,0xF81F,0xF81F,0xF81F,0xF81F,0x2105,0x29A7,0x2987,0x2987,0x2987,0x2987,
    0x2986,0x21AD,0x2987,0x21AC,0x29A9,0x2986,0x2987,0x2987,0x2987,0x2987,0x2987,0x2987,
    0x2987,0x2987,0x21AD,0x2987,0x2987,0x2987,0x2987,0x2987,0x29A7,0x2125,0xF81F,0xF81F,
    0xF81F,0xF81F,0xF81F,0xF81F,0xF81F,0xF81F,0xF81F,0xF81F,0xF81F,0xF81F,0xF81F,0xF81F,
    0xF81F,0xF81F,0xF81F,0xF81F,
    0xF81F,0xF81F,0xF81F,0xF81F,0xF81F,0xF81F,0xF81F,0xF81F,0xF81F,0xF81F,0xF81F,0xF81F,
    0xF81F,0xF81F,0xF81F,0xF81F,0xF81F,0xF81F,0x18E4,0x2987,0x2966,0x2987,0x2987,0x2987,
    0x2966,0x21AC,0x2989,0x21AD,0x2966,0x2987,0x2987,0x2987,0x2987,0x2987,0x2987,0x2987,
    0x2987,0x2987,0x21AD,0x2987,0x2987,0x2987,0x2987,0x2966,0x2987,0x1904,0xF81F,0xF81F,
    0xF81F,0xF81F,0xF81F,0xF81F,0xF81F,0xF81F,0xF81F,0xF81F,0xF81F,0xF81F,0xF81F,0xF81F,
    0xF81F,0xF81F,0xF81F,0xF81F,
    0xF81F,0xF81F,0xF81F,0xF81F,0xF81F,0xF81F,0xF81F,0xF81F,0xF81F,0xF81F,0xF81F,0xF81F,
    0xF81F,0xF81F,0xF81F,0xF81F,0xF81F,0xF81F,0x10A3,0x2987,0x2166,0x2966,0x2966,0x2966,
    0x2966,0x21AB,0x21AE,0x2189,0x2966,0x2966,0x2966,0x2966,0x2966,0x2966,0x2966,0x2966,
    0x2966,0x2967,0x21AC,0x2966,0x2966,0x2966,0x2966,0x2166,0x2987,0x10A3,0xF81F,0xF81F,
    0xF81F,0xF81F,0xF81F,0xF81F,0xF81F,0xF81F,0xF81F,0xF81F,0xF81F,0xF81F,0xF81F,0xF81F,
    0xF81F,0xF81F,0xF81F,0xF81F,
    0xF81F,0xF81F,0xF81F,0xF81F,0xF81F,0xF81F,0xF81F,0xF81F,0xF81F,0xF81F,0xF81F,0xF81F,
    0xF81F,0xF81F,0xF81F,0xF81F,0xF81F,0xF81F,0x0841,0x2966,0x2146,0x2146,0x2146,0x2166,
    0x2945,0x21AD,0x21AE,0x2945,0x2166,0x2146,0x2146,0x2146,0x2146,0x2146,0x2146,0x2146,
    0x2146,0x2146,0x21AC,0x2146,0x2146,0x2146,0x2146,0x2146,0x2966,0x0862,0xF81F,0xF81F,
    0xF81F,0xF81F,0xF81F,0xF81F,0xF81F,0xF81F,0xF81F,0xF81F,0xF81F,0xF81F,0xF81F,0xF81F,
    0xF81F,0xF81F,0xF81F,0xF81F,
    0xF81F,0xF81F,0xF81F,0xF81F,0xF81F,0xF81F,0xF81F,0xF81F,0xF81F,0xF81F,0xF81F,0xF81F,
    0xF81F,0xF81F,0xF81F,0xF81F,0xF81F,0xF81F,0xF81F,0x2125,0x2146,0x2146,0x2146,0x2145,
    0x2169,0x19F3,0x21AD,0x2145,0x2146,0x2146,0x2146,0x2146,0x2146,0x2146,0x2146,0x2146,
    0x2146,0x2146,0x218C,0x2146,0x2146,0x2146,0x2146,0x2146,0x2125,0x0000,0xF81F,0xF81F,
    0xF81F,0xF81F,0xF81F,0xF81F,0xF81F,0xF81F,0xF81F,0xF81F,0xF81F,0xF81F,0xF81F,0xF81F,
    0xF81F,0xF81F,0xF81F,0xF81F,
    0xF81F,0xF81F,0xF81F,0xF81F,0xF81F,0xF81F,0xF81F,0xF81F,0xF81F,0xF81F,0xF81F,0xF81F,
    0xF81F,0xF81F,0xF81F,0xF81F,0xF81F,0xF81F,0xF81F,0x10C3,0x2146,0x2125,0x2126,0x2125,
    0x216A,0x19F3,0x218D,0x2125,0x2126,0x2125,0x2125,0x2125,0x2125,0x2125,0x2125,0x2125,
    0x2125,0x2125,0x218C,0x2125,0x2126,0x2125,0x2125,0x2146,0x18C4,0xF81F,0xF81F,0xF81F,
    0xF81F,0xF81F,0xF81F,0xF81F,0xF81F,0xF81F,0xF81F,0xF81F,0xF81F,0xF81F,0xF81F,0xF81F,
    0xF81F,0xF81F,0xF81F,0xF81F,
    0xF81F,0xF81F,0xF81F,0xF81F,0xF81F,0xF81F,0xF81F,0xF81F,0xF81F,0xF81F,0xF81F,0xF81F,
    0xF81F,0xF81F,0xF81F,0xF81F,0xF81F,0xF81F,0xF81F,0x0841,0x2125,0x2125,0x2125,0x2125,
    0x2125,0x2147,0x2125,0x2125,0x2125,0x2125,0x2125,0x2125,0x2125,0x2125,0x2125,0x2125,
    0x2125,0x216A,0x19F2,0x2149,0x2125,0x2125,0x2105,0x2146,0x0862,0xF81F,0xF81F,0xF81F,
    0xF81F,0xF81F,0xF81F,0xF81F,0xF81F,0xF81F,0xF81F,0xF81F,0xF81F,0xF81F,0xF81F,0xF81F,
    0xF81F,0xF81F,0xF81F,0xF81F,
    0xF81F,0xF81F,0xF81F,0xF81F,0xF81F,0xF81F,0xF81F,0xF81F,0xF81F,0xF81F,0xF81F,0xF81F,
    0xF81F,0xF81F,0xF81F,0xF81F,0xF81F,0xF81F,0xF81F,0xF81F,0x18E4,0x2105,0x1905,0x2105,
    0x2105,0x2105,0x2105,0x2105,0x2105,0x2105,0x2105,0x2105,0x2105,0x2105,0x2105,0x2105,
    0x2104,0x198D,0x1A15,0x196B,0x2104,0x1905,0x2105,0x18E4,0xF81F,0xF81F,0xF81F,0xF81F,
    0xF81F,0xF81F,0xF81F,0xF81F,0xF81F,0xF81F,0xF81F,0xF81F,0xF81F,0xF81F,0xF81F,0xF81F,
    0xF81F,0xF81F,0xF81F,0xF81F,
    0xF81F,0xF81F,0xF81F,0xF81F,0xF81F,0xF81F,0xF81F,0xF81F,0xF81F,0xF81F,0xF81F,0xF81F,
    0xF81F,0xF81F,0xF81F,0xF81F,0xF81F,0xF81F,0xF81F,0xF81F,0x0841,0x2125,0x1904,0x1905,
    0x1905,0x1905,0x1905,0x1905,0x1905,0x1905,0x1905,0x1905,0x1905,0x1905,0x1905,0x1905,
    0x1904,0x1905,0x1928,0x1905,0x1905,0x1904,0x2125,0x0862,0xF81F,0xF81F,0xF81F,0xF81F,
    0xF81F,0xF81F,0xF81F,0xF81F,0xF81F,0xF81F,0xF81F,0xF81F,0xF81F,0xF81F,0xF81F,0xF81F,
    0xF81F,0xF81F,0xF81F,0xF81F,
    0xF81F,0xF81F,0xF81F,0xF81F,0xF81F,0xF81F,0xF81F,0xF81F,0xF81F,0xF81F,0xF81F,0xF81F,
    0xF81F,0xF81F,0xF81F,0xF81F,0xF81F,0xF81F,0xF81F,0xF81F,0xF81F,0x10A3,0x1905,0x18E4,
    0x18E4,0x18E4,0x18E4,0x18E4,0x18E4,0x18E4,0x18E4,0x18E4,0x18E4,0x18E4,0x18E4,0x18E4,
    0x18E4,0x18E4,0x18E4,0x18E4,0x18E4,0x1905,0x10C3,0xF81F,0xF81F,0xF81F,0xF81F,0xF81F,
    0xF81F,0xF81F,0xF81F,0xF81F,0xF81F,0xF81F,0xF81F,0xF81F,0xF81F,0xF81F,0xF81F,0xF81F,
    0xF81F,0xF81F,0xF81F,0xF81F,
    0xF81F,0xF81F,0xF81F,0xF81F,0xF81F,0xF81F,0xF81F,0xF81F,0xF81F,0xF81F,0xF81F,0xF81F,
    0xF81F,0xF81F,0xF81F,0xF81F,0xF81F,0xF81F,0xF81F,0xF81F,0xF81F,0x0020,0x18E4,0x18E4,
    0x18E4,0x18E4,0x18E4,0x18E4,0x18E4,0x18E4,0x18E4,0x18E4,0x18E4,0x18E4,0x18E4,0x18E4,
    0x18E4,0x18E4,0x18E4,0x18E4,0x18E4,0x18E4,0x0020,0xF81F,0xF81F,0xF81F,0xF81F,0xF81F,
    0xF81F,0xF81F,0xF81F,0xF81F,0xF81F,0xF81F,0xF81F,0xF81F,0xF81F,0xF81F,0xF81F,0xF81F,
    0xF81F,0xF81F,0xF81F,0xF81F,
    0xF81F,0xF81F,0xF81F,0xF81F,0xF81F,0xF81F,0xF81F,0xF81F,0xF81F,0xF81F,0xF81F,0xF81F,
    0xF81F,0xF81F,0xF81F,0xF81F,0xF81F,0xF81F,0xF81F,0xF81F,0xF81F,0xF81F,0x0841,0x18E4,
    0x18C4,0x10C4,0x18C4,0x18C4,0x18C4,0x18C4,0x18C4,0x18C4,0x18C4,0x18C4,0x18C4,0x18C4,
    0x18C4,0x18C4,0x10C4,0x10C4,0x18E4,0x0841,0xF81F,0xF81F,0xF81F,0xF81F,0xF81F,0xF81F,
    0xF81F,0xF81F,0xF81F,0xF81F,0xF81F,0xF81F,0xF81F,0xF81F,0xF81F,0xF81F,0xF81F,0xF81F,
    0xF81F,0xF81F,0xF81F,0xF81F,
    0xF81F,0xF81F,0xF81F,0xF81F,0xF81F,0xF81F,0xF81F,0xF81F,0xF81F,0xF81F,0xF81F,0xF81F,
    0xF81F,0xF81F,0xF81F,0xF81F,0xF81F,0xF81F,0xF81F,0xF81F,0xF81F,0xF81F,0xF81F,0x0841,
    0x18C4,0x10C4,0x10C3,0x10C3,0x10C3,0x10C3,0x10C3,0x10C3,0x10C3,0x10C3,0x10C3,0x10C3,
    0x10C3,0x10C3,0x10C3,0x18C4,0x0841,0xF81F,0xF81F,0xF81F,0xF81F,0xF81F,0xF81F,0xF81F,
    0xF81F,0xF81F,0xF81F,0xF81F,0xF81F,0xF81F,0xF81F,0xF81F,0xF81F,0xF81F,0xF81F,0xF81F,
    0xF81F,0xF81F,0xF81F,0xF81F,
    0xF81F,0xF81F,0xF81F,0xF81F,0xF81F,0xF81F,0xF81F,0xF81F,0xF81F,0xF81F,0xF81F,0xF81F,
    0xF81F,0xF81F,0xF81F,0xF81F,0xF81F,0xF81F,0xF81F,0xF81F,0xF81F,0xF81F,0xF81F,0xF81F,
    0x0041,0x10A3,0x10C3,0x10A3,0x10A3,0x10A3,0x10A3,0x10A3,0x10A3,0x10A3,0x10A3,0x10A3,
    0x10A3,0x10C3,0x10A3,0x0841,0xF81F,0xF81F,0xF81F,0xF81F,0xF81F,0xF81F,0xF81F,0xF81F,
    0xF81F,0xF81F,0xF81F,0xF81F,0xF81F,0xF81F,0xF81F,0xF81F,0xF81F,0xF81F,0xF81F,0xF81F,
    0xF81F,0xF81F,0xF81F,0xF81F,
    0xF81F,0xF81F,0xF81F,0xF81F,0xF81F,0xF81F,0xF81F,0xF81F,0xF81F,0xF81F,0xF81F,0xF81F,
    0xF81F,0xF81F,0xF81F,0xF81F,0xF81F,0xF81F,0xF81F,0xF81F,0xF81F,0xF81F,0xF81F,0xF81F,
    0xF81F,0x0000,0x0862,0x10A3,0x10A3,0x10A3,0x10A3,0x10A3,0x10A3,0x10A3,0x10A3,0x10A3,
    0x10A3,0x0882,0x0020,0xF81F,0xF81F,0xF81F,0xF81F,0xF81F,0xF81F,0xF81F,0xF81F,0xF81F,
    0xF81F,0xF81F,0xF81F,0xF81F,0xF81F,0xF81F,0xF81F,0xF81F,0xF81F,0xF81F,0xF81F,0xF81F,
    0xF81F,0xF81F,0xF81F,0xF81F,
    0xF81F,0xF81F,0xF81F,0xF81F,0xF81F,0xF81F,0xF81F,0xF81F,0xF81F,0xF81F,0xF81F,0xF81F,
    0xF81F,0xF81F,0xF81F,0xF81F,0xF81F,0xF81F,0xF81F,0xF81F,0xF81F,0xF81F,0xF81F,0xF81F,
    0xF81F,0xF81F,0xF81F,0x0020,0x0862,0x0882,0x1083,0x1083,0x1083,0x1083,0x0882,0x0862,
    0x0020,0xF81F,0xF81F,0xF81F,0xF81F,0xF81F,0xF81F,0xF81F,0xF81F,0xF81F,0xF81F,0xF81F,
    0xF81F,0xF81F,0xF81F,0xF81F,0xF81F,0xF81F,0xF81F,0xF81F,0xF81F,0xF81F,0xF81F,0xF81F,
    0xF81F,0xF81F,0xF81F,0xF81F,
    0xF81F,0xF81F,0xF81F,0xF81F,0xF81F,0xF81F,0xF81F,0xF81F,0xF81F,0xF81F,0xF81F,0xF81F,
    0xF81F,0xF81F,0xF81F,0xF81F,0xF81F,0xF81F,0xF81F,0xF81F,0xF81F,0xF81F,0xF81F,0xF81F,
    0xF81F,0xF81F,0xF81F,0xF81F,0xF81F,0xF81F,0x0000,0x0000,0x0000,0x0000,0xF81F,0xF81F,
    0xF81F,0xF81F,0xF81F,0xF81F,0xF81F,0xF81F,0xF81F,0xF81F,0xF81F,0xF81F,0xF81F,0xF81F,
    0xF81F,0xF81F,0xF81F,0xF81F,0xF81F,0xF81F,0xF81F,0xF81F,0xF81F,0xF81F,0xF81F,0xF81F,
    0xF81F,0xF81F,0xF81F,0xF81F,
    0xF81F,0xF81F,0xF81F,0xF81F,0xF81F,0xF81F,0xF81F,0xF81F,0xF81F,0xF81F,0xF81F,0xF81F,
    0xF81F,0xF81F,0xF81F,0xF81F,0xF81F,0xF81F,0xF81F,0xF81F,0xF81F,0xF81F,0xF81F,0xF81F,
    0xF81F,0xF81F,0xF81F,0xF81F,0xF81F,0xF81F,0xF81F,0xF81F,0xF81F,0xF81F,0xF81F,0xF81F,
    0xF81F,0xF81F,0xF81F,0xF81F,0xF81F,0xF81F,0xF81F,0xF81F,0xF81F,0xF81F,0xF81F,0xF81F,
    0xF81F,0xF81F,0xF81F,0xF81F,0xF81F,0xF81F,0xF81F,0xF81F,0xF81F,0xF81F,0xF81F,0xF81F,
    0xF81F,0xF81F,0xF81F,0xF81F,
    0xF81F,0xF81F,0xF81F,0xF81F,0xF81F,0xF81F,0xF81F,0xF81F,0xF81F,0xF81F,0xF81F,0xF81F,
    0xF81F,0xF81F,0xF81F,0xF81F,0xF81F,0xF81F,0xF81F,0xF81F,0xF81F,0xF81F,0xF81F,0xF81F,
    0xF81F,0xF81F,0xF81F,0xF81F,0xF81F,0xF81F,0xF81F,0xF81F,0xF81F,0xF81F,0xF81F,0xF81F,
    0xF81F,0xF81F,0xF81F,0xF81F,0xF81F,0xF81F,0xF81F,0xF81F,0xF81F,0xF81F,0xF81F,0xF81F,
    0xF81F,0xF81F,0xF81F,0xF81F,0xF81F,0xF81F,0xF81F,0xF81F,0xF81F,0xF81F,0xF81F,0xF81F,
    0xF81F,0xF81F,0xF81F,0xF81F,
    0xF81F,0xF81F,0xF81F,0xF81F,0xF81F,0xF81F,0xF81F,0xF81F,0xF81F,0xF81F,0xF81F,0xF81F,
    0xF81F,0xF81F,0xF81F,0xF81F,0xF81F,0xF81F,0xF81F,0xF81F,0xF81F,0xF81F,0xF81F,0xF81F,
    0xF81F,0xF81F,0xF81F,0xF81F,0xF81F,0xF81F,0xF81F,0xF81F,0xF81F,0xF81F,0xF81F,0xF81F,
    0xF81F,0xF81F,0xF81F,0xF81F,0xF81F,0xF81F,0xF81F,0xF81F,0xF81F,0xF81F,0xF81F,0xF81F,
    0xF81F,0xF81F,0xF81F,0xF81F,0xF81F,0xF81F,0xF81F,0xF81F,0xF81F,0xF81F,0xF81F,0xF81F,
    0xF81F,0xF81F,0xF81F,0xF81F,
    0xF81F,0xF81F,0xF81F,0xF81F,0xF81F,0xF81F,0xF81F,0xF81F,0xF81F,0xF81F,0xF81F,0xF81F,
    0xF81F,0xF81F,0xF81F,0xF81F,0xF81F,0xF81F,0xF81F,0xF81F,0xF81F,0xF81F,0xF81F,0xF81F,
    0xF81F,0xF81F,0xF81F,0xF81F,0xF81F,0xF81F,0xF81F,0xF81F,0xF81F,0xF81F,0xF81F,0xF81F,
    0xF81F,0xF81F,0xF81F,0xF81F,0xF81F,0xF81F,0xF81F,0xF81F,0xF81F,0xF81F,0xF81F,0xF81F,
    0xF81F,0xF81F,0xF81F,0xF81F,0xF81F,0xF81F,0xF81F,0xF81F,0xF81F,0xF81F,0xF81F,0xF81F,
    0xF81F,0xF81F,0xF81F,0xF81F,
    0xF81F,0xF81F,0xF81F,0xF81F,0xF81F,0xF81F,0xF81F,0xF81F,0xF81F,0xF81F,0xF81F,0xF81F,
    0xF81F,0xF81F,0xF81F,0xF81F,0xF81F,0xF81F,0xF81F,0xF81F,0xF81F,0xF81F,0xF81F,0xF81F,
    0xF81F,0xF81F,0xF81F,0xF81F,0xF81F,0xF81F,0xF81F,0xF81F,0xF81F,0xF81F,0xF81F,0xF81F,
    0xF81F,0xF81F,0xF81F,0xF81F,0xF81F,0xF81F,0xF81F,0xF81F,0xF81F,0xF81F,0xF81F,0xF81F,
    0xF81F,0xF81F,0xF81F,0xF81F,0xF81F,0xF81F,0xF81F,0xF81F,0xF81F,0xF81F,0xF81F,0xF81F,
    0xF81F,0xF81F,0xF81F,0xF81F,
    0xF81F,0xF81F,0xF81F,0xF81F,0xF81F,0xF81F,0xF81F,0xF81F,0xF81F,0xF81F,0xF81F,0xF81F,
    0xF81F,0xF81F,0xF81F,0xF81F,0xF81F,0xF81F,0xF81F,0xF81F,0xF81F,0xF81F,0xF81F,0xF81F,
    0xF81F,0xF81F,0xF81F,0xF81F,0xF81F,0xF81F,0xF81F,0xF81F,0xF81F,0xF81F,0xF81F,0xF81F,
    0xF81F,0xF81F,0xF81F,0xF81F,0xF81F,0xF81F,0xF81F,0xF81F,0xF81F,0xF81F,0xF81F,0xF81F,
    0xF81F,0xF81F,0xF81F,0xF81F,0xF81F,0xF81F,0xF81F,0xF81F,0xF81F,0xF81F,0xF81F,0xF81F,
    0xF81F,0xF81F,0xF81F,0xF81F,
    0xF81F,0xF81F,0xF81F,0xF81F,0xF81F,0xF81F,0xF81F,0xF81F,0xF81F,0xF81F,0xF81F,0xF81F,
    0xF81F,0xF81F,0xF81F,0xF81F,0xF81F,0xF81F,0xF81F,0xF81F,0xF81F,0xF81F,0xF81F,0xF81F,
    0xF81F,0xF81F,0xF81F,0xF81F,0xF81F,0xF81F,0xF81F,0xF81F,0xF81F,0xF81F,0xF81F,0xF81F,
    0xF81F,0xF81F,0xF81F,0xF81F,0xF81F,0xF81F,0xF81F,0xF81F,0xF81F,0xF81F,0xF81F,0xF81F,
    0xF81F,0xF81F,0xF81F,0xF81F,0xF81F,0xF81F,0xF81F,0xF81F,0xF81F,0xF81F,0xF81F,0xF81F,
    0xF81F,0xF81F,0xF81F,0xF81F,
    0xF81F,0xF81F,0xF81F,0xF81F,0xF81F,0xF81F,0xF81F,0xF81F,0xF81F,0xF81F,0xF81F,0xF81F,
    0xF81F,0xF81F,0xF81F,0xF81F,0xF81F,0xF81F,0xF81F,0xF81F,0xF81F,0xF81F,0xF81F,0xF81F,
    0xF81F,0xF81F,0xF81F,0xF81F,0xF81F,0xF81F,0xF81F,0xF81F,0xF81F,0xF81F,0xF81F,0xF81F,
    0xF81F,0xF81F,0xF81F,0xF81F,0xF81F,0xF81F,0xF81F,0xF81F,0xF81F,0xF81F,0xF81F,0xF81F,
    0xF81F,0xF81F,0xF81F,0xF81F,0xF81F,0xF81F,0xF81F,0xF81F,0xF81F,0xF81F,0xF81F,0xF81F,
    0xF81F,0xF81F,0xF81F,0xF81F,
    0xF81F,0xF81F,0xF81F,0xF81F,0xF81F,0xF81F,0xF81F,0xF81F,0xF81F,0xF81F,0xF81F,0xF81F,
    0xF81F,0xF81F,0xF81F,0xF81F,0xF81F,0xF81F,0xF81F,0xF81F,0xF81F,0xF81F,0xF81F,0xF81F,
    0xF81F,0xF81F,0xF81F,0xF81F,0xF81F,0xF81F,0xF81F,0xF81F,0xF81F,0xF81F,0xF81F,0xF81F,
    0xF81F,0xF81F,0xF81F,0xF81F,0xF81F,0xF81F,0xF81F,0xF81F,0xF81F,0xF81F,0xF81F,0xF81F,
    0xF81F,0xF81F,0xF81F,0xF81F,0xF81F,0xF81F,0xF81F,0xF81F,0xF81F,0xF81F,0xF81F,0xF81F,
    0xF81F,0xF81F,0xF81F,0xF81F,
    0xF81F,0xF81F,0xF81F,0xF81F,0xF81F,0xF81F,0xF81F,0xF81F,0xF81F,0xF81F,0xF81F,0xF81F,
    0xF81F,0xF81F,0xF81F,0xF81F,0xF81F,0xF81F,0xF81F,0xF81F,0xF81F,0xF81F,0xF81F,0xF81F,
    0xF81F,0xF81F,0xF81F,0xF81F,0xF81F,0xF81F,0xF81F,0xF81F,0xF81F,0xF81F,0xF81F,0xF81F,
    0xF81F,0xF81F,0xF81F,0xF81F,0xF81F,0xF81F,0xF81F,0xF81F,0xF81F,0xF81F,0xF81F,0xF81F,
    0xF81F,0xF81F,0xF81F,0xF81F,0xF81F,0xF81F,0xF81F,0xF81F,0xF81F,0xF81F,0xF81F,0xF81F,
    0xF81F,0xF81F,0xF81F,0xF81F,
    0xF81F,0xF81F,0xF81F,0xF81F,0xF81F,0xF81F,0xF81F,0xF81F,0xF81F,0xF81F,0xF81F,0xF81F,
    0xF81F,0xF81F,0xF81F,0xF81F,0xF81F,0xF81F,0xF81F,0xF81F,0xF81F,0xF81F,0xF81F,0xF81F,
    0xF81F,0xF81F,0xF81F,0xF81F,0xF81F,0xF81F,0xF81F,0xF81F,0xF81F,0xF81F,0xF81F,0xF81F,
    0xF81F,0xF81F,0xF81F,0xF81F,0xF81F,0xF81F,0xF81F,0xF81F,0xF81F,0xF81F,0xF81F,0xF81F,
    0xF81F,0xF81F,0xF81F,0xF81F,0xF81F,0xF81F,0xF81F,0xF81F,0xF81F,0xF81F,0xF81F,0xF81F,
    0xF81F,0xF81F,0xF81F,0xF81F,
    0xF81F,0xF81F,0xF81F,0xF81F,0xF81F,0xF81F,0xF81F,0xF81F,0xF81F,0xF81F,0xF81F,0xF81F,
    0xF81F,0xF81F,0xF81F,0xF81F,0xF81F,0xF81F,0xF81F,0xF81F,0xF81F,0xF81F,0xF81F,0xF81F,
    0xF81F,0xF81F,0xF81F,0xF81F,0xF81F,0xF81F,0xF81F,0xF81F,0xF81F,0xF81F,0xF81F,0xF81F,
    0xF81F,0xF81F,0xF81F,0xF81F,0xF81F,0xF81F,0xF81F,0xF81F,0xF81F,0xF81F,0xF81F,0xF81F,
    0xF81F,0xF81F,0xF81F,0xF81F,0xF81F,0xF81F,0xF81F,0xF81F,0xF81F,0xF81F,0xF81F,0xF81F,
    0xF81F,0xF81F,0xF81F,0xF81F,
};

static const uint16_t hd_egg_hero[112 * 112] PROGMEM = {
    0xF81F,0xF81F,0xF81F,0xF81F,0xF81F,0xF81F,0xF81F,0xF81F,0xF81F,0xF81F,0xF81F,0xF81F,
    0xF81F,0xF81F,0xF81F,0xF81F,0xF81F,0xF81F,0xF81F,0xF81F,0xF81F,0xF81F,0xF81F,0xF81F,
    0xF81F,0xF81F,0xF81F,0xF81F,0xF81F,0xF81F,0xF81F,0xF81F,0xF81F,0xF81F,0xF81F,0xF81F,
    0xF81F,0xF81F,0xF81F,0xF81F,0xF81F,0xF81F,0xF81F,0xF81F,0xF81F,0xF81F,0xF81F,0xF81F,
    0xF81F,0xF81F,0xF81F,0xF81F,0xF81F,0xF81F,0xF81F,0xF81F,0xF81F,0xF81F,0xF81F,0xF81F,
    0xF81F,0xF81F,0xF81F,0xF81F,0xF81F,0xF81F,0xF81F,0xF81F,0xF81F,0xF81F,0xF81F,0xF81F,
    0xF81F,0xF81F,0xF81F,0xF81F,0xF81F,0xF81F,0xF81F,0xF81F,0xF81F,0xF81F,0xF81F,0xF81F,
    0xF81F,0xF81F,0xF81F,0xF81F,0xF81F,0xF81F,0xF81F,0xF81F,0xF81F,0xF81F,0xF81F,0xF81F,
    0xF81F,0xF81F,0xF81F,0xF81F,0xF81F,0xF81F,0xF81F,0xF81F,0xF81F,0xF81F,0xF81F,0xF81F,
    0xF81F,0xF81F,0xF81F,0xF81F,
    0xF81F,0xF81F,0xF81F,0xF81F,0xF81F,0xF81F,0xF81F,0xF81F,0xF81F,0xF81F,0xF81F,0xF81F,
    0xF81F,0xF81F,0xF81F,0xF81F,0xF81F,0xF81F,0xF81F,0xF81F,0xF81F,0xF81F,0xF81F,0xF81F,
    0xF81F,0xF81F,0xF81F,0xF81F,0xF81F,0xF81F,0xF81F,0xF81F,0xF81F,0xF81F,0xF81F,0xF81F,
    0xF81F,0xF81F,0xF81F,0xF81F,0xF81F,0xF81F,0xF81F,0xF81F,0xF81F,0xF81F,0xF81F,0xF81F,
    0xF81F,0xF81F,0xF81F,0xF81F,0xF81F,0xF81F,0xF81F,0xF81F,0xF81F,0xF81F,0xF81F,0xF81F,
    0xF81F,0xF81F,0xF81F,0xF81F,0xF81F,0xF81F,0xF81F,0xF81F,0xF81F,0xF81F,0xF81F,0xF81F,
    0xF81F,0xF81F,0xF81F,0xF81F,0xF81F,0xF81F,0xF81F,0xF81F,0xF81F,0xF81F,0xF81F,0xF81F,
    0xF81F,0xF81F,0xF81F,0xF81F,0xF81F,0xF81F,0xF81F,0xF81F,0xF81F,0xF81F,0xF81F,0xF81F,
    0xF81F,0xF81F,0xF81F,0xF81F,0xF81F,0xF81F,0xF81F,0xF81F,0xF81F,0xF81F,0xF81F,0xF81F,
    0xF81F,0xF81F,0xF81F,0xF81F,
    0xF81F,0xF81F,0xF81F,0xF81F,0xF81F,0xF81F,0xF81F,0xF81F,0xF81F,0xF81F,0xF81F,0xF81F,
    0xF81F,0xF81F,0xF81F,0xF81F,0xF81F,0xF81F,0xF81F,0xF81F,0xF81F,0xF81F,0xF81F,0xF81F,
    0xF81F,0xF81F,0xF81F,0xF81F,0xF81F,0xF81F,0xF81F,0xF81F,0xF81F,0xF81F,0xF81F,0xF81F,
    0xF81F,0xF81F,0xF81F,0xF81F,0xF81F,0xF81F,0xF81F,0xF81F,0xF81F,0xF81F,0xF81F,0xF81F,
    0xF81F,0xF81F,0xF81F,0xF81F,0xF81F,0xF81F,0xF81F,0xF81F,0xF81F,0xF81F,0xF81F,0xF81F,
    0xF81F,0xF81F,0xF81F,0xF81F,0xF81F,0xF81F,0xF81F,0xF81F,0xF81F,0xF81F,0xF81F,0xF81F,
    0xF81F,0xF81F,0xF81F,0xF81F,0xF81F,0xF81F,0xF81F,0xF81F,0xF81F,0xF81F,0xF81F,0xF81F,
    0xF81F,0xF81F,0xF81F,0xF81F,0xF81F,0xF81F,0xF81F,0xF81F,0xF81F,0xF81F,0xF81F,0xF81F,
    0xF81F,0xF81F,0xF81F,0xF81F,0xF81F,0xF81F,0xF81F,0xF81F,0xF81F,0xF81F,0xF81F,0xF81F,
    0xF81F,0xF81F,0xF81F,0xF81F,
    0xF81F,0xF81F,0xF81F,0xF81F,0xF81F,0xF81F,0xF81F,0xF81F,0xF81F,0xF81F,0xF81F,0xF81F,
    0xF81F,0xF81F,0xF81F,0xF81F,0xF81F,0xF81F,0xF81F,0xF81F,0xF81F,0xF81F,0xF81F,0xF81F,
    0xF81F,0xF81F,0xF81F,0xF81F,0xF81F,0xF81F,0xF81F,0xF81F,0xF81F,0xF81F,0xF81F,0xF81F,
    0xF81F,0xF81F,0xF81F,0xF81F,0xF81F,0xF81F,0xF81F,0xF81F,0xF81F,0xF81F,0xF81F,0xF81F,
    0xF81F,0xF81F,0xF81F,0xF81F,0xF81F,0xF81F,0xF81F,0xF81F,0xF81F,0xF81F,0xF81F,0xF81F,
    0xF81F,0xF81F,0xF81F,0xF81F,0xF81F,0xF81F,0xF81F,0xF81F,0xF81F,0xF81F,0xF81F,0xF81F,
    0xF81F,0xF81F,0xF81F,0xF81F,0xF81F,0xF81F,0xF81F,0xF81F,0xF81F,0xF81F,0xF81F,0xF81F,
    0xF81F,0xF81F,0xF81F,0xF81F,0xF81F,0xF81F,0xF81F,0xF81F,0xF81F,0xF81F,0xF81F,0xF81F,
    0xF81F,0xF81F,0xF81F,0xF81F,0xF81F,0xF81F,0xF81F,0xF81F,0xF81F,0xF81F,0xF81F,0xF81F,
    0xF81F,0xF81F,0xF81F,0xF81F,
    0xF81F,0xF81F,0xF81F,0xF81F,0xF81F,0xF81F,0xF81F,0xF81F,0xF81F,0xF81F,0xF81F,0xF81F,
    0xF81F,0xF81F,0xF81F,0xF81F,0xF81F,0xF81F,0xF81F,0xF81F,0xF81F,0xF81F,0xF81F,0xF81F,
    0xF81F,0xF81F,0xF81F,0xF81F,0xF81F,0xF81F,0xF81F,0xF81F,0xF81F,0xF81F,0xF81F,0xF81F,
    0xF81F,0xF81F,0xF81F,0xF81F,0xF81F,0xF81F,0xF81F,0xF81F,0xF81F,0xF81F,0xF81F,0xF81F,
    0xF81F,0xF81F,0xF81F,0xF81F,0xF81F,0xF81F,0xF81F,0xF81F,0xF81F,0xF81F,0xF81F,0xF81F,
    0xF81F,0xF81F,0xF81F,0xF81F,0xF81F,0xF81F,0xF81F,0xF81F,0xF81F,0xF81F,0xF81F,0xF81F,
    0xF81F,0xF81F,0xF81F,0xF81F,0xF81F,0xF81F,0xF81F,0xF81F,0xF81F,0xF81F,0xF81F,0xF81F,
    0xF81F,0xF81F,0xF81F,0xF81F,0xF81F,0xF81F,0xF81F,0xF81F,0xF81F,0xF81F,0xF81F,0xF81F,
    0xF81F,0xF81F,0xF81F,0xF81F,0xF81F,0xF81F,0xF81F,0xF81F,0xF81F,0xF81F,0xF81F,0xF81F,
    0xF81F,0xF81F,0xF81F,0xF81F,
    0xF81F,0xF81F,0xF81F,0xF81F,0xF81F,0xF81F,0xF81F,0xF81F,0xF81F,0xF81F,0xF81F,0xF81F,
    0xF81F,0xF81F,0xF81F,0xF81F,0xF81F,0xF81F,0xF81F,0xF81F,0xF81F,0xF81F,0xF81F,0xF81F,
    0xF81F,0xF81F,0xF81F,0xF81F,0xF81F,0xF81F,0xF81F,0xF81F,0xF81F,0xF81F,0xF81F,0xF81F,
    0xF81F,0xF81F,0xF81F,0xF81F,0xF81F,0xF81F,0xF81F,0xF81F,0xF81F,0xF81F,0xF81F,0xF81F,
    0xF81F,0xF81F,0xF81F,0xF81F,0xF81F,0xF81F,0xF81F,0xF81F,0xF81F,0xF81F,0xF81F,0xF81F,
    0xF81F,0xF81F,0xF81F,0xF81F,0xF81F,0xF81F,0xF81F,0xF81F,0xF81F,0xF81F,0xF81F,0xF81F,
    0xF81F,0xF81F,0xF81F,0xF81F,0xF81F,0xF81F,0xF81F,0xF81F,0xF81F,0xF81F,0xF81F,0xF81F,
    0xF81F,0xF81F,0xF81F,0xF81F,0xF81F,0xF81F,0xF81F,0xF81F,0xF81F,0xF81F,0xF81F,0xF81F,
    0xF81F,0xF81F,0xF81F,0xF81F,0xF81F,0xF81F,0xF81F,0xF81F,0xF81F,0xF81F,0xF81F,0xF81F,
    0xF81F,0xF81F,0xF81F,0xF81F,
    0xF81F,0xF81F,0xF81F,0xF81F,0xF81F,0xF81F,0xF81F,0xF81F,0xF81F,0xF81F,0xF81F,0xF81F,
    0xF81F,0xF81F,0xF81F,0xF81F,0xF81F,0xF81F,0xF81F,0xF81F,0xF81F,0xF81F,0xF81F,0xF81F,
    0xF81F,0xF81F,0xF81F,0xF81F,0xF81F,0xF81F,0xF81F,0xF81F,0xF81F,0xF81F,0xF81F,0xF81F,
    0xF81F,0xF81F,0xF81F,0xF81F,0xF81F,0xF81F,0xF81F,0xF81F,0xF81F,0xF81F,0xF81F,0xF81F,
    0xF81F,0xF81F,0xF81F,0xF81F,0xF81F,0xF81F,0xF81F,0xF81F,0xF81F,0xF81F,0xF81F,0xF81F,
    0xF81F,0xF81F,0xF81F,0xF81F,0xF81F,0xF81F,0xF81F,0xF81F,0xF81F,0xF81F,0xF81F,0xF81F,
    0xF81F,0xF81F,0xF81F,0xF81F,0xF81F,0xF81F,0xF81F,0xF81F,0xF81F,0xF81F,0xF81F,0xF81F,
    0xF81F,0xF81F,0xF81F,0xF81F,0xF81F,0xF81F,0xF81F,0xF81F,0xF81F,0xF81F,0xF81F,0xF81F,
    0xF81F,0xF81F,0xF81F,0xF81F,0xF81F,0xF81F,0xF81F,0xF81F,0xF81F,0xF81F,0xF81F,0xF81F,
    0xF81F,0xF81F,0xF81F,0xF81F,
    0xF81F,0xF81F,0xF81F,0xF81F,0xF81F,0xF81F,0xF81F,0xF81F,0xF81F,0xF81F,0xF81F,0xF81F,
    0xF81F,0xF81F,0xF81F,0xF81F,0xF81F,0xF81F,0xF81F,0xF81F,0xF81F,0xF81F,0xF81F,0xF81F,
    0xF81F,0xF81F,0xF81F,0xF81F,0xF81F,0xF81F,0xF81F,0xF81F,0xF81F,0xF81F,0xF81F,0xF81F,
    0xF81F,0xF81F,0xF81F,0xF81F,0xF81F,0xF81F,0xF81F,0xF81F,0xF81F,0xF81F,0xF81F,0xF81F,
    0xF81F,0xF81F,0xF81F,0xF81F,0xF81F,0xF81F,0xF81F,0xF81F,0xF81F,0xF81F,0xF81F,0xF81F,
    0xF81F,0xF81F,0xF81F,0xF81F,0xF81F,0xF81F,0xF81F,0xF81F,0xF81F,0xF81F,0xF81F,0xF81F,
    0xF81F,0xF81F,0xF81F,0xF81F,0xF81F,0xF81F,0xF81F,0xF81F,0xF81F,0xF81F,0xF81F,0xF81F,
    0xF81F,0xF81F,0xF81F,0xF81F,0xF81F,0xF81F,0xF81F,0xF81F,0xF81F,0xF81F,0xF81F,0xF81F,
    0xF81F,0xF81F,0xF81F,0xF81F,0xF81F,0xF81F,0xF81F,0xF81F,0xF81F,0xF81F,0xF81F,0xF81F,
    0xF81F,0xF81F,0xF81F,0xF81F,
    0xF81F,0xF81F,0xF81F,0xF81F,0xF81F,0xF81F,0xF81F,0xF81F,0xF81F,0xF81F,0xF81F,0xF81F,
    0xF81F,0xF81F,0xF81F,0xF81F,0xF81F,0xF81F,0xF81F,0xF81F,0xF81F,0xF81F,0xF81F,0xF81F,
    0xF81F,0xF81F,0xF81F,0xF81F,0xF81F,0xF81F,0xF81F,0xF81F,0xF81F,0xF81F,0xF81F,0xF81F,
    0xF81F,0xF81F,0xF81F,0xF81F,0xF81F,0xF81F,0xF81F,0xF81F,0xF81F,0xF81F,0xF81F,0xF81F,
    0xF81F,0xF81F,0xF81F,0xF81F,0xF81F,0xF81F,0xF81F,0xF81F,0xF81F,0xF81F,0xF81F,0xF81F,
    0xF81F,0xF81F,0xF81F,0xF81F,0xF81F,0xF81F,0xF81F,0xF81F,0xF81F,0xF81F,0xF81F,0xF81F,
    0xF81F,0xF81F,0xF81F,0xF81F,0xF81F,0xF81F,0xF81F,0xF81F,0xF81F,0xF81F,0xF81F,0xF81F,
    0xF81F,0xF81F,0xF81F,0xF81F,0xF81F,0xF81F,0xF81F,0xF81F,0xF81F,0xF81F,0xF81F,0xF81F,
    0xF81F,0xF81F,0xF81F,0xF81F,0xF81F,0xF81F,0xF81F,0xF81F,0xF81F,0xF81F,0xF81F,0xF81F,
    0xF81F,0xF81F,0xF81F,0xF81F,
    0xF81F,0xF81F,0xF81F,0xF81F,0xF81F,0xF81F,0xF81F,0xF81F,0xF81F,0xF81F,0xF81F,0xF81F,
    0xF81F,0xF81F,0xF81F,0xF81F,0xF81F,0xF81F,0xF81F,0xF81F,0xF81F,0xF81F,0xF81F,0xF81F,
    0xF81F,0xF81F,0xF81F,0xF81F,0xF81F,0xF81F,0xF81F,0xF81F,0xF81F,0xF81F,0xF81F,0xF81F,
    0xF81F,0xF81F,0xF81F,0xF81F,0xF81F,0xF81F,0xF81F,0xF81F,0xF81F,0xF81F,0xF81F,0xF81F,
    0xF81F,0xF81F,0xF81F,0xF81F,0xF81F,0xF81F,0xF81F,0xF81F,0xF81F,0xF81F,0xF81F,0xF81F,
    0xF81F,0xF81F,0xF81F,0xF81F,0xF81F,0xF81F,0xF81F,0xF81F,0xF81F,0xF81F,0xF81F,0xF81F,
    0xF81F,0xF81F,0xF81F,0xF81F,0xF81F,0xF81F,0xF81F,0xF81F,0xF81F,0xF81F,0xF81F,0xF81F,
    0xF81F,0xF81F,0xF81F,0xF81F,0xF81F,0xF81F,0xF81F,0xF81F,0xF81F,0xF81F,0xF81F,0xF81F,
    0xF81F,0xF81F,0xF81F,0xF81F,0xF81F,0xF81F,0xF81F,0xF81F,0xF81F,0xF81F,0xF81F,0xF81F,
    0xF81F,0xF81F,0xF81F,0xF81F,
    0xF81F,0xF81F,0xF81F,0xF81F,0xF81F,0xF81F,0xF81F,0xF81F,0xF81F,0xF81F,0xF81F,0xF81F,
    0xF81F,0xF81F,0xF81F,0xF81F,0xF81F,0xF81F,0xF81F,0xF81F,0xF81F,0xF81F,0xF81F,0xF81F,
    0xF81F,0xF81F,0xF81F,0xF81F,0xF81F,0xF81F,0xF81F,0xF81F,0xF81F,0xF81F,0xF81F,0xF81F,
    0xF81F,0xF81F,0xF81F,0xF81F,0xF81F,0xF81F,0xF81F,0xF81F,0xF81F,0xF81F,0xF81F,0xF81F,
    0xF81F,0xF81F,0xF81F,0xF81F,0xF81F,0xF81F,0xF81F,0xF81F,0xF81F,0xF81F,0xF81F,0xF81F,
    0xF81F,0xF81F,0xF81F,0xF81F,0xF81F,0xF81F,0xF81F,0xF81F,0xF81F,0xF81F,0xF81F,0xF81F,
    0xF81F,0xF81F,0xF81F,0xF81F,0xF81F,0xF81F,0xF81F,0xF81F,0xF81F,0xF81F,0xF81F,0xF81F,
    0xF81F,0xF81F,0xF81F,0xF81F,0xF81F,0xF81F,0xF81F,0xF81F,0xF81F,0xF81F,0xF81F,0xF81F,
    0xF81F,0xF81F,0xF81F,0xF81F,0xF81F,0xF81F,0xF81F,0xF81F,0xF81F,0xF81F,0xF81F,0xF81F,
    0xF81F,0xF81F,0xF81F,0xF81F,
    0xF81F,0xF81F,0xF81F,0xF81F,0xF81F,0xF81F,0xF81F,0xF81F,0xF81F,0xF81F,0xF81F,0xF81F,
    0xF81F,0xF81F,0xF81F,0xF81F,0xF81F,0xF81F,0xF81F,0xF81F,0xF81F,0xF81F,0xF81F,0xF81F,
    0xF81F,0xF81F,0xF81F,0xF81F,0xF81F,0xF81F,0xF81F,0xF81F,0xF81F,0xF81F,0xF81F,0xF81F,
    0xF81F,0xF81F,0xF81F,0xF81F,0xF81F,0xF81F,0xF81F,0xF81F,0xF81F,0xF81F,0xF81F,0xF81F,
    0xF81F,0xF81F,0xF81F,0xF81F,0xF81F,0xF81F,0xF81F,0xF81F,0xF81F,0xF81F,0xF81F,0xF81F,
    0xF81F,0xF81F,0xF81F,0xF81F,0xF81F,0xF81F,0xF81F,0xF81F,0xF81F,0xF81F,0xF81F,0xF81F,
    0xF81F,0xF81F,0xF81F,0xF81F,0xF81F,0xF81F,0xF81F,0xF81F,0xF81F,0xF81F,0xF81F,0xF81F,
    0xF81F,0xF81F,0xF81F,0xF81F,0xF81F,0xF81F,0xF81F,0xF81F,0xF81F,0xF81F,0xF81F,0xF81F,
    0xF81F,0xF81F,0xF81F,0xF81F,0xF81F,0xF81F,0xF81F,0xF81F,0xF81F,0xF81F,0xF81F,0xF81F,
    0xF81F,0xF81F,0xF81F,0xF81F,
    0xF81F,0xF81F,0xF81F,0xF81F,0xF81F,0xF81F,0xF81F,0xF81F,0xF81F,0xF81F,0xF81F,0xF81F,
    0xF81F,0xF81F,0xF81F,0xF81F,0xF81F,0xF81F,0xF81F,0xF81F,0xF81F,0xF81F,0xF81F,0xF81F,
    0xF81F,0xF81F,0xF81F,0xF81F,0xF81F,0xF81F,0xF81F,0xF81F,0xF81F,0xF81F,0xF81F,0xF81F,
    0xF81F,0xF81F,0xF81F,0xF81F,0xF81F,0xF81F,0xF81F,0xF81F,0xF81F,0xF81F,0xF81F,0xF81F,
    0xF81F,0xF81F,0xF81F,0xF81F,0xF81F,0xF81F,0xF81F,0xF81F,0xF81F,0xF81F,0xF81F,0xF81F,
    0xF81F,0xF81F,0xF81F,0xF81F,0xF81F,0xF81F,0xF81F,0xF81F,0xF81F,0xF81F,0xF81F,0xF81F,
    0xF81F,0xF81F,0xF81F,0xF81F,0xF81F,0xF81F,0xF81F,0xF81F,0xF81F,0xF81F,0xF81F,0xF81F,
    0xF81F,0xF81F,0xF81F,0xF81F,0xF81F,0xF81F,0xF81F,0xF81F,0xF81F,0xF81F,0xF81F,0xF81F,
    0xF81F,0xF81F,0xF81F,0xF81F,0xF81F,0xF81F,0xF81F,0xF81F,0xF81F,0xF81F,0xF81F,0xF81F,
    0xF81F,0xF81F,0xF81F,0xF81F,
    0xF81F,0xF81F,0xF81F,0xF81F,0xF81F,0xF81F,0xF81F,0xF81F,0xF81F,0xF81F,0xF81F,0xF81F,
    0xF81F,0xF81F,0xF81F,0xF81F,0xF81F,0xF81F,0xF81F,0xF81F,0xF81F,0xF81F,0xF81F,0xF81F,
    0xF81F,0xF81F,0xF81F,0xF81F,0xF81F,0xF81F,0xF81F,0xF81F,0xF81F,0xF81F,0xF81F,0xF81F,
    0xF81F,0xF81F,0xF81F,0xF81F,0xF81F,0xF81F,0xF81F,0xF81F,0xF81F,0xF81F,0xF81F,0xF81F,
    0xF81F,0xF81F,0xF81F,0xF81F,0xF81F,0xF81F,0xF81F,0xF81F,0xF81F,0xF81F,0xF81F,0xF81F,
    0xF81F,0xF81F,0xF81F,0xF81F,0xF81F,0xF81F,0xF81F,0xF81F,0xF81F,0xF81F,0xF81F,0xF81F,
    0xF81F,0xF81F,0xF81F,0xF81F,0xF81F,0xF81F,0xF81F,0xF81F,0xF81F,0xF81F,0xF81F,0xF81F,
    0xF81F,0xF81F,0xF81F,0xF81F,0xF81F,0xF81F,0xF81F,0xF81F,0xF81F,0xF81F,0xF81F,0xF81F,
    0xF81F,0xF81F,0xF81F,0xF81F,0xF81F,0xF81F,0xF81F,0xF81F,0xF81F,0xF81F,0xF81F,0xF81F,
    0xF81F,0xF81F,0xF81F,0xF81F,
    0xF81F,0xF81F,0xF81F,0xF81F,0xF81F,0xF81F,0xF81F,0xF81F,0xF81F,0xF81F,0xF81F,0xF81F,
    0xF81F,0xF81F,0xF81F,0xF81F,0xF81F,0xF81F,0xF81F,0xF81F,0xF81F,0xF81F,0xF81F,0xF81F,
    0xF81F,0xF81F,0xF81F,0xF81F,0xF81F,0xF81F,0xF81F,0xF81F,0xF81F,0xF81F,0xF81F,0xF81F,
    0xF81F,0xF81F,0xF81F,0xF81F,0xF81F,0xF81F,0xF81F,0xF81F,0xF81F,0xF81F,0xF81F,0xF81F,
    0xF81F,0xF81F,0xF81F,0xF81F,0xF81F,0xF81F,0xF81F,0xF81F,0xF81F,0xF81F,0xF81F,0xF81F,
    0xF81F,0xF81F,0xF81F,0xF81F,0xF81F,0xF81F,0xF81F,0xF81F,0xF81F,0xF81F,0xF81F,0xF81F,
    0xF81F,0xF81F,0xF81F,0xF81F,0xF81F,0xF81F,0xF81F,0xF81F,0xF81F,0xF81F,0xF81F,0xF81F,
    0xF81F,0xF81F,0xF81F,0xF81F,0xF81F,0xF81F,0xF81F,0xF81F,0xF81F,0xF81F,0xF81F,0xF81F,
    0xF81F,0xF81F,0xF81F,0xF81F,0xF81F,0xF81F,0xF81F,0xF81F,0xF81F,0xF81F,0xF81F,0xF81F,
    0xF81F,0xF81F,0xF81F,0xF81F,
    0xF81F,0xF81F,0xF81F,0xF81F,0xF81F,0xF81F,0xF81F,0xF81F,0xF81F,0xF81F,0xF81F,0xF81F,
    0xF81F,0xF81F,0xF81F,0xF81F,0xF81F,0xF81F,0xF81F,0xF81F,0xF81F,0xF81F,0xF81F,0xF81F,
    0xF81F,0xF81F,0xF81F,0xF81F,0xF81F,0xF81F,0xF81F,0xF81F,0xF81F,0xF81F,0xF81F,0xF81F,
    0xF81F,0xF81F,0xF81F,0xF81F,0xF81F,0xF81F,0xF81F,0xF81F,0xF81F,0xF81F,0xF81F,0xF81F,
    0xF81F,0xF81F,0xF81F,0xF81F,0xF81F,0xF81F,0xF81F,0xF81F,0xF81F,0xF81F,0xF81F,0xF81F,
    0xF81F,0xF81F,0xF81F,0xF81F,0xF81F,0xF81F,0xF81F,0xF81F,0xF81F,0xF81F,0xF81F,0xF81F,
    0xF81F,0xF81F,0xF81F,0xF81F,0xF81F,0xF81F,0xF81F,0xF81F,0xF81F,0xF81F,0xF81F,0xF81F,
    0xF81F,0xF81F,0xF81F,0xF81F,0xF81F,0xF81F,0xF81F,0xF81F,0xF81F,0xF81F,0xF81F,0xF81F,
    0xF81F,0xF81F,0xF81F,0xF81F,0xF81F,0xF81F,0xF81F,0xF81F,0xF81F,0xF81F,0xF81F,0xF81F,
    0xF81F,0xF81F,0xF81F,0xF81F,
    0xF81F,0xF81F,0xF81F,0xF81F,0xF81F,0xF81F,0xF81F,0xF81F,0xF81F,0xF81F,0xF81F,0xF81F,
    0xF81F,0xF81F,0xF81F,0xF81F,0xF81F,0xF81F,0xF81F,0xF81F,0xF81F,0xF81F,0xF81F,0xF81F,
    0xF81F,0xF81F,0xF81F,0xF81F,0xF81F,0xF81F,0xF81F,0xF81F,0xF81F,0xF81F,0xF81F,0xF81F,
    0xF81F,0xF81F,0xF81F,0xF81F,0xF81F,0xF81F,0xF81F,0xF81F,0xF81F,0xF81F,0xF81F,0xF81F,
    0xF81F,0xF81F,0xF81F,0xF81F,0xF81F,0xF81F,0xF81F,0xF81F,0xF81F,0xF81F,0xF81F,0xF81F,
    0xF81F,0xF81F,0xF81F,0xF81F,0xF81F,0xF81F,0xF81F,0xF81F,0xF81F,0xF81F,0xF81F,0xF81F,
    0xF81F,0xF81F,0xF81F,0xF81F,0xF81F,0xF81F,0xF81F,0xF81F,0xF81F,0xF81F,0xF81F,0xF81F,
    0xF81F,0xF81F,0xF81F,0xF81F,0xF81F,0xF81F,0xF81F,0xF81F,0xF81F,0xF81F,0xF81F,0xF81F,
    0xF81F,0xF81F,0xF81F,0xF81F,0xF81F,0xF81F,0xF81F,0xF81F,0xF81F,0xF81F,0xF81F,0xF81F,
    0xF81F,0xF81F,0xF81F,0xF81F,
    0xF81F,0xF81F,0xF81F,0xF81F,0xF81F,0xF81F,0xF81F,0xF81F,0xF81F,0xF81F,0xF81F,0xF81F,
    0xF81F,0xF81F,0xF81F,0xF81F,0xF81F,0xF81F,0xF81F,0xF81F,0xF81F,0xF81F,0xF81F,0xF81F,
    0xF81F,0xF81F,0xF81F,0xF81F,0xF81F,0xF81F,0xF81F,0xF81F,0xF81F,0xF81F,0xF81F,0xF81F,
    0xF81F,0xF81F,0xF81F,0xF81F,0xF81F,0xF81F,0xF81F,0xF81F,0xF81F,0xF81F,0xF81F,0xF81F,
    0xF81F,0xF81F,0xF81F,0xF81F,0xF81F,0xF81F,0xF81F,0xF81F,0xF81F,0xF81F,0xF81F,0xF81F,
    0xF81F,0xF81F,0xF81F,0xF81F,0xF81F,0xF81F,0xF81F,0xF81F,0xF81F,0xF81F,0xF81F,0xF81F,
    0xF81F,0xF81F,0xF81F,0xF81F,0xF81F,0xF81F,0xF81F,0xF81F,0xF81F,0xF81F,0xF81F,0xF81F,
    0xF81F,0xF81F,0xF81F,0xF81F,0xF81F,0xF81F,0xF81F,0xF81F,0xF81F,0xF81F,0xF81F,0xF81F,
    0xF81F,0xF81F,0xF81F,0xF81F,0xF81F,0xF81F,0xF81F,0xF81F,0xF81F,0xF81F,0xF81F,0xF81F,
    0xF81F,0xF81F,0xF81F,0xF81F,
    0xF81F,0xF81F,0xF81F,0xF81F,0xF81F,0xF81F,0xF81F,0xF81F,0xF81F,0xF81F,0xF81F,0xF81F,
    0xF81F,0xF81F,0xF81F,0xF81F,0xF81F,0xF81F,0xF81F,0xF81F,0xF81F,0xF81F,0xF81F,0xF81F,
    0xF81F,0xF81F,0xF81F,0xF81F,0xF81F,0xF81F,0xF81F,0xF81F,0xF81F,0xF81F,0xF81F,0xF81F,
    0xF81F,0xF81F,0xF81F,0xF81F,0xF81F,0xF81F,0xF81F,0xF81F,0xF81F,0xF81F,0xF81F,0xF81F,
    0xF81F,0xF81F,0xF81F,0xF81F,0xF81F,0xF81F,0xF81F,0xF81F,0xF81F,0xF81F,0xF81F,0xF81F,
    0xF81F,0xF81F,0xF81F,0xF81F,0xF81F,0xF81F,0xF81F,0xF81F,0xF81F,0xF81F,0xF81F,0xF81F,
    0xF81F,0xF81F,0xF81F,0xF81F,0xF81F,0xF81F,0xF81F,0xF81F,0xF81F,0xF81F,0xF81F,0xF81F,
    0xF81F,0xF81F,0xF81F,0xF81F,0xF81F,0xF81F,0xF81F,0xF81F,0xF81F,0xF81F,0xF81F,0xF81F,
    0xF81F,0xF81F,0xF81F,0xF81F,0xF81F,0xF81F,0xF81F,0xF81F,0xF81F,0xF81F,0xF81F,0xF81F,
    0xF81F,0xF81F,0xF81F,0xF81F,
    0xF81F,0xF81F,0xF81F,0xF81F,0xF81F,0xF81F,0xF81F,0xF81F,0xF81F,0xF81F,0xF81F,0xF81F,
    0xF81F,0xF81F,0xF81F,0xF81F,0xF81F,0xF81F,0xF81F,0xF81F,0xF81F,0xF81F,0xF81F,0xF81F,
    0xF81F,0xF81F,0xF81F,0xF81F,0xF81F,0xF81F,0xF81F,0xF81F,0xF81F,0xF81F,0xF81F,0xF81F,
    0xF81F,0xF81F,0xF81F,0xF81F,0xF81F,0xF81F,0xF81F,0xF81F,0xF81F,0xF81F,0xF81F,0xF81F,
    0xF81F,0xF81F,0xF81F,0xF81F,0xF81F,0xF81F,0xF81F,0xF81F,0xF81F,0xF81F,0xF81F,0xF81F,
    0xF81F,0xF81F,0xF81F,0xF81F,0xF81F,0xF81F,0xF81F,0xF81F,0xF81F,0xF81F,0xF81F,0xF81F,
    0xF81F,0xF81F,0xF81F,0xF81F,0xF81F,0xF81F,0xF81F,0xF81F,0xF81F,0xF81F,0xF81F,0xF81F,
    0xF81F,0xF81F,0xF81F,0xF81F,0xF81F,0xF81F,0xF81F,0xF81F,0xF81F,0xF81F,0xF81F,0xF81F,
    0xF81F,0xF81F,0xF81F,0xF81F,0xF81F,0xF81F,0xF81F,0xF81F,0xF81F,0xF81F,0xF81F,0xF81F,
    0xF81F,0xF81F,0xF81F,0xF81F,
    0xF81F,0xF81F,0xF81F,0xF81F,0xF81F,0xF81F,0xF81F,0xF81F,0xF81F,0xF81F,0xF81F,0xF81F,
    0xF81F,0xF81F,0xF81F,0xF81F,0xF81F,0xF81F,0xF81F,0xF81F,0xF81F,0xF81F,0xF81F,0xF81F,
    0xF81F,0xF81F,0xF81F,0xF81F,0xF81F,0xF81F,0xF81F,0xF81F,0xF81F,0xF81F,0xF81F,0xF81F,
    0xF81F,0xF81F,0xF81F,0xF81F,0xF81F,0xF81F,0xF81F,0xF81F,0xF81F,0xF81F,0xF81F,0xF81F,
    0xF81F,0xF81F,0xF81F,0xF81F,0xF81F,0xF81F,0xF81F,0xF81F,0xF81F,0xF81F,0xF81F,0xF81F,
    0xF81F,0xF81F,0xF81F,0xF81F,0xF81F,0xF81F,0xF81F,0xF81F,0xF81F,0xF81F,0xF81F,0xF81F,
    0xF81F,0xF81F,0xF81F,0xF81F,0xF81F,0xF81F,0xF81F,0xF81F,0xF81F,0xF81F,0xF81F,0xF81F,
    0xF81F,0xF81F,0xF81F,0xF81F,0xF81F,0xF81F,0xF81F,0xF81F,0xF81F,0xF81F,0xF81F,0xF81F,
    0xF81F,0xF81F,0xF81F,0xF81F,0xF81F,0xF81F,0xF81F,0xF81F,0xF81F,0xF81F,0xF81F,0xF81F,
    0xF81F,0xF81F,0xF81F,0xF81F,
    0xF81F,0xF81F,0xF81F,0xF81F,0xF81F,0xF81F,0xF81F,0xF81F,0xF81F,0xF81F,0xF81F,0xF81F,
    0xF81F,0xF81F,0xF81F,0xF81F,0xF81F,0xF81F,0xF81F,0xF81F,0xF81F,0xF81F,0xF81F,0xF81F,
    0xF81F,0xF81F,0xF81F,0xF81F,0xF81F,0xF81F,0xF81F,0xF81F,0xF81F,0xF81F,0xF81F,0xF81F,
    0xF81F,0xF81F,0xF81F,0xF81F,0xF81F,0xF81F,0xF81F,0xF81F,0xF81F,0xF81F,0xF81F,0xF81F,
    0xF81F,0xF81F,0xF81F,0xF81F,0xF81F,0xF81F,0xF81F,0xF81F,0xF81F,0xF81F,0xF81F,0xF81F,
    0xF81F,0xF81F,0xF81F,0xF81F,0xF81F,0xF81F,0xF81F,0xF81F,0xF81F,0xF81F,0xF81F,0xF81F,
    0xF81F,0xF81F,0xF81F,0xF81F,0xF81F,0xF81F,0xF81F,0xF81F,0xF81F,0xF81F,0xF81F,0xF81F,
    0xF81F,0xF81F,0xF81F,0xF81F,0xF81F,0xF81F,0xF81F,0xF81F,0xF81F,0xF81F,0xF81F,0xF81F,
    0xF81F,0xF81F,0xF81F,0xF81F,0xF81F,0xF81F,0xF81F,0xF81F,0xF81F,0xF81F,0xF81F,0xF81F,
    0xF81F,0xF81F,0xF81F,0xF81F,
    0xF81F,0xF81F,0xF81F,0xF81F,0xF81F,0xF81F,0xF81F,0xF81F,0xF81F,0xF81F,0xF81F,0xF81F,
    0xF81F,0xF81F,0xF81F,0xF81F,0xF81F,0xF81F,0xF81F,0xF81F,0xF81F,0xF81F,0xF81F,0xF81F,
    0xF81F,0xF81F,0xF81F,0xF81F,0xF81F,0xF81F,0xF81F,0xF81F,0xF81F,0xF81F,0xF81F,0xF81F,
    0xF81F,0xF81F,0xF81F,0xF81F,0xF81F,0xF81F,0xF81F,0xF81F,0xF81F,0xF81F,0xF81F,0xF81F,
    0xF81F,0xF81F,0xF81F,0xF81F,0xF81F,0xF81F,0xF81F,0xF81F,0xF81F,0xF81F,0xF81F,0xF81F,
    0xF81F,0xF81F,0xF81F,0xF81F,0xF81F,0xF81F,0xF81F,0xF81F,0xF81F,0xF81F,0xF81F,0xF81F,
    0xF81F,0xF81F,0xF81F,0xF81F,0xF81F,0xF81F,0xF81F,0xF81F,0xF81F,0xF81F,0xF81F,0xF81F,
    0xF81F,0xF81F,0xF81F,0xF81F,0xF81F,0xF81F,0xF81F,0xF81F,0xF81F,0xF81F,0xF81F,0xF81F,
    0xF81F,0xF81F,0xF81F,0xF81F,0xF81F,0xF81F,0xF81F,0xF81F,0xF81F,0xF81F,0xF81F,0xF81F,
    0xF81F,0xF81F,0xF81F,0xF81F,
    0xF81F,0xF81F,0xF81F,0xF81F,0xF81F,0xF81F,0xF81F,0xF81F,0xF81F,0xF81F,0xF81F,0xF81F,
    0xF81F,0xF81F,0xF81F,0xF81F,0xF81F,0xF81F,0xF81F,0xF81F,0xF81F,0xF81F,0xF81F,0xF81F,
    0xF81F,0xF81F,0xF81F,0xF81F,0xF81F,0xF81F,0xF81F,0xF81F,0xF81F,0xF81F,0xF81F,0xF81F,
    0xF81F,0xF81F,0xF81F,0xF81F,0xF81F,0xF81F,0xF81F,0xF81F,0xF81F,0xF81F,0xF81F,0xF81F,
    0xF81F,0xF81F,0xF81F,0xF81F,0xF81F,0xF81F,0xF81F,0xF81F,0xF81F,0xF81F,0xF81F,0xF81F,
    0xF81F,0xF81F,0xF81F,0xF81F,0xF81F,0xF81F,0xF81F,0xF81F,0xF81F,0xF81F,0xF81F,0xF81F,
    0xF81F,0xF81F,0xF81F,0xF81F,0xF81F,0xF81F,0xF81F,0xF81F,0xF81F,0xF81F,0xF81F,0xF81F,
    0xF81F,0xF81F,0xF81F,0xF81F,0xF81F,0xF81F,0xF81F,0xF81F,0xF81F,0xF81F,0xF81F,0xF81F,
    0xF81F,0xF81F,0xF81F,0xF81F,0xF81F,0xF81F,0xF81F,0xF81F,0xF81F,0xF81F,0xF81F,0xF81F,
    0xF81F,0xF81F,0xF81F,0xF81F,
    0xF81F,0xF81F,0xF81F,0xF81F,0xF81F,0xF81F,0xF81F,0xF81F,0xF81F,0xF81F,0xF81F,0xF81F,
    0xF81F,0xF81F,0xF81F,0xF81F,0xF81F,0xF81F,0xF81F,0xF81F,0xF81F,0xF81F,0xF81F,0xF81F,
    0xF81F,0xF81F,0xF81F,0xF81F,0xF81F,0xF81F,0xF81F,0xF81F,0xF81F,0xF81F,0xF81F,0xF81F,
    0xF81F,0xF81F,0xF81F,0xF81F,0xF81F,0xF81F,0xF81F,0xF81F,0xF81F,0xF81F,0xF81F,0xF81F,
    0xF81F,0xF81F,0xF81F,0xF81F,0xF81F,0xF81F,0xF81F,0xF81F,0xF81F,0xF81F,0xF81F,0xF81F,
    0xF81F,0xF81F,0xF81F,0xF81F,0xF81F,0xF81F,0xF81F,0xF81F,0xF81F,0xF81F,0xF81F,0xF81F,
    0xF81F,0xF81F,0xF81F,0xF81F,0xF81F,0xF81F,0xF81F,0xF81F,0xF81F,0xF81F,0xF81F,0xF81F,
    0xF81F,0xF81F,0xF81F,0xF81F,0xF81F,0xF81F,0xF81F,0xF81F,0xF81F,0xF81F,0xF81F,0xF81F,
    0xF81F,0xF81F,0xF81F,0xF81F,0xF81F,0xF81F,0xF81F,0xF81F,0xF81F,0xF81F,0xF81F,0xF81F,
    0xF81F,0xF81F,0xF81F,0xF81F,
    0xF81F,0xF81F,0xF81F,0xF81F,0xF81F,0xF81F,0xF81F,0xF81F,0xF81F,0xF81F,0xF81F,0xF81F,
    0xF81F,0xF81F,0xF81F,0xF81F,0xF81F,0xF81F,0xF81F,0xF81F,0xF81F,0xF81F,0xF81F,0xF81F,
    0xF81F,0xF81F,0xF81F,0xF81F,0xF81F,0xF81F,0xF81F,0xF81F,0xF81F,0xF81F,0xF81F,0xF81F,
    0xF81F,0xF81F,0xF81F,0xF81F,0xF81F,0xF81F,0xF81F,0xF81F,0xF81F,0xF81F,0xF81F,0xF81F,
    0xF81F,0xF81F,0xF81F,0xF81F,0xF81F,0xF81F,0xF81F,0xF81F,0xF81F,0xF81F,0xF81F,0xF81F,
    0xF81F,0xF81F,0xF81F,0xF81F,0xF81F,0xF81F,0xF81F,0xF81F,0xF81F,0xF81F,0xF81F,0xF81F,
    0xF81F,0xF81F,0xF81F,0xF81F,0xF81F,0xF81F,0xF81F,0xF81F,0xF81F,0xF81F,0xF81F,0xF81F,
    0xF81F,0xF81F,0xF81F,0xF81F,0xF81F,0xF81F,0xF81F,0xF81F,0xF81F,0xF81F,0xF81F,0xF81F,
    0xF81F,0xF81F,0xF81F,0xF81F,0xF81F,0xF81F,0xF81F,0xF81F,0xF81F,0xF81F,0xF81F,0xF81F,
    0xF81F,0xF81F,0xF81F,0xF81F,
    0xF81F,0xF81F,0xF81F,0xF81F,0xF81F,0xF81F,0xF81F,0xF81F,0xF81F,0xF81F,0xF81F,0xF81F,
    0xF81F,0xF81F,0xF81F,0xF81F,0xF81F,0xF81F,0xF81F,0xF81F,0xF81F,0xF81F,0xF81F,0xF81F,
    0xF81F,0xF81F,0xF81F,0xF81F,0xF81F,0xF81F,0xF81F,0xF81F,0xF81F,0xF81F,0xF81F,0xF81F,
    0xF81F,0xF81F,0xF81F,0xF81F,0xF81F,0xF81F,0xF81F,0xF81F,0xF81F,0xF81F,0xF81F,0xF81F,
    0xF81F,0xF81F,0x0882,0x3187,0x52CC,0x636F,0x7411,0x7C53,0x7C53,0x7C12,0x636F,0x52CC,
    0x31C7,0x10A2,0xF81F,0xF81F,0xF81F,0xF81F,0xF81F,0xF81F,0xF81F,0xF81F,0xF81F,0xF81F,
    0xF81F,0xF81F,0xF81F,0xF81F,0xF81F,0xF81F,0xF81F,0xF81F,0xF81F,0xF81F,0xF81F,0xF81F,
    0xF81F,0xF81F,0xF81F,0xF81F,0xF81F,0xF81F,0xF81F,0xF81F,0xF81F,0xF81F,0xF81F,0xF81F,
    0xF81F,0xF81F,0xF81F,0xF81F,0xF81F,0xF81F,0xF81F,0xF81F,0xF81F,0xF81F,0xF81F,0xF81F,
    0xF81F,0xF81F,0xF81F,0xF81F,
    0xF81F,0xF81F,0xF81F,0xF81F,0xF81F,0xF81F,0xF81F,0xF81F,0xF81F,0xF81F,0xF81F,0xF81F,
    0xF81F,0xF81F,0xF81F,0xF81F,0xF81F,0xF81F,0xF81F,0xF81F,0xF81F,0xF81F,0xF81F,0xF81F,
    0xF81F,0xF81F,0xF81F,0xF81F,0xF81F,0xF81F,0xF81F,0xF81F,0xF81F,0xF81F,0xF81F,0xF81F,
    0xF81F,0xF81F,0xF81F,0xF81F,0xF81F,0xF81F,0xF81F,0xF81F,0xF81F,0xF81F,0xF81F,0xF81F,
    0x3187,0x636F,0x94F5,0xA578,0xA599,0xA578,0x9D37,0x9516,0x9516,0x9D37,0xA578,0xA598,
    0xA598,0x9516,0x6BB0,0x31C8,0xF81F,0xF81F,0xF81F,0xF81F,0xF81F,0xF81F,0xF81F,0xF81F,
    0xF81F,0xF81F,0xF81F,0xF81F,0xF81F,0xF81F,0xF81F,0xF81F,0xF81F,0xF81F,0xF81F,0xF81F,
    0xF81F,0xF81F,0xF81F,0xF81F,0xF81F,0xF81F,0xF81F,0xF81F,0xF81F,0xF81F,0xF81F,0xF81F,
    0xF81F,0xF81F,0xF81F,0xF81F,0xF81F,0xF81F,0xF81F,0xF81F,0xF81F,0xF81F,0xF81F,0xF81F,
    0xF81F,0xF81F,0xF81F,0xF81F,
    0xF81F,0xF81F,0xF81F,0xF81F,0xF81F,0xF81F,0xF81F,0xF81F,0xF81F,0xF81F,0xF81F,0xF81F,
    0xF81F,0xF81F,0xF81F,0xF81F,0xF81F,0xF81F,0xF81F,0xF81F,0xF81F,0xF81F,0xF81F,0xF81F,
    0xF81F,0xF81F,0xF81F,0xF81F,0xF81F,0xF81F,0xF81F,0xF81F,0xF81F,0xF81F,0xF81F,0xF81F,
    0xF81F,0xF81F,0xF81F,0xF81F,0xF81F,0xF81F,0xF81F,0xF81F,0xF81F,0xF81F,0x31A7,0x7C32,
    0xA598,0xA578,0x8CB5,0x73F2,0x636F,0x5B2E,0x52ED,0x52CD,0x52CD,0x52ED,0x5B0E,0x636F,
    0x73F1,0x8CB4,0x9D58,0xA598,0x8473,0x39E8,0xF81F,0xF81F,0xF81F,0xF81F,0xF81F,0xF81F,
    0xF81F,0xF81F,0xF81F,0xF81F,0xF81F,0xF81F,0xF81F,0xF81F,0xF81F,0xF81F,0xF81F,0xF81F,
    0xF81F,0xF81F,0xF81F,0xF81F,0xF81F,0xF81F,0xF81F,0xF81F,0xF81F,0xF81F,0xF81F,0xF81F,
    0xF81F,0xF81F,0xF81F,0xF81F,0xF81F,0xF81F,0xF81F,0xF81F,0xF81F,0xF81F,0xF81F,0xF81F,
    0xF81F,0xF81F,0xF81F,0xF81F,
    0xF81F,0xF81F,0xF81F,0xF81F,0xF81F,0xF81F,0xF81F,0xF81F,0xF81F,0xF81F,0xF81F,0xF81F,
    0xF81F,0xF81F,0xF81F,0xF81F,0xF81F,0xF81F,0xF81F,0xF81F,0xF81F,0xF81F,0xF81F,0xF81F,
    0xF81F,0xF81F,0xF81F,0xF81F,0xF81F,0xF81F,0xF81F,0xF81F,0xF81F,0xF81F,0xF81F,0xF81F,
    0xF81F,0xF81F,0xF81F,0xF81F,0xF81F,0xF81F,0xF81F,0xF81F,0x1082,0x6B90,0xA598,0x9D37,
    0x73F2,0x5B0E,0x4AAC,0x4A8C,0x4A8C,0x4AAC,0x4AAC,0x52AC,0x52AC,0x4AAC,0x4AAC,0x4A8C,
    0x4A8C,0x4AAC,0x5B0D,0x73D1,0x9516,0xA599,0x73F1,0x18E4,0xF81F,0xF81F,0xF81F,0xF81F,
    0xF81F,0xF81F,0xF81F,0xF81F,0xF81F,0xF81F,0xF81F,0xF81F,0xF81F,0xF81F,0xF81F,0xF81F,
    0xF81F,0xF81F,0xF81F,0xF81F,0xF81F,0xF81F,0xF81F,0xF81F,0xF81F,0xF81F,0xF81F,0xF81F,
    0xF81F,0xF81F,0xF81F,0xF81F,0xF81F,0xF81F,0xF81F,0xF81F,0xF81F,0xF81F,0xF81F,0xF81F,
    0xF81F,0xF81F,0xF81F,0xF81F,
    0xF81F,0xF81F,0xF81F,0xF81F,0xF81F,0xF81F,0xF81F,0xF81F,0xF81F,0xF81F,0xF81F,0xF81F,
    0xF81F,0xF81F,0xF81F,0xF81F,0xF81F,0xF81F,0xF81F,0xF81F,0xF81F,0xF81F,0xF81F,0xF81F,
    0xF81F,0xF81F,0xF81F,0xF81F,0xF81F,0xF81F,0xF81F,0xF81F,0xF81F,0xF81F,0xF81F,0xF81F,
    0xF81F,0xF81F,0xF81F,0xF81F,0xF81F,0xF81F,0xF81F,0x2987,0x94F6,0xA578,0x73F1,0x52CD,
    0x4A8B,0x4AAC,0x4AAC,0x52AC,0x52AC,0x52AC,0x52CC,0x4AAD,0x4A8D,0x52CC,0x52AC,0x52AC,
    0x52AC,0x4AAC,0x4AAC,0x4A8B,0x52CC,0x6BD1,0x9D57,0x9D37,0x3A09,0xF81F,0xF81F,0xF81F,
    0xF81F,0xF81F,0xF81F,0xF81F,0xF81F,0xF81F,0xF81F,0xF81F,0xF81F,0xF81F,0xF81F,0xF81F,
    0xF81F,0xF81F,0xF81F,0xF81F,0xF81F,0xF81F,0xF81F,0xF81F,0xF81F,0xF81F,0xF81F,0xF81F,
    0xF81F,0xF81F,0xF81F,0xF81F,0xF81F,0xF81F,0xF81F,0xF81F,0xF81F,0xF81F,0xF81F,0xF81F,
    0xF81F,0xF81F,0xF81F,0xF81F,
    0xF81F,0xF81F,0xF81F,0xF81F,0xF81F,0xF81F,0xF81F,0xF81F,0xF81F,0xF81F,0xF81F,0xF81F,
    0xF81F,0xF81F,0xF81F,0xF81F,0xF81F,0xF81F,0xF81F,0xF81F,0xF81F,0xF81F,0xF81F,0xF81F,
    0xF81F,0xF81F,0xF81F,0xF81F,0xF81F,0xF81F,0xF81F,0xF81F,0xF81F,0xF81F,0xF81F,0xF81F,
    0xF81F,0xF81F,0xF81F,0xF81F,0xF81F,0xF81F,0x424A,0xA578,0x8CB5,0x52ED,0x4A8B,0x4A8C,
    0x4AAC,0x4AAC,0x4AAC,0x4AAC,0x4AAC,0x52AC,0x3A6E,0x19D2,0x19D3,0x3A4F,0x52AC,0x4AAC,
    0x4AAC,0x4AAC,0x4AAC,0x4AAC,0x4AAC,0x4A8B,0x52CD,0x8474,0xA598,0x52CC,0xF81F,0xF81F,
    0xF81F,0xF81F,0xF81F,0xF81F,0xF81F,0xF81F,0xF81F,0xF81F,0xF81F,0xF81F,0xF81F,0xF81F,
    0xF81F,0xF81F,0xF81F,0xF81F,0xF81F,0xF81F,0xF81F,0xF81F,0xF81F,0xF81F,0xF81F,0xF81F,
    0xF81F,0xF81F,0xF81F,0xF81F,0xF81F,0xF81F,0xF81F,0xF81F,0xF81F,0xF81F,0xF81F,0xF81F,
    0xF81F,0xF81F,0xF81F,0xF81F,
    0xF81F,0xF81F,0xF81F,0xF81F,0xF81F,0xF81F,0xF81F,0xF81F,0xF81F,0xF81F,0xF81F,0xF81F,
    0xF81F,0xF81F,0xF81F,0xF81F,0xF81F,0xF81F,0xF81F,0xF81F,0xF81F,0xF81F,0xF81F,0xF81F,
    0xF81F,0xF81F,0xF81F,0xF81F,0xF81F,0xF81F,0xF81F,0xF81F,0xF81F,0xF81F,0xF81F,0xF81F,
    0xF81F,0xF81F,0xF81F,0xF81F,0xF81F,0x4A8B,0xA599,0x7412,0x4A8B,0x4A8B,0x4AAC,0x4AAC,
    0x4AAC,0x4AAC,0x4AAC,0x4AAC,0x4AAC,0x4AAC,0x21F1,0x19D3,0x19D2,0x21F2,0x4A8C,0x4AAC,
    0x4AAC,0x4AAC,0x4AAC,0x4AAC,0x4AAC,0x4AAC,0x4A8C,0x426B,0x6BB0,0xA599,0x5B0D,0xF81F,
    0xF81F,0xF81F,0xF81F,0xF81F,0xF81F,0xF81F,0xF81F,0xF81F,0xF81F,0xF81F,0xF81F,0xF81F,
    0xF81F,0xF81F,0xF81F,0xF81F,0xF81F,0xF81F,0xF81F,0xF81F,0xF81F,0xF81F,0xF81F,0xF81F,
    0xF81F,0xF81F,0xF81F,0xF81F,0xF81F,0xF81F,0xF81F,0xF81F,0xF81F,0xF81F,0xF81F,0xF81F,
    0xF81F,0xF81F,0xF81F,0xF81F,
    0xF81F,0xF81F,0xF81F,0xF81F,0xF81F,0xF81F,0xF81F,0xF81F,0xF81F,0xF81F,0xF81F,0xF81F,
    0xF81F,0xF81F,0xF81F,0xF81F,0xF81F,0xF81F,0xF81F,0xF81F,0xF81F,0xF81F,0xF81F,0xF81F,
    0xF81F,0xF81F,0xF81F,0xF81F,0xF81F,0xF81F,0xF81F,0xF81F,0xF81F,0xF81F,0xF81F,0xF81F,
    0xF81F,0xF81F,0xF81F,0xF81F,0x4A6B,0xA598,0x6B90,0x424B,0x4A8C,0x4AAC,0x4A8C,0x4A8C,
    0x4A8C,0x4A8C,0x4A8C,0x4A8C,0x4A8C,0x4AAB,0x2A30,0x19D3,0x19D3,0x2A11,0x4AAB,0x4A8C,
    0x4A8C,0x4A8C,0x4A8C,0x4A8C,0x4A8C,0x4A8C,0x4AAC,0x4AAC,0x426B,0x634F,0xA598,0x5AED,
    0xF81F,0xF81F,0xF81F,0xF81F,0xF81F,0xF81F,0xF81F,0xF81F,0xF81F,0xF81F,0xF81F,0xF81F,
    0xF81F,0xF81F,0xF81F,0xF81F,0xF81F,0xF81F,0xF81F,0xF81F,0xF81F,0xF81F,0xF81F,0xF81F,
    0xF81F,0xF81F,0xF81F,0xF81F,0xF81F,0xF81F,0xF81F,0xF81F,0xF81F,0xF81F,0xF81F,0xF81F,
    0xF81F,0xF81F,0xF81F,0xF81F,
    0xF81F,0xF81F,0xF81F,0xF81F,0xF81F,0xF81F,0xF81F,0xF81F,0xF81F,0xF81F,0xF81F,0xF81F,
    0xF81F,0xF81F,0xF81F,0xF81F,0xF81F,0xF81F,0xF81F,0xF81F,0xF81F,0xF81F,0xF81F,0xF81F,
    0xF81F,0xF81F,0xF81F,0xF81F,0xF81F,0xF81F,0xF81F,0xF81F,0xF81F,0xF81F,0xF81F,0xF81F,
    0xF81F,0xF81F,0xF81F,0x39E8,0xA598,0x6390,0x424A,0x4A8C,0x4A8C,0x4A8C,0x4A8C,0x4A8C,
    0x4A8C,0x4A8C,0x4A8C,0x4A8C,0x4AAC,0x4A8B,0x4A8C,0x2A10,0x21F1,0x4A8C,0x4A8B,0x4A8C,
    0x4A8C,0x4A8C,0x4A8C,0x4A8C,0x4A8C,0x4A8C,0x4A8C,0x4A8C,0x4A8C,0x424B,0x5B2E,0xA599,
    0x4A8B,0xF81F,0xF81F,0xF81F,0xF81F,0xF81F,0xF81F,0xF81F,0xF81F,0xF81F,0xF81F,0xF81F,
    0xF81F,0xF81F,0xF81F,0xF81F,0xF81F,0xF81F,0xF81F,0xF81F,0xF81F,0xF81F,0xF81F,0xF81F,
    0xF81F,0xF81F,0xF81F,0xF81F,0xF81F,0xF81F,0xF81F,0xF81F,0xF81F,0xF81F,0xF81F,0xF81F,
    0xF81F,0xF81F,0xF81F,0xF81F,
    0xF81F,0xF81F,0xF81F,0xF81F,0xF81F,0xF81F,0xF81F,0xF81F,0xF81F,0xF81F,0xF81F,0xF81F,
    0xF81F,0xF81F,0xF81F,0xF81F,0xF81F,0xF81F,0xF81F,0xF81F,0xF81F,0xF81F,0xF81F,0xF81F,
    0xF81F,0xF81F,0xF81F,0xF81F,0xF81F,0xF81F,0xF81F,0xF81F,0xF81F,0xF81F,0xF81F,0xF81F,
    0xF81F,0xF81F,0x1904,0x9D57,0x6B90,0x424A,0x4A8C,0x4A8B,0x4A8B,0x4A8B,0x4A8B,0x4A8B,
    0x4A8B,0x4A8B,0x4A8B,0x4A8B,0x4A2A,0x4A8B,0x4A8B,0x3A4E,0x2A10,0x4A8A,0x4A8B,0x4A8B,
    0x4A8B,0x4A8B,0x4A8B,0x4A8B,0x4A8B,0x4A8B,0x4A8B,0x4A8B,0x4A8B,0x4A8C,0x424A,0x5B2E,
    0x9D78,0x2987,0xF81F,0xF81F,0xF81F,0xF81F,0xF81F,0xF81F,0xF81F,0xF81F,0xF81F,0xF81F,
    0xF81F,0xF81F,0xF81F,0xF81F,0xF81F,0xF81F,0xF81F,0xF81F,0xF81F,0xF81F,0xF81F,0xF81F,
    0xF81F,0xF81F,0xF81F,0xF81F,0xF81F,0xF81F,0xF81F,0xF81F,0xF81F,0xF81F,0xF81F,0xF81F,
    0xF81F,0xF81F,0xF81F,0xF81F,
    0xF81F,0xF81F,0xF81F,0xF81F,0xF81F,0xF81F,0xF81F,0xF81F,0xF81F,0xF81F,0xF81F,0xF81F,
    0xF81F,0xF81F,0xF81F,0xF81F,0xF81F,0xF81F,0xF81F,0xF81F,0xF81F,0xF81F,0xF81F,0xF81F,
    0xF81F,0xF81F,0xF81F,0xF81F,0xF81F,0xF81F,0xF81F,0xF81F,0xF81F,0xF81F,0xF81F,0xF81F,
    0xF81F,0xF81F,0x8494,0x7412,0x3A2A,0x4A8B,0x4A6B,0x4A6B,0x4A6B,0x4A6B,0x4A6B,0x4A6B,
    0x4A6B,0x4A6B,0x4A6B,0x42AC,0x24B5,0x428C,0x4A6A,0x322E,0x2A10,0x4A8B,0x426B,0x4A6B,
    0x4A6B,0x4A6B,0x4A6B,0x4A6B,0x4A6B,0x4A6B,0x4A6B,0x4A6B,0x4A6B,0x4A6B,0x4A8B,0x3A2A,
    0x6BB0,0x94F6,0x1082,0xF81F,0xF81F,0xF81F,0xF81F,0xF81F,0xF81F,0xF81F,0xF81F,0xF81F,
    0xF81F,0xF81F,0xF81F,0xF81F,0xF81F,0xF81F,0xF81F,0xF81F,0xF81F,0xF81F,0xF81F,0xF81F,
    0xF81F,0xF81F,0xF81F,0xF81F,0xF81F,0xF81F,0xF81F,0xF81F,0xF81F,0xF81F,0xF81F,0xF81F,
    0xF81F,0xF81F,0xF81F,0xF81F,
    0xF81F,0xF81F,0xF81F,0xF81F,0xF81F,0xF81F,0xF81F,0xF81F,0xF81F,0xF81F,0xF81F,0xF81F,
    0xF81F,0xF81F,0xF81F,0xF81F,0xF81F,0xF81F,0xF81F,0xF81F,0xF81F,0xF81F,0xF81F,0xF81F,
    0xF81F,0xF81F,0xF81F,0xF81F,0xF81F,0xF81F,0xF81F,0xF81F,0xF81F,0xF81F,0xF81F,0xF81F,
    0xF81F,0x5B2E,0x8CB5,0x3A2A,0x4A8B,0x4A6B,0x4A6B,0x4A6B,0x4A6B,0x4A6B,0x4A6B,0x4A6B,
    0x4A6B,0x4A6B,0x428B,0x4A2A,0x15FA,0x24B4,0x5209,0x324F,0x2A10,0x4A8A,0x426B,0x4A6B,
    0x4A6B,0x4A6B,0x4A6B,0x4A6B,0x4A6B,0x4A6B,0x4A6B,0x4A6B,0x4A6B,0x4A6B,0x426B,0x4A8B,
    0x3A0A,0x8473,0x6BB0,0xF81F,0xF81F,0xF81F,0xF81F,0xF81F,0xF81F,0xF81F,0xF81F,0xF81F,
    0xF81F,0xF81F,0xF81F,0xF81F,0xF81F,0xF81F,0xF81F,0xF81F,0xF81F,0xF81F,0xF81F,0xF81F,
    0xF81F,0xF81F,0xF81F,0xF81F,0xF81F,0xF81F,0xF81F,0xF81F,0xF81F,0xF81F,0xF81F,0xF81F,
    0xF81F,0xF81F,0xF81F,0xF81F,
    0xF81F,0xF81F,0xF81F,0xF81F,0xF81F,0xF81F,0xF81F,0xF81F,0xF81F,0xF81F,0xF81F,0xF81F,
    0xF81F,0xF81F,0xF81F,0xF81F,0xF81F,0xF81F,0xF81F,0xF81F,0xF81F,0xF81F,0xF81F,0xF81F,
    0xF81F,0xF81F,0xF81F,0xF81F,0xF81F,0xF81F,0xF81F,0xF81F,0xF81F,0xF81F,0xF81F,0xF81F,
    0x2125,0x9516,0x4A8B,0x424B,0x426B,0x426B,0x426B,0x426B,0x426B,0x426B,0x426B,0x426B,
    0x426B,0x426B,0x426B,0x4A2A,0x3AED,0x0E9C,0x42AB,0x320E,0x2A10,0x4A6A,0x426B,0x426B,
    0x426B,0x426B,0x426B,0x426B,0x426B,0x426B,0x426B,0x426B,0x426B,0x426B,0x426B,0x426B,
    0x426B,0x424A,0x94F6,0x31C7,0xF81F,0xF81F,0xF81F,0xF81F,0xF81F,0xF81F,0xF81F,0xF81F,
    0xF81F,0xF81F,0xF81F,0xF81F,0xF81F,0xF81F,0xF81F,0xF81F,0xF81F,0xF81F,0xF81F,0xF81F,
    0xF81F,0xF81F,0xF81F,0xF81F,0xF81F,0xF81F,0xF81F,0xF81F,0xF81F,0xF81F,0xF81F,0xF81F,
    0xF81F,0xF81F,0xF81F,0xF81F,
    0xF81F,0xF81F,0xF81F,0xF81F,0xF81F,0xF81F,0xF81F,0xF81F,0xF81F,0xF81F,0xF81F,0xF81F,
    0xF81F,0xF81F,0xF81F,0xF81F,0xF81F,0xF81F,0xF81F,0xF81F,0xF81F,0xF81F,0xF81F,0xF81F,
    0xF81F,0xF81F,0xF81F,0xF81F,0xF81F,0xF81F,0xF81F,0xF81F,0xF81F,0xF81F,0xF81F,0xF81F,
    0x73F1,0x6B90,0x3A09,0x426B,0x426B,0x426B,0x426B,0x426B,0x426B,0x426B,0x426B,0x426B,
    0x426B,0x426B,0x426B,0x426B,0x49E9,0x2516,0x2576,0x39AC,0x2A30,0x4A6A,0x426B,0x426B,
    0x426B,0x426B,0x426B,0x426B,0x426B,0x426B,0x426B,0x426B,0x426B,0x426B,0x426B,0x426B,
    0x426B,0x3A2A,0x5B2E,0x8473,0xF81F,0xF81F,0xF81F,0xF81F,0xF81F,0xF81F,0xF81F,0xF81F,
    0xF81F,0xF81F,0xF81F,0xF81F,0xF81F,0xF81F,0xF81F,0xF81F,0xF81F,0xF81F,0xF81F,0xF81F,
    0xF81F,0xF81F,0xF81F,0xF81F,0xF81F,0xF81F,0xF81F,0xF81F,0xF81F,0xF81F,0xF81F,0xF81F,
    0xF81F,0xF81F,0xF81F,0xF81F,
    0xF81F,0xF81F,0xF81F,0xF81F,0xF81F,0xF81F,0xF81F,0xF81F,0xF81F,0xF81F,0xF81F,0xF81F,
    0xF81F,0xF81F,0xF81F,0xF81F,0xF81F,0xF81F,0xF81F,0xF81F,0xF81F,0xF81F,0xF81F,0xF81F,
    0xF81F,0xF81F,0xF81F,0xF81F,0xF81F,0xF81F,0xF81F,0xF81F,0xF81F,0xF81F,0xF81F,0x31A7,
    0x8494,0x3A09,0x426B,0x424B,0x424B,0x424B,0x424B,0x424B,0x424B,0x424B,0x424B,0x424B,
    0x424B,0x424B,0x424B,0x424B,0x424A,0x426B,0x0E9B,0x2AF1,0x29CF,0x426A,0x424B,0x424B,
    0x424B,0x424B,0x424B,0x424B,0x424B,0x424B,0x424B,0x424B,0x424B,0x424B,0x424B,0x424B,
    0x424B,0x426B,0x3A09,0x8453,0x424A,0xF81F,0xF81F,0xF81F,0xF81F,0xF81F,0xF81F,0xF81F,
    0xF81F,0xF81F,0xF81F,0xF81F,0xF81F,0xF81F,0xF81F,0xF81F,0xF81F,0xF81F,0xF81F,0xF81F,
    0xF81F,0xF81F,0xF81F,0xF81F,0xF81F,0xF81F,0xF81F,0xF81F,0xF81F,0xF81F,0xF81F,0xF81F,
    0xF81F,0xF81F,0xF81F,0xF81F,
    0xF81F,0xF81F,0xF81F,0xF81F,0xF81F,0xF81F,0xF81F,0xF81F,0xF81F,0xF81F,0xF81F,0xF81F,
    0xF81F,0xF81F,0xF81F,0xF81F,0xF81F,0xF81F,0xF81F,0xF81F,0xF81F,0xF81F,0xF81F,0xF81F,
    0xF81F,0xF81F,0xF81F,0xF81F,0xF81F,0xF81F,0xF81F,0xF81F,0xF81F,0xF81F,0xF81F,0x73D1,
    0x5B0E,0x3A09,0x424B,0x424A,0x424A,0x424A,0x424A,0x424A,0x424A,0x424A,0x424A,0x424A,
    0x424A,0x424A,0x424A,0x424A,0x426B,0x49E9,0x2C52,0x05DC,0x31AE,0x426A,0x424A,0x424A,
    0x424A,0x424A,0x424A,0x424A,0x424A,0x424A,0x424A,0x424A,0x424A,0x424A,0x424A,0x424A,
    0x424A,0x424A,0x3A2A,0x52AC,0x7C32,0xF81F,0xF81F,0xF81F,0xF81F,0xF81F,0xF81F,0xF81F,
    0xF81F,0xF81F,0xF81F,0xF81F,0xF81F,0xF81F,0xF81F,0xF81F,0xF81F,0xF81F,0xF81F,0xF81F,
    0xF81F,0xF81F,0xF81F,0xF81F,0xF81F,0xF81F,0xF81F,0xF81F,0xF81F,0xF81F,0xF81F,0xF81F,
    0xF81F,0xF81F,0xF81F,0xF81F,
    0xF81F,0xF81F,0xF81F,0xF81F,0xF81F,0xF81F,0xF81F,0xF81F,0xF81F,0xF81F,0xF81F,0xF81F,
    0xF81F,0xF81F,0xF81F,0xF81F,0xF81F,0xF81F,0xF81F,0xF81F,0xF81F,0xF81F,0xF81F,0xF81F,
    0xF81F,0xF81F,0xF81F,0xF81F,0xF81F,0xF81F,0xF81F,0xF81F,0xF81F,0xF81F,0x2966,0x7C33,
    0x3A09,0x424A,0x424A,0x424A,0x424A,0x424A,0x424A,0x424A,0x424A,0x424A,0x424A,0x424A,
    0x424A,0x424A,0x424A,0x424A,0x424A,0x424A,0x4209,0x15FA,0x23D4,0x49E9,0x424A,0x424A,
    0x424A,0x424A,0x424A,0x424A,0x424A,0x424A,0x424A,0x424A,0x424A,0x424A,0x424A,0x424A,
    0x424A,0x424A,0x424A,0x39E9,0x7C12,0x39E8,0xF81F,0xF81F,0xF81F,0xF81F,0xF81F,0xF81F,
    0xF81F,0xF81F,0xF81F,0xF81F,0xF81F,0xF81F,0xF81F,0xF81F,0xF81F,0xF81F,0xF81F,0xF81F,
    0xF81F,0xF81F,0xF81F,0xF81F,0xF81F,0xF81F,0xF81F,0xF81F,0xF81F,0xF81F,0xF81F,0xF81F,
    0xF81F,0xF81F,0xF81F,0xF81F,
    0xF81F,0xF81F,0xF81F,0xF81F,0xF81F,0xF81F,0xF81F,0xF81F,0xF81F,0xF81F,0xF81F,0xF81F,
    0xF81F,0xF81F,0xF81F,0xF81F,0xF81F,0xF81F,0xF81F,0xF81F,0xF81F,0xF81F,0xF81F,0xF81F,
    0xF81F,0xF81F,0xF81F,0xF81F,0xF81F,0xF81F,0xF81F,0xF81F,0xF81F,0xF81F,0x632E,0x5B2E,
    0x3A09,0x424A,0x424A,0x424A,0x424A,0x424A,0x424A,0x424A,0x424A,0x424A,0x424A,0x424A,
    0x424A,0x424A,0x424A,0x424A,0x422A,0x424A,0x41C8,0x15D9,0x1C55,0x41C8,0x424A,0x424A,
    0x424A,0x424A,0x424A,0x424A,0x424A,0x424A,0x424A,0x424A,0x424A,0x424A,0x424A,0x424A,
    0x424A,0x424A,0x424A,0x3A09,0x52CD,0x6BB0,0xF81F,0xF81F,0xF81F,0xF81F,0xF81F,0xF81F,
    0xF81F,0xF81F,0xF81F,0xF81F,0xF81F,0xF81F,0xF81F,0xF81F,0xF81F,0xF81F,0xF81F,0xF81F,
    0xF81F,0xF81F,0xF81F,0xF81F,0xF81F,0xF81F,0xF81F,0xF81F,0xF81F,0xF81F,0xF81F,0xF81F,
    0xF81F,0xF81F,0xF81F,0xF81F,
    0xF81F,0xF81F,0xF81F,0xF81F,0xF81F,0xF81F,0xF81F,0xF81F,0xF81F,0xF81F,0xF81F,0xF81F,
    0xF81F,0xF81F,0xF81F,0xF81F,0xF81F,0xF81F,0xF81F,0xF81F,0xF81F,0xF81F,0xF81F,0xF81F,
    0xF81F,0xF81F,0xF81F,0xF81F,0xF81F,0xF81F,0xF81F,0xF81F,0xF81F,0xF81F,0x73D1,0x3A2A,
    0x3A2A,0x422A,0x422A,0x422A,0x422A,0x422A,0x422A,0x422A,0x422A,0x422A,0x422A,0x422A,
    0x422A,0x422A,0x422A,0x422A,0x3A4A,0x41E9,0x336F,0x067E,0x29EF,0x4229,0x3A2A,0x422A,
    0x422A,0x422A,0x422A,0x422A,0x422A,0x422A,0x422A,0x422A,0x422A,0x422A,0x422A,0x422A,
    0x422A,0x422A,0x422A,0x422A,0x3A09,0x73D1,0x1904,0xF81F,0xF81F,0xF81F,0xF81F,0xF81F,
    0xF81F,0xF81F,0xF81F,0xF81F,0xF81F,0xF81F,0xF81F,0xF81F,0xF81F,0xF81F,0xF81F,0xF81F,
    0xF81F,0xF81F,0xF81F,0xF81F,0xF81F,0xF81F,0xF81F,0xF81F,0xF81F,0xF81F,0xF81F,0xF81F,
    0xF81F,0xF81F,0xF81F,0xF81F,
    0xF81F,0xF81F,0xF81F,0xF81F,0xF81F,0xF81F,0xF81F,0xF81F,0xF81F,0xF81F,0xF81F,0xF81F,
    0xF81F,0xF81F,0xF81F,0xF81F,0xF81F,0xF81F,0xF81F,0xF81F,0xF81F,0xF81F,0xF81F,0xF81F,
    0xF81F,0xF81F,0xF81F,0xF81F,0xF81F,0xF81F,0xF81F,0xF81F,0xF81F,0x39E9,0x636F,0x31C8,
    0x422A,0x3A2A,0x3A2A,0x3A2A,0x3A2A,0x3A2A,0x3A2A,0x3A2A,0x3A2A,0x3A2A,0x3A2A,0x3A2A,
    0x3A2A,0x3A2A,0x3A2A,0x3A2A,0x3A2A,0x41C8,0x15F9,0x1436,0x298D,0x4249,0x3A2A,0x3A2A,
    0x3A2A,0x3A2A,0x3A2A,0x3A2A,0x3A2A,0x3A2A,0x3A2A,0x3A2A,0x3A2A,0x3A2A,0x3A2A,0x3A2A,
    0x3A2A,0x3A2A,0x3A2A,0x422A,0x31E8,0x5B2E,0x4A6B,0xF81F,0xF81F,0xF81F,0xF81F,0xF81F,
    0xF81F,0xF81F,0xF81F,0xF81F,0xF81F,0xF81F,0xF81F,0xF81F,0xF81F,0xF81F,0xF81F,0xF81F,
    0xF81F,0xF81F,0xF81F,0xF81F,0xF81F,0xF81F,0xF81F,0xF81F,0xF81F,0xF81F,0xF81F,0xF81F,
    0xF81F,0xF81F,0xF81F,0xF81F,
    0xF81F,0xF81F,0xF81F,0xF81F,0xF81F,0xF81F,0xF81F,0xF81F,0xF81F,0xF81F,0xF81F,0xF81F,
    0xF81F,0xF81F,0xF81F,0xF81F,0xF81F,0xF81F,0xF81F,0xF81F,0xF81F,0xF81F,0xF81F,0xF81F,
    0xF81F,0xF81F,0xF81F,0xF81F,0xF81F,0xF81F,0xF81F,0xF81F,0xF81F,0x5AED,0x4A8C,0x39E9,
    0x3A2A,0x3A2A,0x3A2A,0x3A2A,0x3A2A,0x3A2A,0x3A2A,0x3A2A,0x3A2A,0x3A2A,0x3A2A,0x3A2A,
    0x3A2A,0x3A2A,0x3A29,0x3A2A,0x41C8,0x2B6F,0x0E9A,0x29EE,0x21F0,0x4228,0x3A2A,0x3A2A,
    0x3A2A,0x3A2A,0x3A2A,0x3A2A,0x3A2A,0x3A2A,0x3A2A,0x3A2A,0x3A2A,0x3A2A,0x3A2A,0x3A2A,
    0x3A2A,0x3A2A,0x3A2A,0x3A2A,0x3A09,0x424B,0x634E,0xF81F,0xF81F,0xF81F,0xF81F,0xF81F,
    0xF81F,0xF81F,0xF81F,0xF81F,0xF81F,0xF81F,0xF81F,0xF81F,0xF81F,0xF81F,0xF81F,0xF81F,
    0xF81F,0xF81F,0xF81F,0xF81F,0xF81F,0xF81F,0xF81F,0xF81F,0xF81F,0xF81F,0xF81F,0xF81F,
    0xF81F,0xF81F,0xF81F,0xF81F,
    0xF81F,0xF81F,0xF81F,0xF81F,0xF81F,0xF81F,0xF81F,0xF81F,0xF81F,0xF81F,0xF81F,0xF81F,
    0xF81F,0xF81F,0xF81F,0xF81F,0xF81F,0xF81F,0xF81F,0xF81F,0xF81F,0xF81F,0xF81F,0xF81F,
    0xF81F,0xF81F,0xF81F,0xF81F,0xF81F,0xF81F,0xF81F,0xF81F,0xF81F,0x634F,0x3A09,0x3A09,
    0x3A09,0x3A09,0x3A09,0x3A09,0x3A09,0x3A09,0x3A09,0x3A09,0x3A09,0x3A09,0x3A09,0x3A09,
    0x3A09,0x3A09,0x3A09,0x3A2A,0x41C8,0x15F9,0x1417,0x2171,0x2212,0x29EE,0x4208,0x3A0A,
    0x3A09,0x3A09,0x3A09,0x3A09,0x3A09,0x3A09,0x3A09,0x3A09,0x3A09,0x3A09,0x3A09,0x3A09,
    0x3A09,0x3A09,0x3A09,0x3A09,0x3A09,0x39E9,0x634F,0x10C3,0xF81F,0xF81F,0xF81F,0xF81F,
    0xF81F,0xF81F,0xF81F,0xF81F,0xF81F,0xF81F,0xF81F,0xF81F,0xF81F,0xF81F,0xF81F,0xF81F,
    0xF81F,0xF81F,0xF81F,0xF81F,0xF81F,0xF81F,0xF81F,0xF81F,0xF81F,0xF81F,0xF81F,0xF81F,
    0xF81F,0xF81F,0xF81F,0xF81F,
    0xF81F,0xF81F,0xF81F,0xF81F,0xF81F,0xF81F,0xF81F,0xF81F,0xF81F,0xF81F,0xF81F,0xF81F,
    0xF81F,0xF81F,0xF81F,0xF81F,0xF81F,0xF81F,0xF81F,0xF81F,0xF81F,0xF81F,0xF81F,0xF81F,
    0xF81F,0xF81F,0xF81F,0xF81F,0xF81F,0xF81F,0xF81F,0xF81F,0x2145,0x5B0E,0x31C8,0x3A09,
    0x3A09,0x3A09,0x3A09,0x3A09,0x3A09,0x3A09,0x3A09,0x3A09,0x3A09,0x3A09,0x3A09,0x3A09,
    0x3A09,0x3A09,0x3A0A,0x39E8,0x32AC,0x06DE,0x1A13,0x21D0,0x3A09,0x21F1,0x29EE,0x3A08,
    0x3A09,0x3A09,0x3A09,0x3A09,0x3A09,0x3A09,0x3A09,0x3A09,0x3A09,0x3A09,0x3A09,0x3A09,
    0x3A09,0x3A09,0x3A09,0x3A09,0x3A09,0x31C8,0x52ED,0x31A7,0xF81F,0xF81F,0xF81F,0xF81F,
    0xF81F,0xF81F,0xF81F,0xF81F,0xF81F,0xF81F,0xF81F,0xF81F,0xF81F,0xF81F,0xF81F,0xF81F,
    0xF81F,0xF81F,0xF81F,0xF81F,0xF81F,0xF81F,0xF81F,0xF81F,0xF81F,0xF81F,0xF81F,0xF81F,
    0xF81F,0xF81F,0xF81F,0xF81F,
    0xF81F,0xF81F,0xF81F,0xF81F,0xF81F,0xF81F,0xF81F,0xF81F,0xF81F,0xF81F,0xF81F,0xF81F,
    0xF81F,0xF81F,0xF81F,0xF81F,0xF81F,0xF81F,0xF81F,0xF81F,0xF81F,0xF81F,0xF81F,0xF81F,
    0xF81F,0xF81F,0xF81F,0xF81F,0xF81F,0xF81F,0xF81F,0xF81F,0x39E8,0x4AAC,0x31C8,0x3A09,
    0x3A09,0x3A09,0x3A09,0x3A09,0x3A09,0x3A09,0x3A09,0x3A09,0x3A09,0x3A09,0x3A09,0x3A09,
    0x3A09,0x3A09,0x3A08,0x320B,0x2190,0x1517,0x0D7A,0x318A,0x3A09,0x3A09,0x21F1,0x29EE,
    0x3A08,0x3A09,0x3A09,0x3A09,0x3A09,0x3A09,0x3A09,0x3A09,0x3A09,0x3A09,0x3A09,0x3A09,
    0x3A09,0x3A09,0x3A09,0x3A09,0x3A09,0x31E8,0x426B,0x422A,0xF81F,0xF81F,0xF81F,0xF81F,
    0xF81F,0xF81F,0xF81F,0xF81F,0xF81F,0xF81F,0xF81F,0xF81F,0xF81F,0xF81F,0xF81F,0xF81F,
    0xF81F,0xF81F,0xF81F,0xF81F,0xF81F,0xF81F,0xF81F,0xF81F,0xF81F,0xF81F,0xF81F,0xF81F,
    0xF81F,0xF81F,0xF81F,0xF81F,
    0xF81F,0xF81F,0xF81F,0xF81F,0xF81F,0xF81F,0xF81F,0xF81F,0xF81F,0xF81F,0xF81F,0xF81F,
    0xF81F,0xF81F,0xF81F,0xF81F,0xF81F,0xF81F,0xF81F,0xF81F,0xF81F,0xF81F,0xF81F,0xF81F,
    0xF81F,0xF81F,0xF81F,0xF81F,0xF81F,0xF81F,0xF81F,0xF81F,0x424A,0x424A,0x31E8,0x39E9,
    0x39E9,0x39E9,0x39E9,0x39E9,0x39E9,0x39E9,0x39E9,0x39E9,0x39E9,0x39E9,0x39E9,0x39E9,
    0x39E9,0x39E8,0x31EC,0x19F2,0x31EB,0x31AB,0x061D,0x1CB3,0x3967,0x3A09,0x39E9,0x21F1,
    0x29EE,0x39E8,0x39E9,0x39E9,0x39E9,0x39E9,0x39E9,0x39E9,0x39E9,0x39E9,0x39E9,0x39E9,
    0x39E9,0x39E9,0x39E9,0x39E9,0x39E9,0x31E9,0x3A09,0x4A8B,0xF81F,0xF81F,0xF81F,0xF81F,
    0xF81F,0xF81F,0xF81F,0xF81F,0xF81F,0xF81F,0xF81F,0xF81F,0xF81F,0xF81F,0xF81F,0xF81F,
    0xF81F,0xF81F,0xF81F,0xF81F,0xF81F,0xF81F,0xF81F,0xF81F,0xF81F,0xF81F,0xF81F,0xF81F,
    0xF81F,0xF81F,0xF81F,0xF81F,
    0xF81F,0xF81F,0xF81F,0xF81F,0xF81F,0xF81F,0xF81F,0xF81F,0xF81F,0xF81F,0xF81F,0xF81F,
    0xF81F,0xF81F,0xF81F,0xF81F,0xF81F,0xF81F,0xF81F,0xF81F,0xF81F,0xF81F,0xF81F,0xF81F,
    0xF81F,0xF81F,0xF81F,0xF81F,0xF81F,0xF81F,0xF81F,0xF81F,0x4A8B,0x39E9,0x31E9,0x39E9,
    0x39E9,0x39E9,0x39E9,0x39E9,0x39E9,0x39E9,0x39E9,0x39E9,0x39E9,0x39E9,0x39E9,0x39E9,
    0x39E8,0x29ED,0x21F1,0x31EA,0x3A08,0x21D1,0x29ED,0x0E9B,0x23B0,0x3967,0x3A09,0x39E9,
    0x21F1,0x29EE,0x39E8,0x39E9,0x39E9,0x39E9,0x39E9,0x39E9,0x39E9,0x39E9,0x39E9,0x39E9,
    0x39E9,0x39E9,0x39E9,0x39E9,0x39E9,0x39E9,0x31E8,0x4AAC,0xF81F,0xF81F,0xF81F,0xF81F,
    0xF81F,0xF81F,0xF81F,0xF81F,0xF81F,0xF81F,0xF81F,0xF81F,0xF81F,0xF81F,0xF81F,0xF81F,
    0xF81F,0xF81F,0xF81F,0xF81F,0xF81F,0xF81F,0xF81F,0xF81F,0xF81F,0xF81F,0xF81F,0xF81F,
    0xF81F,0xF81F,0xF81F,0xF81F,
    0xF81F,0xF81F,0xF81F,0xF81F,0xF81F,0xF81F,0xF81F,0xF81F,0xF81F,0xF81F,0xF81F,0xF81F,
    0xF81F,0xF81F,0xF81F,0xF81F,0xF81F,0xF81F,0xF81F,0xF81F,0xF81F,0xF81F,0xF81F,0xF81F,
    0xF81F,0xF81F,0xF81F,0xF81F,0xF81F,0xF81F,0xF81F,0xF81F,0x4A6B,0x31C8,0x31E8,0x39E9,
    0x39E9,0x39E9,0x39E9,0x39E9,0x39E9,0x39E9,0x39E9,0x31E9,0x39E9,0x31E9,0x39E8,0x39E8,
    0x21EF,0x21F0,0x31E9,0x39E7,0x29EC,0x21F1,0x39A7,0x328C,0x06DD,0x2ACC,0x3987,0x39E9,
    0x39E8,0x21F1,0x29EE,0x39E8,0x31E9,0x39E9,0x39E9,0x39E9,0x39E9,0x39E9,0x39E9,0x39E9,
    0x39E9,0x39E9,0x39E9,0x39E9,0x39E9,0x39E9,0x31C8,0x426B,0x1082,0xF81F,0xF81F,0xF81F,
    0xF81F,0xF81F,0xF81F,0xF81F,0xF81F,0xF81F,0xF81F,0xF81F,0xF81F,0xF81F,0xF81F,0xF81F,
    0xF81F,0xF81F,0xF81F,0xF81F,0xF81F,0xF81F,0xF81F,0xF81F,0xF81F,0xF81F,0xF81F,0xF81F,
    0xF81F,0xF81F,0xF81F,0xF81F,
    0xF81F,0xF81F,0xF81F,0xF81F,0xF81F,0xF81F,0xF81F,0xF81F,0xF81F,0xF81F,0xF81F,0xF81F,
    0xF81F,0xF81F,0xF81F,0xF81F,0xF81F,0xF81F,0xF81F,0xF81F,0xF81F,0xF81F,0xF81F,0xF81F,
    0xF81F,0xF81F,0xF81F,0xF81F,0xF81F,0xF81F,0xF81F,0xF81F,0x424A,0x31C8,0x31C8,0x31E8,
    0x31E8,0x31E8,0x31E8,0x31E8,0x31E8,0x31E8,0x31E8,0x31E8,0x31E8,0x39E8,0x31E9,0x21F0,
    0x21EF,0x39E8,0x31E8,0x39E8,0x21F1,0x29CC,0x31E8,0x3967,0x2B6E,0x0EBC,0x324A,0x31C8,
    0x31E8,0x31E8,0x21F1,0x29EE,0x39E7,0x31E9,0x31E8,0x31E8,0x31E8,0x31E8,0x31E8,0x31E8,
    0x31E8,0x31E8,0x31E8,0x31E8,0x31E8,0x31E8,0x31C8,0x424A,0x18E4,0xF81F,0xF81F,0xF81F,
    0xF81F,0xF81F,0xF81F,0xF81F,0xF81F,0xF81F,0xF81F,0xF81F,0xF81F,0xF81F,0xF81F,0xF81F,
    0xF81F,0xF81F,0xF81F,0xF81F,0xF81F,0xF81F,0xF81F,0xF81F,0xF81F,0xF81F,0xF81F,0xF81F,
    0xF81F,0xF81F,0xF81F,0xF81F,
    0xF81F,0xF81F,0xF81F,0xF81F,0xF81F,0xF81F,0xF81F,0xF81F,0xF81F,0xF81F,0xF81F,0xF81F,
    0xF81F,0xF81F,0xF81F,0xF81F,0xF81F,0xF81F,0xF81F,0xF81F,0xF81F,0xF81F,0xF81F,0xF81F,
    0xF81F,0xF81F,0xF81F,0xF81F,0xF81F,0xF81F,0xF81F,0x10A3,0x3A2A,0x31C8,0x31C8,0x31C8,
    0x31C8,0x31C8,0x31C8,0x31C8,0x31C8,0x31C8,0x31C8,0x29CB,0x21F1,0x21EF,0x21F0,0x29CD,
    0x39C7,0x31C8,0x31C8,0x29CB,0x21F1,0x31C8,0x31C8,0x31E9,0x3987,0x236F,0x2A6B,0x31A8,
    0x31C8,0x31C8,0x31C8,0x21F1,0x29CE,0x39C7,0x31C8,0x31C8,0x31C8,0x31C8,0x31C8,0x31C8,
    0x31C8,0x31C8,0x31C8,0x31C8,0x31C8,0x31C8,0x31A8,0x3A2A,0x1904,0xF81F,0xF81F,0xF81F,
    0xF81F,0xF81F,0xF81F,0xF81F,0xF81F,0xF81F,0xF81F,0xF81F,0xF81F,0xF81F,0xF81F,0xF81F,
    0xF81F,0xF81F,0xF81F,0xF81F,0xF81F,0xF81F,0xF81F,0xF81F,0xF81F,0xF81F,0xF81F,0xF81F,
    0xF81F,0xF81F,0xF81F,0xF81F,
    0xF81F,0xF81F,0xF81F,0xF81F,0xF81F,0xF81F,0xF81F,0xF81F,0xF81F,0xF81F,0xF81F,0xF81F,
    0xF81F,0xF81F,0xF81F,0xF81F,0xF81F,0xF81F,0xF81F,0xF81F,0xF81F,0xF81F,0xF81F,0xF81F,
    0xF81F,0xF81F,0xF81F,0xF81F,0xF81F,0xF81F,0xF81F,0x10C3,0x3A09,0x31A8,0x31C8,0x31C8,
    0x31C8,0x31C8,0x31C8,0x31C8,0x31C8,0x31C8,0x31C9,0x19F2,0x19F3,0x19F3,0x21D0,0x31C7,
    0x31C8,0x31C8,0x31C7,0x21D0,0x29CC,0x31C7,0x31C8,0x31C8,0x31C8,0x3187,0x31A8,0x31C8,
    0x31C8,0x31C8,0x31C8,0x31C8,0x21D1,0x29CE,0x31C7,0x31C8,0x31C8,0x31C8,0x31C8,0x31C8,
    0x31C8,0x31C8,0x31C8,0x31C8,0x31C8,0x31C8,0x31A8,0x3A09,0x1904,0xF81F,0xF81F,0xF81F,
    0xF81F,0xF81F,0xF81F,0xF81F,0xF81F,0xF81F,0xF81F,0xF81F,0xF81F,0xF81F,0xF81F,0xF81F,
    0xF81F,0xF81F,0xF81F,0xF81F,0xF81F,0xF81F,0xF81F,0xF81F,0xF81F,0xF81F,0xF81F,0xF81F,
    0xF81F,0xF81F,0xF81F,0xF81F,
    0xF81F,0xF81F,0xF81F,0xF81F,0xF81F,0xF81F,0xF81F,0xF81F,0xF81F,0xF81F,0xF81F,0xF81F,
    0xF81F,0xF81F,0xF81F,0xF81F,0xF81F,0xF81F,0xF81F,0xF81F,0xF81F,0xF81F,0xF81F,0xF81F,
    0xF81F,0xF81F,0xF81F,0xF81F,0xF81F,0xF81F,0xF81F,0x18E4,0x39E9,0x31A7,0x31C8,0x31C8,
    0x31C8,0x31C8,0x31C8,0x31C8,0x31C8,0x31C8,0x31C9,0x19F2,0x19F2,0x19F3,0x21CF,0x31C7,
    0x31C8,0x31C7,0x29CB,0x21F1,0x31C8,0x31C8,0x31C8,0x31C8,0x31C8,0x31C8,0x31C8,0x31C8,
    0x31C8,0x31C8,0x31C8,0x31C8,0x31C8,0x21F1,0x29CE,0x31C7,0x31C8,0x31C8,0x31C8,0x31C8,
    0x31C8,0x31C8,0x31C8,0x31C8,0x31C8,0x31C8,0x31A7,0x39E9,0x2125,0xF81F,0xF81F,0xF81F,
    0xF81F,0xF81F,0xF81F,0xF81F,0xF81F,0xF81F,0xF81F,0xF81F,0xF81F,0xF81F,0xF81F,0xF81F,
    0xF81F,0xF81F,0xF81F,0xF81F,0xF81F,0xF81F,0xF81F,0xF81F,0xF81F,0xF81F,0xF81F,0xF81F,
    0xF81F,0xF81F,0xF81F,0xF81F,
    0xF81F,0xF81F,0xF81F,0xF81F,0xF81F,0xF81F,0xF81F,0xF81F,0xF81F,0xF81F,0xF81F,0xF81F,
    0xF81F,0xF81F,0xF81F,0xF81F,0xF81F,0xF81F,0xF81F,0xF81F,0xF81F,0xF81F,0xF81F,0xF81F,
    0xF81F,0xF81F,0xF81F,0xF81F,0xF81F,0xF81F,0xF81F,0x10A3,0x31C8,0x31A7,0x31A8,0x31A8,
    0x31A8,0x31A8,0x31A8,0x31A8,0x31A8,0x31A8,0x31A7,0x29CB,0x19F2,0x21D1,0x29C9,0x31A7,
    0x31A8,0x31A7,0x21D0,0x29CD,0x31A7,0x31A8,0x31A8,0x31A8,0x31A8,0x31A8,0x31A8,0x31A8,
    0x31A8,0x31A8,0x31A8,0x31A8,0x31A7,0x31A8,0x21D0,0x29CD,0x31A7,0x31A8,0x31A8,0x31A8,
    0x31A8,0x31A8,0x31A8,0x31A8,0x31A8,0x31A8,0x31A7,0x31C8,0x18E4,0xF81F,0xF81F,0xF81F,
    0xF81F,0xF81F,0xF81F,0xF81F,0xF81F,0xF81F,0xF81F,0xF81F,0xF81F,0xF81F,0xF81F,0xF81F,
    0xF81F,0xF81F,0xF81F,0xF81F,0xF81F,0xF81F,0xF81F,0xF81F,0xF81F,0xF81F,0xF81F,0xF81F,
    0xF81F,0xF81F,0xF81F,0xF81F,
    0xF81F,0xF81F,0xF81F,0xF81F,0xF81F,0xF81F,0xF81F,0xF81F,0xF81F,0xF81F,0xF81F,0xF81F,
    0xF81F,0xF81F,0xF81F,0xF81F,0xF81F,0xF81F,0xF81F,0xF81F,0xF81F,0xF81F,0xF81F,0xF81F,
    0xF81F,0xF81F,0xF81F,0xF81F,0xF81F,0xF81F,0xF81F,0x0862,0x31C8,0x29A7,0x31A8,0x31A8,
    0x31A8,0x31A8,0x31A8,0x31A8,0x31A8,0x31A8,0x31A8,0x31A6,0x21CE,0x29CC,0x31A6,0x31A8,
    0x31A7,0x29AA,0x21D1,0x31A8,0x31A7,0x31A8,0x31A8,0x31A8,0x31A8,0x31A8,0x31A8,0x31A8,
    0x31A8,0x31A8,0x31A8,0x31A8,0x31A8,0x31A7,0x29CA,0x21D0,0x31A7,0x31A8,0x31A8,0x31A8,
    0x31A8,0x31A8,0x31A8,0x31A8,0x31A8,0x31A8,0x29A7,0x31C8,0x10A3,0xF81F,0xF81F,0xF81F,
    0xF81F,0xF81F,0xF81F,0xF81F,0xF81F,0xF81F,0xF81F,0xF81F,0xF81F,0xF81F,0xF81F,0xF81F,
    0xF81F,0xF81F,0xF81F,0xF81F,0xF81F,0xF81F,0xF81F,0xF81F,0xF81F,0xF81F,0xF81F,0xF81F,
    0xF81F,0xF81F,0xF81F,0xF81F,
    0xF81F,0xF81F,0xF81F,0xF81F,0xF81F,0xF81F,0xF81F,0xF81F,0xF81F,0xF81F,0xF81F,0xF81F,
    0xF81F,0xF81F,0xF81F,0xF81F,0xF81F,0xF81F,0xF81F,0xF81F,0xF81F,0xF81F,0xF81F,0xF81F,
    0xF81F,0xF81F,0xF81F,0xF81F,0xF81F,0xF81F,0xF81F,0x0862,0x31A8,0x2987,0x31A7,0x31A7,
    0x31A7,0x31A7,0x31A7,0x31A7,0x31A7,0x31A7,0x31A8,0x31A6,0x21CE,0x29CC,0x3186,0x29A8,
    0x31A6,0x21CF,0x21CD,0x31A6,0x31A8,0x31A7,0x31A7,0x31A7,0x31A7,0x31A7,0x31A7,0x31A7,
    0x31A7,0x31A7,0x31A7,0x31A7,0x31A7,0x31A7,0x29AA,0x21D0,0x31A7,0x31A7,0x31A7,0x31A7,
    0x31A7,0x31A7,0x31A7,0x31A7,0x31A7,0x31A7,0x2987,0x31A8,0x10A3,0xF81F,0xF81F,0xF81F,
    0xF81F,0xF81F,0xF81F,0xF81F,0xF81F,0xF81F,0xF81F,0xF81F,0xF81F,0xF81F,0xF81F,0xF81F,
    0xF81F,0xF81F,0xF81F,0xF81F,0xF81F,0xF81F,0xF81F,0xF81F,0xF81F,0xF81F,0xF81F,0xF81F,
    0xF81F,0xF81F,0xF81F,0xF81F,
    0xF81F,0xF81F,0xF81F,0xF81F,0xF81F,0xF81F,0xF81F,0xF81F,0xF81F,0xF81F,0xF81F,0xF81F,
    0xF81F,0xF81F,0xF81F,0xF81F,0xF81F,0xF81F,0xF81F,0xF81F,0xF81F,0xF81F,0xF81F,0xF81F,
    0xF81F,0xF81F,0xF81F,0xF81F,0xF81F,0xF81F,0xF81F,0x0841,0x31A7,0x2987,0x2987,0x2987,
    0x2987,0x2987,0x2987,0x2987,0x2987,0x2987,0x2987,0x3186,0x21CE,0x21AC,0x3186,0x3187,
    0x29A9,0x21D1,0x29A8,0x2987,0x2987,0x2987,0x2987,0x2987,0x2987,0x2987,0x2987,0x2987,
    0x2987,0x2987,0x2987,0x2987,0x2987,0x3187,0x29AA,0x21D0,0x3187,0x2987,0x2987,0x2987,
    0x2987,0x2987,0x2987,0x2987,0x2987,0x2987,0x2987,0x31A8,0x0862,0xF81F,0xF81F,0xF81F,
    0xF81F,0xF81F,0xF81F,0xF81F,0xF81F,0xF81F,0xF81F,0xF81F,0xF81F,0xF81F,0xF81F,0xF81F,
    0xF81F,0xF81F,0xF81F,0xF81F,0xF81F,0xF81F,0xF81F,0xF81F,0xF81F,0xF81F,0xF81F,0xF81F,
    0xF81F,0xF81F,0xF81F,0xF81F,
    0xF81F,0xF81F,0xF81F,0xF81F,0xF81F,0xF81F,0xF81F,0xF81F,0xF81F,0xF81F,0xF81F,0xF81F,
    0xF81F,0xF81F,0xF81F,0xF81F,0xF81F,0xF81F,0xF81F,0xF81F,0xF81F,0xF81F,0xF81F,0xF81F,
    0xF81F,0xF81F,0xF81F,0xF81F,0xF81F,0xF81F,0xF81F,0x0041,0x2987,0x2987,0x2987,0x2987,
    0x2987,0x2987,0x2987,0x2987,0x2987,0x2987,0x2987,0x2986,0x21CE,0x21AC,0x2986,0x2986,
    0x21CF,0x21CD,0x2986,0x2987,0x2987,0x2987,0x2987,0x2987,0x2987,0x2987,0x2987,0x2987,
    0x2987,0x2987,0x2987,0x2987,0x2987,0x2986,0x29AA,0x21D0,0x2987,0x2987,0x2987,0x2987,
    0x2987,0x2987,0x2987,0x2987,0x2987,0x2987,0x2987,0x29A7,0x0861,0xF81F,0xF81F,0xF81F,
    0xF81F,0xF81F,0xF81F,0xF81F,0xF81F,0xF81F,0xF81F,0xF81F,0xF81F,0xF81F,0xF81F,0xF81F,
    0xF81F,0xF81F,0xF81F,0xF81F,0xF81F,0xF81F,0xF81F,0xF81F,0xF81F,0xF81F,0xF81F,0xF81F,
    0xF81F,0xF81F,0xF81F,0xF81F,
    0xF81F,0xF81F,0xF81F,0xF81F,0xF81F,0xF81F,0xF81F,0xF81F,0xF81F,0xF81F,0xF81F,0xF81F,
    0xF81F,0xF81F,0xF81F,0xF81F,0xF81F,0xF81F,0xF81F,0xF81F,0xF81F,0xF81F,0xF81F,0xF81F,
    0xF81F,0xF81F,0xF81F,0xF81F,0xF81F,0xF81F,0xF81F,0xF81F,0x2966,0x2987,0x2987,0x2987,
    0x2987,0x2987,0x2987,0x2987,0x2987,0x2987,0x2987,0x2986,0x21CE,0x21AC,0x2985,0x2989,
    0x19D2,0x2988,0x2987,0x2987,0x2987,0x2987,0x2987,0x2987,0x2987,0x2987,0x2987,0x2987,
    0x2987,0x2987,0x2987,0x2987,0x2987,0x2986,0x2989,0x21D0,0x2986,0x2987,0x2987,0x2987,
    0x2987,0x2987,0x2987,0x2987,0x2987,0x2987,0x2987,0x2987,0x0021,0xF81F,0xF81F,0xF81F,
    0xF81F,0xF81F,0xF81F,0xF81F,0xF81F,0xF81F,0xF81F,0xF81F,0xF81F,0xF81F,0xF81F,0xF81F,
    0xF81F,0xF81F,0xF81F,0xF81F,0xF81F,0xF81F,0xF81F,0xF81F,0xF81F,0xF81F,0xF81F,0xF81F,
    0xF81F,0xF81F,0xF81F,0xF81F,
    0xF81F,0xF81F,0xF81F,0xF81F,0xF81F,0xF81F,0xF81F,0xF81F,0xF81F,0xF81F,0xF81F,0xF81F,
    0xF81F,0xF81F,0xF81F,0xF81F,0xF81F,0xF81F,0xF81F,0xF81F,0xF81F,0xF81F,0xF81F,0xF81F,
    0xF81F,0xF81F,0xF81F,0xF81F,0xF81F,0xF81F,0xF81F,0xF81F,0x2146,0x2987,0x2967,0x2987,
    0x2987,0x2987,0x2987,0x2987,0x2987,0x2987,0x2987,0x2966,0x21AE,0x21AC,0x2965,0x21CF,
    0x21AE,0x2966,0x2987,0x2987,0x2987,0x2987,0x2987,0x2987,0x2987,0x2987,0x2987,0x2987,
    0x2987,0x2987,0x2987,0x2987,0x2987,0x2966,0x2989,0x21D0,0x2986,0x2987,0x2987,0x2987,
    0x2987,0x2987,0x2987,0x2987,0x2987,0x2967,0x2987,0x2146,0xF81F,0xF81F,0xF81F,0xF81F,
    0xF81F,0xF81F,0xF81F,0xF81F,0xF81F,0xF81F,0xF81F,0xF81F,0xF81F,0xF81F,0xF81F,0xF81F,
    0xF81F,0xF81F,0xF81F,0xF81F,0xF81F,0xF81F,0xF81F,0xF81F,0xF81F,0xF81F,0xF81F,0xF81F,
    0xF81F,0xF81F,0xF81F,0xF81F,
    0xF81F,0xF81F,0xF81F,0xF81F,0xF81F,0xF81F,0xF81F,0xF81F,0xF81F,0xF81F,0xF81F,0xF81F,
    0xF81F,0xF81F,0xF81F,0xF81F,0xF81F,0xF81F,0xF81F,0xF81F,0xF81F,0xF81F,0xF81F,0xF81F,
    0xF81F,0xF81F,0xF81F,0xF81F,0xF81F,0xF81F,0xF81F,0xF81F,0x1905,0x2987,0x2966,0x2967,
    0x2967,0x2967,0x2967,0x2967,0x2967,0x2967,0x2967,0x2965,0x21AE,0x21AC,0x2967,0x19D2,
    0x2988,0x2966,0x2967,0x2967,0x2967,0x2967,0x2967,0x2967,0x2967,0x2967,0x2967,0x2967,
    0x2967,0x2967,0x2967,0x2967,0x2967,0x2966,0x2189,0x21D0,0x2966,0x2967,0x2967,0x2967,
    0x2967,0x2967,0x2967,0x2967,0x2967,0x2966,0x2987,0x2125,0xF81F,0xF81F,0xF81F,0xF81F,
    0xF81F,0xF81F,0xF81F,0xF81F,0xF81F,0xF81F,0xF81F,0xF81F,0xF81F,0xF81F,0xF81F,0xF81F,
    0xF81F,0xF81F,0xF81F,0xF81F,0xF81F,0xF81F,0xF81F,0xF81F,0xF81F,0xF81F,0xF81F,0xF81F,
    0xF81F,0xF81F,0xF81F,0xF81F,
    0xF81F,0xF81F,0xF81F,0xF81F,0xF81F,0xF81F,0xF81F,0xF81F,0xF81F,0xF81F,0xF81F,0xF81F,
    0xF81F,0xF81F,0xF81F,0xF81F,0xF81F,0xF81F,0xF81F,0xF81F,0xF81F,0xF81F,0xF81F,0xF81F,
    0xF81F,0xF81F,0xF81F,0xF81F,0xF81F,0xF81F,0xF81F,0xF81F,0x10C3,0x2987,0x2166,0x2966,
    0x2966,0x2966,0x2966,0x2966,0x2966,0x2966,0x2967,0x2965,0x21AE,0x218B,0x21AD,0x21AE,
    0x2965,0x2967,0x2966,0x2966,0x2966,0x2966,0x2966,0x2966,0x2966,0x2966,0x2966,0x2966,
    0x2966,0x2966,0x2966,0x2966,0x2967,0x2966,0x2189,0x21D0,0x2966,0x2967,0x2966,0x2966,
    0x2966,0x2966,0x2966,0x2966,0x2966,0x2966,0x2987,0x18E4,0xF81F,0xF81F,0xF81F,0xF81F,
    0xF81F,0xF81F,0xF81F,0xF81F,0xF81F,0xF81F,0xF81F,0xF81F,0xF81F,0xF81F,0xF81F,0xF81F,
    0xF81F,0xF81F,0xF81F,0xF81F,0xF81F,0xF81F,0xF81F,0xF81F,0xF81F,0xF81F,0xF81F,0xF81F,
    0xF81F,0xF81F,0xF81F,0xF81F,
    0xF81F,0xF81F,0xF81F,0xF81F,0xF81F,0xF81F,0xF81F,0xF81F,0xF81F,0xF81F,0xF81F,0xF81F,
    0xF81F,0xF81F,0xF81F,0xF81F,0xF81F,0xF81F,0xF81F,0xF81F,0xF81F,0xF81F,0xF81F,0xF81F,
    0xF81F,0xF81F,0xF81F,0xF81F,0xF81F,0xF81F,0xF81F,0xF81F,0x0882,0x2967,0x2146,0x2966,
    0x2966,0x2966,0x2966,0x2966,0x2966,0x2966,0x2966,0x2965,0x21AD,0x21AD,0x21D0,0x2168,
    0x2966,0x2966,0x2966,0x2966,0x2966,0x2966,0x2966,0x2966,0x2966,0x2966,0x2966,0x2966,
    0x2966,0x2966,0x2966,0x2966,0x2966,0x2966,0x2189,0x21D0,0x2966,0x2966,0x2966,0x2966,
    0x2966,0x2966,0x2966,0x2966,0x2966,0x2146,0x2967,0x10A3,0xF81F,0xF81F,0xF81F,0xF81F,
    0xF81F,0xF81F,0xF81F,0xF81F,0xF81F,0xF81F,0xF81F,0xF81F,0xF81F,0xF81F,0xF81F,0xF81F,
    0xF81F,0xF81F,0xF81F,0xF81F,0xF81F,0xF81F,0xF81F,0xF81F,0xF81F,0xF81F,0xF81F,0xF81F,
    0xF81F,0xF81F,0xF81F,0xF81F,
    0xF81F,0xF81F,0xF81F,0xF81F,0xF81F,0xF81F,0xF81F,0xF81F,0xF81F,0xF81F,0xF81F,0xF81F,
    0xF81F,0xF81F,0xF81F,0xF81F,0xF81F,0xF81F,0xF81F,0xF81F,0xF81F,0xF81F,0xF81F,0xF81F,
    0xF81F,0xF81F,0xF81F,0xF81F,0xF81F,0xF81F,0xF81F,0xF81F,0x0041,0x2146,0x2146,0x2146,
    0x2146,0x2146,0x2146,0x2146,0x2146,0x2146,0x2146,0x2945,0x21AC,0x19F2,0x21AD,0x2945,
    0x2146,0x2146,0x2146,0x2146,0x2146,0x2146,0x2146,0x2146,0x2146,0x2146,0x2146,0x2146,
    0x2146,0x2146,0x2146,0x2146,0x2146,0x2945,0x2169,0x21D0,0x2146,0x2146,0x2146,0x2146,
    0x2146,0x2146,0x2146,0x2146,0x2146,0x2146,0x2966,0x0861,0xF81F,0xF81F,0xF81F,0xF81F,
    0xF81F,0xF81F,0xF81F,0xF81F,0xF81F,0xF81F,0xF81F,0xF81F,0xF81F,0xF81F,0xF81F,0xF81F,
    0xF81F,0xF81F,0xF81F,0xF81F,0xF81F,0xF81F,0xF81F,0xF81F,0xF81F,0xF81F,0xF81F,0xF81F,
    0xF81F,0xF81F,0xF81F,0xF81F,
    0xF81F,0xF81F,0xF81F,0xF81F,0xF81F,0xF81F,0xF81F,0xF81F,0xF81F,0xF81F,0xF81F,0xF81F,
    0xF81F,0xF81F,0xF81F,0xF81F,0xF81F,0xF81F,0xF81F,0xF81F,0xF81F,0xF81F,0xF81F,0xF81F,
    0xF81F,0xF81F,0xF81F,0xF81F,0xF81F,0xF81F,0xF81F,0xF81F,0xF81F,0x2105,0x2966,0x2146,
    0x2146,0x2146,0x2146,0x2146,0x2146,0x2146,0x2145,0x2169,0x19D1,0x19F3,0x2169,0x2145,
    0x2146,0x2146,0x2146,0x2146,0x2146,0x2146,0x2146,0x2146,0x2146,0x2146,0x2146,0x2146,
    0x2146,0x2146,0x2146,0x2146,0x2146,0x2145,0x2169,0x21D0,0x2145,0x2146,0x2146,0x2146,
    0x2146,0x2146,0x2146,0x2146,0x2146,0x2146,0x2125,0xF81F,0xF81F,0xF81F,0xF81F,0xF81F,
    0xF81F,0xF81F,0xF81F,0xF81F,0xF81F,0xF81F,0xF81F,0xF81F,0xF81F,0xF81F,0xF81F,0xF81F,
    0xF81F,0xF81F,0xF81F,0xF81F,0xF81F,0xF81F,0xF81F,0xF81F,0xF81F,0xF81F,0xF81F,0xF81F,
    0xF81F,0xF81F,0xF81F,0xF81F,
    0xF81F,0xF81F,0xF81F,0xF81F,0xF81F,0xF81F,0xF81F,0xF81F,0xF81F,0xF81F,0xF81F,0xF81F,
    0xF81F,0xF81F,0xF81F,0xF81F,0xF81F,0xF81F,0xF81F,0xF81F,0xF81F,0xF81F,0xF81F,0xF81F,
    0xF81F,0xF81F,0xF81F,0xF81F,0xF81F,0xF81F,0xF81F,0xF81F,0xF81F,0x10C3,0x2966,0x2125,
    0x2146,0x2146,0x2146,0x2146,0x2146,0x2146,0x2146,0x19D1,0x19F3,0x19F3,0x21AE,0x2145,
    0x2146,0x2146,0x2146,0x2146,0x2146,0x2146,0x2146,0x2146,0x2146,0x2146,0x2146,0x2146,
    0x2146,0x2146,0x2146,0x2146,0x2146,0x2145,0x2169,0x21D0,0x2145,0x2146,0x2146,0x2146,
    0x2146,0x2146,0x2146,0x2146,0x2125,0x2146,0x18E4,0xF81F,0xF81F,0xF81F,0xF81F,0xF81F,
    0xF81F,0xF81F,0xF81F,0xF81F,0xF81F,0xF81F,0xF81F,0xF81F,0xF81F,0xF81F,0xF81F,0xF81F,
    0xF81F,0xF81F,0xF81F,0xF81F,0xF81F,0xF81F,0xF81F,0xF81F,0xF81F,0xF81F,0xF81F,0xF81F,
    0xF81F,0xF81F,0xF81F,0xF81F,
    0xF81F,0xF81F,0xF81F,0xF81F,0xF81F,0xF81F,0xF81F,0xF81F,0xF81F,0xF81F,0xF81F,0xF81F,
    0xF81F,0xF81F,0xF81F,0xF81F,0xF81F,0xF81F,0xF81F,0xF81F,0xF81F,0xF81F,0xF81F,0xF81F,
    0xF81F,0xF81F,0xF81F,0xF81F,0xF81F,0xF81F,0xF81F,0xF81F,0xF81F,0x0861,0x2146,0x2125,
    0x2146,0x2146,0x2146,0x2146,0x2146,0x2125,0x2146,0x19D2,0x19F3,0x19F4,0x21AF,0x2125,
    0x2146,0x2146,0x2146,0x2146,0x2146,0x2146,0x2146,0x2146,0x2146,0x2146,0x2146,0x2146,
    0x2146,0x2146,0x2146,0x2146,0x2146,0x2125,0x2168,0x21CF,0x2145,0x2146,0x2145,0x2146,
    0x2146,0x2146,0x2146,0x2146,0x2125,0x2146,0x0862,0xF81F,0xF81F,0xF81F,0xF81F,0xF81F,
    0xF81F,0xF81F,0xF81F,0xF81F,0xF81F,0xF81F,0xF81F,0xF81F,0xF81F,0xF81F,0xF81F,0xF81F,
    0xF81F,0xF81F,0xF81F,0xF81F,0xF81F,0xF81F,0xF81F,0xF81F,0xF81F,0xF81F,0xF81F,0xF81F,
    0xF81F,0xF81F,0xF81F,0xF81F,
    0xF81F,0xF81F,0xF81F,0xF81F,0xF81F,0xF81F,0xF81F,0xF81F,0xF81F,0xF81F,0xF81F,0xF81F,
    0xF81F,0xF81F,0xF81F,0xF81F,0xF81F,0xF81F,0xF81F,0xF81F,0xF81F,0xF81F,0xF81F,0xF81F,
    0xF81F,0xF81F,0xF81F,0xF81F,0xF81F,0xF81F,0xF81F,0xF81F,0xF81F,0xF81F,0x1905,0x2146,
    0x2125,0x2125,0x2125,0x2125,0x2125,0x2126,0x2125,0x216A,0x19D1,0x19D0,0x2147,0x2125,
    0x2126,0x2125,0x2125,0x2125,0x2125,0x2125,0x2125,0x2125,0x2125,0x2125,0x2125,0x2125,
    0x2125,0x2125,0x2125,0x2125,0x2126,0x2124,0x2168,0x19D0,0x2125,0x2125,0x2125,0x2125,
    0x2125,0x2125,0x2125,0x2125,0x2125,0x2105,0x0020,0xF81F,0xF81F,0xF81F,0xF81F,0xF81F,
    0xF81F,0xF81F,0xF81F,0xF81F,0xF81F,0xF81F,0xF81F,0xF81F,0xF81F,0xF81F,0xF81F,0xF81F,
    0xF81F,0xF81F,0xF81F,0xF81F,0xF81F,0xF81F,0xF81F,0xF81F,0xF81F,0xF81F,0xF81F,0xF81F,
    0xF81F,0xF81F,0xF81F,0xF81F,
    0xF81F,0xF81F,0xF81F,0xF81F,0xF81F,0xF81F,0xF81F,0xF81F,0xF81F,0xF81F,0xF81F,0xF81F,
    0xF81F,0xF81F,0xF81F,0xF81F,0xF81F,0xF81F,0xF81F,0xF81F,0xF81F,0xF81F,0xF81F,0xF81F,
    0xF81F,0xF81F,0xF81F,0xF81F,0xF81F,0xF81F,0xF81F,0xF81F,0xF81F,0xF81F,0x10A3,0x2146,
    0x2105,0x2125,0x2125,0x2125,0x2125,0x2125,0x2125,0x2125,0x2126,0x2125,0x2125,0x2125,
    0x2125,0x2125,0x2125,0x2125,0x2125,0x2125,0x2125,0x2125,0x2125,0x2125,0x2125,0x2125,
    0x2125,0x2125,0x2125,0x2125,0x2125,0x2147,0x19D1,0x19F3,0x218D,0x2125,0x2125,0x2125,
    0x2125,0x2125,0x2125,0x2105,0x2146,0x10C3,0xF81F,0xF81F,0xF81F,0xF81F,0xF81F,0xF81F,
    0xF81F,0xF81F,0xF81F,0xF81F,0xF81F,0xF81F,0xF81F,0xF81F,0xF81F,0xF81F,0xF81F,0xF81F,
    0xF81F,0xF81F,0xF81F,0xF81F,0xF81F,0xF81F,0xF81F,0xF81F,0xF81F,0xF81F,0xF81F,0xF81F,
    0xF81F,0xF81F,0xF81F,0xF81F,
    0xF81F,0xF81F,0xF81F,0xF81F,0xF81F,0xF81F,0xF81F,0xF81F,0xF81F,0xF81F,0xF81F,0xF81F,
    0xF81F,0xF81F,0xF81F,0xF81F,0xF81F,0xF81F,0xF81F,0xF81F,0xF81F,0xF81F,0xF81F,0xF81F,
    0xF81F,0xF81F,0xF81F,0xF81F,0xF81F,0xF81F,0xF81F,0xF81F,0xF81F,0xF81F,0x0020,0x1925,
    0x2105,0x2105,0x2125,0x2125,0x2125,0x2125,0x2125,0x2125,0x2125,0x2125,0x2125,0x2125,
    0x2125,0x2125,0x2125,0x2125,0x2125,0x2125,0x2125,0x2125,0x2125,0x2125,0x2125,0x2125,
    0x2125,0x2125,0x2125,0x2125,0x2104,0x19AE,0x19F3,0x19F2,0x19F3,0x2147,0x2105,0x2125,
    0x2125,0x2125,0x2125,0x1905,0x2125,0x0841,0xF81F,0xF81F,0xF81F,0xF81F,0xF81F,0xF81F,
    0xF81F,0xF81F,0xF81F,0xF81F,0xF81F,0xF81F,0xF81F,0xF81F,0xF81F,0xF81F,0xF81F,0xF81F,
    0xF81F,0xF81F,0xF81F,0xF81F,0xF81F,0xF81F,0xF81F,0xF81F,0xF81F,0xF81F,0xF81F,0xF81F,
    0xF81F,0xF81F,0xF81F,0xF81F,
    0xF81F,0xF81F,0xF81F,0xF81F,0xF81F,0xF81F,0xF81F,0xF81F,0xF81F,0xF81F,0xF81F,0xF81F,
    0xF81F,0xF81F,0xF81F,0xF81F,0xF81F,0xF81F,0xF81F,0xF81F,0xF81F,0xF81F,0xF81F,0xF81F,
    0xF81F,0xF81F,0xF81F,0xF81F,0xF81F,0xF81F,0xF81F,0xF81F,0xF81F,0xF81F,0xF81F,0x10A3,
    0x2125,0x1905,0x2105,0x2105,0x2105,0x2105,0x2105,0x2105,0x2105,0x2105,0x2105,0x2105,
    0x2105,0x2105,0x2105,0x2105,0x2105,0x2105,0x2105,0x2105,0x2105,0x2105,0x2105,0x2105,
    0x2105,0x2105,0x2105,0x2105,0x2104,0x196B,0x19F4,0x19F3,0x19D2,0x2126,0x2105,0x2105,
    0x2105,0x2105,0x1905,0x2125,0x18C4,0xF81F,0xF81F,0xF81F,0xF81F,0xF81F,0xF81F,0xF81F,
    0xF81F,0xF81F,0xF81F,0xF81F,0xF81F,0xF81F,0xF81F,0xF81F,0xF81F,0xF81F,0xF81F,0xF81F,
    0xF81F,0xF81F,0xF81F,0xF81F,0xF81F,0xF81F,0xF81F,0xF81F,0xF81F,0xF81F,0xF81F,0xF81F,
    0xF81F,0xF81F,0xF81F,0xF81F,
    0xF81F,0xF81F,0xF81F,0xF81F,0xF81F,0xF81F,0xF81F,0xF81F,0xF81F,0xF81F,0xF81F,0xF81F,
    0xF81F,0xF81F,0xF81F,0xF81F,0xF81F,0xF81F,0xF81F,0xF81F,0xF81F,0xF81F,0xF81F,0xF81F,
    0xF81F,0xF81F,0xF81F,0xF81F,0xF81F,0xF81F,0xF81F,0xF81F,0xF81F,0xF81F,0xF81F,0x0021,
    0x1905,0x1905,0x1905,0x1905,0x1905,0x1905,0x1905,0x1905,0x1905,0x1905,0x1905,0x1905,
    0x1905,0x1905,0x1905,0x1905,0x1905,0x1905,0x1905,0x1905,0x1905,0x1905,0x1905,0x1905,
    0x1905,0x1905,0x1905,0x1905,0x1905,0x1905,0x196C,0x19AE,0x1948,0x1904,0x1905,0x1905,
    0x1905,0x1905,0x1904,0x2105,0x0841,0xF81F,0xF81F,0xF81F,0xF81F,0xF81F,0xF81F,0xF81F,
    0xF81F,0xF81F,0xF81F,0xF81F,0xF81F,0xF81F,0xF81F,0xF81F,0xF81F,0xF81F,0xF81F,0xF81F,
    0xF81F,0xF81F,0xF81F,0xF81F,0xF81F,0xF81F,0xF81F,0xF81F,0xF81F,0xF81F,0xF81F,0xF81F,
    0xF81F,0xF81F,0xF81F,0xF81F,
    0xF81F,0xF81F,0xF81F,0xF81F,0xF81F,0xF81F,0xF81F,0xF81F,0xF81F,0xF81F,0xF81F,0xF81F,
    0xF81F,0xF81F,0xF81F,0xF81F,0xF81F,0xF81F,0xF81F,0xF81F,0xF81F,0xF81F,0xF81F,0xF81F,
    0xF81F,0xF81F,0xF81F,0xF81F,0xF81F,0xF81F,0xF81F,0xF81F,0xF81F,0xF81F,0xF81F,0xF81F,
    0x10A3,0x2105,0x1904,0x1905,0x1905,0x1905,0x1905,0x1905,0x1905,0x1905,0x1905,0x1905,
    0x1905,0x1905,0x1905,0x1905,0x1905,0x1905,0x1905,0x1905,0x1905,0x1905,0x1905,0x1905,
    0x1905,0x1905,0x1905,0x1905,0x1905,0x1904,0x18E4,0x18E4,0x1904,0x1905,0x1905,0x1905,
    0x1905,0x1904,0x2105,0x10C3,0xF81F,0xF81F,0xF81F,0xF81F,0xF81F,0xF81F,0xF81F,0xF81F,
    0xF81F,0xF81F,0xF81F,0xF81F,0xF81F,0xF81F,0xF81F,0xF81F,0xF81F,0xF81F,0xF81F,0xF81F,
    0xF81F,0xF81F,0xF81F,0xF81F,0xF81F,0xF81F,0xF81F,0xF81F,0xF81F,0xF81F,0xF81F,0xF81F,
    0xF81F,0xF81F,0xF81F,0xF81F,
    0xF81F,0xF81F,0xF81F,0xF81F,0xF81F,0xF81F,0xF81F,0xF81F,0xF81F,0xF81F,0xF81F,0xF81F,
    0xF81F,0xF81F,0xF81F,0xF81F,0xF81F,0xF81F,0xF81F,0xF81F,0xF81F,0xF81F,0xF81F,0xF81F,
    0xF81F,0xF81F,0xF81F,0xF81F,0xF81F,0xF81F,0xF81F,0xF81F,0xF81F,0xF81F,0xF81F,0xF81F,
    0x0020,0x18E4,0x18E4,0x18E4,0x1904,0x1904,0x1904,0x1904,0x1904,0x1904,0x1904,0x1904,
    0x1904,0x1904,0x1904,0x1904,0x1904,0x1904,0x1904,0x1904,0x1904,0x1904,0x1904,0x1904,
    0x1904,0x1904,0x1904,0x1904,0x1904,0x1904,0x1905,0x1905,0x1905,0x1904,0x1904,0x1904,
    0x1904,0x18E4,0x1904,0x0021,0xF81F,0xF81F,0xF81F,0xF81F,0xF81F,0xF81F,0xF81F,0xF81F,
    0xF81F,0xF81F,0xF81F,0xF81F,0xF81F,0xF81F,0xF81F,0xF81F,0xF81F,0xF81F,0xF81F,0xF81F,
    0xF81F,0xF81F,0xF81F,0xF81F,0xF81F,0xF81F,0xF81F,0xF81F,0xF81F,0xF81F,0xF81F,0xF81F,
    0xF81F,0xF81F,0xF81F,0xF81F,
    0xF81F,0xF81F,0xF81F,0xF81F,0xF81F,0xF81F,0xF81F,0xF81F,0xF81F,0xF81F,0xF81F,0xF81F,
    0xF81F,0xF81F,0xF81F,0xF81F,0xF81F,0xF81F,0xF81F,0xF81F,0xF81F,0xF81F,0xF81F,0xF81F,
    0xF81F,0xF81F,0xF81F,0xF81F,0xF81F,0xF81F,0xF81F,0xF81F,0xF81F,0xF81F,0xF81F,0xF81F,
    0xF81F,0x0862,0x1905,0x18E4,0x18E4,0x18E4,0x18E4,0x18E4,0x18E4,0x18E4,0x18E4,0x18E4,
    0x18E4,0x18E4,0x18E4,0x18E4,0x18E4,0x18E4,0x18E4,0x18E4,0x18E4,0x18E4,0x18E4,0x18E4,
    0x18E4,0x18E4,0x18E4,0x18E4,0x18E4,0x18E4,0x18E4,0x18E4,0x18E4,0x18E4,0x18E4,0x18E4,
    0x18E4,0x1905,0x1082,0xF81F,0xF81F,0xF81F,0xF81F,0xF81F,0xF81F,0xF81F,0xF81F,0xF81F,
    0xF81F,0xF81F,0xF81F,0xF81F,0xF81F,0xF81F,0xF81F,0xF81F,0xF81F,0xF81F,0xF81F,0xF81F,
    0xF81F,0xF81F,0xF81F,0xF81F,0xF81F,0xF81F,0xF81F,0xF81F,0xF81F,0xF81F,0xF81F,0xF81F,
    0xF81F,0xF81F,0xF81F,0xF81F,
    0xF81F,0xF81F,0xF81F,0xF81F,0xF81F,0xF81F,0xF81F,0xF81F,0xF81F,0xF81F,0xF81F,0xF81F,
    0xF81F,0xF81F,0xF81F,0xF81F,0xF81F,0xF81F,0xF81F,0xF81F,0xF81F,0xF81F,0xF81F,0xF81F,
    0xF81F,0xF81F,0xF81F,0xF81F,0xF81F,0xF81F,0xF81F,0xF81F,0xF81F,0xF81F,0xF81F,0xF81F,
    0xF81F,0xF81F,0x10A3,0x18E4,0x18E4,0x18E4,0x18E4,0x18E4,0x18E4,0x18E4,0x18E4,0x18E4,
    0x18E4,0x18E4,0x18E4,0x18E4,0x18E4,0x18E4,0x18E4,0x18E4,0x18E4,0x18E4,0x18E4,0x18E4,
    0x18E4,0x18E4,0x18E4,0x18E4,0x18E4,0x18E4,0x18E4,0x18E4,0x18E4,0x18E4,0x18E4,0x18E4,
    0x18E4,0x10C3,0xF81F,0xF81F,0xF81F,0xF81F,0xF81F,0xF81F,0xF81F,0xF81F,0xF81F,0xF81F,
    0xF81F,0xF81F,0xF81F,0xF81F,0xF81F,0xF81F,0xF81F,0xF81F,0xF81F,0xF81F,0xF81F,0xF81F,
    0xF81F,0xF81F,0xF81F,0xF81F,0xF81F,0xF81F,0xF81F,0xF81F,0xF81F,0xF81F,0xF81F,0xF81F,
    0xF81F,0xF81F,0xF81F,0xF81F,
    0xF81F,0xF81F,0xF81F,0xF81F,0xF81F,0xF81F,0xF81F,0xF81F,0xF81F,0xF81F,0xF81F,0xF81F,
    0xF81F,0xF81F,0xF81F,0xF81F,0xF81F,0xF81F,0xF81F,0xF81F,0xF81F,0xF81F,0xF81F,0xF81F,
    0xF81F,0xF81F,0xF81F,0xF81F,0xF81F,0xF81F,0xF81F,0xF81F,0xF81F,0xF81F,0xF81F,0xF81F,
    0xF81F,0xF81F,0x0000,0x10C4,0x18E4,0x18C4,0x18E4,0x18E4,0x18E4,0x18E4,0x18E4,0x18E4,
    0x18E4,0x18E4,0x18E4,0x18E4,0x18E4,0x18E4,0x18E4,0x18E4,0x18E4,0x18E4,0x18E4,0x18E4,
    0x18E4,0x18E4,0x18E4,0x18E4,0x18E4,0x18E4,0x18E4,0x18E4,0x18E4,0x18E4,0x18C4,0x18C4,
    0x18C4,0x0020,0xF81F,0xF81F,0xF81F,0xF81F,0xF81F,0xF81F,0xF81F,0xF81F,0xF81F,0xF81F,
    0xF81F,0xF81F,0xF81F,0xF81F,0xF81F,0xF81F,0xF81F,0xF81F,0xF81F,0xF81F,0xF81F,0xF81F,
    0xF81F,0xF81F,0xF81F,0xF81F,0xF81F,0xF81F,0xF81F,0xF81F,0xF81F,0xF81F,0xF81F,0xF81F,
    0xF81F,0xF81F,0xF81F,0xF81F,
    0xF81F,0xF81F,0xF81F,0xF81F,0xF81F,0xF81F,0xF81F,0xF81F,0xF81F,0xF81F,0xF81F,0xF81F,
    0xF81F,0xF81F,0xF81F,0xF81F,0xF81F,0xF81F,0xF81F,0xF81F,0xF81F,0xF81F,0xF81F,0xF81F,
    0xF81F,0xF81F,0xF81F,0xF81F,0xF81F,0xF81F,0xF81F,0xF81F,0xF81F,0xF81F,0xF81F,0xF81F,
    0xF81F,0xF81F,0xF81F,0x0021,0x18C4,0x18C4,0x10C4,0x18C4,0x18C4,0x18C4,0x18C4,0x18C4,
    0x18C4,0x18C4,0x18C4,0x18C4,0x18C4,0x18C4,0x18C4,0x18C4,0x18C4,0x18C4,0x18C4,0x18C4,
    0x18C4,0x18C4,0x18C4,0x18C4,0x18C4,0x18C4,0x18C4,0x18C4,0x18C4,0x10C4,0x10C4,0x18E4,
    0x0841,0xF81F,0xF81F,0xF81F,0xF81F,0xF81F,0xF81F,0xF81F,0xF81F,0xF81F,0xF81F,0xF81F,
    0xF81F,0xF81F,0xF81F,0xF81F,0xF81F,0xF81F,0xF81F,0xF81F,0xF81F,0xF81F,0xF81F,0xF81F,
    0xF81F,0xF81F,0xF81F,0xF81F,0xF81F,0xF81F,0xF81F,0xF81F,0xF81F,0xF81F,0xF81F,0xF81F,
    0xF81F,0xF81F,0xF81F,0xF81F,
    0xF81F,0xF81F,0xF81F,0xF81F,0xF81F,0xF81F,0xF81F,0xF81F,0xF81F,0xF81F,0xF81F,0xF81F,
    0xF81F,0xF81F,0xF81F,0xF81F,0xF81F,0xF81F,0xF81F,0xF81F,0xF81F,0xF81F,0xF81F,0xF81F,
    0xF81F,0xF81F,0xF81F,0xF81F,0xF81F,0xF81F,0xF81F,0xF81F,0xF81F,0xF81F,0xF81F,0xF81F,
    0xF81F,0xF81F,0xF81F,0xF81F,0x0041,0x10C4,0x10C4,0x10C3,0x10C4,0x10C4,0x10C4,0x10C4,
    0x10C4,0x10C4,0x10C4,0x10C4,0x10C4,0x10C4,0x10C4,0x10C4,0x10C4,0x10C4,0x10C4,0x10C4,
    0x10C4,0x10C4,0x10C4,0x10C4,0x10C4,0x10C4,0x10C4,0x10C4,0x10C3,0x10C3,0x18C4,0x0841,
    0xF81F,0xF81F,0xF81F,0xF81F,0xF81F,0xF81F,0xF81F,0xF81F,0xF81F,0xF81F,0xF81F,0xF81F,
    0xF81F,0xF81F,0xF81F,0xF81F,0xF81F,0xF81F,0xF81F,0xF81F,0xF81F,0xF81F,0xF81F,0xF81F,
    0xF81F,0xF81F,0xF81F,0xF81F,0xF81F,0xF81F,0xF81F,0xF81F,0xF81F,0xF81F,0xF81F,0xF81F,
    0xF81F,0xF81F,0xF81F,0xF81F,
    0xF81F,0xF81F,0xF81F,0xF81F,0xF81F,0xF81F,0xF81F,0xF81F,0xF81F,0xF81F,0xF81F,0xF81F,
    0xF81F,0xF81F,0xF81F,0xF81F,0xF81F,0xF81F,0xF81F,0xF81F,0xF81F,0xF81F,0xF81F,0xF81F,
    0xF81F,0xF81F,0xF81F,0xF81F,0xF81F,0xF81F,0xF81F,0xF81F,0xF81F,0xF81F,0xF81F,0xF81F,
    0xF81F,0xF81F,0xF81F,0xF81F,0xF81F,0x0041,0x10C3,0x10C3,0x10A3,0x10C3,0x10C3,0x10C3,
    0x10C3,0x10C3,0x10C3,0x10C3,0x10C3,0x10C3,0x10C3,0x10C3,0x10C3,0x10C3,0x10C3,0x10C3,
    0x10C3,0x10C3,0x10C3,0x10C3,0x10C3,0x10C3,0x10C3,0x10A3,0x10C3,0x18C4,0x0841,0xF81F,
    0xF81F,0xF81F,0xF81F,0xF81F,0xF81F,0xF81F,0xF81F,0xF81F,0xF81F,0xF81F,0xF81F,0xF81F,
    0xF81F,0xF81F,0xF81F,0xF81F,0xF81F,0xF81F,0xF81F,0xF81F,0xF81F,0xF81F,0xF81F,0xF81F,
    0xF81F,0xF81F,0xF81F,0xF81F,0xF81F,0xF81F,0xF81F,0xF81F,0xF81F,0xF81F,0xF81F,0xF81F,
    0xF81F,0xF81F,0xF81F,0xF81F,
    0xF81F,0xF81F,0xF81F,0xF81F,0xF81F,0xF81F,0xF81F,0xF81F,0xF81F,0xF81F,0xF81F,0xF81F,
    0xF81F,0xF81F,0xF81F,0xF81F,0xF81F,0xF81F,0xF81F,0xF81F,0xF81F,0xF81F,0xF81F,0xF81F,
    0xF81F,0xF81F,0xF81F,0xF81F,0xF81F,0xF81F,0xF81F,0xF81F,0xF81F,0xF81F,0xF81F,0xF81F,
    0xF81F,0xF81F,0xF81F,0xF81F,0xF81F,0xF81F,0x0021,0x10A3,0x10C3,0x10A3,0x10A3,0x10C3,
    0x10C3,0x10C3,0x10C3,0x10C3,0x10C3,0x10C3,0x10C3,0x10C3,0x10C3,0x10C3,0x10C3,0x10C3,
    0x10C3,0x10C3,0x10C3,0x10C3,0x10C3,0x10A3,0x10A3,0x10C3,0x10A3,0x0841,0xF81F,0xF81F,
    0xF81F,0xF81F,0xF81F,0xF81F,0xF81F,0xF81F,0xF81F,0xF81F,0xF81F,0xF81F,0xF81F,0xF81F,
    0xF81F,0xF81F,0xF81F,0xF81F,0xF81F,0xF81F,0xF81F,0xF81F,0xF81F,0xF81F,0xF81F,0xF81F,
    0xF81F,0xF81F,0xF81F,0xF81F,0xF81F,0xF81F,0xF81F,0xF81F,0xF81F,0xF81F,0xF81F,0xF81F,
    0xF81F,0xF81F,0xF81F,0xF81F,
    0xF81F,0xF81F,0xF81F,0xF81F,0xF81F,0xF81F,0xF81F,0xF81F,0xF81F,0xF81F,0xF81F,0xF81F,
    0xF81F,0xF81F,0xF81F,0xF81F,0xF81F,0xF81F,0xF81F,0xF81F,0xF81F,0xF81F,0xF81F,0xF81F,
    0xF81F,0xF81F,0xF81F,0xF81F,0xF81F,0xF81F,0xF81F,0xF81F,0xF81F,0xF81F,0xF81F,0xF81F,
    0xF81F,0xF81F,0xF81F,0xF81F,0xF81F,0xF81F,0xF81F,0x0000,0x1082,0x10C3,0x10A3,0x10A3,
    0x10A3,0x10A3,0x10A3,0x10A3,0x10A3,0x10A3,0x10A3,0x10A3,0x10A3,0x10A3,0x10A3,0x10A3,
    0x10A3,0x10A3,0x10A3,0x10A3,0x10A3,0x10A3,0x10C3,0x1083,0x0020,0xF81F,0xF81F,0xF81F,
    0xF81F,0xF81F,0xF81F,0xF81F,0xF81F,0xF81F,0xF81F,0xF81F,0xF81F,0xF81F,0xF81F,0xF81F,
    0xF81F,0xF81F,0xF81F,0xF81F,0xF81F,0xF81F,0xF81F,0xF81F,0xF81F,0xF81F,0xF81F,0xF81F,
    0xF81F,0xF81F,0xF81F,0xF81F,0xF81F,0xF81F,0xF81F,0xF81F,0xF81F,0xF81F,0xF81F,0xF81F,
    0xF81F,0xF81F,0xF81F,0xF81F,
    0xF81F,0xF81F,0xF81F,0xF81F,0xF81F,0xF81F,0xF81F,0xF81F,0xF81F,0xF81F,0xF81F,0xF81F,
    0xF81F,0xF81F,0xF81F,0xF81F,0xF81F,0xF81F,0xF81F,0xF81F,0xF81F,0xF81F,0xF81F,0xF81F,
    0xF81F,0xF81F,0xF81F,0xF81F,0xF81F,0xF81F,0xF81F,0xF81F,0xF81F,0xF81F,0xF81F,0xF81F,
    0xF81F,0xF81F,0xF81F,0xF81F,0xF81F,0xF81F,0xF81F,0xF81F,0xF81F,0x0841,0x10A3,0x10A3,
    0x10A3,0x10A3,0x10A3,0x10A3,0x10A3,0x10A3,0x10A3,0x10A3,0x10A3,0x10A3,0x10A3,0x10A3,
    0x10A3,0x10A3,0x10A3,0x10A3,0x10A3,0x10A3,0x0862,0xF81F,0xF81F,0xF81F,0xF81F,0xF81F,
    0xF81F,0xF81F,0xF81F,0xF81F,0xF81F,0xF81F,0xF81F,0xF81F,0xF81F,0xF81F,0xF81F,0xF81F,
    0xF81F,0xF81F,0xF81F,0xF81F,0xF81F,0xF81F,0xF81F,0xF81F,0xF81F,0xF81F,0xF81F,0xF81F,
    0xF81F,0xF81F,0xF81F,0xF81F,0xF81F,0xF81F,0xF81F,0xF81F,0xF81F,0xF81F,0xF81F,0xF81F,
    0xF81F,0xF81F,0xF81F,0xF81F,
    0xF81F,0xF81F,0xF81F,0xF81F,0xF81F,0xF81F,0xF81F,0xF81F,0xF81F,0xF81F,0xF81F,0xF81F,
    0xF81F,0xF81F,0xF81F,0xF81F,0xF81F,0xF81F,0xF81F,0xF81F,0xF81F,0xF81F,0xF81F,0xF81F,
    0xF81F,0xF81F,0xF81F,0xF81F,0xF81F,0xF81F,0xF81F,0xF81F,0xF81F,0xF81F,0xF81F,0xF81F,
    0xF81F,0xF81F,0xF81F,0xF81F,0xF81F,0xF81F,0xF81F,0xF81F,0xF81F,0xF81F,0x0020,0x0862,
    0x1083,0x10A3,0x10A3,0x10A3,0x1083,0x1083,0x1083,0x1083,0x1083,0x1083,0x1083,0x1083,
    0x10A3,0x10A3,0x10A3,0x1083,0x0862,0x0020,0xF81F,0xF81F,0xF81F,0xF81F,0xF81F,0xF81F,
    0xF81F,0xF81F,0xF81F,0xF81F,0xF81F,0xF81F,0xF81F,0xF81F,0xF81F,0xF81F,0xF81F,0xF81F,
    0xF81F,0xF81F,0xF81F,0xF81F,0xF81F,0xF81F,0xF81F,0xF81F,0xF81F,0xF81F,0xF81F,0xF81F,
    0xF81F,0xF81F,0xF81F,0xF81F,0xF81F,0xF81F,0xF81F,0xF81F,0xF81F,0xF81F,0xF81F,0xF81F,
    0xF81F,0xF81F,0xF81F,0xF81F,
    0xF81F,0xF81F,0xF81F,0xF81F,0xF81F,0xF81F,0xF81F,0xF81F,0xF81F,0xF81F,0xF81F,0xF81F,
    0xF81F,0xF81F,0xF81F,0xF81F,0xF81F,0xF81F,0xF81F,0xF81F,0xF81F,0xF81F,0xF81F,0xF81F,
    0xF81F,0xF81F,0xF81F,0xF81F,0xF81F,0xF81F,0xF81F,0xF81F,0xF81F,0xF81F,0xF81F,0xF81F,
    0xF81F,0xF81F,0xF81F,0xF81F,0xF81F,0xF81F,0xF81F,0xF81F,0xF81F,0xF81F,0xF81F,0xF81F,
    0x0000,0x0841,0x0882,0x0882,0x10A3,0x10A3,0x10A3,0x10A3,0x10A3,0x10A3,0x10A3,0x10A3,
    0x1082,0x0882,0x0841,0x0020,0xF81F,0xF81F,0xF81F,0xF81F,0xF81F,0xF81F,0xF81F,0xF81F,
    0xF81F,0xF81F,0xF81F,0xF81F,0xF81F,0xF81F,0xF81F,0xF81F,0xF81F,0xF81F,0xF81F,0xF81F,
    0xF81F,0xF81F,0xF81F,0xF81F,0xF81F,0xF81F,0xF81F,0xF81F,0xF81F,0xF81F,0xF81F,0xF81F,
    0xF81F,0xF81F,0xF81F,0xF81F,0xF81F,0xF81F,0xF81F,0xF81F,0xF81F,0xF81F,0xF81F,0xF81F,
    0xF81F,0xF81F,0xF81F,0xF81F,
    0xF81F,0xF81F,0xF81F,0xF81F,0xF81F,0xF81F,0xF81F,0xF81F,0xF81F,0xF81F,0xF81F,0xF81F,
    0xF81F,0xF81F,0xF81F,0xF81F,0xF81F,0xF81F,0xF81F,0xF81F,0xF81F,0xF81F,0xF81F,0xF81F,
    0xF81F,0xF81F,0xF81F,0xF81F,0xF81F,0xF81F,0xF81F,0xF81F,0xF81F,0xF81F,0xF81F,0xF81F,
    0xF81F,0xF81F,0xF81F,0xF81F,0xF81F,0xF81F,0xF81F,0xF81F,0xF81F,0xF81F,0xF81F,0xF81F,
    0xF81F,0xF81F,0xF81F,0x0000,0x0021,0x0841,0x0841,0x0841,0x0841,0x0841,0x0841,0x0021,
    0x0000,0xF81F,0xF81F,0xF81F,0xF81F,0xF81F,0xF81F,0xF81F,0xF81F,0xF81F,0xF81F,0xF81F,
    0xF81F,0xF81F,0xF81F,0xF81F,0xF81F,0xF81F,0xF81F,0xF81F,0xF81F,0xF81F,0xF81F,0xF81F,
    0xF81F,0xF81F,0xF81F,0xF81F,0xF81F,0xF81F,0xF81F,0xF81F,0xF81F,0xF81F,0xF81F,0xF81F,
    0xF81F,0xF81F,0xF81F,0xF81F,0xF81F,0xF81F,0xF81F,0xF81F,0xF81F,0xF81F,0xF81F,0xF81F,
    0xF81F,0xF81F,0xF81F,0xF81F,
    0xF81F,0xF81F,0xF81F,0xF81F,0xF81F,0xF81F,0xF81F,0xF81F,0xF81F,0xF81F,0xF81F,0xF81F,
    0xF81F,0xF81F,0xF81F,0xF81F,0xF81F,0xF81F,0xF81F,0xF81F,0xF81F,0xF81F,0xF81F,0xF81F,
    0xF81F,0xF81F,0xF81F,0xF81F,0xF81F,0xF81F,0xF81F,0xF81F,0xF81F,0xF81F,0xF81F,0xF81F,
    0xF81F,0xF81F,0xF81F,0xF81F,0xF81F,0xF81F,0xF81F,0xF81F,0xF81F,0xF81F,0xF81F,0xF81F,
    0xF81F,0xF81F,0xF81F,0xF81F,0xF81F,0xF81F,0xF81F,0xF81F,0xF81F,0xF81F,0xF81F,0xF81F,
    0xF81F,0xF81F,0xF81F,0xF81F,0xF81F,0xF81F,0xF81F,0xF81F,0xF81F,0xF81F,0xF81F,0xF81F,
    0xF81F,0xF81F,0xF81F,0xF81F,0xF81F,0xF81F,0xF81F,0xF81F,0xF81F,0xF81F,0xF81F,0xF81F,
    0xF81F,0xF81F,0xF81F,0xF81F,0xF81F,0xF81F,0xF81F,0xF81F,0xF81F,0xF81F,0xF81F,0xF81F,
    0xF81F,0xF81F,0xF81F,0xF81F,0xF81F,0xF81F,0xF81F,0xF81F,0xF81F,0xF81F,0xF81F,0xF81F,
    0xF81F,0xF81F,0xF81F,0xF81F,
    0xF81F,0xF81F,0xF81F,0xF81F,0xF81F,0xF81F,0xF81F,0xF81F,0xF81F,0xF81F,0xF81F,0xF81F,
    0xF81F,0xF81F,0xF81F,0xF81F,0xF81F,0xF81F,0xF81F,0xF81F,0xF81F,0xF81F,0xF81F,0xF81F,
    0xF81F,0xF81F,0xF81F,0xF81F,0xF81F,0xF81F,0xF81F,0xF81F,0xF81F,0xF81F,0xF81F,0xF81F,
    0xF81F,0xF81F,0xF81F,0xF81F,0xF81F,0xF81F,0xF81F,0xF81F,0xF81F,0xF81F,0xF81F,0xF81F,
    0xF81F,0xF81F,0xF81F,0xF81F,0xF81F,0xF81F,0xF81F,0xF81F,0xF81F,0xF81F,0xF81F,0xF81F,
    0xF81F,0xF81F,0xF81F,0xF81F,0xF81F,0xF81F,0xF81F,0xF81F,0xF81F,0xF81F,0xF81F,0xF81F,
    0xF81F,0xF81F,0xF81F,0xF81F,0xF81F,0xF81F,0xF81F,0xF81F,0xF81F,0xF81F,0xF81F,0xF81F,
    0xF81F,0xF81F,0xF81F,0xF81F,0xF81F,0xF81F,0xF81F,0xF81F,0xF81F,0xF81F,0xF81F,0xF81F,
    0xF81F,0xF81F,0xF81F,0xF81F,0xF81F,0xF81F,0xF81F,0xF81F,0xF81F,0xF81F,0xF81F,0xF81F,
    0xF81F,0xF81F,0xF81F,0xF81F,
    0xF81F,0xF81F,0xF81F,0xF81F,0xF81F,0xF81F,0xF81F,0xF81F,0xF81F,0xF81F,0xF81F,0xF81F,
    0xF81F,0xF81F,0xF81F,0xF81F,0xF81F,0xF81F,0xF81F,0xF81F,0xF81F,0xF81F,0xF81F,0xF81F,
    0xF81F,0xF81F,0xF81F,0xF81F,0xF81F,0xF81F,0xF81F,0xF81F,0xF81F,0xF81F,0xF81F,0xF81F,
    0xF81F,0xF81F,0xF81F,0xF81F,0xF81F,0xF81F,0xF81F,0xF81F,0xF81F,0xF81F,0xF81F,0xF81F,
    0xF81F,0xF81F,0xF81F,0xF81F,0xF81F,0xF81F,0xF81F,0xF81F,0xF81F,0xF81F,0xF81F,0xF81F,
    0xF81F,0xF81F,0xF81F,0xF81F,0xF81F,0xF81F,0xF81F,0xF81F,0xF81F,0xF81F,0xF81F,0xF81F,
    0xF81F,0xF81F,0xF81F,0xF81F,0xF81F,0xF81F,0xF81F,0xF81F,0xF81F,0xF81F,0xF81F,0xF81F,
    0xF81F,0xF81F,0xF81F,0xF81F,0xF81F,0xF81F,0xF81F,0xF81F,0xF81F,0xF81F,0xF81F,0xF81F,
    0xF81F,0xF81F,0xF81F,0xF81F,0xF81F,0xF81F,0xF81F,0xF81F,0xF81F,0xF81F,0xF81F,0xF81F,
    0xF81F,0xF81F,0xF81F,0xF81F,
    0xF81F,0xF81F,0xF81F,0xF81F,0xF81F,0xF81F,0xF81F,0xF81F,0xF81F,0xF81F,0xF81F,0xF81F,
    0xF81F,0xF81F,0xF81F,0xF81F,0xF81F,0xF81F,0xF81F,0xF81F,0xF81F,0xF81F,0xF81F,0xF81F,
    0xF81F,0xF81F,0xF81F,0xF81F,0xF81F,0xF81F,0xF81F,0xF81F,0xF81F,0xF81F,0xF81F,0xF81F,
    0xF81F,0xF81F,0xF81F,0xF81F,0xF81F,0xF81F,0xF81F,0xF81F,0xF81F,0xF81F,0xF81F,0xF81F,
    0xF81F,0xF81F,0xF81F,0xF81F,0xF81F,0xF81F,0xF81F,0xF81F,0xF81F,0xF81F,0xF81F,0xF81F,
    0xF81F,0xF81F,0xF81F,0xF81F,0xF81F,0xF81F,0xF81F,0xF81F,0xF81F,0xF81F,0xF81F,0xF81F,
    0xF81F,0xF81F,0xF81F,0xF81F,0xF81F,0xF81F,0xF81F,0xF81F,0xF81F,0xF81F,0xF81F,0xF81F,
    0xF81F,0xF81F,0xF81F,0xF81F,0xF81F,0xF81F,0xF81F,0xF81F,0xF81F,0xF81F,0xF81F,0xF81F,
    0xF81F,0xF81F,0xF81F,0xF81F,0xF81F,0xF81F,0xF81F,0xF81F,0xF81F,0xF81F,0xF81F,0xF81F,
    0xF81F,0xF81F,0xF81F,0xF81F,
    0xF81F,0xF81F,0xF81F,0xF81F,0xF81F,0xF81F,0xF81F,0xF81F,0xF81F,0xF81F,0xF81F,0xF81F,
    0xF81F,0xF81F,0xF81F,0xF81F,0xF81F,0xF81F,0xF81F,0xF81F,0xF81F,0xF81F,0xF81F,0xF81F,
    0xF81F,0xF81F,0xF81F,0xF81F,0xF81F,0xF81F,0xF81F,0xF81F,0xF81F,0xF81F,0xF81F,0xF81F,
    0xF81F,0xF81F,0xF81F,0xF81F,0xF81F,0xF81F,0xF81F,0xF81F,0xF81F,0xF81F,0xF81F,0xF81F,
    0xF81F,0xF81F,0xF81F,0xF81F,0xF81F,0xF81F,0xF81F,0xF81F,0xF81F,0xF81F,0xF81F,0xF81F,
    0xF81F,0xF81F,0xF81F,0xF81F,0xF81F,0xF81F,0xF81F,0xF81F,0xF81F,0xF81F,0xF81F,0xF81F,
    0xF81F,0xF81F,0xF81F,0xF81F,0xF81F,0xF81F,0xF81F,0xF81F,0xF81F,0xF81F,0xF81F,0xF81F,
    0xF81F,0xF81F,0xF81F,0xF81F,0xF81F,0xF81F,0xF81F,0xF81F,0xF81F,0xF81F,0xF81F,0xF81F,
    0xF81F,0xF81F,0xF81F,0xF81F,0xF81F,0xF81F,0xF81F,0xF81F,0xF81F,0xF81F,0xF81F,0xF81F,
    0xF81F,0xF81F,0xF81F,0xF81F,
    0xF81F,0xF81F,0xF81F,0xF81F,0xF81F,0xF81F,0xF81F,0xF81F,0xF81F,0xF81F,0xF81F,0xF81F,
    0xF81F,0xF81F,0xF81F,0xF81F,0xF81F,0xF81F,0xF81F,0xF81F,0xF81F,0xF81F,0xF81F,0xF81F,
    0xF81F,0xF81F,0xF81F,0xF81F,0xF81F,0xF81F,0xF81F,0xF81F,0xF81F,0xF81F,0xF81F,0xF81F,
    0xF81F,0xF81F,0xF81F,0xF81F,0xF81F,0xF81F,0xF81F,0xF81F,0xF81F,0xF81F,0xF81F,0xF81F,
    0xF81F,0xF81F,0xF81F,0xF81F,0xF81F,0xF81F,0xF81F,0xF81F,0xF81F,0xF81F,0xF81F,0xF81F,
    0xF81F,0xF81F,0xF81F,0xF81F,0xF81F,0xF81F,0xF81F,0xF81F,0xF81F,0xF81F,0xF81F,0xF81F,
    0xF81F,0xF81F,0xF81F,0xF81F,0xF81F,0xF81F,0xF81F,0xF81F,0xF81F,0xF81F,0xF81F,0xF81F,
    0xF81F,0xF81F,0xF81F,0xF81F,0xF81F,0xF81F,0xF81F,0xF81F,0xF81F,0xF81F,0xF81F,0xF81F,
    0xF81F,0xF81F,0xF81F,0xF81F,0xF81F,0xF81F,0xF81F,0xF81F,0xF81F,0xF81F,0xF81F,0xF81F,
    0xF81F,0xF81F,0xF81F,0xF81F,
    0xF81F,0xF81F,0xF81F,0xF81F,0xF81F,0xF81F,0xF81F,0xF81F,0xF81F,0xF81F,0xF81F,0xF81F,
    0xF81F,0xF81F,0xF81F,0xF81F,0xF81F,0xF81F,0xF81F,0xF81F,0xF81F,0xF81F,0xF81F,0xF81F,
    0xF81F,0xF81F,0xF81F,0xF81F,0xF81F,0xF81F,0xF81F,0xF81F,0xF81F,0xF81F,0xF81F,0xF81F,
    0xF81F,0xF81F,0xF81F,0xF81F,0xF81F,0xF81F,0xF81F,0xF81F,0xF81F,0xF81F,0xF81F,0xF81F,
    0xF81F,0xF81F,0xF81F,0xF81F,0xF81F,0xF81F,0xF81F,0xF81F,0xF81F,0xF81F,0xF81F,0xF81F,
    0xF81F,0xF81F,0xF81F,0xF81F,0xF81F,0xF81F,0xF81F,0xF81F,0xF81F,0xF81F,0xF81F,0xF81F,
    0xF81F,0xF81F,0xF81F,0xF81F,0xF81F,0xF81F,0xF81F,0xF81F,0xF81F,0xF81F,0xF81F,0xF81F,
    0xF81F,0xF81F,0xF81F,0xF81F,0xF81F,0xF81F,0xF81F,0xF81F,0xF81F,0xF81F,0xF81F,0xF81F,
    0xF81F,0xF81F,0xF81F,0xF81F,0xF81F,0xF81F,0xF81F,0xF81F,0xF81F,0xF81F,0xF81F,0xF81F,
    0xF81F,0xF81F,0xF81F,0xF81F,
    0xF81F,0xF81F,0xF81F,0xF81F,0xF81F,0xF81F,0xF81F,0xF81F,0xF81F,0xF81F,0xF81F,0xF81F,
    0xF81F,0xF81F,0xF81F,0xF81F,0xF81F,0xF81F,0xF81F,0xF81F,0xF81F,0xF81F,0xF81F,0xF81F,
    0xF81F,0xF81F,0xF81F,0xF81F,0xF81F,0xF81F,0xF81F,0xF81F,0xF81F,0xF81F,0xF81F,0xF81F,
    0xF81F,0xF81F,0xF81F,0xF81F,0xF81F,0xF81F,0xF81F,0xF81F,0xF81F,0xF81F,0xF81F,0xF81F,
    0xF81F,0xF81F,0xF81F,0xF81F,0xF81F,0xF81F,0xF81F,0xF81F,0xF81F,0xF81F,0xF81F,0xF81F,
    0xF81F,0xF81F,0xF81F,0xF81F,0xF81F,0xF81F,0xF81F,0xF81F,0xF81F,0xF81F,0xF81F,0xF81F,
    0xF81F,0xF81F,0xF81F,0xF81F,0xF81F,0xF81F,0xF81F,0xF81F,0xF81F,0xF81F,0xF81F,0xF81F,
    0xF81F,0xF81F,0xF81F,0xF81F,0xF81F,0xF81F,0xF81F,0xF81F,0xF81F,0xF81F,0xF81F,0xF81F,
    0xF81F,0xF81F,0xF81F,0xF81F,0xF81F,0xF81F,0xF81F,0xF81F,0xF81F,0xF81F,0xF81F,0xF81F,
    0xF81F,0xF81F,0xF81F,0xF81F,
    0xF81F,0xF81F,0xF81F,0xF81F,0xF81F,0xF81F,0xF81F,0xF81F,0xF81F,0xF81F,0xF81F,0xF81F,
    0xF81F,0xF81F,0xF81F,0xF81F,0xF81F,0xF81F,0xF81F,0xF81F,0xF81F,0xF81F,0xF81F,0xF81F,
    0xF81F,0xF81F,0xF81F,0xF81F,0xF81F,0xF81F,0xF81F,0xF81F,0xF81F,0xF81F,0xF81F,0xF81F,
    0xF81F,0xF81F,0xF81F,0xF81F,0xF81F,0xF81F,0xF81F,0xF81F,0xF81F,0xF81F,0xF81F,0xF81F,
    0xF81F,0xF81F,0xF81F,0xF81F,0xF81F,0xF81F,0xF81F,0xF81F,0xF81F,0xF81F,0xF81F,0xF81F,
    0xF81F,0xF81F,0xF81F,0xF81F,0xF81F,0xF81F,0xF81F,0xF81F,0xF81F,0xF81F,0xF81F,0xF81F,
    0xF81F,0xF81F,0xF81F,0xF81F,0xF81F,0xF81F,0xF81F,0xF81F,0xF81F,0xF81F,0xF81F,0xF81F,
    0xF81F,0xF81F,0xF81F,0xF81F,0xF81F,0xF81F,0xF81F,0xF81F,0xF81F,0xF81F,0xF81F,0xF81F,
    0xF81F,0xF81F,0xF81F,0xF81F,0xF81F,0xF81F,0xF81F,0xF81F,0xF81F,0xF81F,0xF81F,0xF81F,
    0xF81F,0xF81F,0xF81F,0xF81F,
    0xF81F,0xF81F,0xF81F,0xF81F,0xF81F,0xF81F,0xF81F,0xF81F,0xF81F,0xF81F,0xF81F,0xF81F,
    0xF81F,0xF81F,0xF81F,0xF81F,0xF81F,0xF81F,0xF81F,0xF81F,0xF81F,0xF81F,0xF81F,0xF81F,
    0xF81F,0xF81F,0xF81F,0xF81F,0xF81F,0xF81F,0xF81F,0xF81F,0xF81F,0xF81F,0xF81F,0xF81F,
    0xF81F,0xF81F,0xF81F,0xF81F,0xF81F,0xF81F,0xF81F,0xF81F,0xF81F,0xF81F,0xF81F,0xF81F,
    0xF81F,0xF81F,0xF81F,0xF81F,0xF81F,0xF81F,0xF81F,0xF81F,0xF81F,0xF81F,0xF81F,0xF81F,
    0xF81F,0xF81F,0xF81F,0xF81F,0xF81F,0xF81F,0xF81F,0xF81F,0xF81F,0xF81F,0xF81F,0xF81F,
    0xF81F,0xF81F,0xF81F,0xF81F,0xF81F,0xF81F,0xF81F,0xF81F,0xF81F,0xF81F,0xF81F,0xF81F,
    0xF81F,0xF81F,0xF81F,0xF81F,0xF81F,0xF81F,0xF81F,0xF81F,0xF81F,0xF81F,0xF81F,0xF81F,
    0xF81F,0xF81F,0xF81F,0xF81F,0xF81F,0xF81F,0xF81F,0xF81F,0xF81F,0xF81F,0xF81F,0xF81F,
    0xF81F,0xF81F,0xF81F,0xF81F,
    0xF81F,0xF81F,0xF81F,0xF81F,0xF81F,0xF81F,0xF81F,0xF81F,0xF81F,0xF81F,0xF81F,0xF81F,
    0xF81F,0xF81F,0xF81F,0xF81F,0xF81F,0xF81F,0xF81F,0xF81F,0xF81F,0xF81F,0xF81F,0xF81F,
    0xF81F,0xF81F,0xF81F,0xF81F,0xF81F,0xF81F,0xF81F,0xF81F,0xF81F,0xF81F,0xF81F,0xF81F,
    0xF81F,0xF81F,0xF81F,0xF81F,0xF81F,0xF81F,0xF81F,0xF81F,0xF81F,0xF81F,0xF81F,0xF81F,
    0xF81F,0xF81F,0xF81F,0xF81F,0xF81F,0xF81F,0xF81F,0xF81F,0xF81F,0xF81F,0xF81F,0xF81F,
    0xF81F,0xF81F,0xF81F,0xF81F,0xF81F,0xF81F,0xF81F,0xF81F,0xF81F,0xF81F,0xF81F,0xF81F,
    0xF81F,0xF81F,0xF81F,0xF81F,0xF81F,0xF81F,0xF81F,0xF81F,0xF81F,0xF81F,0xF81F,0xF81F,
    0xF81F,0xF81F,0xF81F,0xF81F,0xF81F,0xF81F,0xF81F,0xF81F,0xF81F,0xF81F,0xF81F,0xF81F,
    0xF81F,0xF81F,0xF81F,0xF81F,0xF81F,0xF81F,0xF81F,0xF81F,0xF81F,0xF81F,0xF81F,0xF81F,
    0xF81F,0xF81F,0xF81F,0xF81F,
    0xF81F,0xF81F,0xF81F,0xF81F,0xF81F,0xF81F,0xF81F,0xF81F,0xF81F,0xF81F,0xF81F,0xF81F,
    0xF81F,0xF81F,0xF81F,0xF81F,0xF81F,0xF81F,0xF81F,0xF81F,0xF81F,0xF81F,0xF81F,0xF81F,
    0xF81F,0xF81F,0xF81F,0xF81F,0xF81F,0xF81F,0xF81F,0xF81F,0xF81F,0xF81F,0xF81F,0xF81F,
    0xF81F,0xF81F,0xF81F,0xF81F,0xF81F,0xF81F,0xF81F,0xF81F,0xF81F,0xF81F,0xF81F,0xF81F,
    0xF81F,0xF81F,0xF81F,0xF81F,0xF81F,0xF81F,0xF81F,0xF81F,0xF81F,0xF81F,0xF81F,0xF81F,
    0xF81F,0xF81F,0xF81F,0xF81F,0xF81F,0xF81F,0xF81F,0xF81F,0xF81F,0xF81F,0xF81F,0xF81F,
    0xF81F,0xF81F,0xF81F,0xF81F,0xF81F,0xF81F,0xF81F,0xF81F,0xF81F,0xF81F,0xF81F,0xF81F,
    0xF81F,0xF81F,0xF81F,0xF81F,0xF81F,0xF81F,0xF81F,0xF81F,0xF81F,0xF81F,0xF81F,0xF81F,
    0xF81F,0xF81F,0xF81F,0xF81F,0xF81F,0xF81F,0xF81F,0xF81F,0xF81F,0xF81F,0xF81F,0xF81F,
    0xF81F,0xF81F,0xF81F,0xF81F,
    0xF81F,0xF81F,0xF81F,0xF81F,0xF81F,0xF81F,0xF81F,0xF81F,0xF81F,0xF81F,0xF81F,0xF81F,
    0xF81F,0xF81F,0xF81F,0xF81F,0xF81F,0xF81F,0xF81F,0xF81F,0xF81F,0xF81F,0xF81F,0xF81F,
    0xF81F,0xF81F,0xF81F,0xF81F,0xF81F,0xF81F,0xF81F,0xF81F,0xF81F,0xF81F,0xF81F,0xF81F,
    0xF81F,0xF81F,0xF81F,0xF81F,0xF81F,0xF81F,0xF81F,0xF81F,0xF81F,0xF81F,0xF81F,0xF81F,
    0xF81F,0xF81F,0xF81F,0xF81F,0xF81F,0xF81F,0xF81F,0xF81F,0xF81F,0xF81F,0xF81F,0xF81F,
    0xF81F,0xF81F,0xF81F,0xF81F,0xF81F,0xF81F,0xF81F,0xF81F,0xF81F,0xF81F,0xF81F,0xF81F,
    0xF81F,0xF81F,0xF81F,0xF81F,0xF81F,0xF81F,0xF81F,0xF81F,0xF81F,0xF81F,0xF81F,0xF81F,
    0xF81F,0xF81F,0xF81F,0xF81F,0xF81F,0xF81F,0xF81F,0xF81F,0xF81F,0xF81F,0xF81F,0xF81F,
    0xF81F,0xF81F,0xF81F,0xF81F,0xF81F,0xF81F,0xF81F,0xF81F,0xF81F,0xF81F,0xF81F,0xF81F,
    0xF81F,0xF81F,0xF81F,0xF81F,
    0xF81F,0xF81F,0xF81F,0xF81F,0xF81F,0xF81F,0xF81F,0xF81F,0xF81F,0xF81F,0xF81F,0xF81F,
    0xF81F,0xF81F,0xF81F,0xF81F,0xF81F,0xF81F,0xF81F,0xF81F,0xF81F,0xF81F,0xF81F,0xF81F,
    0xF81F,0xF81F,0xF81F,0xF81F,0xF81F,0xF81F,0xF81F,0xF81F,0xF81F,0xF81F,0xF81F,0xF81F,
    0xF81F,0xF81F,0xF81F,0xF81F,0xF81F,0xF81F,0xF81F,0xF81F,0xF81F,0xF81F,0xF81F,0xF81F,
    0xF81F,0xF81F,0xF81F,0xF81F,0xF81F,0xF81F,0xF81F,0xF81F,0xF81F,0xF81F,0xF81F,0xF81F,
    0xF81F,0xF81F,0xF81F,0xF81F,0xF81F,0xF81F,0xF81F,0xF81F,0xF81F,0xF81F,0xF81F,0xF81F,
    0xF81F,0xF81F,0xF81F,0xF81F,0xF81F,0xF81F,0xF81F,0xF81F,0xF81F,0xF81F,0xF81F,0xF81F,
    0xF81F,0xF81F,0xF81F,0xF81F,0xF81F,0xF81F,0xF81F,0xF81F,0xF81F,0xF81F,0xF81F,0xF81F,
    0xF81F,0xF81F,0xF81F,0xF81F,0xF81F,0xF81F,0xF81F,0xF81F,0xF81F,0xF81F,0xF81F,0xF81F,
    0xF81F,0xF81F,0xF81F,0xF81F,
    0xF81F,0xF81F,0xF81F,0xF81F,0xF81F,0xF81F,0xF81F,0xF81F,0xF81F,0xF81F,0xF81F,0xF81F,
    0xF81F,0xF81F,0xF81F,0xF81F,0xF81F,0xF81F,0xF81F,0xF81F,0xF81F,0xF81F,0xF81F,0xF81F,
    0xF81F,0xF81F,0xF81F,0xF81F,0xF81F,0xF81F,0xF81F,0xF81F,0xF81F,0xF81F,0xF81F,0xF81F,
    0xF81F,0xF81F,0xF81F,0xF81F,0xF81F,0xF81F,0xF81F,0xF81F,0xF81F,0xF81F,0xF81F,0xF81F,
    0xF81F,0xF81F,0xF81F,0xF81F,0xF81F,0xF81F,0xF81F,0xF81F,0xF81F,0xF81F,0xF81F,0xF81F,
    0xF81F,0xF81F,0xF81F,0xF81F,0xF81F,0xF81F,0xF81F,0xF81F,0xF81F,0xF81F,0xF81F,0xF81F,
    0xF81F,0xF81F,0xF81F,0xF81F,0xF81F,0xF81F,0xF81F,0xF81F,0xF81F,0xF81F,0xF81F,0xF81F,
    0xF81F,0xF81F,0xF81F,0xF81F,0xF81F,0xF81F,0xF81F,0xF81F,0xF81F,0xF81F,0xF81F,0xF81F,
    0xF81F,0xF81F,0xF81F,0xF81F,0xF81F,0xF81F,0xF81F,0xF81F,0xF81F,0xF81F,0xF81F,0xF81F,
    0xF81F,0xF81F,0xF81F,0xF81F,
    0xF81F,0xF81F,0xF81F,0xF81F,0xF81F,0xF81F,0xF81F,0xF81F,0xF81F,0xF81F,0xF81F,0xF81F,
    0xF81F,0xF81F,0xF81F,0xF81F,0xF81F,0xF81F,0xF81F,0xF81F,0xF81F,0xF81F,0xF81F,0xF81F,
    0xF81F,0xF81F,0xF81F,0xF81F,0xF81F,0xF81F,0xF81F,0xF81F,0xF81F,0xF81F,0xF81F,0xF81F,
    0xF81F,0xF81F,0xF81F,0xF81F,0xF81F,0xF81F,0xF81F,0xF81F,0xF81F,0xF81F,0xF81F,0xF81F,
    0xF81F,0xF81F,0xF81F,0xF81F,0xF81F,0xF81F,0xF81F,0xF81F,0xF81F,0xF81F,0xF81F,0xF81F,
    0xF81F,0xF81F,0xF81F,0xF81F,0xF81F,0xF81F,0xF81F,0xF81F,0xF81F,0xF81F,0xF81F,0xF81F,
    0xF81F,0xF81F,0xF81F,0xF81F,0xF81F,0xF81F,0xF81F,0xF81F,0xF81F,0xF81F,0xF81F,0xF81F,
    0xF81F,0xF81F,0xF81F,0xF81F,0xF81F,0xF81F,0xF81F,0xF81F,0xF81F,0xF81F,0xF81F,0xF81F,
    0xF81F,0xF81F,0xF81F,0xF81F,0xF81F,0xF81F,0xF81F,0xF81F,0xF81F,0xF81F,0xF81F,0xF81F,
    0xF81F,0xF81F,0xF81F,0xF81F,
    0xF81F,0xF81F,0xF81F,0xF81F,0xF81F,0xF81F,0xF81F,0xF81F,0xF81F,0xF81F,0xF81F,0xF81F,
    0xF81F,0xF81F,0xF81F,0xF81F,0xF81F,0xF81F,0xF81F,0xF81F,0xF81F,0xF81F,0xF81F,0xF81F,
    0xF81F,0xF81F,0xF81F,0xF81F,0xF81F,0xF81F,0xF81F,0xF81F,0xF81F,0xF81F,0xF81F,0xF81F,
    0xF81F,0xF81F,0xF81F,0xF81F,0xF81F,0xF81F,0xF81F,0xF81F,0xF81F,0xF81F,0xF81F,0xF81F,
    0xF81F,0xF81F,0xF81F,0xF81F,0xF81F,0xF81F,0xF81F,0xF81F,0xF81F,0xF81F,0xF81F,0xF81F,
    0xF81F,0xF81F,0xF81F,0xF81F,0xF81F,0xF81F,0xF81F,0xF81F,0xF81F,0xF81F,0xF81F,0xF81F,
    0xF81F,0xF81F,0xF81F,0xF81F,0xF81F,0xF81F,0xF81F,0xF81F,0xF81F,0xF81F,0xF81F,0xF81F,
    0xF81F,0xF81F,0xF81F,0xF81F,0xF81F,0xF81F,0xF81F,0xF81F,0xF81F,0xF81F,0xF81F,0xF81F,
    0xF81F,0xF81F,0xF81F,0xF81F,0xF81F,0xF81F,0xF81F,0xF81F,0xF81F,0xF81F,0xF81F,0xF81F,
    0xF81F,0xF81F,0xF81F,0xF81F,
    0xF81F,0xF81F,0xF81F,0xF81F,0xF81F,0xF81F,0xF81F,0xF81F,0xF81F,0xF81F,0xF81F,0xF81F,
    0xF81F,0xF81F,0xF81F,0xF81F,0xF81F,0xF81F,0xF81F,0xF81F,0xF81F,0xF81F,0xF81F,0xF81F,
    0xF81F,0xF81F,0xF81F,0xF81F,0xF81F,0xF81F,0xF81F,0xF81F,0xF81F,0xF81F,0xF81F,0xF81F,
    0xF81F,0xF81F,0xF81F,0xF81F,0xF81F,0xF81F,0xF81F,0xF81F,0xF81F,0xF81F,0xF81F,0xF81F,
    0xF81F,0xF81F,0xF81F,0xF81F,0xF81F,0xF81F,0xF81F,0xF81F,0xF81F,0xF81F,0xF81F,0xF81F,
    0xF81F,0xF81F,0xF81F,0xF81F,0xF81F,0xF81F,0xF81F,0xF81F,0xF81F,0xF81F,0xF81F,0xF81F,
    0xF81F,0xF81F,0xF81F,0xF81F,0xF81F,0xF81F,0xF81F,0xF81F,0xF81F,0xF81F,0xF81F,0xF81F,
    0xF81F,0xF81F,0xF81F,0xF81F,0xF81F,0xF81F,0xF81F,0xF81F,0xF81F,0xF81F,0xF81F,0xF81F,
    0xF81F,0xF81F,0xF81F,0xF81F,0xF81F,0xF81F,0xF81F,0xF81F,0xF81F,0xF81F,0xF81F,0xF81F,
    0xF81F,0xF81F,0xF81F,0xF81F,
    0xF81F,0xF81F,0xF81F,0xF81F,0xF81F,0xF81F,0xF81F,0xF81F,0xF81F,0xF81F,0xF81F,0xF81F,
    0xF81F,0xF81F,0xF81F,0xF81F,0xF81F,0xF81F,0xF81F,0xF81F,0xF81F,0xF81F,0xF81F,0xF81F,
    0xF81F,0xF81F,0xF81F,0xF81F,0xF81F,0xF81F,0xF81F,0xF81F,0xF81F,0xF81F,0xF81F,0xF81F,
    0xF81F,0xF81F,0xF81F,0xF81F,0xF81F,0xF81F,0xF81F,0xF81F,0xF81F,0xF81F,0xF81F,0xF81F,
    0xF81F,0xF81F,0xF81F,0xF81F,0xF81F,0xF81F,0xF81F,0xF81F,0xF81F,0xF81F,0xF81F,0xF81F,
    0xF81F,0xF81F,0xF81F,0xF81F,0xF81F,0xF81F,0xF81F,0xF81F,0xF81F,0xF81F,0xF81F,0xF81F,
    0xF81F,0xF81F,0xF81F,0xF81F,0xF81F,0xF81F,0xF81F,0xF81F,0xF81F,0xF81F,0xF81F,0xF81F,
    0xF81F,0xF81F,0xF81F,0xF81F,0xF81F,0xF81F,0xF81F,0xF81F,0xF81F,0xF81F,0xF81F,0xF81F,
    0xF81F,0xF81F,0xF81F,0xF81F,0xF81F,0xF81F,0xF81F,0xF81F,0xF81F,0xF81F,0xF81F,0xF81F,
    0xF81F,0xF81F,0xF81F,0xF81F,
    0xF81F,0xF81F,0xF81F,0xF81F,0xF81F,0xF81F,0xF81F,0xF81F,0xF81F,0xF81F,0xF81F,0xF81F,
    0xF81F,0xF81F,0xF81F,0xF81F,0xF81F,0xF81F,0xF81F,0xF81F,0xF81F,0xF81F,0xF81F,0xF81F,
    0xF81F,0xF81F,0xF81F,0xF81F,0xF81F,0xF81F,0xF81F,0xF81F,0xF81F,0xF81F,0xF81F,0xF81F,
    0xF81F,0xF81F,0xF81F,0xF81F,0xF81F,0xF81F,0xF81F,0xF81F,0xF81F,0xF81F,0xF81F,0xF81F,
    0xF81F,0xF81F,0xF81F,0xF81F,0xF81F,0xF81F,0xF81F,0xF81F,0xF81F,0xF81F,0xF81F,0xF81F,
    0xF81F,0xF81F,0xF81F,0xF81F,0xF81F,0xF81F,0xF81F,0xF81F,0xF81F,0xF81F,0xF81F,0xF81F,
    0xF81F,0xF81F,0xF81F,0xF81F,0xF81F,0xF81F,0xF81F,0xF81F,0xF81F,0xF81F,0xF81F,0xF81F,
    0xF81F,0xF81F,0xF81F,0xF81F,0xF81F,0xF81F,0xF81F,0xF81F,0xF81F,0xF81F,0xF81F,0xF81F,
    0xF81F,0xF81F,0xF81F,0xF81F,0xF81F,0xF81F,0xF81F,0xF81F,0xF81F,0xF81F,0xF81F,0xF81F,
    0xF81F,0xF81F,0xF81F,0xF81F,
    0xF81F,0xF81F,0xF81F,0xF81F,0xF81F,0xF81F,0xF81F,0xF81F,0xF81F,0xF81F,0xF81F,0xF81F,
    0xF81F,0xF81F,0xF81F,0xF81F,0xF81F,0xF81F,0xF81F,0xF81F,0xF81F,0xF81F,0xF81F,0xF81F,
    0xF81F,0xF81F,0xF81F,0xF81F,0xF81F,0xF81F,0xF81F,0xF81F,0xF81F,0xF81F,0xF81F,0xF81F,
    0xF81F,0xF81F,0xF81F,0xF81F,0xF81F,0xF81F,0xF81F,0xF81F,0xF81F,0xF81F,0xF81F,0xF81F,
    0xF81F,0xF81F,0xF81F,0xF81F,0xF81F,0xF81F,0xF81F,0xF81F,0xF81F,0xF81F,0xF81F,0xF81F,
    0xF81F,0xF81F,0xF81F,0xF81F,0xF81F,0xF81F,0xF81F,0xF81F,0xF81F,0xF81F,0xF81F,0xF81F,
    0xF81F,0xF81F,0xF81F,0xF81F,0xF81F,0xF81F,0xF81F,0xF81F,0xF81F,0xF81F,0xF81F,0xF81F,
    0xF81F,0xF81F,0xF81F,0xF81F,0xF81F,0xF81F,0xF81F,0xF81F,0xF81F,0xF81F,0xF81F,0xF81F,
    0xF81F,0xF81F,0xF81F,0xF81F,0xF81F,0xF81F,0xF81F,0xF81F,0xF81F,0xF81F,0xF81F,0xF81F,
    0xF81F,0xF81F,0xF81F,0xF81F,
    0xF81F,0xF81F,0xF81F,0xF81F,0xF81F,0xF81F,0xF81F,0xF81F,0xF81F,0xF81F,0xF81F,0xF81F,
    0xF81F,0xF81F,0xF81F,0xF81F,0xF81F,0xF81F,0xF81F,0xF81F,0xF81F,0xF81F,0xF81F,0xF81F,
    0xF81F,0xF81F,0xF81F,0xF81F,0xF81F,0xF81F,0xF81F,0xF81F,0xF81F,0xF81F,0xF81F,0xF81F,
    0xF81F,0xF81F,0xF81F,0xF81F,0xF81F,0xF81F,0xF81F,0xF81F,0xF81F,0xF81F,0xF81F,0xF81F,
    0xF81F,0xF81F,0xF81F,0xF81F,0xF81F,0xF81F,0xF81F,0xF81F,0xF81F,0xF81F,0xF81F,0xF81F,
    0xF81F,0xF81F,0xF81F,0xF81F,0xF81F,0xF81F,0xF81F,0xF81F,0xF81F,0xF81F,0xF81F,0xF81F,
    0xF81F,0xF81F,0xF81F,0xF81F,0xF81F,0xF81F,0xF81F,0xF81F,0xF81F,0xF81F,0xF81F,0xF81F,
    0xF81F,0xF81F,0xF81F,0xF81F,0xF81F,0xF81F,0xF81F,0xF81F,0xF81F,0xF81F,0xF81F,0xF81F,
    0xF81F,0xF81F,0xF81F,0xF81F,0xF81F,0xF81F,0xF81F,0xF81F,0xF81F,0xF81F,0xF81F,0xF81F,
    0xF81F,0xF81F,0xF81F,0xF81F,
};

static const uint16_t hd_pup_home[64 * 64] PROGMEM = {
    0xF81F,0xF81F,0xF81F,0xF81F,0xF81F,0xF81F,0xF81F,0xF81F,0xF81F,0xF81F,0xF81F,0xF81F,
    0xF81F,0xF81F,0xF81F,0xF81F,0xF81F,0xF81F,0xF81F,0xF81F,0xF81F,0xF81F,0xF81F,0xF81F,
    0xF81F,0xF81F,0xF81F,0xF81F,0xF81F,0xF81F,0xF81F,0xF81F,0xF81F,0xF81F,0xF81F,0xF81F,
    0xF81F,0xF81F,0xF81F,0xF81F,0xF81F,0xF81F,0xF81F,0xF81F,0xF81F,0xF81F,0xF81F,0xF81F,
    0xF81F,0xF81F,0xF81F,0xF81F,0xF81F,0xF81F,0xF81F,0xF81F,0xF81F,0xF81F,0xF81F,0xF81F,
    0xF81F,0xF81F,0xF81F,0xF81F,
    0xF81F,0xF81F,0xF81F,0xF81F,0xF81F,0xF81F,0xF81F,0xF81F,0xF81F,0xF81F,0xF81F,0xF81F,
    0xF81F,0xF81F,0xF81F,0xF81F,0xF81F,0xF81F,0xF81F,0xF81F,0xF81F,0xF81F,0xF81F,0xF81F,
    0xF81F,0xF81F,0xF81F,0xF81F,0xF81F,0xF81F,0xF81F,0xF81F,0xF81F,0xF81F,0xF81F,0xF81F,
    0xF81F,0xF81F,0xF81F,0xF81F,0xF81F,0xF81F,0xF81F,0xF81F,0xF81F,0xF81F,0xF81F,0xF81F,
    0xF81F,0xF81F,0xF81F,0xF81F,0xF81F,0xF81F,0xF81F,0xF81F,0xF81F,0xF81F,0xF81F,0xF81F,
    0xF81F,0xF81F,0xF81F,0xF81F,
    0xF81F,0xF81F,0xF81F,0xF81F,0xF81F,0xF81F,0xF81F,0xF81F,0xF81F,0xF81F,0xF81F,0xF81F,
    0xF81F,0xF81F,0xF81F,0xF81F,0xF81F,0xF81F,0xF81F,0xF81F,0xF81F,0xF81F,0xF81F,0xF81F,
    0xF81F,0xF81F,0xF81F,0xF81F,0xF81F,0xF81F,0xF81F,0xF81F,0xF81F,0xF81F,0xF81F,0xF81F,
    0xF81F,0xF81F,0xF81F,0xF81F,0xF81F,0xF81F,0xF81F,0xF81F,0xF81F,0xF81F,0xF81F,0xF81F,
    0xF81F,0xF81F,0xF81F,0xF81F,0xF81F,0xF81F,0xF81F,0xF81F,0xF81F,0xF81F,0xF81F,0xF81F,
    0xF81F,0xF81F,0xF81F,0xF81F,
    0xF81F,0xF81F,0xF81F,0xF81F,0xF81F,0xF81F,0xF81F,0xF81F,0xF81F,0xF81F,0xF81F,0xF81F,
    0xF81F,0xF81F,0xF81F,0xF81F,0xF81F,0xF81F,0xF81F,0xF81F,0xF81F,0xF81F,0xF81F,0xF81F,
    0xF81F,0xF81F,0xF81F,0xF81F,0xF81F,0xF81F,0xF81F,0xF81F,0xF81F,0xF81F,0xF81F,0xF81F,
    0xF81F,0xF81F,0xF81F,0xF81F,0xF81F,0xF81F,0xF81F,0xF81F,0xF81F,0xF81F,0xF81F,0xF81F,
    0xF81F,0xF81F,0xF81F,0xF81F,0xF81F,0xF81F,0xF81F,0xF81F,0xF81F,0xF81F,0xF81F,0xF81F,
    0xF81F,0xF81F,0xF81F,0xF81F,
    0xF81F,0xF81F,0xF81F,0xF81F,0xF81F,0xF81F,0xF81F,0xF81F,0xF81F,0xF81F,0xF81F,0xF81F,
    0xF81F,0xF81F,0xF81F,0xF81F,0xF81F,0xF81F,0xF81F,0xF81F,0xF81F,0xF81F,0xF81F,0xF81F,
    0xF81F,0xF81F,0xF81F,0xF81F,0xF81F,0xF81F,0xF81F,0xF81F,0xF81F,0xF81F,0xF81F,0xF81F,
    0xF81F,0xF81F,0xF81F,0xF81F,0xF81F,0xF81F,0xF81F,0xF81F,0xF81F,0xF81F,0xF81F,0xF81F,
    0xF81F,0xF81F,0xF81F,0xF81F,0xF81F,0xF81F,0xF81F,0xF81F,0xF81F,0xF81F,0xF81F,0xF81F,
    0xF81F,0xF81F,0xF81F,0xF81F,
    0xF81F,0xF81F,0xF81F,0xF81F,0xF81F,0xF81F,0xF81F,0xF81F,0xF81F,0xF81F,0xF81F,0xF81F,
    0xF81F,0xF81F,0xF81F,0xF81F,0xF81F,0xF81F,0xF81F,0xF81F,0xF81F,0xF81F,0xF81F,0xF81F,
    0xF81F,0xF81F,0xF81F,0xF81F,0xF81F,0xF81F,0xF81F,0xF81F,0xF81F,0xF81F,0xF81F,0xF81F,
    0xF81F,0xF81F,0xF81F,0xF81F,0xF81F,0xF81F,0xF81F,0xF81F,0xF81F,0xF81F,0xF81F,0xF81F,
    0xF81F,0xF81F,0xF81F,0xF81F,0xF81F,0xF81F,0xF81F,0xF81F,0xF81F,0xF81F,0xF81F,0xF81F,
    0xF81F,0xF81F,0xF81F,0xF81F,
    0xF81F,0xF81F,0xF81F,0xF81F,0xF81F,0xF81F,0xF81F,0xF81F,0xF81F,0xF81F,0xF81F,0xF81F,
    0xF81F,0xF81F,0xF81F,0xF81F,0xF81F,0xF81F,0xF81F,0xF81F,0xF81F,0xF81F,0xF81F,0xF81F,
    0xF81F,0xF81F,0xF81F,0xF81F,0xF81F,0xF81F,0xF81F,0xF81F,0xF81F,0xF81F,0xF81F,0xF81F,
    0xF81F,0xF81F,0xF81F,0xF81F,0xF81F,0xF81F,0xF81F,0xF81F,0xF81F,0xF81F,0xF81F,0xF81F,
    0xF81F,0xF81F,0xF81F,0xF81F,0xF81F,0xF81F,0xF81F,0xF81F,0xF81F,0xF81F,0xF81F,0xF81F,
    0xF81F,0xF81F,0xF81F,0xF81F,
    0xF81F,0xF81F,0xF81F,0xF81F,0xF81F,0xF81F,0xF81F,0xF81F,0xF81F,0xF81F,0xF81F,0xF81F,
    0xF81F,0xF81F,0xF81F,0xF81F,0xF81F,0xF81F,0xF81F,0xF81F,0xF81F,0xF81F,0xF81F,0xF81F,
    0xF81F,0xF81F,0xF81F,0xF81F,0xF81F,0xF81F,0xF81F,0xF81F,0xF81F,0xF81F,0xF81F,0xF81F,
    0xF81F,0xF81F,0xF81F,0xF81F,0xF81F,0xF81F,0xF81F,0xF81F,0xF81F,0xF81F,0xF81F,0xF81F,
    0xF81F,0xF81F,0xF81F,0xF81F,0xF81F,0xF81F,0xF81F,0xF81F,0xF81F,0xF81F,0xF81F,0xF81F,
    0xF81F,0xF81F,0xF81F,0xF81F,
    0xF81F,0xF81F,0xF81F,0xF81F,0xF81F,0xF81F,0xF81F,0xF81F,0xF81F,0xF81F,0xF81F,0xF81F,
    0xF81F,0xF81F,0xF81F,0xF81F,0xF81F,0xF81F,0xF81F,0xF81F,0xF81F,0xF81F,0xF81F,0xF81F,
    0xF81F,0xF81F,0xF81F,0xF81F,0xF81F,0xF81F,0xF81F,0xF81F,0xF81F,0xF81F,0xF81F,0xF81F,
    0xF81F,0xF81F,0xF81F,0xF81F,0xF81F,0xF81F,0xF81F,0xF81F,0xF81F,0xF81F,0xF81F,0xF81F,
    0xF81F,0xF81F,0xF81F,0xF81F,0xF81F,0xF81F,0xF81F,0xF81F,0xF81F,0xF81F,0xF81F,0xF81F,
    0xF81F,0xF81F,0xF81F,0xF81F,
    0xF81F,0xF81F,0xF81F,0xF81F,0xF81F,0xF81F,0xF81F,0xF81F,0xF81F,0xF81F,0xF81F,0xF81F,
    0xF81F,0xF81F,0xF81F,0xF81F,0xF81F,0xF81F,0xF81F,0xF81F,0xF81F,0xF81F,0xF81F,0xF81F,
    0xF81F,0xF81F,0xF81F,0xF81F,0xF81F,0xF81F,0xF81F,0xF81F,0xF81F,0xF81F,0xF81F,0xF81F,
    0xF81F,0xF81F,0xF81F,0xF81F,0xF81F,0xF81F,0xF81F,0xF81F,0xF81F,0xF81F,0xF81F,0xF81F,
    0xF81F,0xF81F,0xF81F,0xF81F,0xF81F,0xF81F,0xF81F,0xF81F,0xF81F,0xF81F,0xF81F,0xF81F,
    0xF81F,0xF81F,0xF81F,0xF81F,
    0xF81F,0xF81F,0xF81F,0xF81F,0xF81F,0xF81F,0xF81F,0xF81F,0xF81F,0xF81F,0xF81F,0xF81F,
    0xF81F,0xF81F,0xF81F,0xF81F,0xF81F,0xF81F,0xF81F,0xF81F,0xF81F,0xF81F,0xF81F,0xF81F,
    0xF81F,0xF81F,0xF81F,0xF81F,0xF81F,0xF81F,0xF81F,0xF81F,0xF81F,0xF81F,0xF81F,0xF81F,
    0xF81F,0xF81F,0xF81F,0xF81F,0xF81F,0xF81F,0xF81F,0xF81F,0xF81F,0xF81F,0xF81F,0xF81F,
    0xF81F,0xF81F,0xF81F,0xF81F,0xF81F,0xF81F,0xF81F,0xF81F,0xF81F,0xF81F,0xF81F,0xF81F,
    0xF81F,0xF81F,0xF81F,0xF81F,
    0xF81F,0xF81F,0xF81F,0xF81F,0xF81F,0xF81F,0xF81F,0xF81F,0xF81F,0xF81F,0xF81F,0xF81F,
    0xF81F,0xF81F,0xF81F,0xF81F,0xF81F,0xF81F,0xF81F,0xF81F,0xF81F,0xF81F,0xF81F,0xF81F,
    0xF81F,0xF81F,0xF81F,0xF81F,0xF81F,0xF81F,0xF81F,0xF81F,0xF81F,0xF81F,0xF81F,0xF81F,
    0xF81F,0xF81F,0xF81F,0xF81F,0xF81F,0xF81F,0xF81F,0xF81F,0xF81F,0xF81F,0xF81F,0xF81F,
    0xF81F,0xF81F,0xF81F,0xF81F,0xF81F,0xF81F,0xF81F,0xF81F,0xF81F,0xF81F,0xF81F,0xF81F,
    0xF81F,0xF81F,0xF81F,0xF81F,
    0xF81F,0xF81F,0xF81F,0xF81F,0xF81F,0xF81F,0xF81F,0xF81F,0xF81F,0xF81F,0xF81F,0xF81F,
    0xF81F,0xF81F,0xF81F,0xF81F,0xF81F,0xF81F,0xF81F,0xF81F,0xF81F,0xF81F,0xF81F,0xF81F,
    0xF81F,0x0841,0x2105,0xF81F,0xF81F,0xF81F,0xF81F,0xF81F,0xF81F,0xF81F,0xF81F,0xF81F,
    0xF81F,0x1905,0x0841,0xF81F,0xF81F,0xF81F,0xF81F,0xF81F,0xF81F,0xF81F,0xF81F,0xF81F,
    0xF81F,0xF81F,0xF81F,0xF81F,0xF81F,0xF81F,0xF81F,0xF81F,0xF81F,0xF81F,0xF81F,0xF81F,
    0xF81F,0xF81F,0xF81F,0xF81F,
    0xF81F,0xF81F,0xF81F,0xF81F,0xF81F,0xF81F,0xF81F,0xF81F,0xF81F,0xF81F,0xF81F,0xF81F,
    0xF81F,0xF81F,0xF81F,0xF81F,0xF81F,0xF81F,0xF81F,0xF81F,0xF81F,0xF81F,0xF81F,0xF81F,
    0x0021,0x2146,0x2966,0x0020,0xF81F,0xF81F,0xF81F,0xF81F,0xF81F,0xF81F,0xF81F,0xF81F,
    0xF81F,0x2146,0x2946,0x0841,0xF81F,0xF81F,0xF81F,0xF81F,0xF81F,0xF81F,0xF81F,0xF81F,
    0xF81F,0xF81F,0xF81F,0xF81F,0xF81F,0xF81F,0xF81F,0xF81F,0xF81F,0xF81F,0xF81F,0xF81F,
    0xF81F,0xF81F,0xF81F,0xF81F,
    0xF81F,0xF81F,0xF81F,0xF81F,0xF81F,0xF81F,0xF81F,0xF81F,0xF81F,0xF81F,0xF81F,0xF81F,
    0xF81F,0xF81F,0xF81F,0xF81F,0xF81F,0xF81F,0xF81F,0xF81F,0xF81F,0xF81F,0xF81F,0x0021,
    0x2125,0x2966,0x2146,0x0861,0xF81F,0xF81F,0xF81F,0xF81F,0xF81F,0xF81F,0xF81F,0xF81F,
    0x0841,0x2146,0x2966,0x2146,0x0041,0xF81F,0xF81F,0xF81F,0xF81F,0xF81F,0xF81F,0xF81F,
    0xF81F,0xF81F,0xF81F,0xF81F,0xF81F,0xF81F,0xF81F,0xF81F,0xF81F,0xF81F,0xF81F,0xF81F,
    0xF81F,0xF81F,0xF81F,0xF81F,
    0xF81F,0xF81F,0xF81F,0xF81F,0xF81F,0xF81F,0xF81F,0xF81F,0xF81F,0xF81F,0xF81F,0xF81F,
    0xF81F,0xF81F,0xF81F,0xF81F,0xF81F,0xF81F,0xF81F,0xF81F,0xF81F,0xF81F,0x0041,0x2125,
    0x2146,0x2125,0x2966,0x0862,0xF81F,0x18C3,0x3A09,0x52CC,0x52CC,0x3A29,0x18E4,0xF81F,
    0x0861,0x2966,0x2125,0x2146,0x2125,0x0841,0xF81F,0xF81F,0xF81F,0xF81F,0xF81F,0xF81F,
    0xF81F,0xF81F,0xF81F,0xF81F,0xF81F,0xF81F,0xF81F,0xF81F,0xF81F,0xF81F,0xF81F,0xF81F,
    0xF81F,0xF81F,0xF81F,0xF81F,
    0xF81F,0xF81F,0xF81F,0xF81F,0xF81F,0xF81F,0xF81F,0xF81F,0xF81F,0xF81F,0xF81F,0xF81F,
    0xF81F,0xF81F,0xF81F,0xF81F,0xF81F,0xF81F,0xF81F,0xF81F,0xF81F,0xF81F,0x0841,0x2125,
    0x2125,0x2125,0x1905,0x2105,0x5B2E,0x8453,0x7C33,0x73F1,0x73F1,0x7C32,0x8473,0x634E,
    0x2125,0x1905,0x2125,0x2125,0x2125,0x0841,0xF81F,0xF81F,0xF81F,0xF81F,0xF81F,0xF81F,
    0xF81F,0xF81F,0xF81F,0xF81F,0xF81F,0xF81F,0xF81F,0xF81F,0xF81F,0xF81F,0xF81F,0xF81F,
    0xF81F,0xF81F,0xF81F,0xF81F,
    0xF81F,0xF81F,0xF81F,0xF81F,0xF81F,0xF81F,0xF81F,0xF81F,0xF81F,0xF81F,0xF81F,0xF81F,
    0xF81F,0xF81F,0xF81F,0xF81F,0xF81F,0xF81F,0xF81F,0xF81F,0xF81F,0xF81F,0xF81F,0x0021,
    0x1905,0x18E4,0x2987,0x7C33,0x6BB0,0x52CD,0x4AAC,0x4AAC,0x4AAC,0x4AAC,0x52CC,0x6B90,
    0x7C53,0x31C8,0x18E4,0x2105,0x0041,0xF81F,0xF81F,0xF81F,0xF81F,0xF81F,0xF81F,0xF81F,
    0xF81F,0xF81F,0xF81F,0xF81F,0xF81F,0xF81F,0xF81F,0xF81F,0xF81F,0xF81F,0xF81F,0xF81F,
    0xF81F,0xF81F,0xF81F,0xF81F,
    0xF81F,0xF81F,0xF81F,0xF81F,0xF81F,0xF81F,0xF81F,0xF81F,0xF81F,0xF81F,0xF81F,0xF81F,
    0xF81F,0xF81F,0xF81F,0xF81F,0xF81F,0xF81F,0xF81F,0xF81F,0xF81F,0xF81F,0xF81F,0xF81F,
    0x0021,0x2125,0x73F1,0x5B0D,0x4A8B,0x52CC,0x52CD,0x52CD,0x52CD,0x52CD,0x52CD,0x4A8B,
    0x52ED,0x73F2,0x2146,0x0041,0xF81F,0xF81F,0xF81F,0xF81F,0xF81F,0xF81F,0xF81F,0xF81F,
    0xF81F,0xF81F,0xF81F,0xF81F,0xF81F,0xF81F,0xF81F,0xF81F,0xF81F,0xF81F,0xF81F,0xF81F,
    0xF81F,0xF81F,0xF81F,0xF81F,
    0xF81F,0xF81F,0xF81F,0xF81F,0xF81F,0xF81F,0xF81F,0xF81F,0xF81F,0xF81F,0xF81F,0xF81F,
    0xF81F,0xF81F,0xF81F,0xF81F,0xF81F,0xF81F,0xF81F,0xF81F,0xF81F,0xF81F,0xF81F,0xF81F,
    0xF81F,0x4A8B,0x5B2E,0x428B,0x4ACD,0x4ACC,0x4AAC,0x4AAC,0x4AAC,0x4AAC,0x4ACC,0x4ACD,
    0x4A8B,0x5B0E,0x52CC,0xF81F,0xF81F,0xF81F,0xF81F,0xF81F,0xF81F,0xF81F,0xF81F,0xF81F,
    0xF81F,0xF81F,0xF81F,0xF81F,0xF81F,0xF81F,0xF81F,0xF81F,0xF81F,0xF81F,0xF81F,0xF81F,
    0xF81F,0xF81F,0xF81F,0xF81F,
    0xF81F,0xF81F,0xF81F,0xF81F,0xF81F,0xF81F,0xF81F,0xF81F,0xF81F,0xF81F,0xF81F,0xF81F,
    0xF81F,0xF81F,0xF81F,0xF81F,0xF81F,0xF81F,0xF81F,0xF81F,0xF81F,0xF81F,0xF81F,0xF81F,
    0x0882,0x5B0E,0x4A8B,0x4A6B,0x522A,0x522A,0x4A8B,0x4A8C,0x4A8C,0x4A8B,0x522A,0x522A,
    0x4A6B,0x4A8B,0x5B0E,0x10A2,0xF81F,0xF81F,0xF81F,0xF81F,0xF81F,0xF81F,0xF81F,0xF81F,
    0xF81F,0xF81F,0xF81F,0xF81F,0xF81F,0xF81F,0xF81F,0xF81F,0xF81F,0xF81F,0xF81F,0xF81F,
    0xF81F,0xF81F,0xF81F,0xF81F,
    0xF81F,0xF81F,0xF81F,0xF81F,0xF81F,0xF81F,0xF81F,0xF81F,0xF81F,0xF81F,0xF81F,0xF81F,
    0xF81F,0xF81F,0xF81F,0xF81F,0xF81F,0xF81F,0xF81F,0xF81F,0xF81F,0xF81F,0xF81F,0xF81F,
    0x2125,0x52CD,0x4A2A,0x3B6F,0x1DFA,0x2557,0x42AC,0x4A6B,0x4A6B,0x4A8C,0x2536,0x1E1A,
    0x3B90,0x4A2A,0x52CD,0x2966,0xF81F,0xF81F,0xF81F,0xF81F,0xF81F,0xF81F,0xF81F,0xF81F,
    0xF81F,0xF81F,0xF81F,0xF81F,0xF81F,0xF81F,0xF81F,0xF81F,0xF81F,0xF81F,0xF81F,0xF81F,
    0xF81F,0xF81F,0xF81F,0xF81F,
    0xF81F,0xF81F,0xF81F,0xF81F,0xF81F,0xF81F,0xF81F,0xF81F,0xF81F,0xF81F,0xF81F,0xF81F,
    0xF81F,0xF81F,0xF81F,0xF81F,0xF81F,0xF81F,0xF81F,0xF81F,0xF81F,0xF81F,0xF81F,0xF81F,
    0x2966,0x4A6B,0x3ACD,0x073E,0x04D5,0x063A,0x161A,0x4A4A,0x4A2A,0x1DB9,0x067C,0x0494,
    0x075F,0x3B0E,0x4A6B,0x2987,0xF81F,0xF81F,0xF81F,0xF81F,0xF81F,0xF81F,0xF81F,0xF81F,
    0xF81F,0xF81F,0xF81F,0xF81F,0xF81F,0xF81F,0xF81F,0xF81F,0xF81F,0xF81F,0xF81F,0xF81F,
    0xF81F,0xF81F,0xF81F,0xF81F,
    0xF81F,0xF81F,0xF81F,0xF81F,0xF81F,0xF81F,0xF81F,0xF81F,0xF81F,0xF81F,0xF81F,0xF81F,
    0xF81F,0xF81F,0xF81F,0xF81F,0xF81F,0xF81F,0xF81F,0xF81F,0xF81F,0xF81F,0xF81F,0xF81F,
    0x2145,0x4A0A,0x2C12,0x075F,0x0800,0x024A,0x079F,0x426B,0x422A,0x075F,0x02ED,0x0800,
    0x071E,0x2473,0x4A09,0x2166,0xF81F,0xF81F,0xF81F,0xF81F,0xF81F,0xF81F,0xF81F,0xF81F,
    0xF81F,0xF81F,0xF81F,0xF81F,0xF81F,0xF81F,0xF81F,0xF81F,0xF81F,0xF81F,0xF81F,0xF81F,
    0xF81F,0xF81F,0xF81F,0xF81F,
    0xF81F,0xF81F,0xF81F,0xF81F,0xF81F,0xF81F,0xF81F,0xF81F,0xF81F,0xF81F,0xF81F,0xF81F,
    0xF81F,0xF81F,0xF81F,0xF81F,0xF81F,0xF81F,0xF81F,0xF81F,0xF81F,0xF81F,0xF81F,0xF81F,
    0x10E3,0x422A,0x3AAC,0x071E,0x01C8,0x0432,0x163B,0x4209,0x41E9,0x1DFA,0x04B4,0x0187,
    0x071E,0x32ED,0x422A,0x1904,0xF81F,0xF81F,0xF81F,0xF81F,0xF81F,0xF81F,0xF81F,0xF81F,
    0xF81F,0xF81F,0xF81F,0xF81F,0xF81F,0xF81F,0xF81F,0xF81F,0xF81F,0xF81F,0xF81F,0xF81F,
    0xF81F,0xF81F,0xF81F,0xF81F,
    0xF81F,0xF81F,0xF81F,0xF81F,0xF81F,0xF81F,0xF81F,0xF81F,0xF81F,0xF81F,0xF81F,0xF81F,
    0xF81F,0xF81F,0xF81F,0xF81F,0xF81F,0xF81F,0xF81F,0xF81F,0xF81F,0xF81F,0xF81F,0xF81F,
    0x0841,0x3A2A,0x39C8,0x332E,0x1515,0x1CD4,0x324A,0x39C8,0x31C8,0x320A,0x1CB4,0x1516,
    0x336F,0x39C8,0x3A2A,0x0862,0xF81F,0xF81F,0xF81F,0xF81F,0xF81F,0xF81F,0xF81F,0xF81F,
    0xF81F,0xF81F,0xF81F,0xF81F,0xF81F,0xF81F,0xF81F,0xF81F,0xF81F,0xF81F,0xF81F,0xF81F,
    0xF81F,0xF81F,0xF81F,0xF81F,
    0xF81F,0xF81F,0xF81F,0xF81F,0xF81F,0xF81F,0xF81F,0xF81F,0xF81F,0xF81F,0xF81F,0xF81F,
    0xF81F,0xF81F,0xF81F,0xF81F,0xF81F,0xF81F,0xF81F,0xF81F,0xF81F,0xF81F,0xF81F,0xF81F,
    0xF81F,0x2987,0x3A2A,0x39C8,0x41C8,0x3146,0x2946,0x2146,0x2146,0x2146,0x3146,0x41C8,
    0x39A8,0x3A2A,0x31A7,0xF81F,0xF81F,0xF81F,0xF81F,0xF81F,0xF81F,0xF81F,0xF81F,0xF81F,
    0xF81F,0xF81F,0xF81F,0xF81F,0xF81F,0xF81F,0xF81F,0xF81F,0xF81F,0xF81F,0xF81F,0xF81F,
    0xF81F,0xF81F,0xF81F,0xF81F,
    0xF81F,0xF81F,0xF81F,0xF81F,0xF81F,0xF81F,0xF81F,0xF81F,0xF81F,0xF81F,0xF81F,0xF81F,
    0xF81F,0xF81F,0xF81F,0xF81F,0xF81F,0xF81F,0xF81F,0xF81F,0xF81F,0xF81F,0xF81F,0xF81F,
    0xF81F,0x0882,0x3A09,0x31E9,0x31C8,0x2146,0x2146,0x2146,0x2146,0x2146,0x2146,0x31C8,
    0x31E9,0x3A09,0x1082,0xF81F,0xF81F,0xF81F,0xF81F,0xF81F,0xF81F,0xF81F,0xF81F,0xF81F,
    0xF81F,0xF81F,0xF81F,0xF81F,0xF81F,0xF81F,0xF81F,0xF81F,0xF81F,0xF81F,0xF81F,0xF81F,
    0xF81F,0xF81F,0xF81F,0xF81F,
    0xF81F,0xF81F,0xF81F,0xF81F,0xF81F,0xF81F,0xF81F,0xF81F,0xF81F,0xF81F,0xF81F,0xF81F,
    0xF81F,0xF81F,0xF81F,0xF81F,0xF81F,0xF81F,0xF81F,0xF81F,0xF81F,0xF81F,0xF81F,0xF81F,
    0xF81F,0xF81F,0x18C3,0x3A09,0x31A8,0x1905,0x2125,0x2125,0x2125,0x2125,0x1905,0x31A7,
    0x3A09,0x18E4,0xF81F,0xF81F,0xF81F,0xF81F,0xF81F,0xF81F,0xF81F,0xF81F,0xF81F,0xF81F,
    0xF81F,0xF81F,0xF81F,0xF81F,0xF81F,0xF81F,0xF81F,0xF81F,0xF81F,0xF81F,0xF81F,0xF81F,
    0xF81F,0xF81F,0xF81F,0xF81F,
    0xF81F,0xF81F,0xF81F,0xF81F,0xF81F,0xF81F,0xF81F,0xF81F,0xF81F,0xF81F,0xF81F,0xF81F,
    0xF81F,0xF81F,0xF81F,0xF81F,0xF81F,0xF81F,0xF81F,0xF81F,0xF81F,0xF81F,0xF81F,0xF81F,
    0xF81F,0xF81F,0xF81F,0x10C3,0x2987,0x1905,0x18E4,0x1083,0x1083,0x18E4,0x18E4,0x2987,
    0x18C4,0xF81F,0xF81F,0xF81F,0xF81F,0xF81F,0xF81F,0xF81F,0xF81F,0xF81F,0xF81F,0xF81F,
    0xF81F,0xF81F,0xF81F,0xF81F,0xF81F,0xF81F,0xF81F,0xF81F,0xF81F,0xF81F,0xF81F,0xF81F,
    0xF81F,0xF81F,0xF81F,0xF81F,
    0xF81F,0xF81F,0xF81F,0xF81F,0xF81F,0xF81F,0xF81F,0xF81F,0xF81F,0xF81F,0xF81F,0xF81F,
    0xF81F,0xF81F,0xF81F,0xF81F,0xF81F,0xF81F,0xF81F,0xF81F,0xF81F,0xF81F,0xF81F,0xF81F,
    0xF81F,0xF81F,0xF81F,0xF81F,0x0020,0x10C4,0x0862,0x0041,0x0041,0x0862,0x10C3,0x0020,
    0xF81F,0xF81F,0xF81F,0xF81F,0xF81F,0xF81F,0xF81F,0xF81F,0xF81F,0xF81F,0xF81F,0xF81F,
    0xF81F,0xF81F,0xF81F,0xF81F,0xF81F,0xF81F,0xF81F,0xF81F,0xF81F,0xF81F,0xF81F,0xF81F,
    0xF81F,0xF81F,0xF81F,0xF81F,
    0xF81F,0xF81F,0xF81F,0xF81F,0xF81F,0xF81F,0xF81F,0xF81F,0xF81F,0xF81F,0xF81F,0xF81F,
    0xF81F,0xF81F,0xF81F,0xF81F,0xF81F,0xF81F,0xF81F,0xF81F,0xF81F,0xF81F,0xF81F,0xF81F,
    0xF81F,0xF81F,0xF81F,0xF81F,0xF81F,0x0862,0x0862,0x0000,0x0000,0x0862,0x0862,0xF81F,
    0xF81F,0xF81F,0xF81F,0xF81F,0xF81F,0xF81F,0xF81F,0xF81F,0xF81F,0xF81F,0xF81F,0xF81F,
    0xF81F,0xF81F,0xF81F,0xF81F,0xF81F,0xF81F,0xF81F,0xF81F,0xF81F,0xF81F,0xF81F,0xF81F,
    0xF81F,0xF81F,0xF81F,0xF81F,
    0xF81F,0xF81F,0xF81F,0xF81F,0xF81F,0xF81F,0xF81F,0xF81F,0xF81F,0xF81F,0xF81F,0xF81F,
    0xF81F,0xF81F,0xF81F,0xF81F,0xF81F,0xF81F,0xF81F,0xF81F,0xF81F,0xF81F,0xF81F,0xF81F,
    0x2966,0x52ED,0x4AAC,0x4AAC,0x4AAC,0x52AC,0x4A8C,0x2987,0x2987,0x4A8B,0x52AC,0x4AAC,
    0x4AAC,0x4AAC,0x52ED,0x31A7,0xF81F,0xF81F,0xF81F,0xF81F,0xF81F,0xF81F,0xF81F,0xF81F,
    0xF81F,0xF81F,0xF81F,0xF81F,0xF81F,0xF81F,0xF81F,0xF81F,0xF81F,0xF81F,0xF81F,0xF81F,
    0xF81F,0xF81F,0xF81F,0xF81F,
    0xF81F,0xF81F,0xF81F,0xF81F,0xF81F,0xF81F,0xF81F,0xF81F,0xF81F,0xF81F,0xF81F,0xF81F,
    0xF81F,0xF81F,0xF81F,0xF81F,0xF81F,0xF81F,0xF81F,0xF81F,0xF81F,0xF81F,0xF81F,0xF81F,
    0x31E8,0x5B0E,0x52CD,0x52ED,0x52ED,0x52ED,0x52ED,0x5B0E,0x5B0E,0x52ED,0x52ED,0x52ED,
    0x52ED,0x52CD,0x5B0E,0x3A09,0xF81F,0xF81F,0xF81F,0xF81F,0xF81F,0xF81F,0xF81F,0xF81F,
    0xF81F,0xF81F,0xF81F,0xF81F,0xF81F,0xF81F,0xF81F,0xF81F,0xF81F,0xF81F,0xF81F,0xF81F,
    0xF81F,0xF81F,0xF81F,0xF81F,
    0xF81F,0xF81F,0xF81F,0xF81F,0xF81F,0xF81F,0xF81F,0xF81F,0xF81F,0xF81F,0xF81F,0xF81F,
    0xF81F,0xF81F,0xF81F,0xF81F,0xF81F,0xF81F,0xF81F,0xF81F,0xF81F,0xF81F,0xF81F,0xF81F,
    0x3A09,0x52CD,0x4AAC,0x4AAC,0x4AAC,0x4AAC,0x4AAC,0x4AAC,0x4AAC,0x4AAC,0x4AAC,0x4AAC,
    0x4AAC,0x4AAC,0x52CC,0x424A,0xF81F,0xF81F,0xF81F,0xF81F,0xF81F,0xF81F,0xF81F,0xF81F,
    0xF81F,0xF81F,0xF81F,0xF81F,0xF81F,0xF81F,0xF81F,0xF81F,0xF81F,0xF81F,0xF81F,0xF81F,
    0xF81F,0xF81F,0xF81F,0xF81F,
    0xF81F,0xF81F,0xF81F,0xF81F,0xF81F,0xF81F,0xF81F,0xF81F,0xF81F,0xF81F,0xF81F,0xF81F,
    0xF81F,0xF81F,0xF81F,0xF81F,0xF81F,0xF81F,0xF81F,0xF81F,0xF81F,0xF81F,0xF81F,0xF81F,
    0x424A,0x4AAC,0x4A8B,0x4A8C,0x4A8C,0x4A8C,0x4A8C,0x4A8C,0x4A8C,0x4A8C,0x4A8C,0x4A8C,
    0x4A8C,0x4A8C,0x4AAC,0x426B,0xF81F,0xF81F,0xF81F,0xF81F,0xF81F,0xF81F,0xF81F,0xF81F,
    0xF81F,0xF81F,0xF81F,0xF81F,0xF81F,0xF81F,0xF81F,0xF81F,0xF81F,0xF81F,0xF81F,0xF81F,
    0xF81F,0xF81F,0xF81F,0xF81F,
    0xF81F,0xF81F,0xF81F,0xF81F,0xF81F,0xF81F,0xF81F,0xF81F,0xF81F,0xF81F,0xF81F,0xF81F,
    0xF81F,0xF81F,0xF81F,0xF81F,0xF81F,0xF81F,0xF81F,0xF81F,0xF81F,0xF81F,0xF81F,0x0041,
    0x424B,0x4A8B,0x4A6B,0x4A6B,0x4A6B,0x4A6B,0x4A6B,0x4A6B,0x4A6B,0x4A6B,0x4A6B,0x4A6B,
    0x4A6B,0x4A6B,0x4A8B,0x4A6B,0x0861,0xF81F,0xF81F,0xF81F,0xF81F,0xF81F,0xF81F,0xF81F,
    0xF81F,0xF81F,0xF81F,0xF81F,0xF81F,0xF81F,0xF81F,0xF81F,0xF81F,0xF81F,0xF81F,0xF81F,
    0xF81F,0xF81F,0xF81F,0xF81F,
    0xF81F,0xF81F,0xF81F,0xF81F,0xF81F,0xF81F,0xF81F,0xF81F,0xF81F,0xF81F,0xF81F,0xF81F,
    0xF81F,0xF81F,0xF81F,0xF81F,0xF81F,0xF81F,0xF81F,0xF81F,0xF81F,0xF81F,0xF81F,0x0882,
    0x426B,0x424A,0x426B,0x426B,0x426B,0x426B,0x426B,0x426B,0x426B,0x426B,0x426B,0x426B,
    0x426B,0x426B,0x424A,0x4A6B,0x10A3,0xF81F,0xF81F,0xF81F,0xF81F,0xF81F,0x0882,0x0882,
    0xF81F,0xF81F,0xF81F,0xF81F,0xF81F,0xF81F,0xF81F,0xF81F,0xF81F,0xF81F,0xF81F,0xF81F,
    0xF81F,0xF81F,0xF81F,0xF81F,
    0xF81F,0xF81F,0xF81F,0xF81F,0xF81F,0xF81F,0xF81F,0xF81F,0xF81F,0xF81F,0xF81F,0xF81F,
    0xF81F,0xF81F,0xF81F,0xF81F,0xF81F,0xF81F,0xF81F,0xF81F,0xF81F,0xF81F,0xF81F,0x10A3,
    0x426B,0x422A,0x424A,0x424A,0x424A,0x424A,0x424A,0x424A,0x424A,0x424A,0x424A,0x424A,
    0x424A,0x424A,0x422A,0x426B,0x18C3,0xF81F,0xF81F,0x0841,0x10C3,0x2125,0x2987,0x2125,
    0xF81F,0xF81F,0xF81F,0xF81F,0xF81F,0xF81F,0xF81F,0xF81F,0xF81F,0xF81F,0xF81F,0xF81F,
    0xF81F,0xF81F,0xF81F,0xF81F,
    0xF81F,0xF81F,0xF81F,0xF81F,0xF81F,0xF81F,0xF81F,0xF81F,0xF81F,0xF81F,0xF81F,0xF81F,
    0xF81F,0xF81F,0xF81F,0xF81F,0xF81F,0xF81F,0xF81F,0xF81F,0xF81F,0xF81F,0xF81F,0x18E4,
    0x424A,0x3A09,0x3A2A,0x3A2A,0x3A2A,0x3A2A,0x3A09,0x422A,0x422A,0x3A09,0x3A2A,0x3A2A,
    0x3A2A,0x3A2A,0x3A09,0x424A,0x2145,0x1082,0x2125,0x2966,0x2967,0x2966,0x2146,0x2125,
    0xF81F,0xF81F,0xF81F,0xF81F,0xF81F,0xF81F,0xF81F,0xF81F,0xF81F,0xF81F,0xF81F,0xF81F,
    0xF81F,0xF81F,0xF81F,0xF81F,
    0xF81F,0xF81F,0xF81F,0xF81F,0xF81F,0xF81F,0xF81F,0xF81F,0xF81F,0xF81F,0xF81F,0xF81F,
    0xF81F,0xF81F,0xF81F,0xF81F,0xF81F,0xF81F,0xF81F,0xF81F,0xF81F,0xF81F,0xF81F,0x2125,
    0x422A,0x39E9,0x3A09,0x3A09,0x3A09,0x3A09,0x4AAC,0x52ED,0x5AED,0x4AAC,0x3A09,0x3A09,
    0x3A09,0x3A09,0x3A09,0x3A09,0x31C8,0x2146,0x2146,0x2126,0x2125,0x2126,0x2126,0x2146,
    0x0841,0xF81F,0xF81F,0xF81F,0xF81F,0xF81F,0xF81F,0xF81F,0xF81F,0xF81F,0xF81F,0xF81F,
    0xF81F,0xF81F,0xF81F,0xF81F,
    0xF81F,0xF81F,0xF81F,0xF81F,0xF81F,0xF81F,0xF81F,0xF81F,0xF81F,0xF81F,0xF81F,0xF81F,
    0xF81F,0xF81F,0xF81F,0xF81F,0xF81F,0xF81F,0xF81F,0xF81F,0xF81F,0xF81F,0xF81F,0x2146,
    0x3A09,0x31E8,0x39E9,0x39E9,0x39E9,0x4AAC,0x5B0E,0x52ED,0x52ED,0x5B0E,0x52AC,0x39E9,
    0x39E9,0x39E9,0x39E9,0x39E9,0x31A8,0x2105,0x2125,0x2125,0x2125,0x2125,0x2125,0x2146,
    0x0882,0xF81F,0xF81F,0xF81F,0xF81F,0xF81F,0xF81F,0xF81F,0xF81F,0xF81F,0xF81F,0xF81F,
    0xF81F,0xF81F,0xF81F,0xF81F,
    0xF81F,0xF81F,0xF81F,0xF81F,0xF81F,0xF81F,0xF81F,0xF81F,0xF81F,0xF81F,0xF81F,0xF81F,
    0xF81F,0xF81F,0xF81F,0xF81F,0xF81F,0xF81F,0xF81F,0xF81F,0xF81F,0xF81F,0xF81F,0x2967,
    0x39E8,0x31C8,0x31C8,0x31C8,0x422A,0x52ED,0x52CC,0x52CD,0x52CD,0x52CC,0x52ED,0x424A,
    0x31C8,0x31C8,0x31C8,0x31C8,0x31C8,0x2125,0x2105,0x2105,0x2105,0x2105,0x1905,0x2125,
    0x10C3,0xF81F,0xF81F,0xF81F,0xF81F,0xF81F,0xF81F,0xF81F,0xF81F,0xF81F,0xF81F,0xF81F,
    0xF81F,0xF81F,0xF81F,0xF81F,
    0xF81F,0xF81F,0xF81F,0xF81F,0xF81F,0xF81F,0xF81F,0xF81F,0xF81F,0xF81F,0xF81F,0xF81F,
    0xF81F,0xF81F,0xF81F,0xF81F,0xF81F,0xF81F,0xF81F,0xF81F,0xF81F,0xF81F,0xF81F,0x2987,
    0x31C8,0x31A8,0x31A8,0x31A8,0x4A8B,0x52AC,0x4AAC,0x4AAC,0x4AAC,0x4AAC,0x52AC,0x4A8C,
    0x31C8,0x31A8,0x31A8,0x31A8,0x31A7,0x2105,0x1904,0x1905,0x1905,0x1905,0x1904,0x1905,
    0x18E4,0xF81F,0xF81F,0xF81F,0xF81F,0xF81F,0xF81F,0xF81F,0xF81F,0xF81F,0xF81F,0xF81F,
    0xF81F,0xF81F,0xF81F,0xF81F,
    0xF81F,0xF81F,0xF81F,0xF81F,0xF81F,0xF81F,0xF81F,0xF81F,0xF81F,0xF81F,0xF81F,0xF81F,
    0xF81F,0xF81F,0xF81F,0xF81F,0xF81F,0xF81F,0xF81F,0xF81F,0xF81F,0xF81F,0x0841,0x2987,
    0x29A7,0x2987,0x2987,0x31A8,0x424A,0x4A8B,0x4A8C,0x4A8B,0x4A8B,0x4A8C,0x4A8B,0x424A,
    0x31A8,0x2987,0x29A7,0x2987,0x29A7,0x1905,0x18E4,0x18E4,0x18E4,0x18E4,0x18E4,0x18E4,
    0x18E4,0x0020,0xF81F,0xF81F,0xF81F,0xF81F,0xF81F,0xF81F,0xF81F,0xF81F,0xF81F,0xF81F,
    0xF81F,0xF81F,0xF81F,0xF81F,
    0xF81F,0xF81F,0xF81F,0xF81F,0xF81F,0xF81F,0xF81F,0xF81F,0xF81F,0xF81F,0xF81F,0xF81F,
    0xF81F,0xF81F,0xF81F,0xF81F,0xF81F,0xF81F,0xF81F,0xF81F,0xF81F,0xF81F,0x0841,0x2987,
    0x2966,0x2967,0x2967,0x2967,0x2966,0x2987,0x424A,0x4A6B,0x4A6B,0x424A,0x2987,0x2966,
    0x2967,0x2967,0x2967,0x2967,0x2987,0x1905,0x10C4,0x18C4,0x18C4,0x18C4,0x18E4,0x18C4,
    0x18E4,0x0841,0xF81F,0xF81F,0xF81F,0xF81F,0xF81F,0xF81F,0xF81F,0xF81F,0xF81F,0xF81F,
    0xF81F,0xF81F,0xF81F,0xF81F,
    0xF81F,0xF81F,0xF81F,0xF81F,0xF81F,0xF81F,0xF81F,0xF81F,0xF81F,0xF81F,0xF81F,0xF81F,
    0xF81F,0xF81F,0xF81F,0xF81F,0xF81F,0xF81F,0xF81F,0xF81F,0xF81F,0xF81F,0x0882,0x2966,
    0x2146,0x2966,0x2966,0x2966,0x2966,0x2146,0x31A7,0x424B,0x424B,0x31A8,0x2146,0x2966,
    0x2966,0x2966,0x2966,0x2966,0x2966,0x1905,0x10C3,0x18C4,0x18C4,0x18C4,0x18C4,0x10C3,
    0x10C3,0x0861,0xF81F,0xF81F,0xF81F,0xF81F,0xF81F,0xF81F,0xF81F,0xF81F,0xF81F,0xF81F,
    0xF81F,0xF81F,0xF81F,0xF81F,
    0xF81F,0xF81F,0xF81F,0xF81F,0xF81F,0xF81F,0xF81F,0xF81F,0xF81F,0xF81F,0xF81F,0xF81F,
    0xF81F,0xF81F,0xF81F,0xF81F,0xF81F,0xF81F,0xF81F,0xF81F,0xF81F,0xF81F,0x10A3,0x2946,
    0x2125,0x2146,0x2146,0x2146,0x2146,0x2126,0x2987,0x422A,0x422A,0x2987,0x2126,0x2146,
    0x2146,0x2146,0x2146,0x2125,0x2146,0x18C4,0x0841,0x0841,0x0021,0x0020,0x0020,0x0000,
    0x0000,0xF81F,0xF81F,0xF81F,0xF81F,0xF81F,0xF81F,0xF81F,0xF81F,0xF81F,0xF81F,0xF81F,
    0xF81F,0xF81F,0xF81F,0xF81F,
    0xF81F,0xF81F,0xF81F,0xF81F,0xF81F,0xF81F,0xF81F,0xF81F,0xF81F,0xF81F,0xF81F,0xF81F,
    0xF81F,0xF81F,0xF81F,0xF81F,0xF81F,0xF81F,0xF81F,0xF81F,0xF81F,0xF81F,0x10A3,0x2145,
    0x2125,0x2125,0x2125,0x2125,0x2125,0x2125,0x2966,0x3A09,0x3A09,0x2967,0x2125,0x2125,
    0x2125,0x2125,0x2125,0x2125,0x2125,0x10C3,0xF81F,0xF81F,0xF81F,0xF81F,0xF81F,0xF81F,
    0xF81F,0xF81F,0xF81F,0xF81F,0xF81F,0xF81F,0xF81F,0xF81F,0xF81F,0xF81F,0xF81F,0xF81F,
    0xF81F,0xF81F,0xF81F,0xF81F,
    0xF81F,0xF81F,0xF81F,0xF81F,0xF81F,0xF81F,0xF81F,0xF81F,0xF81F,0xF81F,0xF81F,0xF81F,
    0xF81F,0xF81F,0xF81F,0xF81F,0xF81F,0xF81F,0xF81F,0xF81F,0xF81F,0xF81F,0x10C3,0x2105,
    0x1905,0x2125,0x2125,0x2125,0x2125,0x2105,0x2146,0x39E9,0x39E9,0x2966,0x2105,0x2125,
    0x2125,0x2125,0x2125,0x1905,0x2105,0x18C4,0xF81F,0xF81F,0xF81F,0xF81F,0xF81F,0xF81F,
    0xF81F,0xF81F,0xF81F,0xF81F,0xF81F,0xF81F,0xF81F,0xF81F,0xF81F,0xF81F,0xF81F,0xF81F,
    0xF81F,0xF81F,0xF81F,0xF81F,
    0xF81F,0xF81F,0xF81F,0xF81F,0xF81F,0xF81F,0xF81F,0xF81F,0xF81F,0xF81F,0xF81F,0xF81F,
    0xF81F,0xF81F,0xF81F,0xF81F,0xF81F,0xF81F,0xF81F,0xF81F,0xF81F,0xF81F,0x10C3,0x18E4,
    0x18E4,0x1905,0x1905,0x1905,0x1905,0x1904,0x2125,0x31C8,0x31C8,0x2146,0x1904,0x1905,
    0x1905,0x1905,0x1905,0x18E4,0x18E4,0x10C3,0xF81F,0xF81F,0xF81F,0xF81F,0xF81F,0xF81F,
    0xF81F,0xF81F,0xF81F,0xF81F,0xF81F,0xF81F,0xF81F,0xF81F,0xF81F,0xF81F,0xF81F,0xF81F,
    0xF81F,0xF81F,0xF81F,0xF81F,
    0xF81F,0xF81F,0xF81F,0xF81F,0xF81F,0xF81F,0xF81F,0xF81F,0xF81F,0xF81F,0xF81F,0xF81F,
    0xF81F,0xF81F,0xF81F,0xF81F,0xF81F,0xF81F,0xF81F,0xF81F,0xF81F,0x0000,0x10C3,0x18E4,
    0x18E4,0x18E4,0x18E4,0x18E4,0x18E4,0x18E4,0x2125,0x31C8,0x31C8,0x2125,0x18E4,0x18E4,
    0x18E4,0x18E4,0x18E4,0x18E4,0x18C4,0x18E4,0x0000,0xF81F,0xF81F,0xF81F,0xF81F,0xF81F,
    0xF81F,0xF81F,0xF81F,0xF81F,0xF81F,0xF81F,0xF81F,0xF81F,0xF81F,0xF81F,0xF81F,0xF81F,
    0xF81F,0xF81F,0xF81F,0xF81F,
    0xF81F,0xF81F,0xF81F,0xF81F,0xF81F,0xF81F,0xF81F,0xF81F,0xF81F,0xF81F,0xF81F,0xF81F,
    0xF81F,0xF81F,0xF81F,0xF81F,0xF81F,0xF81F,0xF81F,0xF81F,0xF81F,0xF81F,0x0021,0x0041,
    0x0841,0x18E4,0x18C4,0x18C4,0x18C4,0x18E4,0x10A3,0x0862,0x0862,0x10A3,0x18E4,0x18C4,
    0x18C4,0x18C4,0x18E4,0x0862,0x0021,0x0041,0xF81F,0xF81F,0xF81F,0xF81F,0xF81F,0xF81F,
    0xF81F,0xF81F,0xF81F,0xF81F,0xF81F,0xF81F,0xF81F,0xF81F,0xF81F,0xF81F,0xF81F,0xF81F,
    0xF81F,0xF81F,0xF81F,0xF81F,
    0xF81F,0xF81F,0xF81F,0xF81F,0xF81F,0xF81F,0xF81F,0xF81F,0xF81F,0xF81F,0xF81F,0xF81F,
    0xF81F,0xF81F,0xF81F,0xF81F,0xF81F,0xF81F,0xF81F,0xF81F,0xF81F,0xF81F,0xF81F,0xF81F,
    0xF81F,0x1082,0x18E4,0x18C4,0x18C4,0x18C4,0x0021,0xF81F,0xF81F,0x0021,0x10C3,0x18C4,
    0x18C4,0x18C4,0x10A3,0xF81F,0xF81F,0xF81F,0xF81F,0xF81F,0xF81F,0xF81F,0xF81F,0xF81F,
    0xF81F,0xF81F,0xF81F,0xF81F,0xF81F,0xF81F,0xF81F,0xF81F,0xF81F,0xF81F,0xF81F,0xF81F,
    0xF81F,0xF81F,0xF81F,0xF81F,
    0xF81F,0xF81F,0xF81F,0xF81F,0xF81F,0xF81F,0xF81F,0xF81F,0xF81F,0xF81F,0xF81F,0xF81F,
    0xF81F,0xF81F,0xF81F,0xF81F,0xF81F,0xF81F,0xF81F,0xF81F,0xF81F,0xF81F,0xF81F,0xF81F,
    0xF81F,0xF81F,0x0841,0x0841,0x0841,0x0020,0xF81F,0xF81F,0xF81F,0xF81F,0x0020,0x0841,
    0x0841,0x0841,0xF81F,0xF81F,0xF81F,0xF81F,0xF81F,0xF81F,0xF81F,0xF81F,0xF81F,0xF81F,
    0xF81F,0xF81F,0xF81F,0xF81F,0xF81F,0xF81F,0xF81F,0xF81F,0xF81F,0xF81F,0xF81F,0xF81F,
    0xF81F,0xF81F,0xF81F,0xF81F,
    0xF81F,0xF81F,0xF81F,0xF81F,0xF81F,0xF81F,0xF81F,0xF81F,0xF81F,0xF81F,0xF81F,0xF81F,
    0xF81F,0xF81F,0xF81F,0xF81F,0xF81F,0xF81F,0xF81F,0xF81F,0xF81F,0xF81F,0xF81F,0xF81F,
    0xF81F,0xF81F,0xF81F,0xF81F,0xF81F,0xF81F,0xF81F,0xF81F,0xF81F,0xF81F,0xF81F,0xF81F,
    0xF81F,0xF81F,0xF81F,0xF81F,0xF81F,0xF81F,0xF81F,0xF81F,0xF81F,0xF81F,0xF81F,0xF81F,
    0xF81F,0xF81F,0xF81F,0xF81F,0xF81F,0xF81F,0xF81F,0xF81F,0xF81F,0xF81F,0xF81F,0xF81F,
    0xF81F,0xF81F,0xF81F,0xF81F,
    0xF81F,0xF81F,0xF81F,0xF81F,0xF81F,0xF81F,0xF81F,0xF81F,0xF81F,0xF81F,0xF81F,0xF81F,
    0xF81F,0xF81F,0xF81F,0xF81F,0xF81F,0xF81F,0xF81F,0xF81F,0xF81F,0xF81F,0xF81F,0xF81F,
    0xF81F,0xF81F,0xF81F,0xF81F,0xF81F,0xF81F,0xF81F,0xF81F,0xF81F,0xF81F,0xF81F,0xF81F,
    0xF81F,0xF81F,0xF81F,0xF81F,0xF81F,0xF81F,0xF81F,0xF81F,0xF81F,0xF81F,0xF81F,0xF81F,
    0xF81F,0xF81F,0xF81F,0xF81F,0xF81F,0xF81F,0xF81F,0xF81F,0xF81F,0xF81F,0xF81F,0xF81F,
    0xF81F,0xF81F,0xF81F,0xF81F,
    0xF81F,0xF81F,0xF81F,0xF81F,0xF81F,0xF81F,0xF81F,0xF81F,0xF81F,0xF81F,0xF81F,0xF81F,
    0xF81F,0xF81F,0xF81F,0xF81F,0xF81F,0xF81F,0xF81F,0xF81F,0xF81F,0xF81F,0xF81F,0xF81F,
    0xF81F,0xF81F,0xF81F,0xF81F,0xF81F,0xF81F,0xF81F,0xF81F,0xF81F,0xF81F,0xF81F,0xF81F,
    0xF81F,0xF81F,0xF81F,0xF81F,0xF81F,0xF81F,0xF81F,0xF81F,0xF81F,0xF81F,0xF81F,0xF81F,
    0xF81F,0xF81F,0xF81F,0xF81F,0xF81F,0xF81F,0xF81F,0xF81F,0xF81F,0xF81F,0xF81F,0xF81F,
    0xF81F,0xF81F,0xF81F,0xF81F,
    0xF81F,0xF81F,0xF81F,0xF81F,0xF81F,0xF81F,0xF81F,0xF81F,0xF81F,0xF81F,0xF81F,0xF81F,
    0xF81F,0xF81F,0xF81F,0xF81F,0xF81F,0xF81F,0xF81F,0xF81F,0xF81F,0xF81F,0xF81F,0xF81F,
    0xF81F,0xF81F,0xF81F,0xF81F,0xF81F,0xF81F,0xF81F,0xF81F,0xF81F,0xF81F,0xF81F,0xF81F,
    0xF81F,0xF81F,0xF81F,0xF81F,0xF81F,0xF81F,0xF81F,0xF81F,0xF81F,0xF81F,0xF81F,0xF81F,
    0xF81F,0xF81F,0xF81F,0xF81F,0xF81F,0xF81F,0xF81F,0xF81F,0xF81F,0xF81F,0xF81F,0xF81F,
    0xF81F,0xF81F,0xF81F,0xF81F,
    0xF81F,0xF81F,0xF81F,0xF81F,0xF81F,0xF81F,0xF81F,0xF81F,0xF81F,0xF81F,0xF81F,0xF81F,
    0xF81F,0xF81F,0xF81F,0xF81F,0xF81F,0xF81F,0xF81F,0xF81F,0xF81F,0xF81F,0xF81F,0xF81F,
    0xF81F,0xF81F,0xF81F,0xF81F,0xF81F,0xF81F,0xF81F,0xF81F,0xF81F,0xF81F,0xF81F,0xF81F,
    0xF81F,0xF81F,0xF81F,0xF81F,0xF81F,0xF81F,0xF81F,0xF81F,0xF81F,0xF81F,0xF81F,0xF81F,
    0xF81F,0xF81F,0xF81F,0xF81F,0xF81F,0xF81F,0xF81F,0xF81F,0xF81F,0xF81F,0xF81F,0xF81F,
    0xF81F,0xF81F,0xF81F,0xF81F,
    0xF81F,0xF81F,0xF81F,0xF81F,0xF81F,0xF81F,0xF81F,0xF81F,0xF81F,0xF81F,0xF81F,0xF81F,
    0xF81F,0xF81F,0xF81F,0xF81F,0xF81F,0xF81F,0xF81F,0xF81F,0xF81F,0xF81F,0xF81F,0xF81F,
    0xF81F,0xF81F,0xF81F,0xF81F,0xF81F,0xF81F,0xF81F,0xF81F,0xF81F,0xF81F,0xF81F,0xF81F,
    0xF81F,0xF81F,0xF81F,0xF81F,0xF81F,0xF81F,0xF81F,0xF81F,0xF81F,0xF81F,0xF81F,0xF81F,
    0xF81F,0xF81F,0xF81F,0xF81F,0xF81F,0xF81F,0xF81F,0xF81F,0xF81F,0xF81F,0xF81F,0xF81F,
    0xF81F,0xF81F,0xF81F,0xF81F,
    0xF81F,0xF81F,0xF81F,0xF81F,0xF81F,0xF81F,0xF81F,0xF81F,0xF81F,0xF81F,0xF81F,0xF81F,
    0xF81F,0xF81F,0xF81F,0xF81F,0xF81F,0xF81F,0xF81F,0xF81F,0xF81F,0xF81F,0xF81F,0xF81F,
    0xF81F,0xF81F,0xF81F,0xF81F,0xF81F,0xF81F,0xF81F,0xF81F,0xF81F,0xF81F,0xF81F,0xF81F,
    0xF81F,0xF81F,0xF81F,0xF81F,0xF81F,0xF81F,0xF81F,0xF81F,0xF81F,0xF81F,0xF81F,0xF81F,
    0xF81F,0xF81F,0xF81F,0xF81F,0xF81F,0xF81F,0xF81F,0xF81F,0xF81F,0xF81F,0xF81F,0xF81F,
    0xF81F,0xF81F,0xF81F,0xF81F,
    0xF81F,0xF81F,0xF81F,0xF81F,0xF81F,0xF81F,0xF81F,0xF81F,0xF81F,0xF81F,0xF81F,0xF81F,
    0xF81F,0xF81F,0xF81F,0xF81F,0xF81F,0xF81F,0xF81F,0xF81F,0xF81F,0xF81F,0xF81F,0xF81F,
    0xF81F,0xF81F,0xF81F,0xF81F,0xF81F,0xF81F,0xF81F,0xF81F,0xF81F,0xF81F,0xF81F,0xF81F,
    0xF81F,0xF81F,0xF81F,0xF81F,0xF81F,0xF81F,0xF81F,0xF81F,0xF81F,0xF81F,0xF81F,0xF81F,
    0xF81F,0xF81F,0xF81F,0xF81F,0xF81F,0xF81F,0xF81F,0xF81F,0xF81F,0xF81F,0xF81F,0xF81F,
    0xF81F,0xF81F,0xF81F,0xF81F,
    0xF81F,0xF81F,0xF81F,0xF81F,0xF81F,0xF81F,0xF81F,0xF81F,0xF81F,0xF81F,0xF81F,0xF81F,
    0xF81F,0xF81F,0xF81F,0xF81F,0xF81F,0xF81F,0xF81F,0xF81F,0xF81F,0xF81F,0xF81F,0xF81F,
    0xF81F,0xF81F,0xF81F,0xF81F,0xF81F,0xF81F,0xF81F,0xF81F,0xF81F,0xF81F,0xF81F,0xF81F,
    0xF81F,0xF81F,0xF81F,0xF81F,0xF81F,0xF81F,0xF81F,0xF81F,0xF81F,0xF81F,0xF81F,0xF81F,
    0xF81F,0xF81F,0xF81F,0xF81F,0xF81F,0xF81F,0xF81F,0xF81F,0xF81F,0xF81F,0xF81F,0xF81F,
    0xF81F,0xF81F,0xF81F,0xF81F,
};

static const uint16_t hd_pup_hero[112 * 112] PROGMEM = {
    0xF81F,0xF81F,0xF81F,0xF81F,0xF81F,0xF81F,0xF81F,0xF81F,0xF81F,0xF81F,0xF81F,0xF81F,
    0xF81F,0xF81F,0xF81F,0xF81F,0xF81F,0xF81F,0xF81F,0xF81F,0xF81F,0xF81F,0xF81F,0xF81F,
    0xF81F,0xF81F,0xF81F,0xF81F,0xF81F,0xF81F,0xF81F,0xF81F,0xF81F,0xF81F,0xF81F,0xF81F,
    0xF81F,0xF81F,0xF81F,0xF81F,0xF81F,0xF81F,0xF81F,0xF81F,0xF81F,0xF81F,0xF81F,0xF81F,
    0xF81F,0xF81F,0xF81F,0xF81F,0xF81F,0xF81F,0xF81F,0xF81F,0xF81F,0xF81F,0xF81F,0xF81F,
    0xF81F,0xF81F,0xF81F,0xF81F,0xF81F,0xF81F,0xF81F,0xF81F,0xF81F,0xF81F,0xF81F,0xF81F,
    0xF81F,0xF81F,0xF81F,0xF81F,0xF81F,0xF81F,0xF81F,0xF81F,0xF81F,0xF81F,0xF81F,0xF81F,
    0xF81F,0xF81F,0xF81F,0xF81F,0xF81F,0xF81F,0xF81F,0xF81F,0xF81F,0xF81F,0xF81F,0xF81F,
    0xF81F,0xF81F,0xF81F,0xF81F,0xF81F,0xF81F,0xF81F,0xF81F,0xF81F,0xF81F,0xF81F,0xF81F,
    0xF81F,0xF81F,0xF81F,0xF81F,
    0xF81F,0xF81F,0xF81F,0xF81F,0xF81F,0xF81F,0xF81F,0xF81F,0xF81F,0xF81F,0xF81F,0xF81F,
    0xF81F,0xF81F,0xF81F,0xF81F,0xF81F,0xF81F,0xF81F,0xF81F,0xF81F,0xF81F,0xF81F,0xF81F,
    0xF81F,0xF81F,0xF81F,0xF81F,0xF81F,0xF81F,0xF81F,0xF81F,0xF81F,0xF81F,0xF81F,0xF81F,
    0xF81F,0xF81F,0xF81F,0xF81F,0xF81F,0xF81F,0xF81F,0xF81F,0xF81F,0xF81F,0xF81F,0xF81F,
    0xF81F,0xF81F,0xF81F,0xF81F,0xF81F,0xF81F,0xF81F,0xF81F,0xF81F,0xF81F,0xF81F,0xF81F,
    0xF81F,0xF81F,0xF81F,0xF81F,0xF81F,0xF81F,0xF81F,0xF81F,0xF81F,0xF81F,0xF81F,0xF81F,
    0xF81F,0xF81F,0xF81F,0xF81F,0xF81F,0xF81F,0xF81F,0xF81F,0xF81F,0xF81F,0xF81F,0xF81F,
    0xF81F,0xF81F,0xF81F,0xF81F,0xF81F,0xF81F,0xF81F,0xF81F,0xF81F,0xF81F,0xF81F,0xF81F,
    0xF81F,0xF81F,0xF81F,0xF81F,0xF81F,0xF81F,0xF81F,0xF81F,0xF81F,0xF81F,0xF81F,0xF81F,
    0xF81F,0xF81F,0xF81F,0xF81F,
    0xF81F,0xF81F,0xF81F,0xF81F,0xF81F,0xF81F,0xF81F,0xF81F,0xF81F,0xF81F,0xF81F,0xF81F,
    0xF81F,0xF81F,0xF81F,0xF81F,0xF81F,0xF81F,0xF81F,0xF81F,0xF81F,0xF81F,0xF81F,0xF81F,
    0xF81F,0xF81F,0xF81F,0xF81F,0xF81F,0xF81F,0xF81F,0xF81F,0xF81F,0xF81F,0xF81F,0xF81F,
    0xF81F,0xF81F,0xF81F,0xF81F,0xF81F,0xF81F,0xF81F,0xF81F,0xF81F,0xF81F,0xF81F,0xF81F,
    0xF81F,0xF81F,0xF81F,0xF81F,0xF81F,0xF81F,0xF81F,0xF81F,0xF81F,0xF81F,0xF81F,0xF81F,
    0xF81F,0xF81F,0xF81F,0xF81F,0xF81F,0xF81F,0xF81F,0xF81F,0xF81F,0xF81F,0xF81F,0xF81F,
    0xF81F,0xF81F,0xF81F,0xF81F,0xF81F,0xF81F,0xF81F,0xF81F,0xF81F,0xF81F,0xF81F,0xF81F,
    0xF81F,0xF81F,0xF81F,0xF81F,0xF81F,0xF81F,0xF81F,0xF81F,0xF81F,0xF81F,0xF81F,0xF81F,
    0xF81F,0xF81F,0xF81F,0xF81F,0xF81F,0xF81F,0xF81F,0xF81F,0xF81F,0xF81F,0xF81F,0xF81F,
    0xF81F,0xF81F,0xF81F,0xF81F,
    0xF81F,0xF81F,0xF81F,0xF81F,0xF81F,0xF81F,0xF81F,0xF81F,0xF81F,0xF81F,0xF81F,0xF81F,
    0xF81F,0xF81F,0xF81F,0xF81F,0xF81F,0xF81F,0xF81F,0xF81F,0xF81F,0xF81F,0xF81F,0xF81F,
    0xF81F,0xF81F,0xF81F,0xF81F,0xF81F,0xF81F,0xF81F,0xF81F,0xF81F,0xF81F,0xF81F,0xF81F,
    0xF81F,0xF81F,0xF81F,0xF81F,0xF81F,0xF81F,0xF81F,0xF81F,0xF81F,0xF81F,0xF81F,0xF81F,
    0xF81F,0xF81F,0xF81F,0xF81F,0xF81F,0xF81F,0xF81F,0xF81F,0xF81F,0xF81F,0xF81F,0xF81F,
    0xF81F,0xF81F,0xF81F,0xF81F,0xF81F,0xF81F,0xF81F,0xF81F,0xF81F,0xF81F,0xF81F,0xF81F,
    0xF81F,0xF81F,0xF81F,0xF81F,0xF81F,0xF81F,0xF81F,0xF81F,0xF81F,0xF81F,0xF81F,0xF81F,
    0xF81F,0xF81F,0xF81F,0xF81F,0xF81F,0xF81F,0xF81F,0xF81F,0xF81F,0xF81F,0xF81F,0xF81F,
    0xF81F,0xF81F,0xF81F,0xF81F,0xF81F,0xF81F,0xF81F,0xF81F,0xF81F,0xF81F,0xF81F,0xF81F,
    0xF81F,0xF81F,0xF81F,0xF81F,
    0xF81F,0xF81F,0xF81F,0xF81F,0xF81F,0xF81F,0xF81F,0xF81F,0xF81F,0xF81F,0xF81F,0xF81F,
    0xF81F,0xF81F,0xF81F,0xF81F,0xF81F,0xF81F,0xF81F,0xF81F,0xF81F,0xF81F,0xF81F,0xF81F,
    0xF81F,0xF81F,0xF81F,0xF81F,0xF81F,0xF81F,0xF81F,0xF81F,0xF81F,0xF81F,0xF81F,0xF81F,
    0xF81F,0xF81F,0xF81F,0xF81F,0xF81F,0xF81F,0xF81F,0xF81F,0xF81F,0xF81F,0xF81F,0xF81F,
    0xF81F,0xF81F,0xF81F,0xF81F,0xF81F,0xF81F,0xF81F,0xF81F,0xF81F,0xF81F,0xF81F,0xF81F,
    0xF81F,0xF81F,0xF81F,0xF81F,0xF81F,0xF81F,0xF81F,0xF81F,0xF81F,0xF81F,0xF81F,0xF81F,
    0xF81F,0xF81F,0xF81F,0xF81F,0xF81F,0xF81F,0xF81F,0xF81F,0xF81F,0xF81F,0xF81F,0xF81F,
    0xF81F,0xF81F,0xF81F,0xF81F,0xF81F,0xF81F,0xF81F,0xF81F,0xF81F,0xF81F,0xF81F,0xF81F,
    0xF81F,0xF81F,0xF81F,0xF81F,0xF81F,0xF81F,0xF81F,0xF81F,0xF81F,0xF81F,0xF81F,0xF81F,
    0xF81F,0xF81F,0xF81F,0xF81F,
    0xF81F,0xF81F,0xF81F,0xF81F,0xF81F,0xF81F,0xF81F,0xF81F,0xF81F,0xF81F,0xF81F,0xF81F,
    0xF81F,0xF81F,0xF81F,0xF81F,0xF81F,0xF81F,0xF81F,0xF81F,0xF81F,0xF81F,0xF81F,0xF81F,
    0xF81F,0xF81F,0xF81F,0xF81F,0xF81F,0xF81F,0xF81F,0xF81F,0xF81F,0xF81F,0xF81F,0xF81F,
    0xF81F,0xF81F,0xF81F,0xF81F,0xF81F,0xF81F,0xF81F,0xF81F,0xF81F,0xF81F,0xF81F,0xF81F,
    0xF81F,0xF81F,0xF81F,0xF81F,0xF81F,0xF81F,0xF81F,0xF81F,0xF81F,0xF81F,0xF81F,0xF81F,
    0xF81F,0xF81F,0xF81F,0xF81F,0xF81F,0xF81F,0xF81F,0xF81F,0xF81F,0xF81F,0xF81F,0xF81F,
    0xF81F,0xF81F,0xF81F,0xF81F,0xF81F,0xF81F,0xF81F,0xF81F,0xF81F,0xF81F,0xF81F,0xF81F,
    0xF81F,0xF81F,0xF81F,0xF81F,0xF81F,0xF81F,0xF81F,0xF81F,0xF81F,0xF81F,0xF81F,0xF81F,
    0xF81F,0xF81F,0xF81F,0xF81F,0xF81F,0xF81F,0xF81F,0xF81F,0xF81F,0xF81F,0xF81F,0xF81F,
    0xF81F,0xF81F,0xF81F,0xF81F,
    0xF81F,0xF81F,0xF81F,0xF81F,0xF81F,0xF81F,0xF81F,0xF81F,0xF81F,0xF81F,0xF81F,0xF81F,
    0xF81F,0xF81F,0xF81F,0xF81F,0xF81F,0xF81F,0xF81F,0xF81F,0xF81F,0xF81F,0xF81F,0xF81F,
    0xF81F,0xF81F,0xF81F,0xF81F,0xF81F,0xF81F,0xF81F,0xF81F,0xF81F,0xF81F,0xF81F,0xF81F,
    0xF81F,0xF81F,0xF81F,0xF81F,0xF81F,0xF81F,0xF81F,0xF81F,0xF81F,0xF81F,0xF81F,0xF81F,
    0xF81F,0xF81F,0xF81F,0xF81F,0xF81F,0xF81F,0xF81F,0xF81F,0xF81F,0xF81F,0xF81F,0xF81F,
    0xF81F,0xF81F,0xF81F,0xF81F,0xF81F,0xF81F,0xF81F,0xF81F,0xF81F,0xF81F,0xF81F,0xF81F,
    0xF81F,0xF81F,0xF81F,0xF81F,0xF81F,0xF81F,0xF81F,0xF81F,0xF81F,0xF81F,0xF81F,0xF81F,
    0xF81F,0xF81F,0xF81F,0xF81F,0xF81F,0xF81F,0xF81F,0xF81F,0xF81F,0xF81F,0xF81F,0xF81F,
    0xF81F,0xF81F,0xF81F,0xF81F,0xF81F,0xF81F,0xF81F,0xF81F,0xF81F,0xF81F,0xF81F,0xF81F,
    0xF81F,0xF81F,0xF81F,0xF81F,
    0xF81F,0xF81F,0xF81F,0xF81F,0xF81F,0xF81F,0xF81F,0xF81F,0xF81F,0xF81F,0xF81F,0xF81F,
    0xF81F,0xF81F,0xF81F,0xF81F,0xF81F,0xF81F,0xF81F,0xF81F,0xF81F,0xF81F,0xF81F,0xF81F,
    0xF81F,0xF81F,0xF81F,0xF81F,0xF81F,0xF81F,0xF81F,0xF81F,0xF81F,0xF81F,0xF81F,0xF81F,
    0xF81F,0xF81F,0xF81F,0xF81F,0xF81F,0xF81F,0xF81F,0xF81F,0xF81F,0xF81F,0xF81F,0xF81F,
    0xF81F,0xF81F,0xF81F,0xF81F,0xF81F,0xF81F,0xF81F,0xF81F,0xF81F,0xF81F,0xF81F,0xF81F,
    0xF81F,0xF81F,0xF81F,0xF81F,0xF81F,0xF81F,0xF81F,0xF81F,0xF81F,0xF81F,0xF81F,0xF81F,
    0xF81F,0xF81F,0xF81F,0xF81F,0xF81F,0xF81F,0xF81F,0xF81F,0xF81F,0xF81F,0xF81F,0xF81F,
    0xF81F,0xF81F,0xF81F,0xF81F,0xF81F,0xF81F,0xF81F,0xF81F,0xF81F,0xF81F,0xF81F,0xF81F,
    0xF81F,0xF81F,0xF81F,0xF81F,0xF81F,0xF81F,0xF81F,0xF81F,0xF81F,0xF81F,0xF81F,0xF81F,
    0xF81F,0xF81F,0xF81F,0xF81F,
    0xF81F,0xF81F,0xF81F,0xF81F,0xF81F,0xF81F,0xF81F,0xF81F,0xF81F,0xF81F,0xF81F,0xF81F,
    0xF81F,0xF81F,0xF81F,0xF81F,0xF81F,0xF81F,0xF81F,0xF81F,0xF81F,0xF81F,0xF81F,0xF81F,
    0xF81F,0xF81F,0xF81F,0xF81F,0xF81F,0xF81F,0xF81F,0xF81F,0xF81F,0xF81F,0xF81F,0xF81F,
    0xF81F,0xF81F,0xF81F,0xF81F,0xF81F,0xF81F,0xF81F,0xF81F,0xF81F,0xF81F,0xF81F,0xF81F,
    0xF81F,0xF81F,0xF81F,0xF81F,0xF81F,0xF81F,0xF81F,0xF81F,0xF81F,0xF81F,0xF81F,0xF81F,
    0xF81F,0xF81F,0xF81F,0xF81F,0xF81F,0xF81F,0xF81F,0xF81F,0xF81F,0xF81F,0xF81F,0xF81F,
    0xF81F,0xF81F,0xF81F,0xF81F,0xF81F,0xF81F,0xF81F,0xF81F,0xF81F,0xF81F,0xF81F,0xF81F,
    0xF81F,0xF81F,0xF81F,0xF81F,0xF81F,0xF81F,0xF81F,0xF81F,0xF81F,0xF81F,0xF81F,0xF81F,
    0xF81F,0xF81F,0xF81F,0xF81F,0xF81F,0xF81F,0xF81F,0xF81F,0xF81F,0xF81F,0xF81F,0xF81F,
    0xF81F,0xF81F,0xF81F,0xF81F,
    0xF81F,0xF81F,0xF81F,0xF81F,0xF81F,0xF81F,0xF81F,0xF81F,0xF81F,0xF81F,0xF81F,0xF81F,
    0xF81F,0xF81F,0xF81F,0xF81F,0xF81F,0xF81F,0xF81F,0xF81F,0xF81F,0xF81F,0xF81F,0xF81F,
    0xF81F,0xF81F,0xF81F,0xF81F,0xF81F,0xF81F,0xF81F,0xF81F,0xF81F,0xF81F,0xF81F,0xF81F,
    0xF81F,0xF81F,0xF81F,0xF81F,0xF81F,0xF81F,0xF81F,0xF81F,0xF81F,0xF81F,0xF81F,0xF81F,
    0xF81F,0xF81F,0xF81F,0xF81F,0xF81F,0xF81F,0xF81F,0xF81F,0xF81F,0xF81F,0xF81F,0xF81F,
    0xF81F,0xF81F,0xF81F,0xF81F,0xF81F,0xF81F,0xF81F,0xF81F,0xF81F,0xF81F,0xF81F,0xF81F,
    0xF81F,0xF81F,0xF81F,0xF81F,0xF81F,0xF81F,0xF81F,0xF81F,0xF81F,0xF81F,0xF81F,0xF81F,
    0xF81F,0xF81F,0xF81F,0xF81F,0xF81F,0xF81F,0xF81F,0xF81F,0xF81F,0xF81F,0xF81F,0xF81F,
    0xF81F,0xF81F,0xF81F,0xF81F,0xF81F,0xF81F,0xF81F,0xF81F,0xF81F,0xF81F,0xF81F,0xF81F,
    0xF81F,0xF81F,0xF81F,0xF81F,
    0xF81F,0xF81F,0xF81F,0xF81F,0xF81F,0xF81F,0xF81F,0xF81F,0xF81F,0xF81F,0xF81F,0xF81F,
    0xF81F,0xF81F,0xF81F,0xF81F,0xF81F,0xF81F,0xF81F,0xF81F,0xF81F,0xF81F,0xF81F,0xF81F,
    0xF81F,0xF81F,0xF81F,0xF81F,0xF81F,0xF81F,0xF81F,0xF81F,0xF81F,0xF81F,0xF81F,0xF81F,
    0xF81F,0xF81F,0xF81F,0xF81F,0xF81F,0xF81F,0xF81F,0xF81F,0xF81F,0xF81F,0xF81F,0xF81F,
    0xF81F,0xF81F,0xF81F,0xF81F,0xF81F,0xF81F,0xF81F,0xF81F,0xF81F,0xF81F,0xF81F,0xF81F,
    0xF81F,0xF81F,0xF81F,0xF81F,0xF81F,0xF81F,0xF81F,0xF81F,0xF81F,0xF81F,0xF81F,0xF81F,
    0xF81F,0xF81F,0xF81F,0xF81F,0xF81F,0xF81F,0xF81F,0xF81F,0xF81F,0xF81F,0xF81F,0xF81F,
    0xF81F,0xF81F,0xF81F,0xF81F,0xF81F,0xF81F,0xF81F,0xF81F,0xF81F,0xF81F,0xF81F,0xF81F,
    0xF81F,0xF81F,0xF81F,0xF81F,0xF81F,0xF81F,0xF81F,0xF81F,0xF81F,0xF81F,0xF81F,0xF81F,
    0xF81F,0xF81F,0xF81F,0xF81F,
    0xF81F,0xF81F,0xF81F,0xF81F,0xF81F,0xF81F,0xF81F,0xF81F,0xF81F,0xF81F,0xF81F,0xF81F,
    0xF81F,0xF81F,0xF81F,0xF81F,0xF81F,0xF81F,0xF81F,0xF81F,0xF81F,0xF81F,0xF81F,0xF81F,
    0xF81F,0xF81F,0xF81F,0xF81F,0xF81F,0xF81F,0xF81F,0xF81F,0xF81F,0xF81F,0xF81F,0xF81F,
    0xF81F,0xF81F,0xF81F,0xF81F,0xF81F,0xF81F,0xF81F,0xF81F,0xF81F,0xF81F,0xF81F,0xF81F,
    0xF81F,0xF81F,0xF81F,0xF81F,0xF81F,0xF81F,0xF81F,0xF81F,0xF81F,0xF81F,0xF81F,0xF81F,
    0xF81F,0xF81F,0xF81F,0xF81F,0xF81F,0xF81F,0xF81F,0xF81F,0xF81F,0xF81F,0xF81F,0xF81F,
    0xF81F,0xF81F,0xF81F,0xF81F,0xF81F,0xF81F,0xF81F,0xF81F,0xF81F,0xF81F,0xF81F,0xF81F,
    0xF81F,0xF81F,0xF81F,0xF81F,0xF81F,0xF81F,0xF81F,0xF81F,0xF81F,0xF81F,0xF81F,0xF81F,
    0xF81F,0xF81F,0xF81F,0xF81F,0xF81F,0xF81F,0xF81F,0xF81F,0xF81F,0xF81F,0xF81F,0xF81F,
    0xF81F,0xF81F,0xF81F,0xF81F,
    0xF81F,0xF81F,0xF81F,0xF81F,0xF81F,0xF81F,0xF81F,0xF81F,0xF81F,0xF81F,0xF81F,0xF81F,
    0xF81F,0xF81F,0xF81F,0xF81F,0xF81F,0xF81F,0xF81F,0xF81F,0xF81F,0xF81F,0xF81F,0xF81F,
    0xF81F,0xF81F,0xF81F,0xF81F,0xF81F,0xF81F,0xF81F,0xF81F,0xF81F,0xF81F,0xF81F,0xF81F,
    0xF81F,0xF81F,0xF81F,0xF81F,0xF81F,0xF81F,0xF81F,0xF81F,0xF81F,0xF81F,0xF81F,0xF81F,
    0xF81F,0xF81F,0xF81F,0xF81F,0xF81F,0xF81F,0xF81F,0xF81F,0xF81F,0xF81F,0xF81F,0xF81F,
    0xF81F,0xF81F,0xF81F,0xF81F,0xF81F,0xF81F,0xF81F,0xF81F,0xF81F,0xF81F,0xF81F,0xF81F,
    0xF81F,0xF81F,0xF81F,0xF81F,0xF81F,0xF81F,0xF81F,0xF81F,0xF81F,0xF81F,0xF81F,0xF81F,
    0xF81F,0xF81F,0xF81F,0xF81F,0xF81F,0xF81F,0xF81F,0xF81F,0xF81F,0xF81F,0xF81F,0xF81F,
    0xF81F,0xF81F,0xF81F,0xF81F,0xF81F,0xF81F,0xF81F,0xF81F,0xF81F,0xF81F,0xF81F,0xF81F,
    0xF81F,0xF81F,0xF81F,0xF81F,
    0xF81F,0xF81F,0xF81F,0xF81F,0xF81F,0xF81F,0xF81F,0xF81F,0xF81F,0xF81F,0xF81F,0xF81F,
    0xF81F,0xF81F,0xF81F,0xF81F,0xF81F,0xF81F,0xF81F,0xF81F,0xF81F,0xF81F,0xF81F,0xF81F,
    0xF81F,0xF81F,0xF81F,0xF81F,0xF81F,0xF81F,0xF81F,0xF81F,0xF81F,0xF81F,0xF81F,0xF81F,
    0xF81F,0xF81F,0xF81F,0xF81F,0xF81F,0xF81F,0xF81F,0xF81F,0xF81F,0xF81F,0xF81F,0xF81F,
    0xF81F,0xF81F,0xF81F,0xF81F,0xF81F,0xF81F,0xF81F,0xF81F,0xF81F,0xF81F,0xF81F,0xF81F,
    0xF81F,0xF81F,0xF81F,0xF81F,0xF81F,0xF81F,0xF81F,0xF81F,0xF81F,0xF81F,0xF81F,0xF81F,
    0xF81F,0xF81F,0xF81F,0xF81F,0xF81F,0xF81F,0xF81F,0xF81F,0xF81F,0xF81F,0xF81F,0xF81F,
    0xF81F,0xF81F,0xF81F,0xF81F,0xF81F,0xF81F,0xF81F,0xF81F,0xF81F,0xF81F,0xF81F,0xF81F,
    0xF81F,0xF81F,0xF81F,0xF81F,0xF81F,0xF81F,0xF81F,0xF81F,0xF81F,0xF81F,0xF81F,0xF81F,
    0xF81F,0xF81F,0xF81F,0xF81F,
    0xF81F,0xF81F,0xF81F,0xF81F,0xF81F,0xF81F,0xF81F,0xF81F,0xF81F,0xF81F,0xF81F,0xF81F,
    0xF81F,0xF81F,0xF81F,0xF81F,0xF81F,0xF81F,0xF81F,0xF81F,0xF81F,0xF81F,0xF81F,0xF81F,
    0xF81F,0xF81F,0xF81F,0xF81F,0xF81F,0xF81F,0xF81F,0xF81F,0xF81F,0xF81F,0xF81F,0xF81F,
    0xF81F,0xF81F,0xF81F,0xF81F,0xF81F,0xF81F,0xF81F,0xF81F,0xF81F,0xF81F,0xF81F,0xF81F,
    0xF81F,0xF81F,0xF81F,0xF81F,0xF81F,0xF81F,0xF81F,0xF81F,0xF81F,0xF81F,0xF81F,0xF81F,
    0xF81F,0xF81F,0xF81F,0xF81F,0xF81F,0xF81F,0xF81F,0xF81F,0xF81F,0xF81F,0xF81F,0xF81F,
    0xF81F,0xF81F,0xF81F,0xF81F,0xF81F,0xF81F,0xF81F,0xF81F,0xF81F,0xF81F,0xF81F,0xF81F,
    0xF81F,0xF81F,0xF81F,0xF81F,0xF81F,0xF81F,0xF81F,0xF81F,0xF81F,0xF81F,0xF81F,0xF81F,
    0xF81F,0xF81F,0xF81F,0xF81F,0xF81F,0xF81F,0xF81F,0xF81F,0xF81F,0xF81F,0xF81F,0xF81F,
    0xF81F,0xF81F,0xF81F,0xF81F,
    0xF81F,0xF81F,0xF81F,0xF81F,0xF81F,0xF81F,0xF81F,0xF81F,0xF81F,0xF81F,0xF81F,0xF81F,
    0xF81F,0xF81F,0xF81F,0xF81F,0xF81F,0xF81F,0xF81F,0xF81F,0xF81F,0xF81F,0xF81F,0xF81F,
    0xF81F,0xF81F,0xF81F,0xF81F,0xF81F,0xF81F,0xF81F,0xF81F,0xF81F,0xF81F,0xF81F,0xF81F,
    0xF81F,0xF81F,0xF81F,0xF81F,0xF81F,0xF81F,0xF81F,0xF81F,0xF81F,0xF81F,0xF81F,0xF81F,
    0xF81F,0xF81F,0xF81F,0xF81F,0xF81F,0xF81F,0xF81F,0xF81F,0xF81F,0xF81F,0xF81F,0xF81F,
    0xF81F,0xF81F,0xF81F,0xF81F,0xF81F,0xF81F,0xF81F,0xF81F,0xF81F,0xF81F,0xF81F,0xF81F,
    0xF81F,0xF81F,0xF81F,0xF81F,0xF81F,0xF81F,0xF81F,0xF81F,0xF81F,0xF81F,0xF81F,0xF81F,
    0xF81F,0xF81F,0xF81F,0xF81F,0xF81F,0xF81F,0xF81F,0xF81F,0xF81F,0xF81F,0xF81F,0xF81F,
    0xF81F,0xF81F,0xF81F,0xF81F,0xF81F,0xF81F,0xF81F,0xF81F,0xF81F,0xF81F,0xF81F,0xF81F,
    0xF81F,0xF81F,0xF81F,0xF81F,
    0xF81F,0xF81F,0xF81F,0xF81F,0xF81F,0xF81F,0xF81F,0xF81F,0xF81F,0xF81F,0xF81F,0xF81F,
    0xF81F,0xF81F,0xF81F,0xF81F,0xF81F,0xF81F,0xF81F,0xF81F,0xF81F,0xF81F,0xF81F,0xF81F,
    0xF81F,0xF81F,0xF81F,0xF81F,0xF81F,0xF81F,0xF81F,0xF81F,0xF81F,0xF81F,0xF81F,0xF81F,
    0xF81F,0xF81F,0xF81F,0xF81F,0xF81F,0xF81F,0xF81F,0xF81F,0xF81F,0xF81F,0xF81F,0xF81F,
    0xF81F,0xF81F,0xF81F,0xF81F,0xF81F,0xF81F,0xF81F,0xF81F,0xF81F,0xF81F,0xF81F,0xF81F,
    0xF81F,0xF81F,0xF81F,0xF81F,0xF81F,0xF81F,0xF81F,0xF81F,0xF81F,0xF81F,0xF81F,0xF81F,
    0xF81F,0xF81F,0xF81F,0xF81F,0xF81F,0xF81F,0xF81F,0xF81F,0xF81F,0xF81F,0xF81F,0xF81F,
    0xF81F,0xF81F,0xF81F,0xF81F,0xF81F,0xF81F,0xF81F,0xF81F,0xF81F,0xF81F,0xF81F,0xF81F,
    0xF81F,0xF81F,0xF81F,0xF81F,0xF81F,0xF81F,0xF81F,0xF81F,0xF81F,0xF81F,0xF81F,0xF81F,
    0xF81F,0xF81F,0xF81F,0xF81F,
    0xF81F,0xF81F,0xF81F,0xF81F,0xF81F,0xF81F,0xF81F,0xF81F,0xF81F,0xF81F,0xF81F,0xF81F,
    0xF81F,0xF81F,0xF81F,0xF81F,0xF81F,0xF81F,0xF81F,0xF81F,0xF81F,0xF81F,0xF81F,0xF81F,
    0xF81F,0xF81F,0xF81F,0xF81F,0xF81F,0xF81F,0xF81F,0xF81F,0xF81F,0xF81F,0xF81F,0xF81F,
    0xF81F,0xF81F,0xF81F,0xF81F,0xF81F,0xF81F,0xF81F,0xF81F,0xF81F,0xF81F,0xF81F,0xF81F,
    0xF81F,0xF81F,0xF81F,0xF81F,0xF81F,0xF81F,0xF81F,0xF81F,0xF81F,0xF81F,0xF81F,0xF81F,
    0xF81F,0xF81F,0xF81F,0xF81F,0xF81F,0xF81F,0xF81F,0xF81F,0xF81F,0xF81F,0xF81F,0xF81F,
    0xF81F,0xF81F,0xF81F,0xF81F,0xF81F,0xF81F,0xF81F,0xF81F,0xF81F,0xF81F,0xF81F,0xF81F,
    0xF81F,0xF81F,0xF81F,0xF81F,0xF81F,0xF81F,0xF81F,0xF81F,0xF81F,0xF81F,0xF81F,0xF81F,
    0xF81F,0xF81F,0xF81F,0xF81F,0xF81F,0xF81F,0xF81F,0xF81F,0xF81F,0xF81F,0xF81F,0xF81F,
    0xF81F,0xF81F,0xF81F,0xF81F,
    0xF81F,0xF81F,0xF81F,0xF81F,0xF81F,0xF81F,0xF81F,0xF81F,0xF81F,0xF81F,0xF81F,0xF81F,
    0xF81F,0xF81F,0xF81F,0xF81F,0xF81F,0xF81F,0xF81F,0xF81F,0xF81F,0xF81F,0xF81F,0xF81F,
    0xF81F,0xF81F,0xF81F,0xF81F,0xF81F,0xF81F,0xF81F,0xF81F,0xF81F,0xF81F,0xF81F,0xF81F,
    0xF81F,0xF81F,0xF81F,0xF81F,0xF81F,0xF81F,0xF81F,0xF81F,0xF81F,0xF81F,0xF81F,0xF81F,
    0xF81F,0xF81F,0xF81F,0xF81F,0xF81F,0xF81F,0xF81F,0xF81F,0xF81F,0xF81F,0xF81F,0xF81F,
    0xF81F,0xF81F,0xF81F,0xF81F,0xF81F,0xF81F,0xF81F,0xF81F,0xF81F,0xF81F,0xF81F,0xF81F,
    0xF81F,0xF81F,0xF81F,0xF81F,0xF81F,0xF81F,0xF81F,0xF81F,0xF81F,0xF81F,0xF81F,0xF81F,
    0xF81F,0xF81F,0xF81F,0xF81F,0xF81F,0xF81F,0xF81F,0xF81F,0xF81F,0xF81F,0xF81F,0xF81F,
    0xF81F,0xF81F,0xF81F,0xF81F,0xF81F,0xF81F,0xF81F,0xF81F,0xF81F,0xF81F,0xF81F,0xF81F,
    0xF81F,0xF81F,0xF81F,0xF81F,
    0xF81F,0xF81F,0xF81F,0xF81F,0xF81F,0xF81F,0xF81F,0xF81F,0xF81F,0xF81F,0xF81F,0xF81F,
    0xF81F,0xF81F,0xF81F,0xF81F,0xF81F,0xF81F,0xF81F,0xF81F,0xF81F,0xF81F,0xF81F,0xF81F,
    0xF81F,0xF81F,0xF81F,0xF81F,0xF81F,0xF81F,0xF81F,0xF81F,0xF81F,0xF81F,0xF81F,0xF81F,
    0xF81F,0xF81F,0xF81F,0xF81F,0xF81F,0xF81F,0xF81F,0xF81F,0xF81F,0xF81F,0xF81F,0xF81F,
    0xF81F,0xF81F,0xF81F,0xF81F,0xF81F,0xF81F,0xF81F,0xF81F,0xF81F,0xF81F,0xF81F,0xF81F,
    0xF81F,0xF81F,0xF81F,0xF81F,0xF81F,0xF81F,0xF81F,0xF81F,0xF81F,0xF81F,0xF81F,0xF81F,
    0xF81F,0xF81F,0xF81F,0xF81F,0xF81F,0xF81F,0xF81F,0xF81F,0xF81F,0xF81F,0xF81F,0xF81F,
    0xF81F,0xF81F,0xF81F,0xF81F,0xF81F,0xF81F,0xF81F,0xF81F,0xF81F,0xF81F,0xF81F,0xF81F,
    0xF81F,0xF81F,0xF81F,0xF81F,0xF81F,0xF81F,0xF81F,0xF81F,0xF81F,0xF81F,0xF81F,0xF81F,
    0xF81F,0xF81F,0xF81F,0xF81F,
    0xF81F,0xF81F,0xF81F,0xF81F,0xF81F,0xF81F,0xF81F,0xF81F,0xF81F,0xF81F,0xF81F,0xF81F,
    0xF81F,0xF81F,0xF81F,0xF81F,0xF81F,0xF81F,0xF81F,0xF81F,0xF81F,0xF81F,0xF81F,0xF81F,
    0xF81F,0xF81F,0xF81F,0xF81F,0xF81F,0xF81F,0xF81F,0xF81F,0xF81F,0xF81F,0xF81F,0xF81F,
    0xF81F,0xF81F,0xF81F,0xF81F,0xF81F,0xF81F,0xF81F,0xF81F,0xF81F,0xF81F,0x0021,0xF81F,
    0xF81F,0xF81F,0xF81F,0xF81F,0xF81F,0xF81F,0xF81F,0xF81F,0xF81F,0xF81F,0xF81F,0xF81F,
    0xF81F,0xF81F,0xF81F,0xF81F,0xF81F,0x0041,0xF81F,0xF81F,0xF81F,0xF81F,0xF81F,0xF81F,
    0xF81F,0xF81F,0xF81F,0xF81F,0xF81F,0xF81F,0xF81F,0xF81F,0xF81F,0xF81F,0xF81F,0xF81F,
    0xF81F,0xF81F,0xF81F,0xF81F,0xF81F,0xF81F,0xF81F,0xF81F,0xF81F,0xF81F,0xF81F,0xF81F,
    0xF81F,0xF81F,0xF81F,0xF81F,0xF81F,0xF81F,0xF81F,0xF81F,0xF81F,0xF81F,0xF81F,0xF81F,
    0xF81F,0xF81F,0xF81F,0xF81F,
    0xF81F,0xF81F,0xF81F,0xF81F,0xF81F,0xF81F,0xF81F,0xF81F,0xF81F,0xF81F,0xF81F,0xF81F,
    0xF81F,0xF81F,0xF81F,0xF81F,0xF81F,0xF81F,0xF81F,0xF81F,0xF81F,0xF81F,0xF81F,0xF81F,
    0xF81F,0xF81F,0xF81F,0xF81F,0xF81F,0xF81F,0xF81F,0xF81F,0xF81F,0xF81F,0xF81F,0xF81F,
    0xF81F,0xF81F,0xF81F,0xF81F,0xF81F,0xF81F,0xF81F,0xF81F,0xF81F,0x0862,0x2146,0xF81F,
    0xF81F,0xF81F,0xF81F,0xF81F,0xF81F,0xF81F,0xF81F,0xF81F,0xF81F,0xF81F,0xF81F,0xF81F,
    0xF81F,0xF81F,0xF81F,0xF81F,0xF81F,0x2146,0x10A3,0xF81F,0xF81F,0xF81F,0xF81F,0xF81F,
    0xF81F,0xF81F,0xF81F,0xF81F,0xF81F,0xF81F,0xF81F,0xF81F,0xF81F,0xF81F,0xF81F,0xF81F,
    0xF81F,0xF81F,0xF81F,0xF81F,0xF81F,0xF81F,0xF81F,0xF81F,0xF81F,0xF81F,0xF81F,0xF81F,
    0xF81F,0xF81F,0xF81F,0xF81F,0xF81F,0xF81F,0xF81F,0xF81F,0xF81F,0xF81F,0xF81F,0xF81F,
    0xF81F,0xF81F,0xF81F,0xF81F,
    0xF81F,0xF81F,0xF81F,0xF81F,0xF81F,0xF81F,0xF81F,0xF81F,0xF81F,0xF81F,0xF81F,0xF81F,
    0xF81F,0xF81F,0xF81F,0xF81F,0xF81F,0xF81F,0xF81F,0xF81F,0xF81F,0xF81F,0xF81F,0xF81F,
    0xF81F,0xF81F,0xF81F,0xF81F,0xF81F,0xF81F,0xF81F,0xF81F,0xF81F,0xF81F,0xF81F,0xF81F,
    0xF81F,0xF81F,0xF81F,0xF81F,0xF81F,0xF81F,0xF81F,0xF81F,0x0862,0x2966,0x2967,0x0841,
    0xF81F,0xF81F,0xF81F,0xF81F,0xF81F,0xF81F,0xF81F,0xF81F,0xF81F,0xF81F,0xF81F,0xF81F,
    0xF81F,0xF81F,0xF81F,0xF81F,0x0020,0x2966,0x2987,0x0882,0xF81F,0xF81F,0xF81F,0xF81F,
    0xF81F,0xF81F,0xF81F,0xF81F,0xF81F,0xF81F,0xF81F,0xF81F,0xF81F,0xF81F,0xF81F,0xF81F,
    0xF81F,0xF81F,0xF81F,0xF81F,0xF81F,0xF81F,0xF81F,0xF81F,0xF81F,0xF81F,0xF81F,0xF81F,
    0xF81F,0xF81F,0xF81F,0xF81F,0xF81F,0xF81F,0xF81F,0xF81F,0xF81F,0xF81F,0xF81F,0xF81F,
    0xF81F,0xF81F,0xF81F,0xF81F,
    0xF81F,0xF81F,0xF81F,0xF81F,0xF81F,0xF81F,0xF81F,0xF81F,0xF81F,0xF81F,0xF81F,0xF81F,
    0xF81F,0xF81F,0xF81F,0xF81F,0xF81F,0xF81F,0xF81F,0xF81F,0xF81F,0xF81F,0xF81F,0xF81F,
    0xF81F,0xF81F,0xF81F,0xF81F,0xF81F,0xF81F,0xF81F,0xF81F,0xF81F,0xF81F,0xF81F,0xF81F,
    0xF81F,0xF81F,0xF81F,0xF81F,0xF81F,0xF81F,0xF81F,0x0862,0x2966,0x2966,0x2967,0x1082,
    0xF81F,0xF81F,0xF81F,0xF81F,0xF81F,0xF81F,0xF81F,0xF81F,0xF81F,0xF81F,0xF81F,0xF81F,
    0xF81F,0xF81F,0xF81F,0xF81F,0x0861,0x2966,0x2946,0x2967,0x1082,0xF81F,0xF81F,0xF81F,
    0xF81F,0xF81F,0xF81F,0xF81F,0xF81F,0xF81F,0xF81F,0xF81F,0xF81F,0xF81F,0xF81F,0xF81F,
    0xF81F,0xF81F,0xF81F,0xF81F,0xF81F,0xF81F,0xF81F,0xF81F,0xF81F,0xF81F,0xF81F,0xF81F,
    0xF81F,0xF81F,0xF81F,0xF81F,0xF81F,0xF81F,0xF81F,0xF81F,0xF81F,0xF81F,0xF81F,0xF81F,
    0xF81F,0xF81F,0xF81F,0xF81F,
    0xF81F,0xF81F,0xF81F,0xF81F,0xF81F,0xF81F,0xF81F,0xF81F,0xF81F,0xF81F,0xF81F,0xF81F,
    0xF81F,0xF81F,0xF81F,0xF81F,0xF81F,0xF81F,0xF81F,0xF81F,0xF81F,0xF81F,0xF81F,0xF81F,
    0xF81F,0xF81F,0xF81F,0xF81F,0xF81F,0xF81F,0xF81F,0xF81F,0xF81F,0xF81F,0xF81F,0xF81F,
    0xF81F,0xF81F,0xF81F,0xF81F,0xF81F,0xF81F,0x0862,0x2946,0x2966,0x2146,0x2987,0x10C3,
    0xF81F,0xF81F,0xF81F,0xF81F,0xF81F,0xF81F,0xF81F,0xF81F,0xF81F,0xF81F,0xF81F,0xF81F,
    0xF81F,0xF81F,0xF81F,0xF81F,0x10A3,0x2967,0x2146,0x2146,0x2966,0x0882,0xF81F,0xF81F,
    0xF81F,0xF81F,0xF81F,0xF81F,0xF81F,0xF81F,0xF81F,0xF81F,0xF81F,0xF81F,0xF81F,0xF81F,
    0xF81F,0xF81F,0xF81F,0xF81F,0xF81F,0xF81F,0xF81F,0xF81F,0xF81F,0xF81F,0xF81F,0xF81F,
    0xF81F,0xF81F,0xF81F,0xF81F,0xF81F,0xF81F,0xF81F,0xF81F,0xF81F,0xF81F,0xF81F,0xF81F,
    0xF81F,0xF81F,0xF81F,0xF81F,
    0xF81F,0xF81F,0xF81F,0xF81F,0xF81F,0xF81F,0xF81F,0xF81F,0xF81F,0xF81F,0xF81F,0xF81F,
    0xF81F,0xF81F,0xF81F,0xF81F,0xF81F,0xF81F,0xF81F,0xF81F,0xF81F,0xF81F,0xF81F,0xF81F,
    0xF81F,0xF81F,0xF81F,0xF81F,0xF81F,0xF81F,0xF81F,0xF81F,0xF81F,0xF81F,0xF81F,0xF81F,
    0xF81F,0xF81F,0xF81F,0xF81F,0xF81F,0x0861,0x2146,0x2946,0x2146,0x2146,0x2966,0x18E4,
    0xF81F,0xF81F,0xF81F,0xF81F,0xF81F,0xF81F,0xF81F,0xF81F,0xF81F,0xF81F,0xF81F,0xF81F,
    0xF81F,0xF81F,0xF81F,0xF81F,0x18C4,0x2966,0x2146,0x2146,0x2146,0x2146,0x0882,0xF81F,
    0xF81F,0xF81F,0xF81F,0xF81F,0xF81F,0xF81F,0xF81F,0xF81F,0xF81F,0xF81F,0xF81F,0xF81F,
    0xF81F,0xF81F,0xF81F,0xF81F,0xF81F,0xF81F,0xF81F,0xF81F,0xF81F,0xF81F,0xF81F,0xF81F,
    0xF81F,0xF81F,0xF81F,0xF81F,0xF81F,0xF81F,0xF81F,0xF81F,0xF81F,0xF81F,0xF81F,0xF81F,
    0xF81F,0xF81F,0xF81F,0xF81F,
    0xF81F,0xF81F,0xF81F,0xF81F,0xF81F,0xF81F,0xF81F,0xF81F,0xF81F,0xF81F,0xF81F,0xF81F,
    0xF81F,0xF81F,0xF81F,0xF81F,0xF81F,0xF81F,0xF81F,0xF81F,0xF81F,0xF81F,0xF81F,0xF81F,
    0xF81F,0xF81F,0xF81F,0xF81F,0xF81F,0xF81F,0xF81F,0xF81F,0xF81F,0xF81F,0xF81F,0xF81F,
    0xF81F,0xF81F,0xF81F,0xF81F,0x0841,0x2146,0x2146,0x2146,0x2146,0x2146,0x2146,0x2125,
    0xF81F,0xF81F,0xF81F,0xF81F,0xF81F,0xF81F,0xF81F,0xF81F,0xF81F,0xF81F,0xF81F,0xF81F,
    0xF81F,0xF81F,0xF81F,0xF81F,0x1905,0x2146,0x2146,0x2146,0x2146,0x2146,0x2146,0x0882,
    0xF81F,0xF81F,0xF81F,0xF81F,0xF81F,0xF81F,0xF81F,0xF81F,0xF81F,0xF81F,0xF81F,0xF81F,
    0xF81F,0xF81F,0xF81F,0xF81F,0xF81F,0xF81F,0xF81F,0xF81F,0xF81F,0xF81F,0xF81F,0xF81F,
    0xF81F,0xF81F,0xF81F,0xF81F,0xF81F,0xF81F,0xF81F,0xF81F,0xF81F,0xF81F,0xF81F,0xF81F,
    0xF81F,0xF81F,0xF81F,0xF81F,
    0xF81F,0xF81F,0xF81F,0xF81F,0xF81F,0xF81F,0xF81F,0xF81F,0xF81F,0xF81F,0xF81F,0xF81F,
    0xF81F,0xF81F,0xF81F,0xF81F,0xF81F,0xF81F,0xF81F,0xF81F,0xF81F,0xF81F,0xF81F,0xF81F,
    0xF81F,0xF81F,0xF81F,0xF81F,0xF81F,0xF81F,0xF81F,0xF81F,0xF81F,0xF81F,0xF81F,0xF81F,
    0xF81F,0xF81F,0xF81F,0x0862,0x2125,0x2125,0x2125,0x2146,0x2126,0x2126,0x2125,0x2126,
    0x0841,0xF81F,0xF81F,0x10A3,0x424A,0x6B8F,0x7C53,0x8CB4,0x8CB5,0x8453,0x6BB0,0x4A6A,
    0x18E4,0xF81F,0xF81F,0x0020,0x2125,0x2146,0x2126,0x2126,0x2126,0x2125,0x2125,0x2146,
    0x0882,0xF81F,0xF81F,0xF81F,0xF81F,0xF81F,0xF81F,0xF81F,0xF81F,0xF81F,0xF81F,0xF81F,
    0xF81F,0xF81F,0xF81F,0xF81F,0xF81F,0xF81F,0xF81F,0xF81F,0xF81F,0xF81F,0xF81F,0xF81F,
    0xF81F,0xF81F,0xF81F,0xF81F,0xF81F,0xF81F,0xF81F,0xF81F,0xF81F,0xF81F,0xF81F,0xF81F,
    0xF81F,0xF81F,0xF81F,0xF81F,
    0xF81F,0xF81F,0xF81F,0xF81F,0xF81F,0xF81F,0xF81F,0xF81F,0xF81F,0xF81F,0xF81F,0xF81F,
    0xF81F,0xF81F,0xF81F,0xF81F,0xF81F,0xF81F,0xF81F,0xF81F,0xF81F,0xF81F,0xF81F,0xF81F,
    0xF81F,0xF81F,0xF81F,0xF81F,0xF81F,0xF81F,0xF81F,0xF81F,0xF81F,0xF81F,0xF81F,0xF81F,
    0xF81F,0xF81F,0xF81F,0x0882,0x2126,0x2125,0x2125,0x2125,0x2125,0x2125,0x2125,0x2146,
    0x0000,0x18C3,0x636F,0x9516,0x9D37,0x8CD5,0x8473,0x7C12,0x7C12,0x7C53,0x8CD5,0x9D37,
    0x9D37,0x6BD0,0x1904,0x0000,0x2146,0x2125,0x2125,0x2125,0x2125,0x2125,0x2125,0x2146,
    0x1082,0xF81F,0xF81F,0xF81F,0xF81F,0xF81F,0xF81F,0xF81F,0xF81F,0xF81F,0xF81F,0xF81F,
    0xF81F,0xF81F,0xF81F,0xF81F,0xF81F,0xF81F,0xF81F,0xF81F,0xF81F,0xF81F,0xF81F,0xF81F,
    0xF81F,0xF81F,0xF81F,0xF81F,0xF81F,0xF81F,0xF81F,0xF81F,0xF81F,0xF81F,0xF81F,0xF81F,
    0xF81F,0xF81F,0xF81F,0xF81F,
    0xF81F,0xF81F,0xF81F,0xF81F,0xF81F,0xF81F,0xF81F,0xF81F,0xF81F,0xF81F,0xF81F,0xF81F,
    0xF81F,0xF81F,0xF81F,0xF81F,0xF81F,0xF81F,0xF81F,0xF81F,0xF81F,0xF81F,0xF81F,0xF81F,
    0xF81F,0xF81F,0xF81F,0xF81F,0xF81F,0xF81F,0xF81F,0xF81F,0xF81F,0xF81F,0xF81F,0xF81F,
    0xF81F,0xF81F,0xF81F,0xF81F,0x0862,0x2125,0x2125,0x2125,0x2125,0x2125,0x2125,0x18E4,
    0x4AAC,0x9516,0x94D6,0x6BB0,0x52ED,0x52AC,0x4AAC,0x4AAC,0x4AAC,0x4AAC,0x52AC,0x52ED,
    0x6B90,0x8CB5,0x9D37,0x5B0D,0x18E4,0x2125,0x2125,0x2125,0x2125,0x2105,0x2126,0x1082,
    0xF81F,0xF81F,0xF81F,0xF81F,0xF81F,0xF81F,0xF81F,0xF81F,0xF81F,0xF81F,0xF81F,0xF81F,
    0xF81F,0xF81F,0xF81F,0xF81F,0xF81F,0xF81F,0xF81F,0xF81F,0xF81F,0xF81F,0xF81F,0xF81F,
    0xF81F,0xF81F,0xF81F,0xF81F,0xF81F,0xF81F,0xF81F,0xF81F,0xF81F,0xF81F,0xF81F,0xF81F,
    0xF81F,0xF81F,0xF81F,0xF81F,
    0xF81F,0xF81F,0xF81F,0xF81F,0xF81F,0xF81F,0xF81F,0xF81F,0xF81F,0xF81F,0xF81F,0xF81F,
    0xF81F,0xF81F,0xF81F,0xF81F,0xF81F,0xF81F,0xF81F,0xF81F,0xF81F,0xF81F,0xF81F,0xF81F,
    0xF81F,0xF81F,0xF81F,0xF81F,0xF81F,0xF81F,0xF81F,0xF81F,0xF81F,0xF81F,0xF81F,0xF81F,
    0xF81F,0xF81F,0xF81F,0xF81F,0xF81F,0x0862,0x2125,0x1905,0x1905,0x2125,0x18C4,0x6BB0,
    0x9D57,0x6B90,0x4AAC,0x4AAC,0x52CD,0x52ED,0x52ED,0x52ED,0x52ED,0x52ED,0x52ED,0x52ED,
    0x52CC,0x4AAC,0x636F,0x9D37,0x7412,0x1904,0x1905,0x2105,0x1905,0x2125,0x0882,0xF81F,
    0xF81F,0xF81F,0xF81F,0xF81F,0xF81F,0xF81F,0xF81F,0xF81F,0xF81F,0xF81F,0xF81F,0xF81F,
    0xF81F,0xF81F,0xF81F,0xF81F,0xF81F,0xF81F,0xF81F,0xF81F,0xF81F,0xF81F,0xF81F,0xF81F,
    0xF81F,0xF81F,0xF81F,0xF81F,0xF81F,0xF81F,0xF81F,0xF81F,0xF81F,0xF81F,0xF81F,0xF81F,
    0xF81F,0xF81F,0xF81F,0xF81F,
    0xF81F,0xF81F,0xF81F,0xF81F,0xF81F,0xF81F,0xF81F,0xF81F,0xF81F,0xF81F,0xF81F,0xF81F,
    0xF81F,0xF81F,0xF81F,0xF81F,0xF81F,0xF81F,0xF81F,0xF81F,0xF81F,0xF81F,0xF81F,0xF81F,
    0xF81F,0xF81F,0xF81F,0xF81F,0xF81F,0xF81F,0xF81F,0xF81F,0xF81F,0xF81F,0xF81F,0xF81F,
    0xF81F,0xF81F,0xF81F,0xF81F,0xF81F,0xF81F,0x0862,0x2105,0x2125,0x10C3,0x6B90,0x94F6,
    0x52CD,0x4AAC,0x52CD,0x52CD,0x52CD,0x52CD,0x52CD,0x52CD,0x52CD,0x52CD,0x52CD,0x52CD,
    0x52CD,0x52ED,0x4AAC,0x4AAC,0x8CB5,0x7412,0x18E4,0x1905,0x2125,0x0882,0xF81F,0xF81F,
    0xF81F,0xF81F,0xF81F,0xF81F,0xF81F,0xF81F,0xF81F,0xF81F,0xF81F,0xF81F,0xF81F,0xF81F,
    0xF81F,0xF81F,0xF81F,0xF81F,0xF81F,0xF81F,0xF81F,0xF81F,0xF81F,0xF81F,0xF81F,0xF81F,
    0xF81F,0xF81F,0xF81F,0xF81F,0xF81F,0xF81F,0xF81F,0xF81F,0xF81F,0xF81F,0xF81F,0xF81F,
    0xF81F,0xF81F,0xF81F,0xF81F,
    0xF81F,0xF81F,0xF81F,0xF81F,0xF81F,0xF81F,0xF81F,0xF81F,0xF81F,0xF81F,0xF81F,0xF81F,
    0xF81F,0xF81F,0xF81F,0xF81F,0xF81F,0xF81F,0xF81F,0xF81F,0xF81F,0xF81F,0xF81F,0xF81F,
    0xF81F,0xF81F,0xF81F,0xF81F,0xF81F,0xF81F,0xF81F,0xF81F,0xF81F,0xF81F,0xF81F,0xF81F,
    0xF81F,0xF81F,0xF81F,0xF81F,0xF81F,0xF81F,0xF81F,0x0862,0x10A3,0x52CC,0x8CD5,0x4AAC,
    0x52AC,0x52CD,0x52CC,0x52CC,0x52CC,0x52CC,0x52CC,0x52CC,0x52CC,0x52CC,0x52CC,0x52CC,
    0x52CC,0x52CC,0x52CD,0x52AC,0x4A8B,0x8C94,0x634E,0x10A3,0x0882,0xF81F,0xF81F,0xF81F,
    0xF81F,0xF81F,0xF81F,0xF81F,0xF81F,0xF81F,0xF81F,0xF81F,0xF81F,0xF81F,0xF81F,0xF81F,
    0xF81F,0xF81F,0xF81F,0xF81F,0xF81F,0xF81F,0xF81F,0xF81F,0xF81F,0xF81F,0xF81F,0xF81F,
    0xF81F,0xF81F,0xF81F,0xF81F,0xF81F,0xF81F,0xF81F,0xF81F,0xF81F,0xF81F,0xF81F,0xF81F,
    0xF81F,0xF81F,0xF81F,0xF81F,
    0xF81F,0xF81F,0xF81F,0xF81F,0xF81F,0xF81F,0xF81F,0xF81F,0xF81F,0xF81F,0xF81F,0xF81F,
    0xF81F,0xF81F,0xF81F,0xF81F,0xF81F,0xF81F,0xF81F,0xF81F,0xF81F,0xF81F,0xF81F,0xF81F,
    0xF81F,0xF81F,0xF81F,0xF81F,0xF81F,0xF81F,0xF81F,0xF81F,0xF81F,0xF81F,0xF81F,0xF81F,
    0xF81F,0xF81F,0xF81F,0xF81F,0xF81F,0xF81F,0xF81F,0xF81F,0x1904,0x8CB5,0x52AC,0x4AAC,
    0x52CC,0x4AAC,0x52AC,0x52AC,0x52AC,0x52AC,0x52AC,0x52AC,0x52AC,0x52AC,0x52AC,0x52AC,
    0x52AC,0x52AC,0x52AC,0x52AC,0x4AAC,0x4A8B,0x8CB5,0x2987,0xF81F,0xF81F,0xF81F,0xF81F,
    0xF81F,0xF81F,0xF81F,0xF81F,0xF81F,0xF81F,0xF81F,0xF81F,0xF81F,0xF81F,0xF81F,0xF81F,
    0xF81F,0xF81F,0xF81F,0xF81F,0xF81F,0xF81F,0xF81F,0xF81F,0xF81F,0xF81F,0xF81F,0xF81F,
    0xF81F,0xF81F,0xF81F,0xF81F,0xF81F,0xF81F,0xF81F,0xF81F,0xF81F,0xF81F,0xF81F,0xF81F,
    0xF81F,0xF81F,0xF81F,0xF81F,
    0xF81F,0xF81F,0xF81F,0xF81F,0xF81F,0xF81F,0xF81F,0xF81F,0xF81F,0xF81F,0xF81F,0xF81F,
    0xF81F,0xF81F,0xF81F,0xF81F,0xF81F,0xF81F,0xF81F,0xF81F,0xF81F,0xF81F,0xF81F,0xF81F,
    0xF81F,0xF81F,0xF81F,0xF81F,0xF81F,0xF81F,0xF81F,0xF81F,0xF81F,0xF81F,0xF81F,0xF81F,
    0xF81F,0xF81F,0xF81F,0xF81F,0xF81F,0xF81F,0xF81F,0xF81F,0x634E,0x636F,0x426B,0x4AAC,
    0x4AAC,0x4AAC,0x4AAC,0x4AAC,0x4AAC,0x4AAC,0x4AAC,0x4AAC,0x4AAC,0x4AAC,0x4AAC,0x4AAC,
    0x4AAC,0x4AAC,0x4AAC,0x4AAC,0x4AAC,0x4A6B,0x5B2E,0x6BD0,0xF81F,0xF81F,0xF81F,0xF81F,
    0xF81F,0xF81F,0xF81F,0xF81F,0xF81F,0xF81F,0xF81F,0xF81F,0xF81F,0xF81F,0xF81F,0xF81F,
    0xF81F,0xF81F,0xF81F,0xF81F,0xF81F,0xF81F,0xF81F,0xF81F,0xF81F,0xF81F,0xF81F,0xF81F,
    0xF81F,0xF81F,0xF81F,0xF81F,0xF81F,0xF81F,0xF81F,0xF81F,0xF81F,0xF81F,0xF81F,0xF81F,
    0xF81F,0xF81F,0xF81F,0xF81F,
    0xF81F,0xF81F,0xF81F,0xF81F,0xF81F,0xF81F,0xF81F,0xF81F,0xF81F,0xF81F,0xF81F,0xF81F,
    0xF81F,0xF81F,0xF81F,0xF81F,0xF81F,0xF81F,0xF81F,0xF81F,0xF81F,0xF81F,0xF81F,0xF81F,
    0xF81F,0xF81F,0xF81F,0xF81F,0xF81F,0xF81F,0xF81F,0xF81F,0xF81F,0xF81F,0xF81F,0xF81F,
    0xF81F,0xF81F,0xF81F,0xF81F,0xF81F,0xF81F,0xF81F,0x18E3,0x73D1,0x426B,0x4A8C,0x4A8C,
    0x4AAC,0x4AAC,0x4AAC,0x4AAC,0x4AAC,0x4A8C,0x4A8C,0x4A8C,0x4A8C,0x4A8C,0x4A8C,0x4AAC,
    0x4AAC,0x4AAC,0x4AAC,0x4AAC,0x4A8C,0x4AAC,0x424B,0x73D1,0x2145,0xF81F,0xF81F,0xF81F,
    0xF81F,0xF81F,0xF81F,0xF81F,0xF81F,0xF81F,0xF81F,0xF81F,0xF81F,0xF81F,0xF81F,0xF81F,
    0xF81F,0xF81F,0xF81F,0xF81F,0xF81F,0xF81F,0xF81F,0xF81F,0xF81F,0xF81F,0xF81F,0xF81F,
    0xF81F,0xF81F,0xF81F,0xF81F,0xF81F,0xF81F,0xF81F,0xF81F,0xF81F,0xF81F,0xF81F,0xF81F,
    0xF81F,0xF81F,0xF81F,0xF81F,
    0xF81F,0xF81F,0xF81F,0xF81F,0xF81F,0xF81F,0xF81F,0xF81F,0xF81F,0xF81F,0xF81F,0xF81F,
    0xF81F,0xF81F,0xF81F,0xF81F,0xF81F,0xF81F,0xF81F,0xF81F,0xF81F,0xF81F,0xF81F,0xF81F,
    0xF81F,0xF81F,0xF81F,0xF81F,0xF81F,0xF81F,0xF81F,0xF81F,0xF81F,0xF81F,0xF81F,0xF81F,
    0xF81F,0xF81F,0xF81F,0xF81F,0xF81F,0xF81F,0xF81F,0x3A29,0x5B2E,0x426B,0x4A8C,0x4A8C,
    0x4A6B,0x522A,0x524A,0x522A,0x4A6B,0x4A8C,0x4A8B,0x4A8B,0x4A8B,0x4A8B,0x4A8C,0x4A6B,
    0x522A,0x524A,0x522A,0x4A6B,0x4A8C,0x4A8B,0x426B,0x5B0E,0x4A8B,0xF81F,0xF81F,0xF81F,
    0xF81F,0xF81F,0xF81F,0xF81F,0xF81F,0xF81F,0xF81F,0xF81F,0xF81F,0xF81F,0xF81F,0xF81F,
    0xF81F,0xF81F,0xF81F,0xF81F,0xF81F,0xF81F,0xF81F,0xF81F,0xF81F,0xF81F,0xF81F,0xF81F,
    0xF81F,0xF81F,0xF81F,0xF81F,0xF81F,0xF81F,0xF81F,0xF81F,0xF81F,0xF81F,0xF81F,0xF81F,
    0xF81F,0xF81F,0xF81F,0xF81F,
    0xF81F,0xF81F,0xF81F,0xF81F,0xF81F,0xF81F,0xF81F,0xF81F,0xF81F,0xF81F,0xF81F,0xF81F,
    0xF81F,0xF81F,0xF81F,0xF81F,0xF81F,0xF81F,0xF81F,0xF81F,0xF81F,0xF81F,0xF81F,0xF81F,
    0xF81F,0xF81F,0xF81F,0xF81F,0xF81F,0xF81F,0xF81F,0xF81F,0xF81F,0xF81F,0xF81F,0xF81F,
    0xF81F,0xF81F,0xF81F,0xF81F,0xF81F,0xF81F,0xF81F,0x52CD,0x4AAC,0x426B,0x4A8B,0x4A4A,
    0x432E,0x24F6,0x1D98,0x24F5,0x42ED,0x4A4A,0x4A8B,0x4A6B,0x4A6B,0x4A8B,0x4A4B,0x42CC,
    0x2CB4,0x1D98,0x2536,0x3B4F,0x4A2A,0x4A8B,0x4A6B,0x4A8B,0x5B0D,0xF81F,0xF81F,0xF81F,
    0xF81F,0xF81F,0xF81F,0xF81F,0xF81F,0xF81F,0xF81F,0xF81F,0xF81F,0xF81F,0xF81F,0xF81F,
    0xF81F,0xF81F,0xF81F,0xF81F,0xF81F,0xF81F,0xF81F,0xF81F,0xF81F,0xF81F,0xF81F,0xF81F,
    0xF81F,0xF81F,0xF81F,0xF81F,0xF81F,0xF81F,0xF81F,0xF81F,0xF81F,0xF81F,0xF81F,0xF81F,
    0xF81F,0xF81F,0xF81F,0xF81F,
    0xF81F,0xF81F,0xF81F,0xF81F,0xF81F,0xF81F,0xF81F,0xF81F,0xF81F,0xF81F,0xF81F,0xF81F,
    0xF81F,0xF81F,0xF81F,0xF81F,0xF81F,0xF81F,0xF81F,0xF81F,0xF81F,0xF81F,0xF81F,0xF81F,
    0xF81F,0xF81F,0xF81F,0xF81F,0xF81F,0xF81F,0xF81F,0xF81F,0xF81F,0xF81F,0xF81F,0xF81F,
    0xF81F,0xF81F,0xF81F,0xF81F,0xF81F,0xF81F,0xF81F,0x52CC,0x426B,0x426B,0x4A2A,0x33B0,
    0x071E,0x07DF,0x07DF,0x07DF,0x0EFD,0x3B4F,0x4A4A,0x428B,0x428B,0x4A4A,0x42ED,0x0E9C,
    0x07BF,0x07DF,0x07DF,0x075F,0x3412,0x4A2A,0x428B,0x426B,0x52CD,0x10A2,0xF81F,0xF81F,
    0xF81F,0xF81F,0xF81F,0xF81F,0xF81F,0xF81F,0xF81F,0xF81F,0xF81F,0xF81F,0xF81F,0xF81F,
    0xF81F,0xF81F,0xF81F,0xF81F,0xF81F,0xF81F,0xF81F,0xF81F,0xF81F,0xF81F,0xF81F,0xF81F,
    0xF81F,0xF81F,0xF81F,0xF81F,0xF81F,0xF81F,0xF81F,0xF81F,0xF81F,0xF81F,0xF81F,0xF81F,
    0xF81F,0xF81F,0xF81F,0xF81F,
    0xF81F,0xF81F,0xF81F,0xF81F,0xF81F,0xF81F,0xF81F,0xF81F,0xF81F,0xF81F,0xF81F,0xF81F,
    0xF81F,0xF81F,0xF81F,0xF81F,0xF81F,0xF81F,0xF81F,0xF81F,0xF81F,0xF81F,0xF81F,0xF81F,
    0xF81F,0xF81F,0xF81F,0xF81F,0xF81F,0xF81F,0xF81F,0xF81F,0xF81F,0xF81F,0xF81F,0xF81F,
    0xF81F,0xF81F,0xF81F,0xF81F,0xF81F,0xF81F,0x1082,0x4A8C,0x426B,0x424A,0x428C,0x0EBD,
    0x07BF,0x0577,0x01E9,0x05D9,0x07BF,0x0E7B,0x426B,0x426B,0x426B,0x4A2A,0x15F9,0x07DF,
    0x063B,0x0209,0x04D5,0x07BF,0x071E,0x3AED,0x424A,0x426B,0x4AAC,0x18E4,0xF81F,0xF81F,
    0xF81F,0xF81F,0xF81F,0xF81F,0xF81F,0xF81F,0xF81F,0xF81F,0xF81F,0xF81F,0xF81F,0xF81F,
    0xF81F,0xF81F,0xF81F,0xF81F,0xF81F,0xF81F,0xF81F,0xF81F,0xF81F,0xF81F,0xF81F,0xF81F,
    0xF81F,0xF81F,0xF81F,0xF81F,0xF81F,0xF81F,0xF81F,0xF81F,0xF81F,0xF81F,0xF81F,0xF81F,
    0xF81F,0xF81F,0xF81F,0xF81F,
    0xF81F,0xF81F,0xF81F,0xF81F,0xF81F,0xF81F,0xF81F,0xF81F,0xF81F,0xF81F,0xF81F,0xF81F,
    0xF81F,0xF81F,0xF81F,0xF81F,0xF81F,0xF81F,0xF81F,0xF81F,0xF81F,0xF81F,0xF81F,0xF81F,
    0xF81F,0xF81F,0xF81F,0xF81F,0xF81F,0xF81F,0xF81F,0xF81F,0xF81F,0xF81F,0xF81F,0xF81F,
    0xF81F,0xF81F,0xF81F,0xF81F,0xF81F,0xF81F,0x1082,0x426B,0x426B,0x4A09,0x33B0,0x077F,
    0x073E,0x01A8,0x0000,0x022A,0x077F,0x073F,0x336F,0x422A,0x424A,0x3AED,0x06FE,0x07BF,
    0x02ED,0x0000,0x0105,0x06DD,0x079F,0x2C53,0x4A09,0x426B,0x4A8B,0x10C3,0xF81F,0xF81F,
    0xF81F,0xF81F,0xF81F,0xF81F,0xF81F,0xF81F,0xF81F,0xF81F,0xF81F,0xF81F,0xF81F,0xF81F,
    0xF81F,0xF81F,0xF81F,0xF81F,0xF81F,0xF81F,0xF81F,0xF81F,0xF81F,0xF81F,0xF81F,0xF81F,
    0xF81F,0xF81F,0xF81F,0xF81F,0xF81F,0xF81F,0xF81F,0xF81F,0xF81F,0xF81F,0xF81F,0xF81F,
    0xF81F,0xF81F,0xF81F,0xF81F,
    0xF81F,0xF81F,0xF81F,0xF81F,0xF81F,0xF81F,0xF81F,0xF81F,0xF81F,0xF81F,0xF81F,0xF81F,
    0xF81F,0xF81F,0xF81F,0xF81F,0xF81F,0xF81F,0xF81F,0xF81F,0xF81F,0xF81F,0xF81F,0xF81F,
    0xF81F,0xF81F,0xF81F,0xF81F,0xF81F,0xF81F,0xF81F,0xF81F,0xF81F,0xF81F,0xF81F,0xF81F,
    0xF81F,0xF81F,0xF81F,0xF81F,0xF81F,0xF81F,0x0041,0x422A,0x426B,0x41E9,0x2BD1,0x079F,
    0x069C,0x00E4,0x0021,0x0125,0x06FE,0x077F,0x3370,0x4209,0x422A,0x3B0E,0x073E,0x075F,
    0x01C8,0x0021,0x0083,0x061A,0x07DF,0x2473,0x41E9,0x426B,0x424A,0x0862,0xF81F,0xF81F,
    0xF81F,0xF81F,0xF81F,0xF81F,0xF81F,0xF81F,0xF81F,0xF81F,0xF81F,0xF81F,0xF81F,0xF81F,
    0xF81F,0xF81F,0xF81F,0xF81F,0xF81F,0xF81F,0xF81F,0xF81F,0xF81F,0xF81F,0xF81F,0xF81F,
    0xF81F,0xF81F,0xF81F,0xF81F,0xF81F,0xF81F,0xF81F,0xF81F,0xF81F,0xF81F,0xF81F,0xF81F,
    0xF81F,0xF81F,0xF81F,0xF81F,
    0xF81F,0xF81F,0xF81F,0xF81F,0xF81F,0xF81F,0xF81F,0xF81F,0xF81F,0xF81F,0xF81F,0xF81F,
    0xF81F,0xF81F,0xF81F,0xF81F,0xF81F,0xF81F,0xF81F,0xF81F,0xF81F,0xF81F,0xF81F,0xF81F,
    0xF81F,0xF81F,0xF81F,0xF81F,0xF81F,0xF81F,0xF81F,0xF81F,0xF81F,0xF81F,0xF81F,0xF81F,
    0xF81F,0xF81F,0xF81F,0xF81F,0xF81F,0xF81F,0x0000,0x39E9,0x424A,0x4209,0x3AAC,0x073F,
    0x073E,0x0126,0x0000,0x01A8,0x077F,0x06DD,0x3A6B,0x422A,0x424A,0x422A,0x0E5B,0x07DF,
    0x024B,0x0800,0x00A3,0x06BC,0x079F,0x332E,0x41E9,0x424A,0x3A0A,0x0841,0xF81F,0xF81F,
    0xF81F,0xF81F,0xF81F,0xF81F,0xF81F,0xF81F,0xF81F,0xF81F,0xF81F,0xF81F,0xF81F,0xF81F,
    0xF81F,0xF81F,0xF81F,0xF81F,0xF81F,0xF81F,0xF81F,0xF81F,0xF81F,0xF81F,0xF81F,0xF81F,
    0xF81F,0xF81F,0xF81F,0xF81F,0xF81F,0xF81F,0xF81F,0xF81F,0xF81F,0xF81F,0xF81F,0xF81F,
    0xF81F,0xF81F,0xF81F,0xF81F,
    0xF81F,0xF81F,0xF81F,0xF81F,0xF81F,0xF81F,0xF81F,0xF81F,0xF81F,0xF81F,0xF81F,0xF81F,
    0xF81F,0xF81F,0xF81F,0xF81F,0xF81F,0xF81F,0xF81F,0xF81F,0xF81F,0xF81F,0xF81F,0xF81F,
    0xF81F,0xF81F,0xF81F,0xF81F,0xF81F,0xF81F,0xF81F,0xF81F,0xF81F,0xF81F,0xF81F,0xF81F,
    0xF81F,0xF81F,0xF81F,0xF81F,0xF81F,0xF81F,0xF81F,0x31A7,0x424A,0x3A2A,0x41E9,0x2453,
    0x07FF,0x04F5,0x0145,0x0578,0x07DF,0x2BF1,0x41E9,0x424A,0x424A,0x41E9,0x336F,0x079F,
    0x061A,0x0146,0x0452,0x07FF,0x1CD5,0x41E9,0x3A2A,0x424A,0x31C8,0xF81F,0xF81F,0xF81F,
    0xF81F,0xF81F,0xF81F,0xF81F,0xF81F,0xF81F,0xF81F,0xF81F,0xF81F,0xF81F,0xF81F,0xF81F,
    0xF81F,0xF81F,0xF81F,0xF81F,0xF81F,0xF81F,0xF81F,0xF81F,0xF81F,0xF81F,0xF81F,0xF81F,
    0xF81F,0xF81F,0xF81F,0xF81F,0xF81F,0xF81F,0xF81F,0xF81F,0xF81F,0xF81F,0xF81F,0xF81F,
    0xF81F,0xF81F,0xF81F,0xF81F,
    0xF81F,0xF81F,0xF81F,0xF81F,0xF81F,0xF81F,0xF81F,0xF81F,0xF81F,0xF81F,0xF81F,0xF81F,
    0xF81F,0xF81F,0xF81F,0xF81F,0xF81F,0xF81F,0xF81F,0xF81F,0xF81F,0xF81F,0xF81F,0xF81F,
    0xF81F,0xF81F,0xF81F,0xF81F,0xF81F,0xF81F,0xF81F,0xF81F,0xF81F,0xF81F,0xF81F,0xF81F,
    0xF81F,0xF81F,0xF81F,0xF81F,0xF81F,0xF81F,0xF81F,0x2105,0x424A,0x3A09,0x3A2A,0x41E9,
    0x2BD1,0x0E5B,0x0E7B,0x163B,0x2B90,0x41C8,0x3A09,0x39E9,0x39E9,0x3A09,0x41C8,0x332E,
    0x1619,0x0E7B,0x0E7B,0x2432,0x41E9,0x3A2A,0x3A09,0x424A,0x2166,0xF81F,0xF81F,0xF81F,
    0xF81F,0xF81F,0xF81F,0xF81F,0xF81F,0xF81F,0xF81F,0xF81F,0xF81F,0xF81F,0xF81F,0xF81F,
    0xF81F,0xF81F,0xF81F,0xF81F,0xF81F,0xF81F,0xF81F,0xF81F,0xF81F,0xF81F,0xF81F,0xF81F,
    0xF81F,0xF81F,0xF81F,0xF81F,0xF81F,0xF81F,0xF81F,0xF81F,0xF81F,0xF81F,0xF81F,0xF81F,
    0xF81F,0xF81F,0xF81F,0xF81F,
    0xF81F,0xF81F,0xF81F,0xF81F,0xF81F,0xF81F,0xF81F,0xF81F,0xF81F,0xF81F,0xF81F,0xF81F,
    0xF81F,0xF81F,0xF81F,0xF81F,0xF81F,0xF81F,0xF81F,0xF81F,0xF81F,0xF81F,0xF81F,0xF81F,
    0xF81F,0xF81F,0xF81F,0xF81F,0xF81F,0xF81F,0xF81F,0xF81F,0xF81F,0xF81F,0xF81F,0xF81F,
    0xF81F,0xF81F,0xF81F,0xF81F,0xF81F,0xF81F,0xF81F,0x0862,0x3A09,0x3A09,0x3A09,0x3A2A,
    0x41C8,0x39C8,0x3A4A,0x39C8,0x3166,0x2987,0x2966,0x2966,0x2966,0x2966,0x2987,0x3166,
    0x39A8,0x3A4A,0x39E9,0x41A8,0x3A09,0x3A09,0x3A09,0x422A,0x10A3,0xF81F,0xF81F,0xF81F,
    0xF81F,0xF81F,0xF81F,0xF81F,0xF81F,0xF81F,0xF81F,0xF81F,0xF81F,0xF81F,0xF81F,0xF81F,
    0xF81F,0xF81F,0xF81F,0xF81F,0xF81F,0xF81F,0xF81F,0xF81F,0xF81F,0xF81F,0xF81F,0xF81F,
    0xF81F,0xF81F,0xF81F,0xF81F,0xF81F,0xF81F,0xF81F,0xF81F,0xF81F,0xF81F,0xF81F,0xF81F,
    0xF81F,0xF81F,0xF81F,0xF81F,
    0xF81F,0xF81F,0xF81F,0xF81F,0xF81F,0xF81F,0xF81F,0xF81F,0xF81F,0xF81F,0xF81F,0xF81F,
    0xF81F,0xF81F,0xF81F,0xF81F,0xF81F,0xF81F,0xF81F,0xF81F,0xF81F,0xF81F,0xF81F,0xF81F,
    0xF81F,0xF81F,0xF81F,0xF81F,0xF81F,0xF81F,0xF81F,0xF81F,0xF81F,0xF81F,0xF81F,0xF81F,
    0xF81F,0xF81F,0xF81F,0xF81F,0xF81F,0xF81F,0xF81F,0xF81F,0x2987,0x3A0A,0x39E9,0x3A09,
    0x3A09,0x3A09,0x39E9,0x29A7,0x2146,0x2946,0x2966,0x2966,0x2966,0x2966,0x2946,0x2166,
    0x2987,0x39E9,0x3A09,0x3A09,0x3A09,0x39E9,0x3A09,0x31C8,0xF81F,0xF81F,0xF81F,0xF81F,
    0xF81F,0xF81F,0xF81F,0xF81F,0xF81F,0xF81F,0xF81F,0xF81F,0xF81F,0xF81F,0xF81F,0xF81F,
    0xF81F,0xF81F,0xF81F,0xF81F,0xF81F,0xF81F,0xF81F,0xF81F,0xF81F,0xF81F,0xF81F,0xF81F,
    0xF81F,0xF81F,0xF81F,0xF81F,0xF81F,0xF81F,0xF81F,0xF81F,0xF81F,0xF81F,0xF81F,0xF81F,
    0xF81F,0xF81F,0xF81F,0xF81F,
    0xF81F,0xF81F,0xF81F,0xF81F,0xF81F,0xF81F,0xF81F,0xF81F,0xF81F,0xF81F,0xF81F,0xF81F,
    0xF81F,0xF81F,0xF81F,0xF81F,0xF81F,0xF81F,0xF81F,0xF81F,0xF81F,0xF81F,0xF81F,0xF81F,
    0xF81F,0xF81F,0xF81F,0xF81F,0xF81F,0xF81F,0xF81F,0xF81F,0xF81F,0xF81F,0xF81F,0xF81F,
    0xF81F,0xF81F,0xF81F,0xF81F,0xF81F,0xF81F,0xF81F,0xF81F,0x1082,0x3A09,0x31E9,0x39E9,
    0x39E9,0x3A09,0x31C8,0x2146,0x2146,0x2146,0x2146,0x2146,0x2146,0x2146,0x2146,0x2146,
    0x2126,0x31A8,0x3A09,0x39E9,0x39E9,0x31E9,0x3A09,0x10C3,0xF81F,0xF81F,0xF81F,0xF81F,
    0xF81F,0xF81F,0xF81F,0xF81F,0xF81F,0xF81F,0xF81F,0xF81F,0xF81F,0xF81F,0xF81F,0xF81F,
    0xF81F,0xF81F,0xF81F,0xF81F,0xF81F,0xF81F,0xF81F,0xF81F,0xF81F,0xF81F,0xF81F,0xF81F,
    0xF81F,0xF81F,0xF81F,0xF81F,0xF81F,0xF81F,0xF81F,0xF81F,0xF81F,0xF81F,0xF81F,0xF81F,
    0xF81F,0xF81F,0xF81F,0xF81F,
    0xF81F,0xF81F,0xF81F,0xF81F,0xF81F,0xF81F,0xF81F,0xF81F,0xF81F,0xF81F,0xF81F,0xF81F,
    0xF81F,0xF81F,0xF81F,0xF81F,0xF81F,0xF81F,0xF81F,0xF81F,0xF81F,0xF81F,0xF81F,0xF81F,
    0xF81F,0xF81F,0xF81F,0xF81F,0xF81F,0xF81F,0xF81F,0xF81F,0xF81F,0xF81F,0xF81F,0xF81F,
    0xF81F,0xF81F,0xF81F,0xF81F,0xF81F,0xF81F,0xF81F,0xF81F,0xF81F,0x2125,0x3A09,0x31C8,
    0x39E9,0x39E9,0x2987,0x2125,0x2125,0x2125,0x2125,0x2125,0x2125,0x2125,0x2125,0x2125,
    0x2125,0x2966,0x39E9,0x39E9,0x31C8,0x3A09,0x2966,0xF81F,0xF81F,0xF81F,0xF81F,0xF81F,
    0xF81F,0xF81F,0xF81F,0xF81F,0xF81F,0xF81F,0xF81F,0xF81F,0xF81F,0xF81F,0xF81F,0xF81F,
    0xF81F,0xF81F,0xF81F,0xF81F,0xF81F,0xF81F,0xF81F,0xF81F,0xF81F,0xF81F,0xF81F,0xF81F,
    0xF81F,0xF81F,0xF81F,0xF81F,0xF81F,0xF81F,0xF81F,0xF81F,0xF81F,0xF81F,0xF81F,0xF81F,
    0xF81F,0xF81F,0xF81F,0xF81F,
    0xF81F,0xF81F,0xF81F,0xF81F,0xF81F,0xF81F,0xF81F,0xF81F,0xF81F,0xF81F,0xF81F,0xF81F,
    0xF81F,0xF81F,0xF81F,0xF81F,0xF81F,0xF81F,0xF81F,0xF81F,0xF81F,0xF81F,0xF81F,0xF81F,
    0xF81F,0xF81F,0xF81F,0xF81F,0xF81F,0xF81F,0xF81F,0xF81F,0xF81F,0xF81F,0xF81F,0xF81F,
    0xF81F,0xF81F,0xF81F,0xF81F,0xF81F,0xF81F,0xF81F,0xF81F,0xF81F,0xF81F,0x2987,0x39E9,
    0x31C8,0x31E9,0x2966,0x2125,0x2125,0x2125,0x2125,0x2125,0x2125,0x2125,0x2125,0x2125,
    0x2125,0x2946,0x31E8,0x31C8,0x39E9,0x31A7,0x0021,0xF81F,0xF81F,0xF81F,0xF81F,0xF81F,
    0xF81F,0xF81F,0xF81F,0xF81F,0xF81F,0xF81F,0xF81F,0xF81F,0xF81F,0xF81F,0xF81F,0xF81F,
    0xF81F,0xF81F,0xF81F,0xF81F,0xF81F,0xF81F,0xF81F,0xF81F,0xF81F,0xF81F,0xF81F,0xF81F,
    0xF81F,0xF81F,0xF81F,0xF81F,0xF81F,0xF81F,0xF81F,0xF81F,0xF81F,0xF81F,0xF81F,0xF81F,
    0xF81F,0xF81F,0xF81F,0xF81F,
    0xF81F,0xF81F,0xF81F,0xF81F,0xF81F,0xF81F,0xF81F,0xF81F,0xF81F,0xF81F,0xF81F,0xF81F,
    0xF81F,0xF81F,0xF81F,0xF81F,0xF81F,0xF81F,0xF81F,0xF81F,0xF81F,0xF81F,0xF81F,0xF81F,
    0xF81F,0xF81F,0xF81F,0xF81F,0xF81F,0xF81F,0xF81F,0xF81F,0xF81F,0xF81F,0xF81F,0xF81F,
    0xF81F,0xF81F,0xF81F,0xF81F,0xF81F,0xF81F,0xF81F,0xF81F,0xF81F,0xF81F,0x0020,0x2987,
    0x39E9,0x31C8,0x2146,0x1905,0x1905,0x1905,0x2125,0x2125,0x2125,0x2125,0x1905,0x1905,
    0x1905,0x2146,0x31C8,0x39E9,0x31A7,0x0841,0xF81F,0xF81F,0xF81F,0xF81F,0xF81F,0xF81F,
    0xF81F,0xF81F,0xF81F,0xF81F,0xF81F,0xF81F,0xF81F,0xF81F,0xF81F,0xF81F,0xF81F,0xF81F,
    0xF81F,0xF81F,0xF81F,0xF81F,0xF81F,0xF81F,0xF81F,0xF81F,0xF81F,0xF81F,0xF81F,0xF81F,
    0xF81F,0xF81F,0xF81F,0xF81F,0xF81F,0xF81F,0xF81F,0xF81F,0xF81F,0xF81F,0xF81F,0xF81F,
    0xF81F,0xF81F,0xF81F,0xF81F,
    0xF81F,0xF81F,0xF81F,0xF81F,0xF81F,0xF81F,0xF81F,0xF81F,0xF81F,0xF81F,0xF81F,0xF81F,
    0xF81F,0xF81F,0xF81F,0xF81F,0xF81F,0xF81F,0xF81F,0xF81F,0xF81F,0xF81F,0xF81F,0xF81F,
    0xF81F,0xF81F,0xF81F,0xF81F,0xF81F,0xF81F,0xF81F,0xF81F,0xF81F,0xF81F,0xF81F,0xF81F,
    0xF81F,0xF81F,0xF81F,0xF81F,0xF81F,0xF81F,0xF81F,0xF81F,0xF81F,0xF81F,0xF81F,0x0020,
    0x2146,0x39E9,0x2146,0x18E4,0x1904,0x1905,0x18C3,0x1082,0x1082,0x10C3,0x1904,0x1905,
    0x18E4,0x2125,0x39E9,0x2966,0x0041,0xF81F,0xF81F,0xF81F,0xF81F,0xF81F,0xF81F,0xF81F,
    0xF81F,0xF81F,0xF81F,0xF81F,0xF81F,0xF81F,0xF81F,0xF81F,0xF81F,0xF81F,0xF81F,0xF81F,
    0xF81F,0xF81F,0xF81F,0xF81F,0xF81F,0xF81F,0xF81F,0xF81F,0xF81F,0xF81F,0xF81F,0xF81F,
    0xF81F,0xF81F,0xF81F,0xF81F,0xF81F,0xF81F,0xF81F,0xF81F,0xF81F,0xF81F,0xF81F,0xF81F,
    0xF81F,0xF81F,0xF81F,0xF81F,
    0xF81F,0xF81F,0xF81F,0xF81F,0xF81F,0xF81F,0xF81F,0xF81F,0xF81F,0xF81F,0xF81F,0xF81F,
    0xF81F,0xF81F,0xF81F,0xF81F,0xF81F,0xF81F,0xF81F,0xF81F,0xF81F,0xF81F,0xF81F,0xF81F,
    0xF81F,0xF81F,0xF81F,0xF81F,0xF81F,0xF81F,0xF81F,0xF81F,0xF81F,0xF81F,0xF81F,0xF81F,
    0xF81F,0xF81F,0xF81F,0xF81F,0xF81F,0xF81F,0xF81F,0xF81F,0xF81F,0xF81F,0xF81F,0xF81F,
    0xF81F,0x10C3,0x2125,0x18C4,0x18E4,0x1083,0x0041,0x0041,0x0041,0x0041,0x0882,0x18E4,
    0x18C4,0x2105,0x18E4,0xF81F,0xF81F,0xF81F,0xF81F,0xF81F,0xF81F,0xF81F,0xF81F,0xF81F,
    0xF81F,0xF81F,0xF81F,0xF81F,0xF81F,0xF81F,0xF81F,0xF81F,0xF81F,0xF81F,0xF81F,0xF81F,
    0xF81F,0xF81F,0xF81F,0xF81F,0xF81F,0xF81F,0xF81F,0xF81F,0xF81F,0xF81F,0xF81F,0xF81F,
    0xF81F,0xF81F,0xF81F,0xF81F,0xF81F,0xF81F,0xF81F,0xF81F,0xF81F,0xF81F,0xF81F,0xF81F,
    0xF81F,0xF81F,0xF81F,0xF81F,
    0xF81F,0xF81F,0xF81F,0xF81F,0xF81F,0xF81F,0xF81F,0xF81F,0xF81F,0xF81F,0xF81F,0xF81F,
    0xF81F,0xF81F,0xF81F,0xF81F,0xF81F,0xF81F,0xF81F,0xF81F,0xF81F,0xF81F,0xF81F,0xF81F,
    0xF81F,0xF81F,0xF81F,0xF81F,0xF81F,0xF81F,0xF81F,0xF81F,0xF81F,0xF81F,0xF81F,0xF81F,
    0xF81F,0xF81F,0xF81F,0xF81F,0xF81F,0xF81F,0xF81F,0xF81F,0xF81F,0xF81F,0xF81F,0xF81F,
    0xF81F,0xF81F,0x0041,0x18E4,0x10A3,0x0041,0x0841,0x0841,0x0841,0x0841,0x0041,0x10A3,
    0x18E4,0x0841,0xF81F,0xF81F,0xF81F,0xF81F,0xF81F,0xF81F,0xF81F,0xF81F,0xF81F,0xF81F,
    0xF81F,0xF81F,0xF81F,0xF81F,0xF81F,0xF81F,0xF81F,0xF81F,0xF81F,0xF81F,0xF81F,0xF81F,
    0xF81F,0xF81F,0xF81F,0xF81F,0xF81F,0xF81F,0xF81F,0xF81F,0xF81F,0xF81F,0xF81F,0xF81F,
    0xF81F,0xF81F,0xF81F,0xF81F,0xF81F,0xF81F,0xF81F,0xF81F,0xF81F,0xF81F,0xF81F,0xF81F,
    0xF81F,0xF81F,0xF81F,0xF81F,
    0xF81F,0xF81F,0xF81F,0xF81F,0xF81F,0xF81F,0xF81F,0xF81F,0xF81F,0xF81F,0xF81F,0xF81F,
    0xF81F,0xF81F,0xF81F,0xF81F,0xF81F,0xF81F,0xF81F,0xF81F,0xF81F,0xF81F,0xF81F,0xF81F,
    0xF81F,0xF81F,0xF81F,0xF81F,0xF81F,0xF81F,0xF81F,0xF81F,0xF81F,0xF81F,0xF81F,0xF81F,
    0xF81F,0xF81F,0xF81F,0xF81F,0xF81F,0xF81F,0xF81F,0xF81F,0xF81F,0xF81F,0xF81F,0xF81F,
    0xF81F,0xF81F,0xF81F,0x0862,0x10A3,0x0041,0x0842,0x0841,0x0841,0x0841,0x0041,0x10A3,
    0x0882,0xF81F,0xF81F,0xF81F,0xF81F,0xF81F,0xF81F,0xF81F,0xF81F,0xF81F,0xF81F,0xF81F,
    0xF81F,0xF81F,0xF81F,0xF81F,0xF81F,0xF81F,0xF81F,0xF81F,0xF81F,0xF81F,0xF81F,0xF81F,
    0xF81F,0xF81F,0xF81F,0xF81F,0xF81F,0xF81F,0xF81F,0xF81F,0xF81F,0xF81F,0xF81F,0xF81F,
    0xF81F,0xF81F,0xF81F,0xF81F,0xF81F,0xF81F,0xF81F,0xF81F,0xF81F,0xF81F,0xF81F,0xF81F,
    0xF81F,0xF81F,0xF81F,0xF81F,
    0xF81F,0xF81F,0xF81F,0xF81F,0xF81F,0xF81F,0xF81F,0xF81F,0xF81F,0xF81F,0xF81F,0xF81F,
    0xF81F,0xF81F,0xF81F,0xF81F,0xF81F,0xF81F,0xF81F,0xF81F,0xF81F,0xF81F,0xF81F,0xF81F,
    0xF81F,0xF81F,0xF81F,0xF81F,0xF81F,0xF81F,0xF81F,0xF81F,0xF81F,0xF81F,0xF81F,0xF81F,
    0xF81F,0xF81F,0xF81F,0xF81F,0xF81F,0xF81F,0xF81F,0xF81F,0xF81F,0xF81F,0xF81F,0xF81F,
    0xF81F,0xF81F,0xF81F,0xF81F,0x1082,0x0862,0x0000,0x0041,0x0041,0x0021,0x0841,0x1082,
    0x0020,0xF81F,0xF81F,0xF81F,0xF81F,0xF81F,0xF81F,0xF81F,0xF81F,0xF81F,0xF81F,0xF81F,
    0xF81F,0xF81F,0xF81F,0xF81F,0xF81F,0xF81F,0xF81F,0xF81F,0xF81F,0xF81F,0xF81F,0xF81F,
    0xF81F,0xF81F,0xF81F,0xF81F,0xF81F,0xF81F,0xF81F,0xF81F,0xF81F,0xF81F,0xF81F,0xF81F,
    0xF81F,0xF81F,0xF81F,0xF81F,0xF81F,0xF81F,0xF81F,0xF81F,0xF81F,0xF81F,0xF81F,0xF81F,
    0xF81F,0xF81F,0xF81F,0xF81F,
    0xF81F,0xF81F,0xF81F,0xF81F,0xF81F,0xF81F,0xF81F,0xF81F,0xF81F,0xF81F,0xF81F,0xF81F,
    0xF81F,0xF81F,0xF81F,0xF81F,0xF81F,0xF81F,0xF81F,0xF81F,0xF81F,0xF81F,0xF81F,0xF81F,
    0xF81F,0xF81F,0xF81F,0xF81F,0xF81F,0xF81F,0xF81F,0xF81F,0xF81F,0xF81F,0xF81F,0xF81F,
    0xF81F,0xF81F,0xF81F,0xF81F,0xF81F,0xF81F,0x0882,0x52AC,0x52CC,0x52AC,0x52AC,0x52AC,
    0x52AC,0x52AC,0x52CC,0x4AAC,0x52AC,0x4A8B,0x2125,0x0862,0x0862,0x1904,0x426B,0x52CC,
    0x4AAC,0x52CC,0x52AC,0x52AC,0x52AC,0x52AC,0x52AC,0x4AAC,0x52CD,0x10C3,0xF81F,0xF81F,
    0xF81F,0xF81F,0xF81F,0xF81F,0xF81F,0xF81F,0xF81F,0xF81F,0xF81F,0xF81F,0xF81F,0xF81F,
    0xF81F,0xF81F,0xF81F,0xF81F,0xF81F,0xF81F,0xF81F,0xF81F,0xF81F,0xF81F,0xF81F,0xF81F,
    0xF81F,0xF81F,0xF81F,0xF81F,0xF81F,0xF81F,0xF81F,0xF81F,0xF81F,0xF81F,0xF81F,0xF81F,
    0xF81F,0xF81F,0xF81F,0xF81F,
    0xF81F,0xF81F,0xF81F,0xF81F,0xF81F,0xF81F,0xF81F,0xF81F,0xF81F,0xF81F,0xF81F,0xF81F,
    0xF81F,0xF81F,0xF81F,0xF81F,0xF81F,0xF81F,0xF81F,0xF81F,0xF81F,0xF81F,0xF81F,0xF81F,
    0xF81F,0xF81F,0xF81F,0xF81F,0xF81F,0xF81F,0xF81F,0xF81F,0xF81F,0xF81F,0xF81F,0xF81F,
    0xF81F,0xF81F,0xF81F,0xF81F,0xF81F,0xF81F,0x18C3,0x5B0E,0x52ED,0x52ED,0x52ED,0x52ED,
    0x52ED,0x52ED,0x52ED,0x52ED,0x52ED,0x5B0E,0x5B0E,0x52AC,0x4AAC,0x5B0D,0x5B0E,0x52ED,
    0x52ED,0x52ED,0x52ED,0x52ED,0x52ED,0x52ED,0x52ED,0x52ED,0x5B2E,0x2105,0xF81F,0xF81F,
    0xF81F,0xF81F,0xF81F,0xF81F,0xF81F,0xF81F,0xF81F,0xF81F,0xF81F,0xF81F,0xF81F,0xF81F,
    0xF81F,0xF81F,0xF81F,0xF81F,0xF81F,0xF81F,0xF81F,0xF81F,0xF81F,0xF81F,0xF81F,0xF81F,
    0xF81F,0xF81F,0xF81F,0xF81F,0xF81F,0xF81F,0xF81F,0xF81F,0xF81F,0xF81F,0xF81F,0xF81F,
    0xF81F,0xF81F,0xF81F,0xF81F,
    0xF81F,0xF81F,0xF81F,0xF81F,0xF81F,0xF81F,0xF81F,0xF81F,0xF81F,0xF81F,0xF81F,0xF81F,
    0xF81F,0xF81F,0xF81F,0xF81F,0xF81F,0xF81F,0xF81F,0xF81F,0xF81F,0xF81F,0xF81F,0xF81F,
    0xF81F,0xF81F,0xF81F,0xF81F,0xF81F,0xF81F,0xF81F,0xF81F,0xF81F,0xF81F,0xF81F,0xF81F,
    0xF81F,0xF81F,0xF81F,0xF81F,0xF81F,0xF81F,0x1905,0x5AED,0x52CC,0x52CD,0x52CD,0x52CD,
    0x52CD,0x52CD,0x52CD,0x52CD,0x52CD,0x52CD,0x52CD,0x52ED,0x52ED,0x52CD,0x52CD,0x52CD,
    0x52CD,0x52CD,0x52CD,0x52CD,0x52CD,0x52CD,0x52CD,0x52CC,0x5B0D,0x2966,0xF81F,0xF81F,
    0xF81F,0xF81F,0xF81F,0xF81F,0xF81F,0xF81F,0xF81F,0xF81F,0xF81F,0xF81F,0xF81F,0xF81F,
    0xF81F,0xF81F,0xF81F,0xF81F,0xF81F,0xF81F,0xF81F,0xF81F,0xF81F,0xF81F,0xF81F,0xF81F,
    0xF81F,0xF81F,0xF81F,0xF81F,0xF81F,0xF81F,0xF81F,0xF81F,0xF81F,0xF81F,0xF81F,0xF81F,
    0xF81F,0xF81F,0xF81F,0xF81F,
    0xF81F,0xF81F,0xF81F,0xF81F,0xF81F,0xF81F,0xF81F,0xF81F,0xF81F,0xF81F,0xF81F,0xF81F,
    0xF81F,0xF81F,0xF81F,0xF81F,0xF81F,0xF81F,0xF81F,0xF81F,0xF81F,0xF81F,0xF81F,0xF81F,
    0xF81F,0xF81F,0xF81F,0xF81F,0xF81F,0xF81F,0xF81F,0xF81F,0xF81F,0xF81F,0xF81F,0xF81F,
    0xF81F,0xF81F,0xF81F,0xF81F,0xF81F,0xF81F,0x2966,0x5AED,0x4AAC,0x52CC,0x52CC,0x52CC,
    0x52CC,0x52CC,0x52CC,0x52CC,0x52CC,0x52CC,0x52CC,0x52CC,0x52CC,0x52CC,0x52CC,0x52CC,
    0x52CC,0x52CC,0x52CC,0x52CC,0x52CC,0x52CC,0x52CC,0x4AAC,0x52ED,0x31C8,0xF81F,0xF81F,
    0xF81F,0xF81F,0xF81F,0xF81F,0xF81F,0xF81F,0xF81F,0xF81F,0xF81F,0xF81F,0xF81F,0xF81F,
    0xF81F,0xF81F,0xF81F,0xF81F,0xF81F,0xF81F,0xF81F,0xF81F,0xF81F,0xF81F,0xF81F,0xF81F,
    0xF81F,0xF81F,0xF81F,0xF81F,0xF81F,0xF81F,0xF81F,0xF81F,0xF81F,0xF81F,0xF81F,0xF81F,
    0xF81F,0xF81F,0xF81F,0xF81F,
    0xF81F,0xF81F,0xF81F,0xF81F,0xF81F,0xF81F,0xF81F,0xF81F,0xF81F,0xF81F,0xF81F,0xF81F,
    0xF81F,0xF81F,0xF81F,0xF81F,0xF81F,0xF81F,0xF81F,0xF81F,0xF81F,0xF81F,0xF81F,0xF81F,
    0xF81F,0xF81F,0xF81F,0xF81F,0xF81F,0xF81F,0xF81F,0xF81F,0xF81F,0xF81F,0xF81F,0xF81F,
    0xF81F,0xF81F,0xF81F,0xF81F,0xF81F,0xF81F,0x31C8,0x52ED,0x4AAC,0x4AAC,0x4AAC,0x4AAC,
    0x4AAC,0x4AAC,0x4AAC,0x4AAC,0x4AAC,0x4AAC,0x4AAC,0x4AAC,0x4AAC,0x4AAC,0x4AAC,0x4AAC,
    0x4AAC,0x4AAC,0x4AAC,0x4AAC,0x4AAC,0x4AAC,0x4AAC,0x4AAC,0x52CD,0x3A09,0xF81F,0xF81F,
    0xF81F,0xF81F,0xF81F,0xF81F,0xF81F,0xF81F,0xF81F,0xF81F,0xF81F,0xF81F,0xF81F,0xF81F,
    0xF81F,0xF81F,0xF81F,0xF81F,0xF81F,0xF81F,0xF81F,0xF81F,0xF81F,0xF81F,0xF81F,0xF81F,
    0xF81F,0xF81F,0xF81F,0xF81F,0xF81F,0xF81F,0xF81F,0xF81F,0xF81F,0xF81F,0xF81F,0xF81F,
    0xF81F,0xF81F,0xF81F,0xF81F,
    0xF81F,0xF81F,0xF81F,0xF81F,0xF81F,0xF81F,0xF81F,0xF81F,0xF81F,0xF81F,0xF81F,0xF81F,
    0xF81F,0xF81F,0xF81F,0xF81F,0xF81F,0xF81F,0xF81F,0xF81F,0xF81F,0xF81F,0xF81F,0xF81F,
    0xF81F,0xF81F,0xF81F,0xF81F,0xF81F,0xF81F,0xF81F,0xF81F,0xF81F,0xF81F,0xF81F,0xF81F,
    0xF81F,0xF81F,0xF81F,0xF81F,0xF81F,0xF81F,0x3A09,0x52CC,0x4A8C,0x4AAC,0x4AAC,0x4AAC,
    0x4AAC,0x4AAC,0x4AAC,0x4AAC,0x4AAC,0x4AAC,0x4AAC,0x4AAC,0x4AAC,0x4AAC,0x4AAC,0x4AAC,
    0x4AAC,0x4AAC,0x4AAC,0x4AAC,0x4AAC,0x4AAC,0x4AAC,0x4A8C,0x52AC,0x424A,0xF81F,0xF81F,
    0xF81F,0xF81F,0xF81F,0xF81F,0xF81F,0xF81F,0xF81F,0xF81F,0xF81F,0xF81F,0xF81F,0xF81F,
    0xF81F,0xF81F,0xF81F,0xF81F,0xF81F,0xF81F,0xF81F,0xF81F,0xF81F,0xF81F,0xF81F,0xF81F,
    0xF81F,0xF81F,0xF81F,0xF81F,0xF81F,0xF81F,0xF81F,0xF81F,0xF81F,0xF81F,0xF81F,0xF81F,
    0xF81F,0xF81F,0xF81F,0xF81F,
    0xF81F,0xF81F,0xF81F,0xF81F,0xF81F,0xF81F,0xF81F,0xF81F,0xF81F,0xF81F,0xF81F,0xF81F,
    0xF81F,0xF81F,0xF81F,0xF81F,0xF81F,0xF81F,0xF81F,0xF81F,0xF81F,0xF81F,0xF81F,0xF81F,
    0xF81F,0xF81F,0xF81F,0xF81F,0xF81F,0xF81F,0xF81F,0xF81F,0xF81F,0xF81F,0xF81F,0xF81F,
    0xF81F,0xF81F,0xF81F,0xF81F,0xF81F,0xF81F,0x422A,0x4AAC,0x4A8B,0x4A8C,0x4A8C,0x4A8C,
    0x4A8C,0x4A8C,0x4A8C,0x4A8C,0x4A8C,0x4A8C,0x4A8C,0x4A8C,0x4A8C,0x4A8C,0x4A8C,0x4A8C,
    0x4A8C,0x4A8C,0x4A8C,0x4A8C,0x4A8C,0x4A8C,0x4A8C,0x4A8B,0x4AAC,0x426B,0x0041,0xF81F,
    0xF81F,0xF81F,0xF81F,0xF81F,0xF81F,0xF81F,0xF81F,0xF81F,0xF81F,0xF81F,0xF81F,0xF81F,
    0xF81F,0xF81F,0xF81F,0xF81F,0xF81F,0xF81F,0xF81F,0xF81F,0xF81F,0xF81F,0xF81F,0xF81F,
    0xF81F,0xF81F,0xF81F,0xF81F,0xF81F,0xF81F,0xF81F,0xF81F,0xF81F,0xF81F,0xF81F,0xF81F,
    0xF81F,0xF81F,0xF81F,0xF81F,
    0xF81F,0xF81F,0xF81F,0xF81F,0xF81F,0xF81F,0xF81F,0xF81F,0xF81F,0xF81F,0xF81F,0xF81F,
    0xF81F,0xF81F,0xF81F,0xF81F,0xF81F,0xF81F,0xF81F,0xF81F,0xF81F,0xF81F,0xF81F,0xF81F,
    0xF81F,0xF81F,0xF81F,0xF81F,0xF81F,0xF81F,0xF81F,0xF81F,0xF81F,0xF81F,0xF81F,0xF81F,
    0xF81F,0xF81F,0xF81F,0xF81F,0xF81F,0x0021,0x424B,0x4A8B,0x4A6B,0x4A8B,0x4A8B,0x4A8B,
    0x4A8B,0x4A8B,0x4A8B,0x4A8B,0x4A8B,0x4A8B,0x4A8B,0x4A8B,0x4A8B,0x4A8B,0x4A8B,0x4A8B,
    0x4A8B,0x4A8B,0x4A8B,0x4A8B,0x4A8B,0x4A8B,0x4A8B,0x4A8B,0x4A8B,0x4A8B,0x0882,0xF81F,
    0xF81F,0xF81F,0xF81F,0xF81F,0xF81F,0xF81F,0xF81F,0xF81F,0xF81F,0xF81F,0xF81F,0xF81F,
    0xF81F,0xF81F,0xF81F,0xF81F,0xF81F,0xF81F,0xF81F,0xF81F,0xF81F,0xF81F,0xF81F,0xF81F,
    0xF81F,0xF81F,0xF81F,0xF81F,0xF81F,0xF81F,0xF81F,0xF81F,0xF81F,0xF81F,0xF81F,0xF81F,
    0xF81F,0xF81F,0xF81F,0xF81F,
    0xF81F,0xF81F,0xF81F,0xF81F,0xF81F,0xF81F,0xF81F,0xF81F,0xF81F,0xF81F,0xF81F,0xF81F,
    0xF81F,0xF81F,0xF81F,0xF81F,0xF81F,0xF81F,0xF81F,0xF81F,0xF81F,0xF81F,0xF81F,0xF81F,
    0xF81F,0xF81F,0xF81F,0xF81F,0xF81F,0xF81F,0xF81F,0xF81F,0xF81F,0xF81F,0xF81F,0xF81F,
    0xF81F,0xF81F,0xF81F,0xF81F,0xF81F,0x0882,0x4A6B,0x4A6B,0x4A6B,0x4A6B,0x4A6B,0x4A6B,
    0x4A6B,0x4A6B,0x4A6B,0x4A6B,0x4A6B,0x4A6B,0x4A6B,0x4A6B,0x4A6B,0x4A6B,0x4A6B,0x4A6B,
    0x4A6B,0x4A6B,0x4A6B,0x4A6B,0x4A6B,0x4A6B,0x4A6B,0x4A6B,0x426B,0x4A8C,0x10C3,0xF81F,
    0xF81F,0xF81F,0xF81F,0xF81F,0xF81F,0xF81F,0xF81F,0xF81F,0xF81F,0xF81F,0xF81F,0xF81F,
    0xF81F,0xF81F,0xF81F,0xF81F,0xF81F,0xF81F,0xF81F,0xF81F,0xF81F,0xF81F,0xF81F,0xF81F,
    0xF81F,0xF81F,0xF81F,0xF81F,0xF81F,0xF81F,0xF81F,0xF81F,0xF81F,0xF81F,0xF81F,0xF81F,
    0xF81F,0xF81F,0xF81F,0xF81F,
    0xF81F,0xF81F,0xF81F,0xF81F,0xF81F,0xF81F,0xF81F,0xF81F,0xF81F,0xF81F,0xF81F,0xF81F,
    0xF81F,0xF81F,0xF81F,0xF81F,0xF81F,0xF81F,0xF81F,0xF81F,0xF81F,0xF81F,0xF81F,0xF81F,
    0xF81F,0xF81F,0xF81F,0xF81F,0xF81F,0xF81F,0xF81F,0xF81F,0xF81F,0xF81F,0xF81F,0xF81F,
    0xF81F,0xF81F,0xF81F,0xF81F,0xF81F,0x18C3,0x4A8B,0x424A,0x426B,0x426B,0x426B,0x426B,
    0x426B,0x426B,0x426B,0x426B,0x426B,0x426B,0x426B,0x426B,0x426B,0x426B,0x426B,0x426B,
    0x426B,0x426B,0x426B,0x426B,0x426B,0x426B,0x426B,0x426B,0x424A,0x4A8C,0x1904,0xF81F,
    0xF81F,0xF81F,0xF81F,0xF81F,0xF81F,0xF81F,0xF81F,0xF81F,0xF81F,0x0020,0x10A3,0x0041,
    0xF81F,0xF81F,0xF81F,0xF81F,0xF81F,0xF81F,0xF81F,0xF81F,0xF81F,0xF81F,0xF81F,0xF81F,
    0xF81F,0xF81F,0xF81F,0xF81F,0xF81F,0xF81F,0xF81F,0xF81F,0xF81F,0xF81F,0xF81F,0xF81F,
    0xF81F,0xF81F,0xF81F,0xF81F,
    0xF81F,0xF81F,0xF81F,0xF81F,0xF81F,0xF81F,0xF81F,0xF81F,0xF81F,0xF81F,0xF81F,0xF81F,
    0xF81F,0xF81F,0xF81F,0xF81F,0xF81F,0xF81F,0xF81F,0xF81F,0xF81F,0xF81F,0xF81F,0xF81F,
    0xF81F,0xF81F,0xF81F,0xF81F,0xF81F,0xF81F,0xF81F,0xF81F,0xF81F,0xF81F,0xF81F,0xF81F,
    0xF81F,0xF81F,0xF81F,0xF81F,0xF81F,0x1904,0x4A6B,0x424A,0x424A,0x424A,0x424A,0x424A,
    0x424A,0x424A,0x424A,0x424A,0x424A,0x424A,0x424A,0x424A,0x424A,0x424A,0x424A,0x424A,
    0x424A,0x424A,0x424A,0x424A,0x424A,0x424A,0x424A,0x424A,0x424A,0x4A8B,0x2145,0xF81F,
    0xF81F,0xF81F,0xF81F,0xF81F,0xF81F,0xF81F,0xF81F,0x0862,0x18E4,0x2946,0x31A8,0x10A3,
    0xF81F,0xF81F,0xF81F,0xF81F,0xF81F,0xF81F,0xF81F,0xF81F,0xF81F,0xF81F,0xF81F,0xF81F,
    0xF81F,0xF81F,0xF81F,0xF81F,0xF81F,0xF81F,0xF81F,0xF81F,0xF81F,0xF81F,0xF81F,0xF81F,
    0xF81F,0xF81F,0xF81F,0xF81F,
    0xF81F,0xF81F,0xF81F,0xF81F,0xF81F,0xF81F,0xF81F,0xF81F,0xF81F,0xF81F,0xF81F,0xF81F,
    0xF81F,0xF81F,0xF81F,0xF81F,0xF81F,0xF81F,0xF81F,0xF81F,0xF81F,0xF81F,0xF81F,0xF81F,
    0xF81F,0xF81F,0xF81F,0xF81F,0xF81F,0xF81F,0xF81F,0xF81F,0xF81F,0xF81F,0xF81F,0xF81F,
    0xF81F,0xF81F,0xF81F,0xF81F,0xF81F,0x2146,0x426B,0x422A,0x424A,0x424A,0x424A,0x424A,
    0x424A,0x424A,0x424A,0x424A,0x424A,0x424A,0x424A,0x424A,0x424A,0x424A,0x424A,0x424A,
    0x424A,0x424A,0x424A,0x424A,0x424A,0x424A,0x424A,0x424A,0x422A,0x426B,0x2987,0xF81F,
    0xF81F,0xF81F,0xF81F,0xF81F,0x0861,0x18C4,0x2146,0x2987,0x2987,0x2966,0x2966,0x18E4,
    0xF81F,0xF81F,0xF81F,0xF81F,0xF81F,0xF81F,0xF81F,0xF81F,0xF81F,0xF81F,0xF81F,0xF81F,
    0xF81F,0xF81F,0xF81F,0xF81F,0xF81F,0xF81F,0xF81F,0xF81F,0xF81F,0xF81F,0xF81F,0xF81F,
    0xF81F,0xF81F,0xF81F,0xF81F,
    0xF81F,0xF81F,0xF81F,0xF81F,0xF81F,0xF81F,0xF81F,0xF81F,0xF81F,0xF81F,0xF81F,0xF81F,
    0xF81F,0xF81F,0xF81F,0xF81F,0xF81F,0xF81F,0xF81F,0xF81F,0xF81F,0xF81F,0xF81F,0xF81F,
    0xF81F,0xF81F,0xF81F,0xF81F,0xF81F,0xF81F,0xF81F,0xF81F,0xF81F,0xF81F,0xF81F,0xF81F,
    0xF81F,0xF81F,0xF81F,0xF81F,0xF81F,0x2987,0x424A,0x3A2A,0x422A,0x422A,0x422A,0x422A,
    0x422A,0x422A,0x422A,0x422A,0x422A,0x422A,0x422A,0x422A,0x422A,0x422A,0x422A,0x422A,
    0x422A,0x422A,0x422A,0x422A,0x422A,0x422A,0x422A,0x422A,0x3A2A,0x424A,0x31C8,0xF81F,
    0xF81F,0x0841,0x10C3,0x2125,0x2966,0x2967,0x2966,0x2146,0x2146,0x2146,0x2966,0x2125,
    0xF81F,0xF81F,0xF81F,0xF81F,0xF81F,0xF81F,0xF81F,0xF81F,0xF81F,0xF81F,0xF81F,0xF81F,
    0xF81F,0xF81F,0xF81F,0xF81F,0xF81F,0xF81F,0xF81F,0xF81F,0xF81F,0xF81F,0xF81F,0xF81F,
    0xF81F,0xF81F,0xF81F,0xF81F,
    0xF81F,0xF81F,0xF81F,0xF81F,0xF81F,0xF81F,0xF81F,0xF81F,0xF81F,0xF81F,0xF81F,0xF81F,
    0xF81F,0xF81F,0xF81F,0xF81F,0xF81F,0xF81F,0xF81F,0xF81F,0xF81F,0xF81F,0xF81F,0xF81F,
    0xF81F,0xF81F,0xF81F,0xF81F,0xF81F,0xF81F,0xF81F,0xF81F,0xF81F,0xF81F,0xF81F,0xF81F,
    0xF81F,0xF81F,0xF81F,0xF81F,0xF81F,0x31A8,0x422A,0x3A09,0x3A2A,0x3A2A,0x3A2A,0x3A2A,
    0x3A2A,0x3A2A,0x3A2A,0x3A2A,0x3A2A,0x3A09,0x3A09,0x422A,0x422A,0x3A09,0x3A09,0x3A2A,
    0x3A2A,0x3A2A,0x3A2A,0x3A2A,0x3A2A,0x3A2A,0x3A2A,0x3A2A,0x3A09,0x422A,0x31E9,0x10A3,
    0x1905,0x2946,0x2966,0x2966,0x2146,0x2146,0x2146,0x2146,0x2146,0x2146,0x2146,0x2146,
    0x0020,0xF81F,0xF81F,0xF81F,0xF81F,0xF81F,0xF81F,0xF81F,0xF81F,0xF81F,0xF81F,0xF81F,
    0xF81F,0xF81F,0xF81F,0xF81F,0xF81F,0xF81F,0xF81F,0xF81F,0xF81F,0xF81F,0xF81F,0xF81F,
    0xF81F,0xF81F,0xF81F,0xF81F,
    0xF81F,0xF81F,0xF81F,0xF81F,0xF81F,0xF81F,0xF81F,0xF81F,0xF81F,0xF81F,0xF81F,0xF81F,
    0xF81F,0xF81F,0xF81F,0xF81F,0xF81F,0xF81F,0xF81F,0xF81F,0xF81F,0xF81F,0xF81F,0xF81F,
    0xF81F,0xF81F,0xF81F,0xF81F,0xF81F,0xF81F,0xF81F,0xF81F,0xF81F,0xF81F,0xF81F,0xF81F,
    0xF81F,0xF81F,0xF81F,0xF81F,0xF81F,0x31C8,0x3A09,0x3A09,0x3A09,0x3A09,0x3A09,0x3A09,
    0x3A09,0x3A09,0x3A09,0x3A09,0x3A09,0x426B,0x52CD,0x5B0D,0x5B0E,0x52ED,0x4A6B,0x3A09,
    0x3A09,0x3A09,0x3A09,0x3A09,0x3A09,0x3A09,0x3A09,0x3A09,0x3A09,0x3A09,0x3A09,0x2967,
    0x2146,0x2126,0x2126,0x2126,0x2146,0x2146,0x2146,0x2146,0x2146,0x2146,0x2126,0x2146,
    0x0862,0xF81F,0xF81F,0xF81F,0xF81F,0xF81F,0xF81F,0xF81F,0xF81F,0xF81F,0xF81F,0xF81F,
    0xF81F,0xF81F,0xF81F,0xF81F,0xF81F,0xF81F,0xF81F,0xF81F,0xF81F,0xF81F,0xF81F,0xF81F,
    0xF81F,0xF81F,0xF81F,0xF81F,
    0xF81F,0xF81F,0xF81F,0xF81F,0xF81F,0xF81F,0xF81F,0xF81F,0xF81F,0xF81F,0xF81F,0xF81F,
    0xF81F,0xF81F,0xF81F,0xF81F,0xF81F,0xF81F,0xF81F,0xF81F,0xF81F,0xF81F,0xF81F,0xF81F,
    0xF81F,0xF81F,0xF81F,0xF81F,0xF81F,0xF81F,0xF81F,0xF81F,0xF81F,0xF81F,0xF81F,0xF81F,
    0xF81F,0xF81F,0xF81F,0xF81F,0x0021,0x39E9,0x3A09,0x39E9,0x3A09,0x3A09,0x3A09,0x3A09,
    0x3A09,0x3A09,0x3A09,0x3A09,0x4AAC,0x5B0E,0x5B0E,0x5B0E,0x5B0E,0x5B0E,0x5B0E,0x52CC,
    0x3A09,0x39E9,0x3A09,0x3A09,0x3A09,0x3A09,0x3A09,0x3A09,0x3A09,0x3A09,0x3A09,0x2946,
    0x2125,0x2146,0x2146,0x2146,0x2146,0x2146,0x2146,0x2146,0x2146,0x2146,0x2125,0x2146,
    0x10A3,0xF81F,0xF81F,0xF81F,0xF81F,0xF81F,0xF81F,0xF81F,0xF81F,0xF81F,0xF81F,0xF81F,
    0xF81F,0xF81F,0xF81F,0xF81F,0xF81F,0xF81F,0xF81F,0xF81F,0xF81F,0xF81F,0xF81F,0xF81F,
    0xF81F,0xF81F,0xF81F,0xF81F,
    0xF81F,0xF81F,0xF81F,0xF81F,0xF81F,0xF81F,0xF81F,0xF81F,0xF81F,0xF81F,0xF81F,0xF81F,
    0xF81F,0xF81F,0xF81F,0xF81F,0xF81F,0xF81F,0xF81F,0xF81F,0xF81F,0xF81F,0xF81F,0xF81F,
    0xF81F,0xF81F,0xF81F,0xF81F,0xF81F,0xF81F,0xF81F,0xF81F,0xF81F,0xF81F,0xF81F,0xF81F,
    0xF81F,0xF81F,0xF81F,0xF81F,0x0862,0x3A09,0x39E8,0x39E9,0x39E9,0x39E9,0x39E9,0x39E9,
    0x39E9,0x39E9,0x39E8,0x4AAC,0x5B0E,0x52ED,0x52ED,0x52ED,0x52ED,0x52ED,0x52ED,0x5B0E,
    0x52CC,0x39E9,0x39E9,0x39E9,0x39E9,0x39E9,0x39E9,0x39E9,0x39E9,0x39E9,0x3A09,0x2966,
    0x2125,0x2125,0x2125,0x2125,0x2125,0x2125,0x2125,0x2125,0x2125,0x2125,0x2125,0x2146,
    0x18E4,0xF81F,0xF81F,0xF81F,0xF81F,0xF81F,0xF81F,0xF81F,0xF81F,0xF81F,0xF81F,0xF81F,
    0xF81F,0xF81F,0xF81F,0xF81F,0xF81F,0xF81F,0xF81F,0xF81F,0xF81F,0xF81F,0xF81F,0xF81F,
    0xF81F,0xF81F,0xF81F,0xF81F,
    0xF81F,0xF81F,0xF81F,0xF81F,0xF81F,0xF81F,0xF81F,0xF81F,0xF81F,0xF81F,0xF81F,0xF81F,
    0xF81F,0xF81F,0xF81F,0xF81F,0xF81F,0xF81F,0xF81F,0xF81F,0xF81F,0xF81F,0xF81F,0xF81F,
    0xF81F,0xF81F,0xF81F,0xF81F,0xF81F,0xF81F,0xF81F,0xF81F,0xF81F,0xF81F,0xF81F,0xF81F,
    0xF81F,0xF81F,0xF81F,0xF81F,0x10A3,0x39E9,0x31C8,0x31E8,0x31E8,0x31E8,0x31E8,0x31E8,
    0x31E8,0x31C8,0x424B,0x52ED,0x52CD,0x52CD,0x52CD,0x52CD,0x52CD,0x52CD,0x52CD,0x52CD,
    0x52ED,0x4A6B,0x31C8,0x31E9,0x31E8,0x31E8,0x31E8,0x31E8,0x31E8,0x31E8,0x39E9,0x2987,
    0x1905,0x2125,0x2125,0x2125,0x2125,0x2125,0x2125,0x2125,0x2125,0x2125,0x2105,0x2125,
    0x1904,0xF81F,0xF81F,0xF81F,0xF81F,0xF81F,0xF81F,0xF81F,0xF81F,0xF81F,0xF81F,0xF81F,
    0xF81F,0xF81F,0xF81F,0xF81F,0xF81F,0xF81F,0xF81F,0xF81F,0xF81F,0xF81F,0xF81F,0xF81F,
    0xF81F,0xF81F,0xF81F,0xF81F,
    0xF81F,0xF81F,0xF81F,0xF81F,0xF81F,0xF81F,0xF81F,0xF81F,0xF81F,0xF81F,0xF81F,0xF81F,
    0xF81F,0xF81F,0xF81F,0xF81F,0xF81F,0xF81F,0xF81F,0xF81F,0xF81F,0xF81F,0xF81F,0xF81F,
    0xF81F,0xF81F,0xF81F,0xF81F,0xF81F,0xF81F,0xF81F,0xF81F,0xF81F,0xF81F,0xF81F,0xF81F,
    0xF81F,0xF81F,0xF81F,0xF81F,0x18E4,0x39E9,0x31C8,0x31C8,0x31C8,0x31C8,0x31C8,0x31C8,
    0x31C8,0x39E8,0x52CC,0x52CD,0x52CD,0x52CD,0x52CD,0x52CD,0x52CD,0x52CD,0x52CD,0x52CD,
    0x52CD,0x52CD,0x3A09,0x31C8,0x31C8,0x31C8,0x31C8,0x31C8,0x31C8,0x31C8,0x31E8,0x2987,
    0x1905,0x2105,0x2105,0x2105,0x2105,0x2105,0x2105,0x2105,0x2105,0x2105,0x2105,0x1905,
    0x2125,0x0021,0xF81F,0xF81F,0xF81F,0xF81F,0xF81F,0xF81F,0xF81F,0xF81F,0xF81F,0xF81F,
    0xF81F,0xF81F,0xF81F,0xF81F,0xF81F,0xF81F,0xF81F,0xF81F,0xF81F,0xF81F,0xF81F,0xF81F,
    0xF81F,0xF81F,0xF81F,0xF81F,
    0xF81F,0xF81F,0xF81F,0xF81F,0xF81F,0xF81F,0xF81F,0xF81F,0xF81F,0xF81F,0xF81F,0xF81F,
    0xF81F,0xF81F,0xF81F,0xF81F,0xF81F,0xF81F,0xF81F,0xF81F,0xF81F,0xF81F,0xF81F,0xF81F,
    0xF81F,0xF81F,0xF81F,0xF81F,0xF81F,0xF81F,0xF81F,0xF81F,0xF81F,0xF81F,0xF81F,0xF81F,
    0xF81F,0xF81F,0xF81F,0xF81F,0x1904,0x31E8,0x31A8,0x31C8,0x31C8,0x31C8,0x31C8,0x31C8,
    0x31A8,0x422A,0x52CD,0x52AC,0x52AC,0x52AC,0x52AC,0x52AC,0x52AC,0x52AC,0x52AC,0x52AC,
    0x4AAC,0x52CC,0x424A,0x31A7,0x31C8,0x31C8,0x31C8,0x31C8,0x31C8,0x31C8,0x31C8,0x2987,
    0x1904,0x1905,0x1905,0x1905,0x1905,0x1905,0x1905,0x1905,0x1905,0x1905,0x1905,0x1904,
    0x2125,0x0862,0xF81F,0xF81F,0xF81F,0xF81F,0xF81F,0xF81F,0xF81F,0xF81F,0xF81F,0xF81F,
    0xF81F,0xF81F,0xF81F,0xF81F,0xF81F,0xF81F,0xF81F,0xF81F,0xF81F,0xF81F,0xF81F,0xF81F,
    0xF81F,0xF81F,0xF81F,0xF81F,
    0xF81F,0xF81F,0xF81F,0xF81F,0xF81F,0xF81F,0xF81F,0xF81F,0xF81F,0xF81F,0xF81F,0xF81F,
    0xF81F,0xF81F,0xF81F,0xF81F,0xF81F,0xF81F,0xF81F,0xF81F,0xF81F,0xF81F,0xF81F,0xF81F,
    0xF81F,0xF81F,0xF81F,0xF81F,0xF81F,0xF81F,0xF81F,0xF81F,0xF81F,0xF81F,0xF81F,0xF81F,
    0xF81F,0xF81F,0xF81F,0xF81F,0x2125,0x31C8,0x31A7,0x31A8,0x31A8,0x31A8,0x31A8,0x31A8,
    0x31A7,0x4A6B,0x4AAC,0x4AAC,0x4AAC,0x4AAC,0x4AAC,0x4AAC,0x4AAC,0x4AAC,0x4AAC,0x4AAC,
    0x4AAC,0x4AAC,0x4A8B,0x31A8,0x31A7,0x31A8,0x31A8,0x31A8,0x31A8,0x31A8,0x31A8,0x2987,
    0x1904,0x1904,0x1904,0x1904,0x1904,0x1904,0x1904,0x1904,0x1904,0x1904,0x1904,0x18E4,
    0x2105,0x10A3,0xF81F,0xF81F,0xF81F,0xF81F,0xF81F,0xF81F,0xF81F,0xF81F,0xF81F,0xF81F,
    0xF81F,0xF81F,0xF81F,0xF81F,0xF81F,0xF81F,0xF81F,0xF81F,0xF81F,0xF81F,0xF81F,0xF81F,
    0xF81F,0xF81F,0xF81F,0xF81F,
    0xF81F,0xF81F,0xF81F,0xF81F,0xF81F,0xF81F,0xF81F,0xF81F,0xF81F,0xF81F,0xF81F,0xF81F,
    0xF81F,0xF81F,0xF81F,0xF81F,0xF81F,0xF81F,0xF81F,0xF81F,0xF81F,0xF81F,0xF81F,0xF81F,
    0xF81F,0xF81F,0xF81F,0xF81F,0xF81F,0xF81F,0xF81F,0xF81F,0xF81F,0xF81F,0xF81F,0xF81F,
    0xF81F,0xF81F,0xF81F,0xF81F,0x2166,0x31A7,0x2987,0x31A7,0x31A7,0x31A7,0x31A7,0x2987,
    0x31C8,0x4AAC,0x4AAC,0x4AAC,0x4A8C,0x4A8C,0x4A8C,0x4A8C,0x4A8C,0x4A8C,0x4A8C,0x4A8C,
    0x4AAC,0x4AAC,0x4AAC,0x31E8,0x2987,0x31A7,0x31A7,0x31A7,0x31A7,0x31A7,0x31A7,0x2987,
    0x1904,0x18E4,0x18E4,0x18E4,0x18E4,0x18E4,0x18E4,0x18E4,0x18E4,0x18E4,0x18E4,0x18E4,
    0x1904,0x10C3,0xF81F,0xF81F,0xF81F,0xF81F,0xF81F,0xF81F,0xF81F,0xF81F,0xF81F,0xF81F,
    0xF81F,0xF81F,0xF81F,0xF81F,0xF81F,0xF81F,0xF81F,0xF81F,0xF81F,0xF81F,0xF81F,0xF81F,
    0xF81F,0xF81F,0xF81F,0xF81F,
    0xF81F,0xF81F,0xF81F,0xF81F,0xF81F,0xF81F,0xF81F,0xF81F,0xF81F,0xF81F,0xF81F,0xF81F,
    0xF81F,0xF81F,0xF81F,0xF81F,0xF81F,0xF81F,0xF81F,0xF81F,0xF81F,0xF81F,0xF81F,0xF81F,
    0xF81F,0xF81F,0xF81F,0xF81F,0xF81F,0xF81F,0xF81F,0xF81F,0xF81F,0xF81F,0xF81F,0xF81F,
    0xF81F,0xF81F,0xF81F,0x0020,0x2966,0x2987,0x2987,0x2987,0x2987,0x2987,0x2987,0x2987,
    0x31A7,0x39E9,0x39E9,0x422A,0x4A8B,0x4A8B,0x4A8B,0x4A8B,0x4A8B,0x4A8B,0x4A8B,0x4A8B,
    0x424A,0x39E9,0x39E9,0x31A7,0x2987,0x2987,0x2987,0x2987,0x2987,0x2987,0x2987,0x2987,
    0x1905,0x18E4,0x18E4,0x18E4,0x18E4,0x18E4,0x18E4,0x18E4,0x18E4,0x18E4,0x18E4,0x18E4,
    0x18E4,0x18E4,0x0000,0xF81F,0xF81F,0xF81F,0xF81F,0xF81F,0xF81F,0xF81F,0xF81F,0xF81F,
    0xF81F,0xF81F,0xF81F,0xF81F,0xF81F,0xF81F,0xF81F,0xF81F,0xF81F,0xF81F,0xF81F,0xF81F,
    0xF81F,0xF81F,0xF81F,0xF81F,
    0xF81F,0xF81F,0xF81F,0xF81F,0xF81F,0xF81F,0xF81F,0xF81F,0xF81F,0xF81F,0xF81F,0xF81F,
    0xF81F,0xF81F,0xF81F,0xF81F,0xF81F,0xF81F,0xF81F,0xF81F,0xF81F,0xF81F,0xF81F,0xF81F,
    0xF81F,0xF81F,0xF81F,0xF81F,0xF81F,0xF81F,0xF81F,0xF81F,0xF81F,0xF81F,0xF81F,0xF81F,
    0xF81F,0xF81F,0xF81F,0x0041,0x2966,0x2987,0x2987,0x2987,0x2967,0x2967,0x2967,0x2967,
    0x2966,0x2966,0x2966,0x2966,0x31E8,0x4A6B,0x4A6B,0x4A6B,0x4A6B,0x4A6B,0x4A6B,0x39E9,
    0x2966,0x2966,0x2966,0x2966,0x2967,0x2967,0x2967,0x2967,0x2987,0x2987,0x2987,0x2987,
    0x1905,0x18C4,0x18E4,0x18E4,0x18E4,0x18E4,0x18E4,0x18E4,0x18E4,0x18E4,0x18E4,0x18E4,
    0x18C4,0x18E4,0x0041,0xF81F,0xF81F,0xF81F,0xF81F,0xF81F,0xF81F,0xF81F,0xF81F,0xF81F,
    0xF81F,0xF81F,0xF81F,0xF81F,0xF81F,0xF81F,0xF81F,0xF81F,0xF81F,0xF81F,0xF81F,0xF81F,
    0xF81F,0xF81F,0xF81F,0xF81F,
    0xF81F,0xF81F,0xF81F,0xF81F,0xF81F,0xF81F,0xF81F,0xF81F,0xF81F,0xF81F,0xF81F,0xF81F,
    0xF81F,0xF81F,0xF81F,0xF81F,0xF81F,0xF81F,0xF81F,0xF81F,0xF81F,0xF81F,0xF81F,0xF81F,
    0xF81F,0xF81F,0xF81F,0xF81F,0xF81F,0xF81F,0xF81F,0xF81F,0xF81F,0xF81F,0xF81F,0xF81F,
    0xF81F,0xF81F,0xF81F,0x0861,0x2987,0x2966,0x2966,0x2966,0x2966,0x2966,0x2966,0x2966,
    0x2966,0x2966,0x2966,0x2966,0x2146,0x3A09,0x426B,0x424B,0x424B,0x426B,0x3A2A,0x2146,
    0x2966,0x2967,0x2966,0x2966,0x2966,0x2966,0x2966,0x2966,0x2966,0x2966,0x2966,0x2967,
    0x1905,0x10C3,0x10C4,0x10C4,0x10C4,0x10C3,0x10C3,0x10C3,0x10C3,0x10C3,0x10C3,0x10C3,
    0x10C3,0x18C4,0x0862,0xF81F,0xF81F,0xF81F,0xF81F,0xF81F,0xF81F,0xF81F,0xF81F,0xF81F,
    0xF81F,0xF81F,0xF81F,0xF81F,0xF81F,0xF81F,0xF81F,0xF81F,0xF81F,0xF81F,0xF81F,0xF81F,
    0xF81F,0xF81F,0xF81F,0xF81F,
    0xF81F,0xF81F,0xF81F,0xF81F,0xF81F,0xF81F,0xF81F,0xF81F,0xF81F,0xF81F,0xF81F,0xF81F,
    0xF81F,0xF81F,0xF81F,0xF81F,0xF81F,0xF81F,0xF81F,0xF81F,0xF81F,0xF81F,0xF81F,0xF81F,
    0xF81F,0xF81F,0xF81F,0xF81F,0xF81F,0xF81F,0xF81F,0xF81F,0xF81F,0xF81F,0xF81F,0xF81F,
    0xF81F,0xF81F,0xF81F,0x1082,0x2966,0x2146,0x2966,0x2966,0x2966,0x2966,0x2966,0x2966,
    0x2966,0x2966,0x2966,0x2966,0x2146,0x2987,0x424A,0x424A,0x424A,0x424B,0x31A8,0x2146,
    0x2966,0x2966,0x2966,0x2966,0x2966,0x2966,0x2966,0x2966,0x2966,0x2966,0x2966,0x2966,
    0x2105,0x10C3,0x10C3,0x18C4,0x18C4,0x18C4,0x18C4,0x18C4,0x18C4,0x18C4,0x18C4,0x18C4,
    0x18C4,0x18C4,0x1082,0xF81F,0xF81F,0xF81F,0xF81F,0xF81F,0xF81F,0xF81F,0xF81F,0xF81F,
    0xF81F,0xF81F,0xF81F,0xF81F,0xF81F,0xF81F,0xF81F,0xF81F,0xF81F,0xF81F,0xF81F,0xF81F,
    0xF81F,0xF81F,0xF81F,0xF81F,
    0xF81F,0xF81F,0xF81F,0xF81F,0xF81F,0xF81F,0xF81F,0xF81F,0xF81F,0xF81F,0xF81F,0xF81F,
    0xF81F,0xF81F,0xF81F,0xF81F,0xF81F,0xF81F,0xF81F,0xF81F,0xF81F,0xF81F,0xF81F,0xF81F,
    0xF81F,0xF81F,0xF81F,0xF81F,0xF81F,0xF81F,0xF81F,0xF81F,0xF81F,0xF81F,0xF81F,0xF81F,
    0xF81F,0xF81F,0xF81F,0x10A3,0x2966,0x2146,0x2146,0x2146,0x2146,0x2146,0x2146,0x2146,
    0x2146,0x2146,0x2146,0x2146,0x2146,0x2987,0x422A,0x422A,0x422A,0x424A,0x3187,0x2146,
    0x2146,0x2146,0x2146,0x2146,0x2146,0x2146,0x2146,0x2146,0x2146,0x2146,0x2146,0x2146,
    0x1905,0x10A3,0x10A3,0x10A3,0x1082,0x1082,0x0882,0x0882,0x0862,0x0862,0x0841,0x0841,
    0x0041,0x0020,0x0020,0xF81F,0xF81F,0xF81F,0xF81F,0xF81F,0xF81F,0xF81F,0xF81F,0xF81F,
    0xF81F,0xF81F,0xF81F,0xF81F,0xF81F,0xF81F,0xF81F,0xF81F,0xF81F,0xF81F,0xF81F,0xF81F,
    0xF81F,0xF81F,0xF81F,0xF81F,
    0xF81F,0xF81F,0xF81F,0xF81F,0xF81F,0xF81F,0xF81F,0xF81F,0xF81F,0xF81F,0xF81F,0xF81F,
    0xF81F,0xF81F,0xF81F,0xF81F,0xF81F,0xF81F,0xF81F,0xF81F,0xF81F,0xF81F,0xF81F,0xF81F,
    0xF81F,0xF81F,0xF81F,0xF81F,0xF81F,0xF81F,0xF81F,0xF81F,0xF81F,0xF81F,0xF81F,0xF81F,
    0xF81F,0xF81F,0xF81F,0x18C3,0x2146,0x2125,0x2145,0x2146,0x2146,0x2146,0x2146,0x2146,
    0x2146,0x2146,0x2146,0x2146,0x2126,0x2967,0x422A,0x3A2A,0x3A29,0x422A,0x2987,0x2125,
    0x2146,0x2146,0x2146,0x2146,0x2146,0x2146,0x2146,0x2146,0x2146,0x2145,0x2125,0x2146,
    0x18E4,0x0000,0x0000,0xF81F,0xF81F,0xF81F,0xF81F,0xF81F,0xF81F,0xF81F,0xF81F,0xF81F,
    0xF81F,0xF81F,0xF81F,0xF81F,0xF81F,0xF81F,0xF81F,0xF81F,0xF81F,0xF81F,0xF81F,0xF81F,
    0xF81F,0xF81F,0xF81F,0xF81F,0xF81F,0xF81F,0xF81F,0xF81F,0xF81F,0xF81F,0xF81F,0xF81F,
    0xF81F,0xF81F,0xF81F,0xF81F,
    0xF81F,0xF81F,0xF81F,0xF81F,0xF81F,0xF81F,0xF81F,0xF81F,0xF81F,0xF81F,0xF81F,0xF81F,
    0xF81F,0xF81F,0xF81F,0xF81F,0xF81F,0xF81F,0xF81F,0xF81F,0xF81F,0xF81F,0xF81F,0xF81F,
    0xF81F,0xF81F,0xF81F,0xF81F,0xF81F,0xF81F,0xF81F,0xF81F,0xF81F,0xF81F,0xF81F,0xF81F,
    0xF81F,0xF81F,0xF81F,0x18E4,0x2145,0x2125,0x2125,0x2125,0x2126,0x2126,0x2126,0x2126,
    0x2126,0x2126,0x2126,0x2126,0x2125,0x2966,0x3A09,0x3A09,0x3A09,0x3A2A,0x2987,0x2125,
    0x2126,0x2126,0x2126,0x2126,0x2126,0x2126,0x2126,0x2126,0x2125,0x2125,0x2125,0x2125,
    0x1904,0xF81F,0xF81F,0xF81F,0xF81F,0xF81F,0xF81F,0xF81F,0xF81F,0xF81F,0xF81F,0xF81F,
    0xF81F,0xF81F,0xF81F,0xF81F,0xF81F,0xF81F,0xF81F,0xF81F,0xF81F,0xF81F,0xF81F,0xF81F,
    0xF81F,0xF81F,0xF81F,0xF81F,0xF81F,0xF81F,0xF81F,0xF81F,0xF81F,0xF81F,0xF81F,0xF81F,
    0xF81F,0xF81F,0xF81F,0xF81F,
    0xF81F,0xF81F,0xF81F,0xF81F,0xF81F,0xF81F,0xF81F,0xF81F,0xF81F,0xF81F,0xF81F,0xF81F,
    0xF81F,0xF81F,0xF81F,0xF81F,0xF81F,0xF81F,0xF81F,0xF81F,0xF81F,0xF81F,0xF81F,0xF81F,
    0xF81F,0xF81F,0xF81F,0xF81F,0xF81F,0xF81F,0xF81F,0xF81F,0xF81F,0xF81F,0xF81F,0xF81F,
    0xF81F,0xF81F,0xF81F,0x18E4,0x2125,0x2105,0x2125,0x2125,0x2125,0x2125,0x2125,0x2125,
    0x2125,0x2125,0x2125,0x2125,0x2125,0x2966,0x3A09,0x3A09,0x3A09,0x3A09,0x2967,0x2125,
    0x2125,0x2125,0x2125,0x2125,0x2125,0x2125,0x2125,0x2125,0x2125,0x2125,0x2105,0x2125,
    0x1904,0x0020,0xF81F,0xF81F,0xF81F,0xF81F,0xF81F,0xF81F,0xF81F,0xF81F,0xF81F,0xF81F,
    0xF81F,0xF81F,0xF81F,0xF81F,0xF81F,0xF81F,0xF81F,0xF81F,0xF81F,0xF81F,0xF81F,0xF81F,
    0xF81F,0xF81F,0xF81F,0xF81F,0xF81F,0xF81F,0xF81F,0xF81F,0xF81F,0xF81F,0xF81F,0xF81F,
    0xF81F,0xF81F,0xF81F,0xF81F,
    0xF81F,0xF81F,0xF81F,0xF81F,0xF81F,0xF81F,0xF81F,0xF81F,0xF81F,0xF81F,0xF81F,0xF81F,
    0xF81F,0xF81F,0xF81F,0xF81F,0xF81F,0xF81F,0xF81F,0xF81F,0xF81F,0xF81F,0xF81F,0xF81F,
    0xF81F,0xF81F,0xF81F,0xF81F,0xF81F,0xF81F,0xF81F,0xF81F,0xF81F,0xF81F,0xF81F,0xF81F,
    0xF81F,0xF81F,0x0020,0x18E4,0x1905,0x1904,0x1905,0x2105,0x2125,0x2125,0x2125,0x2125,
    0x2125,0x2125,0x2125,0x2125,0x2105,0x2146,0x39E9,0x39E9,0x39E9,0x39E9,0x2966,0x1905,
    0x2125,0x2125,0x2125,0x2125,0x2125,0x2125,0x2125,0x2125,0x2105,0x1905,0x1904,0x1904,
    0x1905,0x0021,0xF81F,0xF81F,0xF81F,0xF81F,0xF81F,0xF81F,0xF81F,0xF81F,0xF81F,0xF81F,
    0xF81F,0xF81F,0xF81F,0xF81F,0xF81F,0xF81F,0xF81F,0xF81F,0xF81F,0xF81F,0xF81F,0xF81F,
    0xF81F,0xF81F,0xF81F,0xF81F,0xF81F,0xF81F,0xF81F,0xF81F,0xF81F,0xF81F,0xF81F,0xF81F,
    0xF81F,0xF81F,0xF81F,0xF81F,
    0xF81F,0xF81F,0xF81F,0xF81F,0xF81F,0xF81F,0xF81F,0xF81F,0xF81F,0xF81F,0xF81F,0xF81F,
    0xF81F,0xF81F,0xF81F,0xF81F,0xF81F,0xF81F,0xF81F,0xF81F,0xF81F,0xF81F,0xF81F,0xF81F,
    0xF81F,0xF81F,0xF81F,0xF81F,0xF81F,0xF81F,0xF81F,0xF81F,0xF81F,0xF81F,0xF81F,0xF81F,
    0xF81F,0xF81F,0x0021,0x18E4,0x18E4,0x18E4,0x18E4,0x1905,0x1905,0x1905,0x1905,0x1905,
    0x1905,0x1905,0x1905,0x1905,0x1905,0x2146,0x31E8,0x31C8,0x31C8,0x31E9,0x2146,0x1905,
    0x1905,0x1905,0x1905,0x1905,0x1905,0x1905,0x1905,0x1905,0x1905,0x18E4,0x18E4,0x18E4,
    0x1905,0x0841,0xF81F,0xF81F,0xF81F,0xF81F,0xF81F,0xF81F,0xF81F,0xF81F,0xF81F,0xF81F,
    0xF81F,0xF81F,0xF81F,0xF81F,0xF81F,0xF81F,0xF81F,0xF81F,0xF81F,0xF81F,0xF81F,0xF81F,
    0xF81F,0xF81F,0xF81F,0xF81F,0xF81F,0xF81F,0xF81F,0xF81F,0xF81F,0xF81F,0xF81F,0xF81F,
    0xF81F,0xF81F,0xF81F,0xF81F,
    0xF81F,0xF81F,0xF81F,0xF81F,0xF81F,0xF81F,0xF81F,0xF81F,0xF81F,0xF81F,0xF81F,0xF81F,
    0xF81F,0xF81F,0xF81F,0xF81F,0xF81F,0xF81F,0xF81F,0xF81F,0xF81F,0xF81F,0xF81F,0xF81F,
    0xF81F,0xF81F,0xF81F,0xF81F,0xF81F,0xF81F,0xF81F,0xF81F,0xF81F,0xF81F,0xF81F,0xF81F,
    0xF81F,0xF81F,0x0841,0x18E4,0x18E4,0x18E4,0x18E4,0x18E4,0x1905,0x1905,0x1905,0x1905,
    0x1905,0x1905,0x1905,0x1905,0x1904,0x2125,0x31C8,0x31C8,0x31C8,0x31C8,0x2146,0x18E4,
    0x1905,0x1905,0x1905,0x1905,0x1905,0x1905,0x1905,0x1905,0x1905,0x18E4,0x18E4,0x18E4,
    0x1904,0x0862,0xF81F,0xF81F,0xF81F,0xF81F,0xF81F,0xF81F,0xF81F,0xF81F,0xF81F,0xF81F,
    0xF81F,0xF81F,0xF81F,0xF81F,0xF81F,0xF81F,0xF81F,0xF81F,0xF81F,0xF81F,0xF81F,0xF81F,
    0xF81F,0xF81F,0xF81F,0xF81F,0xF81F,0xF81F,0xF81F,0xF81F,0xF81F,0xF81F,0xF81F,0xF81F,
    0xF81F,0xF81F,0xF81F,0xF81F,
    0xF81F,0xF81F,0xF81F,0xF81F,0xF81F,0xF81F,0xF81F,0xF81F,0xF81F,0xF81F,0xF81F,0xF81F,
    0xF81F,0xF81F,0xF81F,0xF81F,0xF81F,0xF81F,0xF81F,0xF81F,0xF81F,0xF81F,0xF81F,0xF81F,
    0xF81F,0xF81F,0xF81F,0xF81F,0xF81F,0xF81F,0xF81F,0xF81F,0xF81F,0xF81F,0xF81F,0xF81F,
    0xF81F,0xF81F,0x0861,0x18E4,0x10C3,0x10C4,0x10C4,0x18E4,0x1904,0x1904,0x1904,0x1904,
    0x1904,0x1904,0x1904,0x1904,0x18E4,0x2125,0x31A8,0x31A7,0x31A7,0x31A8,0x2125,0x18E4,
    0x1904,0x1904,0x1904,0x1904,0x1904,0x1904,0x1904,0x1904,0x18E4,0x10C4,0x10C4,0x10C3,
    0x18E4,0x0862,0xF81F,0xF81F,0xF81F,0xF81F,0xF81F,0xF81F,0xF81F,0xF81F,0xF81F,0xF81F,
    0xF81F,0xF81F,0xF81F,0xF81F,0xF81F,0xF81F,0xF81F,0xF81F,0xF81F,0xF81F,0xF81F,0xF81F,
    0xF81F,0xF81F,0xF81F,0xF81F,0xF81F,0xF81F,0xF81F,0xF81F,0xF81F,0xF81F,0xF81F,0xF81F,
    0xF81F,0xF81F,0xF81F,0xF81F,
    0xF81F,0xF81F,0xF81F,0xF81F,0xF81F,0xF81F,0xF81F,0xF81F,0xF81F,0xF81F,0xF81F,0xF81F,
    0xF81F,0xF81F,0xF81F,0xF81F,0xF81F,0xF81F,0xF81F,0xF81F,0xF81F,0xF81F,0xF81F,0xF81F,
    0xF81F,0xF81F,0xF81F,0xF81F,0xF81F,0xF81F,0xF81F,0xF81F,0xF81F,0xF81F,0xF81F,0xF81F,
    0xF81F,0xF81F,0x0882,0x18E4,0x18C4,0x18C4,0x18C4,0x18E4,0x18E4,0x18E4,0x18E4,0x18E4,
    0x18E4,0x18E4,0x18E4,0x18E4,0x18E4,0x2105,0x31A8,0x31A8,0x31A8,0x31C8,0x2125,0x18E4,
    0x18E4,0x18E4,0x18E4,0x18E4,0x18E4,0x18E4,0x18E4,0x18E4,0x18E4,0x18C4,0x18C4,0x18C4,
    0x18E4,0x1082,0xF81F,0xF81F,0xF81F,0xF81F,0xF81F,0xF81F,0xF81F,0xF81F,0xF81F,0xF81F,
    0xF81F,0xF81F,0xF81F,0xF81F,0xF81F,0xF81F,0xF81F,0xF81F,0xF81F,0xF81F,0xF81F,0xF81F,
    0xF81F,0xF81F,0xF81F,0xF81F,0xF81F,0xF81F,0xF81F,0xF81F,0xF81F,0xF81F,0xF81F,0xF81F,
    0xF81F,0xF81F,0xF81F,0xF81F,
    0xF81F,0xF81F,0xF81F,0xF81F,0xF81F,0xF81F,0xF81F,0xF81F,0xF81F,0xF81F,0xF81F,0xF81F,
    0xF81F,0xF81F,0xF81F,0xF81F,0xF81F,0xF81F,0xF81F,0xF81F,0xF81F,0xF81F,0xF81F,0xF81F,
    0xF81F,0xF81F,0xF81F,0xF81F,0xF81F,0xF81F,0xF81F,0xF81F,0xF81F,0xF81F,0xF81F,0xF81F,
    0xF81F,0xF81F,0x0841,0x0862,0x0862,0x0862,0x0862,0x10A3,0x18E4,0x18E4,0x18E4,0x18E4,
    0x18E4,0x18E4,0x18E4,0x18E4,0x18E4,0x10C3,0x10A3,0x18C4,0x10C4,0x10A3,0x10C3,0x18E4,
    0x18E4,0x18E4,0x18E4,0x18E4,0x18E4,0x18E4,0x18E4,0x18E4,0x10C3,0x0862,0x0862,0x0862,
    0x0862,0x0841,0xF81F,0xF81F,0xF81F,0xF81F,0xF81F,0xF81F,0xF81F,0xF81F,0xF81F,0xF81F,
    0xF81F,0xF81F,0xF81F,0xF81F,0xF81F,0xF81F,0xF81F,0xF81F,0xF81F,0xF81F,0xF81F,0xF81F,
    0xF81F,0xF81F,0xF81F,0xF81F,0xF81F,0xF81F,0xF81F,0xF81F,0xF81F,0xF81F,0xF81F,0xF81F,
    0xF81F,0xF81F,0xF81F,0xF81F,
    0xF81F,0xF81F,0xF81F,0xF81F,0xF81F,0xF81F,0xF81F,0xF81F,0xF81F,0xF81F,0xF81F,0xF81F,
    0xF81F,0xF81F,0xF81F,0xF81F,0xF81F,0xF81F,0xF81F,0xF81F,0xF81F,0xF81F,0xF81F,0xF81F,
    0xF81F,0xF81F,0xF81F,0xF81F,0xF81F,0xF81F,0xF81F,0xF81F,0xF81F,0xF81F,0xF81F,0xF81F,
    0xF81F,0xF81F,0xF81F,0xF81F,0xF81F,0xF81F,0xF81F,0x0841,0x18E4,0x10C3,0x18C4,0x18C4,
    0x18C4,0x18C4,0x18C4,0x10C3,0x18E4,0x0882,0xF81F,0xF81F,0xF81F,0xF81F,0x0862,0x18E4,
    0x10C3,0x18C4,0x18C4,0x18C4,0x18C4,0x18C4,0x10C3,0x18E4,0x0862,0xF81F,0xF81F,0xF81F,
    0xF81F,0xF81F,0xF81F,0xF81F,0xF81F,0xF81F,0xF81F,0xF81F,0xF81F,0xF81F,0xF81F,0xF81F,
    0xF81F,0xF81F,0xF81F,0xF81F,0xF81F,0xF81F,0xF81F,0xF81F,0xF81F,0xF81F,0xF81F,0xF81F,
    0xF81F,0xF81F,0xF81F,0xF81F,0xF81F,0xF81F,0xF81F,0xF81F,0xF81F,0xF81F,0xF81F,0xF81F,
    0xF81F,0xF81F,0xF81F,0xF81F,
    0xF81F,0xF81F,0xF81F,0xF81F,0xF81F,0xF81F,0xF81F,0xF81F,0xF81F,0xF81F,0xF81F,0xF81F,
    0xF81F,0xF81F,0xF81F,0xF81F,0xF81F,0xF81F,0xF81F,0xF81F,0xF81F,0xF81F,0xF81F,0xF81F,
    0xF81F,0xF81F,0xF81F,0xF81F,0xF81F,0xF81F,0xF81F,0xF81F,0xF81F,0xF81F,0xF81F,0xF81F,
    0xF81F,0xF81F,0xF81F,0xF81F,0xF81F,0xF81F,0xF81F,0x0000,0x10A3,0x18C4,0x10C3,0x10C3,
    0x10C3,0x10C3,0x10C3,0x18C3,0x10C3,0x0020,0xF81F,0xF81F,0xF81F,0xF81F,0x0000,0x10C3,
    0x18C4,0x10C3,0x10C3,0x10C3,0x10C3,0x10C3,0x18C4,0x10C3,0x0020,0xF81F,0xF81F,0xF81F,
    0xF81F,0xF81F,0xF81F,0xF81F,0xF81F,0xF81F,0xF81F,0xF81F,0xF81F,0xF81F,0xF81F,0xF81F,
    0xF81F,0xF81F,0xF81F,0xF81F,0xF81F,0xF81F,0xF81F,0xF81F,0xF81F,0xF81F,0xF81F,0xF81F,
    0xF81F,0xF81F,0xF81F,0xF81F,0xF81F,0xF81F,0xF81F,0xF81F,0xF81F,0xF81F,0xF81F,0xF81F,
    0xF81F,0xF81F,0xF81F,0xF81F,
    0xF81F,0xF81F,0xF81F,0xF81F,0xF81F,0xF81F,0xF81F,0xF81F,0xF81F,0xF81F,0xF81F,0xF81F,
    0xF81F,0xF81F,0xF81F,0xF81F,0xF81F,0xF81F,0xF81F,0xF81F,0xF81F,0xF81F,0xF81F,0xF81F,
    0xF81F,0xF81F,0xF81F,0xF81F,0xF81F,0xF81F,0xF81F,0xF81F,0xF81F,0xF81F,0xF81F,0xF81F,
    0xF81F,0xF81F,0xF81F,0xF81F,0xF81F,0xF81F,0xF81F,0xF81F,0x0020,0x10A3,0x10C3,0x10C3,
    0x10C3,0x10C3,0x10C3,0x10A3,0x0021,0xF81F,0xF81F,0xF81F,0xF81F,0xF81F,0xF81F,0x0021,
    0x10A3,0x10C3,0x10C3,0x10C3,0x10C3,0x10C3,0x10A3,0x0021,0xF81F,0xF81F,0xF81F,0xF81F,
    0xF81F,0xF81F,0xF81F,0xF81F,0xF81F,0xF81F,0xF81F,0xF81F,0xF81F,0xF81F,0xF81F,0xF81F,
    0xF81F,0xF81F,0xF81F,0xF81F,0xF81F,0xF81F,0xF81F,0xF81F,0xF81F,0xF81F,0xF81F,0xF81F,
    0xF81F,0xF81F,0xF81F,0xF81F,0xF81F,0xF81F,0xF81F,0xF81F,0xF81F,0xF81F,0xF81F,0xF81F,
    0xF81F,0xF81F,0xF81F,0xF81F,
    0xF81F,0xF81F,0xF81F,0xF81F,0xF81F,0xF81F,0xF81F,0xF81F,0xF81F,0xF81F,0xF81F,0xF81F,
    0xF81F,0xF81F,0xF81F,0xF81F,0xF81F,0xF81F,0xF81F,0xF81F,0xF81F,0xF81F,0xF81F,0xF81F,
    0xF81F,0xF81F,0xF81F,0xF81F,0xF81F,0xF81F,0xF81F,0xF81F,0xF81F,0xF81F,0xF81F,0xF81F,
    0xF81F,0xF81F,0xF81F,0xF81F,0xF81F,0xF81F,0xF81F,0xF81F,0xF81F,0xF81F,0x0020,0x0021,
    0x0021,0x0021,0x0020,0xF81F,0xF81F,0xF81F,0xF81F,0xF81F,0xF81F,0xF81F,0xF81F,0xF81F,
    0xF81F,0x0020,0x0021,0x0021,0x0021,0x0020,0xF81F,0xF81F,0xF81F,0xF81F,0xF81F,0xF81F,
    0xF81F,0xF81F,0xF81F,0xF81F,0xF81F,0xF81F,0xF81F,0xF81F,0xF81F,0xF81F,0xF81F,0xF81F,
    0xF81F,0xF81F,0xF81F,0xF81F,0xF81F,0xF81F,0xF81F,0xF81F,0xF81F,0xF81F,0xF81F,0xF81F,
    0xF81F,0xF81F,0xF81F,0xF81F,0xF81F,0xF81F,0xF81F,0xF81F,0xF81F,0xF81F,0xF81F,0xF81F,
    0xF81F,0xF81F,0xF81F,0xF81F,
    0xF81F,0xF81F,0xF81F,0xF81F,0xF81F,0xF81F,0xF81F,0xF81F,0xF81F,0xF81F,0xF81F,0xF81F,
    0xF81F,0xF81F,0xF81F,0xF81F,0xF81F,0xF81F,0xF81F,0xF81F,0xF81F,0xF81F,0xF81F,0xF81F,
    0xF81F,0xF81F,0xF81F,0xF81F,0xF81F,0xF81F,0xF81F,0xF81F,0xF81F,0xF81F,0xF81F,0xF81F,
    0xF81F,0xF81F,0xF81F,0xF81F,0xF81F,0xF81F,0xF81F,0xF81F,0xF81F,0xF81F,0xF81F,0xF81F,
    0xF81F,0xF81F,0xF81F,0xF81F,0xF81F,0xF81F,0xF81F,0xF81F,0xF81F,0xF81F,0xF81F,0xF81F,
    0xF81F,0xF81F,0xF81F,0xF81F,0xF81F,0xF81F,0xF81F,0xF81F,0xF81F,0xF81F,0xF81F,0xF81F,
    0xF81F,0xF81F,0xF81F,0xF81F,0xF81F,0xF81F,0xF81F,0xF81F,0xF81F,0xF81F,0xF81F,0xF81F,
    0xF81F,0xF81F,0xF81F,0xF81F,0xF81F,0xF81F,0xF81F,0xF81F,0xF81F,0xF81F,0xF81F,0xF81F,
    0xF81F,0xF81F,0xF81F,0xF81F,0xF81F,0xF81F,0xF81F,0xF81F,0xF81F,0xF81F,0xF81F,0xF81F,
    0xF81F,0xF81F,0xF81F,0xF81F,
    0xF81F,0xF81F,0xF81F,0xF81F,0xF81F,0xF81F,0xF81F,0xF81F,0xF81F,0xF81F,0xF81F,0xF81F,
    0xF81F,0xF81F,0xF81F,0xF81F,0xF81F,0xF81F,0xF81F,0xF81F,0xF81F,0xF81F,0xF81F,0xF81F,
    0xF81F,0xF81F,0xF81F,0xF81F,0xF81F,0xF81F,0xF81F,0xF81F,0xF81F,0xF81F,0xF81F,0xF81F,
    0xF81F,0xF81F,0xF81F,0xF81F,0xF81F,0xF81F,0xF81F,0xF81F,0xF81F,0xF81F,0xF81F,0xF81F,
    0xF81F,0xF81F,0xF81F,0xF81F,0xF81F,0xF81F,0xF81F,0xF81F,0xF81F,0xF81F,0xF81F,0xF81F,
    0xF81F,0xF81F,0xF81F,0xF81F,0xF81F,0xF81F,0xF81F,0xF81F,0xF81F,0xF81F,0xF81F,0xF81F,
    0xF81F,0xF81F,0xF81F,0xF81F,0xF81F,0xF81F,0xF81F,0xF81F,0xF81F,0xF81F,0xF81F,0xF81F,
    0xF81F,0xF81F,0xF81F,0xF81F,0xF81F,0xF81F,0xF81F,0xF81F,0xF81F,0xF81F,0xF81F,0xF81F,
    0xF81F,0xF81F,0xF81F,0xF81F,0xF81F,0xF81F,0xF81F,0xF81F,0xF81F,0xF81F,0xF81F,0xF81F,
    0xF81F,0xF81F,0xF81F,0xF81F,
    0xF81F,0xF81F,0xF81F,0xF81F,0xF81F,0xF81F,0xF81F,0xF81F,0xF81F,0xF81F,0xF81F,0xF81F,
    0xF81F,0xF81F,0xF81F,0xF81F,0xF81F,0xF81F,0xF81F,0xF81F,0xF81F,0xF81F,0xF81F,0xF81F,
    0xF81F,0xF81F,0xF81F,0xF81F,0xF81F,0xF81F,0xF81F,0xF81F,0xF81F,0xF81F,0xF81F,0xF81F,
    0xF81F,0xF81F,0xF81F,0xF81F,0xF81F,0xF81F,0xF81F,0xF81F,0xF81F,0xF81F,0xF81F,0xF81F,
    0xF81F,0xF81F,0xF81F,0xF81F,0xF81F,0xF81F,0xF81F,0xF81F,0xF81F,0xF81F,0xF81F,0xF81F,
    0xF81F,0xF81F,0xF81F,0xF81F,0xF81F,0xF81F,0xF81F,0xF81F,0xF81F,0xF81F,0xF81F,0xF81F,
    0xF81F,0xF81F,0xF81F,0xF81F,0xF81F,0xF81F,0xF81F,0xF81F,0xF81F,0xF81F,0xF81F,0xF81F,
    0xF81F,0xF81F,0xF81F,0xF81F,0xF81F,0xF81F,0xF81F,0xF81F,0xF81F,0xF81F,0xF81F,0xF81F,
    0xF81F,0xF81F,0xF81F,0xF81F,0xF81F,0xF81F,0xF81F,0xF81F,0xF81F,0xF81F,0xF81F,0xF81F,
    0xF81F,0xF81F,0xF81F,0xF81F,
    0xF81F,0xF81F,0xF81F,0xF81F,0xF81F,0xF81F,0xF81F,0xF81F,0xF81F,0xF81F,0xF81F,0xF81F,
    0xF81F,0xF81F,0xF81F,0xF81F,0xF81F,0xF81F,0xF81F,0xF81F,0xF81F,0xF81F,0xF81F,0xF81F,
    0xF81F,0xF81F,0xF81F,0xF81F,0xF81F,0xF81F,0xF81F,0xF81F,0xF81F,0xF81F,0xF81F,0xF81F,
    0xF81F,0xF81F,0xF81F,0xF81F,0xF81F,0xF81F,0xF81F,0xF81F,0xF81F,0xF81F,0xF81F,0xF81F,
    0xF81F,0xF81F,0xF81F,0xF81F,0xF81F,0xF81F,0xF81F,0xF81F,0xF81F,0xF81F,0xF81F,0xF81F,
    0xF81F,0xF81F,0xF81F,0xF81F,0xF81F,0xF81F,0xF81F,0xF81F,0xF81F,0xF81F,0xF81F,0xF81F,
    0xF81F,0xF81F,0xF81F,0xF81F,0xF81F,0xF81F,0xF81F,0xF81F,0xF81F,0xF81F,0xF81F,0xF81F,
    0xF81F,0xF81F,0xF81F,0xF81F,0xF81F,0xF81F,0xF81F,0xF81F,0xF81F,0xF81F,0xF81F,0xF81F,
    0xF81F,0xF81F,0xF81F,0xF81F,0xF81F,0xF81F,0xF81F,0xF81F,0xF81F,0xF81F,0xF81F,0xF81F,
    0xF81F,0xF81F,0xF81F,0xF81F,
    0xF81F,0xF81F,0xF81F,0xF81F,0xF81F,0xF81F,0xF81F,0xF81F,0xF81F,0xF81F,0xF81F,0xF81F,
    0xF81F,0xF81F,0xF81F,0xF81F,0xF81F,0xF81F,0xF81F,0xF81F,0xF81F,0xF81F,0xF81F,0xF81F,
    0xF81F,0xF81F,0xF81F,0xF81F,0xF81F,0xF81F,0xF81F,0xF81F,0xF81F,0xF81F,0xF81F,0xF81F,
    0xF81F,0xF81F,0xF81F,0xF81F,0xF81F,0xF81F,0xF81F,0xF81F,0xF81F,0xF81F,0xF81F,0xF81F,
    0xF81F,0xF81F,0xF81F,0xF81F,0xF81F,0xF81F,0xF81F,0xF81F,0xF81F,0xF81F,0xF81F,0xF81F,
    0xF81F,0xF81F,0xF81F,0xF81F,0xF81F,0xF81F,0xF81F,0xF81F,0xF81F,0xF81F,0xF81F,0xF81F,
    0xF81F,0xF81F,0xF81F,0xF81F,0xF81F,0xF81F,0xF81F,0xF81F,0xF81F,0xF81F,0xF81F,0xF81F,
    0xF81F,0xF81F,0xF81F,0xF81F,0xF81F,0xF81F,0xF81F,0xF81F,0xF81F,0xF81F,0xF81F,0xF81F,
    0xF81F,0xF81F,0xF81F,0xF81F,0xF81F,0xF81F,0xF81F,0xF81F,0xF81F,0xF81F,0xF81F,0xF81F,
    0xF81F,0xF81F,0xF81F,0xF81F,
    0xF81F,0xF81F,0xF81F,0xF81F,0xF81F,0xF81F,0xF81F,0xF81F,0xF81F,0xF81F,0xF81F,0xF81F,
    0xF81F,0xF81F,0xF81F,0xF81F,0xF81F,0xF81F,0xF81F,0xF81F,0xF81F,0xF81F,0xF81F,0xF81F,
    0xF81F,0xF81F,0xF81F,0xF81F,0xF81F,0xF81F,0xF81F,0xF81F,0xF81F,0xF81F,0xF81F,0xF81F,
    0xF81F,0xF81F,0xF81F,0xF81F,0xF81F,0xF81F,0xF81F,0xF81F,0xF81F,0xF81F,0xF81F,0xF81F,
    0xF81F,0xF81F,0xF81F,0xF81F,0xF81F,0xF81F,0xF81F,0xF81F,0xF81F,0xF81F,0xF81F,0xF81F,
    0xF81F,0xF81F,0xF81F,0xF81F,0xF81F,0xF81F,0xF81F,0xF81F,0xF81F,0xF81F,0xF81F,0xF81F,
    0xF81F,0xF81F,0xF81F,0xF81F,0xF81F,0xF81F,0xF81F,0xF81F,0xF81F,0xF81F,0xF81F,0xF81F,
    0xF81F,0xF81F,0xF81F,0xF81F,0xF81F,0xF81F,0xF81F,0xF81F,0xF81F,0xF81F,0xF81F,0xF81F,
    0xF81F,0xF81F,0xF81F,0xF81F,0xF81F,0xF81F,0xF81F,0xF81F,0xF81F,0xF81F,0xF81F,0xF81F,
    0xF81F,0xF81F,0xF81F,0xF81F,
    0xF81F,0xF81F,0xF81F,0xF81F,0xF81F,0xF81F,0xF81F,0xF81F,0xF81F,0xF81F,0xF81F,0xF81F,
    0xF81F,0xF81F,0xF81F,0xF81F,0xF81F,0xF81F,0xF81F,0xF81F,0xF81F,0xF81F,0xF81F,0xF81F,
    0xF81F,0xF81F,0xF81F,0xF81F,0xF81F,0xF81F,0xF81F,0xF81F,0xF81F,0xF81F,0xF81F,0xF81F,
    0xF81F,0xF81F,0xF81F,0xF81F,0xF81F,0xF81F,0xF81F,0xF81F,0xF81F,0xF81F,0xF81F,0xF81F,
    0xF81F,0xF81F,0xF81F,0xF81F,0xF81F,0xF81F,0xF81F,0xF81F,0xF81F,0xF81F,0xF81F,0xF81F,
    0xF81F,0xF81F,0xF81F,0xF81F,0xF81F,0xF81F,0xF81F,0xF81F,0xF81F,0xF81F,0xF81F,0xF81F,
    0xF81F,0xF81F,0xF81F,0xF81F,0xF81F,0xF81F,0xF81F,0xF81F,0xF81F,0xF81F,0xF81F,0xF81F,
    0xF81F,0xF81F,0xF81F,0xF81F,0xF81F,0xF81F,0xF81F,0xF81F,0xF81F,0xF81F,0xF81F,0xF81F,
    0xF81F,0xF81F,0xF81F,0xF81F,0xF81F,0xF81F,0xF81F,0xF81F,0xF81F,0xF81F,0xF81F,0xF81F,
    0xF81F,0xF81F,0xF81F,0xF81F,
    0xF81F,0xF81F,0xF81F,0xF81F,0xF81F,0xF81F,0xF81F,0xF81F,0xF81F,0xF81F,0xF81F,0xF81F,
    0xF81F,0xF81F,0xF81F,0xF81F,0xF81F,0xF81F,0xF81F,0xF81F,0xF81F,0xF81F,0xF81F,0xF81F,
    0xF81F,0xF81F,0xF81F,0xF81F,0xF81F,0xF81F,0xF81F,0xF81F,0xF81F,0xF81F,0xF81F,0xF81F,
    0xF81F,0xF81F,0xF81F,0xF81F,0xF81F,0xF81F,0xF81F,0xF81F,0xF81F,0xF81F,0xF81F,0xF81F,
    0xF81F,0xF81F,0xF81F,0xF81F,0xF81F,0xF81F,0xF81F,0xF81F,0xF81F,0xF81F,0xF81F,0xF81F,
    0xF81F,0xF81F,0xF81F,0xF81F,0xF81F,0xF81F,0xF81F,0xF81F,0xF81F,0xF81F,0xF81F,0xF81F,
    0xF81F,0xF81F,0xF81F,0xF81F,0xF81F,0xF81F,0xF81F,0xF81F,0xF81F,0xF81F,0xF81F,0xF81F,
    0xF81F,0xF81F,0xF81F,0xF81F,0xF81F,0xF81F,0xF81F,0xF81F,0xF81F,0xF81F,0xF81F,0xF81F,
    0xF81F,0xF81F,0xF81F,0xF81F,0xF81F,0xF81F,0xF81F,0xF81F,0xF81F,0xF81F,0xF81F,0xF81F,
    0xF81F,0xF81F,0xF81F,0xF81F,
    0xF81F,0xF81F,0xF81F,0xF81F,0xF81F,0xF81F,0xF81F,0xF81F,0xF81F,0xF81F,0xF81F,0xF81F,
    0xF81F,0xF81F,0xF81F,0xF81F,0xF81F,0xF81F,0xF81F,0xF81F,0xF81F,0xF81F,0xF81F,0xF81F,
    0xF81F,0xF81F,0xF81F,0xF81F,0xF81F,0xF81F,0xF81F,0xF81F,0xF81F,0xF81F,0xF81F,0xF81F,
    0xF81F,0xF81F,0xF81F,0xF81F,0xF81F,0xF81F,0xF81F,0xF81F,0xF81F,0xF81F,0xF81F,0xF81F,
    0xF81F,0xF81F,0xF81F,0xF81F,0xF81F,0xF81F,0xF81F,0xF81F,0xF81F,0xF81F,0xF81F,0xF81F,
    0xF81F,0xF81F,0xF81F,0xF81F,0xF81F,0xF81F,0xF81F,0xF81F,0xF81F,0xF81F,0xF81F,0xF81F,
    0xF81F,0xF81F,0xF81F,0xF81F,0xF81F,0xF81F,0xF81F,0xF81F,0xF81F,0xF81F,0xF81F,0xF81F,
    0xF81F,0xF81F,0xF81F,0xF81F,0xF81F,0xF81F,0xF81F,0xF81F,0xF81F,0xF81F,0xF81F,0xF81F,
    0xF81F,0xF81F,0xF81F,0xF81F,0xF81F,0xF81F,0xF81F,0xF81F,0xF81F,0xF81F,0xF81F,0xF81F,
    0xF81F,0xF81F,0xF81F,0xF81F,
    0xF81F,0xF81F,0xF81F,0xF81F,0xF81F,0xF81F,0xF81F,0xF81F,0xF81F,0xF81F,0xF81F,0xF81F,
    0xF81F,0xF81F,0xF81F,0xF81F,0xF81F,0xF81F,0xF81F,0xF81F,0xF81F,0xF81F,0xF81F,0xF81F,
    0xF81F,0xF81F,0xF81F,0xF81F,0xF81F,0xF81F,0xF81F,0xF81F,0xF81F,0xF81F,0xF81F,0xF81F,
    0xF81F,0xF81F,0xF81F,0xF81F,0xF81F,0xF81F,0xF81F,0xF81F,0xF81F,0xF81F,0xF81F,0xF81F,
    0xF81F,0xF81F,0xF81F,0xF81F,0xF81F,0xF81F,0xF81F,0xF81F,0xF81F,0xF81F,0xF81F,0xF81F,
    0xF81F,0xF81F,0xF81F,0xF81F,0xF81F,0xF81F,0xF81F,0xF81F,0xF81F,0xF81F,0xF81F,0xF81F,
    0xF81F,0xF81F,0xF81F,0xF81F,0xF81F,0xF81F,0xF81F,0xF81F,0xF81F,0xF81F,0xF81F,0xF81F,
    0xF81F,0xF81F,0xF81F,0xF81F,0xF81F,0xF81F,0xF81F,0xF81F,0xF81F,0xF81F,0xF81F,0xF81F,
    0xF81F,0xF81F,0xF81F,0xF81F,0xF81F,0xF81F,0xF81F,0xF81F,0xF81F,0xF81F,0xF81F,0xF81F,
    0xF81F,0xF81F,0xF81F,0xF81F,
    0xF81F,0xF81F,0xF81F,0xF81F,0xF81F,0xF81F,0xF81F,0xF81F,0xF81F,0xF81F,0xF81F,0xF81F,
    0xF81F,0xF81F,0xF81F,0xF81F,0xF81F,0xF81F,0xF81F,0xF81F,0xF81F,0xF81F,0xF81F,0xF81F,
    0xF81F,0xF81F,0xF81F,0xF81F,0xF81F,0xF81F,0xF81F,0xF81F,0xF81F,0xF81F,0xF81F,0xF81F,
    0xF81F,0xF81F,0xF81F,0xF81F,0xF81F,0xF81F,0xF81F,0xF81F,0xF81F,0xF81F,0xF81F,0xF81F,
    0xF81F,0xF81F,0xF81F,0xF81F,0xF81F,0xF81F,0xF81F,0xF81F,0xF81F,0xF81F,0xF81F,0xF81F,
    0xF81F,0xF81F,0xF81F,0xF81F,0xF81F,0xF81F,0xF81F,0xF81F,0xF81F,0xF81F,0xF81F,0xF81F,
    0xF81F,0xF81F,0xF81F,0xF81F,0xF81F,0xF81F,0xF81F,0xF81F,0xF81F,0xF81F,0xF81F,0xF81F,
    0xF81F,0xF81F,0xF81F,0xF81F,0xF81F,0xF81F,0xF81F,0xF81F,0xF81F,0xF81F,0xF81F,0xF81F,
    0xF81F,0xF81F,0xF81F,0xF81F,0xF81F,0xF81F,0xF81F,0xF81F,0xF81F,0xF81F,0xF81F,0xF81F,
    0xF81F,0xF81F,0xF81F,0xF81F,
    0xF81F,0xF81F,0xF81F,0xF81F,0xF81F,0xF81F,0xF81F,0xF81F,0xF81F,0xF81F,0xF81F,0xF81F,
    0xF81F,0xF81F,0xF81F,0xF81F,0xF81F,0xF81F,0xF81F,0xF81F,0xF81F,0xF81F,0xF81F,0xF81F,
    0xF81F,0xF81F,0xF81F,0xF81F,0xF81F,0xF81F,0xF81F,0xF81F,0xF81F,0xF81F,0xF81F,0xF81F,
    0xF81F,0xF81F,0xF81F,0xF81F,0xF81F,0xF81F,0xF81F,0xF81F,0xF81F,0xF81F,0xF81F,0xF81F,
    0xF81F,0xF81F,0xF81F,0xF81F,0xF81F,0xF81F,0xF81F,0xF81F,0xF81F,0xF81F,0xF81F,0xF81F,
    0xF81F,0xF81F,0xF81F,0xF81F,0xF81F,0xF81F,0xF81F,0xF81F,0xF81F,0xF81F,0xF81F,0xF81F,
    0xF81F,0xF81F,0xF81F,0xF81F,0xF81F,0xF81F,0xF81F,0xF81F,0xF81F,0xF81F,0xF81F,0xF81F,
    0xF81F,0xF81F,0xF81F,0xF81F,0xF81F,0xF81F,0xF81F,0xF81F,0xF81F,0xF81F,0xF81F,0xF81F,
    0xF81F,0xF81F,0xF81F,0xF81F,0xF81F,0xF81F,0xF81F,0xF81F,0xF81F,0xF81F,0xF81F,0xF81F,
    0xF81F,0xF81F,0xF81F,0xF81F,
    0xF81F,0xF81F,0xF81F,0xF81F,0xF81F,0xF81F,0xF81F,0xF81F,0xF81F,0xF81F,0xF81F,0xF81F,
    0xF81F,0xF81F,0xF81F,0xF81F,0xF81F,0xF81F,0xF81F,0xF81F,0xF81F,0xF81F,0xF81F,0xF81F,
    0xF81F,0xF81F,0xF81F,0xF81F,0xF81F,0xF81F,0xF81F,0xF81F,0xF81F,0xF81F,0xF81F,0xF81F,
    0xF81F,0xF81F,0xF81F,0xF81F,0xF81F,0xF81F,0xF81F,0xF81F,0xF81F,0xF81F,0xF81F,0xF81F,
    0xF81F,0xF81F,0xF81F,0xF81F,0xF81F,0xF81F,0xF81F,0xF81F,0xF81F,0xF81F,0xF81F,0xF81F,
    0xF81F,0xF81F,0xF81F,0xF81F,0xF81F,0xF81F,0xF81F,0xF81F,0xF81F,0xF81F,0xF81F,0xF81F,
    0xF81F,0xF81F,0xF81F,0xF81F,0xF81F,0xF81F,0xF81F,0xF81F,0xF81F,0xF81F,0xF81F,0xF81F,
    0xF81F,0xF81F,0xF81F,0xF81F,0xF81F,0xF81F,0xF81F,0xF81F,0xF81F,0xF81F,0xF81F,0xF81F,
    0xF81F,0xF81F,0xF81F,0xF81F,0xF81F,0xF81F,0xF81F,0xF81F,0xF81F,0xF81F,0xF81F,0xF81F,
    0xF81F,0xF81F,0xF81F,0xF81F,
    0xF81F,0xF81F,0xF81F,0xF81F,0xF81F,0xF81F,0xF81F,0xF81F,0xF81F,0xF81F,0xF81F,0xF81F,
    0xF81F,0xF81F,0xF81F,0xF81F,0xF81F,0xF81F,0xF81F,0xF81F,0xF81F,0xF81F,0xF81F,0xF81F,
    0xF81F,0xF81F,0xF81F,0xF81F,0xF81F,0xF81F,0xF81F,0xF81F,0xF81F,0xF81F,0xF81F,0xF81F,
    0xF81F,0xF81F,0xF81F,0xF81F,0xF81F,0xF81F,0xF81F,0xF81F,0xF81F,0xF81F,0xF81F,0xF81F,
    0xF81F,0xF81F,0xF81F,0xF81F,0xF81F,0xF81F,0xF81F,0xF81F,0xF81F,0xF81F,0xF81F,0xF81F,
    0xF81F,0xF81F,0xF81F,0xF81F,0xF81F,0xF81F,0xF81F,0xF81F,0xF81F,0xF81F,0xF81F,0xF81F,
    0xF81F,0xF81F,0xF81F,0xF81F,0xF81F,0xF81F,0xF81F,0xF81F,0xF81F,0xF81F,0xF81F,0xF81F,
    0xF81F,0xF81F,0xF81F,0xF81F,0xF81F,0xF81F,0xF81F,0xF81F,0xF81F,0xF81F,0xF81F,0xF81F,
    0xF81F,0xF81F,0xF81F,0xF81F,0xF81F,0xF81F,0xF81F,0xF81F,0xF81F,0xF81F,0xF81F,0xF81F,
    0xF81F,0xF81F,0xF81F,0xF81F,
    0xF81F,0xF81F,0xF81F,0xF81F,0xF81F,0xF81F,0xF81F,0xF81F,0xF81F,0xF81F,0xF81F,0xF81F,
    0xF81F,0xF81F,0xF81F,0xF81F,0xF81F,0xF81F,0xF81F,0xF81F,0xF81F,0xF81F,0xF81F,0xF81F,
    0xF81F,0xF81F,0xF81F,0xF81F,0xF81F,0xF81F,0xF81F,0xF81F,0xF81F,0xF81F,0xF81F,0xF81F,
    0xF81F,0xF81F,0xF81F,0xF81F,0xF81F,0xF81F,0xF81F,0xF81F,0xF81F,0xF81F,0xF81F,0xF81F,
    0xF81F,0xF81F,0xF81F,0xF81F,0xF81F,0xF81F,0xF81F,0xF81F,0xF81F,0xF81F,0xF81F,0xF81F,
    0xF81F,0xF81F,0xF81F,0xF81F,0xF81F,0xF81F,0xF81F,0xF81F,0xF81F,0xF81F,0xF81F,0xF81F,
    0xF81F,0xF81F,0xF81F,0xF81F,0xF81F,0xF81F,0xF81F,0xF81F,0xF81F,0xF81F,0xF81F,0xF81F,
    0xF81F,0xF81F,0xF81F,0xF81F,0xF81F,0xF81F,0xF81F,0xF81F,0xF81F,0xF81F,0xF81F,0xF81F,
    0xF81F,0xF81F,0xF81F,0xF81F,0xF81F,0xF81F,0xF81F,0xF81F,0xF81F,0xF81F,0xF81F,0xF81F,
    0xF81F,0xF81F,0xF81F,0xF81F,
    0xF81F,0xF81F,0xF81F,0xF81F,0xF81F,0xF81F,0xF81F,0xF81F,0xF81F,0xF81F,0xF81F,0xF81F,
    0xF81F,0xF81F,0xF81F,0xF81F,0xF81F,0xF81F,0xF81F,0xF81F,0xF81F,0xF81F,0xF81F,0xF81F,
    0xF81F,0xF81F,0xF81F,0xF81F,0xF81F,0xF81F,0xF81F,0xF81F,0xF81F,0xF81F,0xF81F,0xF81F,
    0xF81F,0xF81F,0xF81F,0xF81F,0xF81F,0xF81F,0xF81F,0xF81F,0xF81F,0xF81F,0xF81F,0xF81F,
    0xF81F,0xF81F,0xF81F,0xF81F,0xF81F,0xF81F,0xF81F,0xF81F,0xF81F,0xF81F,0xF81F,0xF81F,
    0xF81F,0xF81F,0xF81F,0xF81F,0xF81F,0xF81F,0xF81F,0xF81F,0xF81F,0xF81F,0xF81F,0xF81F,
    0xF81F,0xF81F,0xF81F,0xF81F,0xF81F,0xF81F,0xF81F,0xF81F,0xF81F,0xF81F,0xF81F,0xF81F,
    0xF81F,0xF81F,0xF81F,0xF81F,0xF81F,0xF81F,0xF81F,0xF81F,0xF81F,0xF81F,0xF81F,0xF81F,
    0xF81F,0xF81F,0xF81F,0xF81F,0xF81F,0xF81F,0xF81F,0xF81F,0xF81F,0xF81F,0xF81F,0xF81F,
    0xF81F,0xF81F,0xF81F,0xF81F,
};

static const uint16_t hd_beast_home[64 * 64] PROGMEM = {
    0xF81F,0xF81F,0xF81F,0xF81F,0xF81F,0xF81F,0xF81F,0xF81F,0xF81F,0xF81F,0xF81F,0xF81F,
    0xF81F,0xF81F,0xF81F,0xF81F,0xF81F,0xF81F,0xF81F,0xF81F,0xF81F,0xF81F,0xF81F,0xF81F,
    0xF81F,0xF81F,0xF81F,0xF81F,0xF81F,0xF81F,0xF81F,0xF81F,0xF81F,0xF81F,0xF81F,0xF81F,
    0xF81F,0xF81F,0xF81F,0xF81F,0xF81F,0xF81F,0xF81F,0xF81F,0xF81F,0xF81F,0xF81F,0xF81F,
    0xF81F,0xF81F,0xF81F,0xF81F,0xF81F,0xF81F,0xF81F,0xF81F,0xF81F,0xF81F,0xF81F,0xF81F,
    0xF81F,0xF81F,0xF81F,0xF81F,
    0xF81F,0xF81F,0xF81F,0xF81F,0xF81F,0xF81F,0xF81F,0xF81F,0xF81F,0xF81F,0xF81F,0xF81F,
    0xF81F,0xF81F,0xF81F,0xF81F,0xF81F,0xF81F,0xF81F,0xF81F,0xF81F,0xF81F,0xF81F,0xF81F,
    0xF81F,0xF81F,0xF81F,0xF81F,0xF81F,0xF81F,0xF81F,0xF81F,0xF81F,0xF81F,0xF81F,0xF81F,
    0xF81F,0xF81F,0xF81F,0xF81F,0xF81F,0xF81F,0xF81F,0xF81F,0xF81F,0xF81F,0xF81F,0xF81F,
    0xF81F,0xF81F,0xF81F,0xF81F,0xF81F,0xF81F,0xF81F,0xF81F,0xF81F,0xF81F,0xF81F,0xF81F,
    0xF81F,0xF81F,0xF81F,0xF81F,
    0xF81F,0xF81F,0xF81F,0xF81F,0xF81F,0xF81F,0xF81F,0xF81F,0xF81F,0xF81F,0xF81F,0xF81F,
    0xF81F,0xF81F,0xF81F,0xF81F,0xF81F,0xF81F,0xF81F,0xF81F,0xF81F,0xF81F,0xF81F,0xF81F,
    0xF81F,0xF81F,0xF81F,0xF81F,0xF81F,0xF81F,0xF81F,0xF81F,0xF81F,0xF81F,0xF81F,0xF81F,
    0xF81F,0xF81F,0xF81F,0xF81F,0xF81F,0xF81F,0xF81F,0xF81F,0xF81F,0xF81F,0xF81F,0xF81F,
    0xF81F,0xF81F,0xF81F,0xF81F,0xF81F,0xF81F,0xF81F,0xF81F,0xF81F,0xF81F,0xF81F,0xF81F,
    0xF81F,0xF81F,0xF81F,0xF81F,
    0xF81F,0xF81F,0xF81F,0xF81F,0xF81F,0xF81F,0xF81F,0xF81F,0xF81F,0xF81F,0xF81F,0xF81F,
    0xF81F,0xF81F,0xF81F,0xF81F,0xF81F,0xF81F,0xF81F,0xF81F,0xF81F,0xF81F,0xF81F,0xF81F,
    0xF81F,0xF81F,0xF81F,0xF81F,0xF81F,0xF81F,0xF81F,0xF81F,0xF81F,0xF81F,0xF81F,0xF81F,
    0xF81F,0xF81F,0xF81F,0xF81F,0xF81F,0xF81F,0xF81F,0xF81F,0xF81F,0xF81F,0xF81F,0xF81F,
    0xF81F,0xF81F,0xF81F,0xF81F,0xF81F,0xF81F,0xF81F,0xF81F,0xF81F,0xF81F,0xF81F,0xF81F,
    0xF81F,0xF81F,0xF81F,0xF81F,
    0xF81F,0xF81F,0xF81F,0xF81F,0xF81F,0xF81F,0xF81F,0xF81F,0xF81F,0xF81F,0xF81F,0xF81F,
    0xF81F,0xF81F,0xF81F,0xF81F,0xF81F,0xF81F,0xF81F,0xF81F,0xF81F,0xF81F,0xF81F,0xF81F,
    0xF81F,0xF81F,0xF81F,0xF81F,0xF81F,0xF81F,0xF81F,0x0000,0x0000,0xF81F,0xF81F,0xF81F,
    0xF81F,0xF81F,0xF81F,0xF81F,0xF81F,0xF81F,0xF81F,0xF81F,0xF81F,0xF81F,0xF81F,0xF81F,
    0xF81F,0xF81F,0xF81F,0xF81F,0xF81F,0xF81F,0xF81F,0xF81F,0xF81F,0xF81F,0xF81F,0xF81F,
    0xF81F,0xF81F,0xF81F,0xF81F,
    0xF81F,0xF81F,0xF81F,0xF81F,0xF81F,0xF81F,0xF81F,0xF81F,0xF81F,0xF81F,0xF81F,0xF81F,
    0xF81F,0xF81F,0xF81F,0xF81F,0xF81F,0xF81F,0xF81F,0xF81F,0xF81F,0xF81F,0xF81F,0xF81F,
    0xF81F,0xF81F,0xF81F,0xF81F,0xF81F,0x0020,0x0021,0x0000,0x0000,0x0020,0x0020,0xF81F,
    0xF81F,0xF81F,0xF81F,0xF81F,0xF81F,0xF81F,0xF81F,0xF81F,0xF81F,0xF81F,0xF81F,0xF81F,
    0xF81F,0xF81F,0xF81F,0xF81F,0xF81F,0xF81F,0xF81F,0xF81F,0xF81F,0xF81F,0xF81F,0xF81F,
    0xF81F,0xF81F,0xF81F,0xF81F,
    0xF81F,0xF81F,0xF81F,0xF81F,0xF81F,0xF81F,0xF81F,0xF81F,0xF81F,0xF81F,0xF81F,0xF81F,
    0xF81F,0xF81F,0xF81F,0xF81F,0xF81F,0xF81F,0xF81F,0xF81F,0xF81F,0xF81F,0xF81F,0xF81F,
    0xF81F,0xF81F,0xF81F,0xF81F,0x0020,0x0020,0x0000,0x0104,0x0124,0x0020,0x0020,0x0020,
    0x0000,0xF81F,0xF81F,0xF81F,0xF81F,0xF81F,0xF81F,0xF81F,0xF81F,0xF81F,0xF81F,0xF81F,
    0xF81F,0xF81F,0xF81F,0xF81F,0xF81F,0xF81F,0xF81F,0xF81F,0xF81F,0xF81F,0xF81F,0xF81F,
    0xF81F,0xF81F,0xF81F,0xF81F,
    0xF81F,0xF81F,0xF81F,0xF81F,0xF81F,0xF81F,0xF81F,0xF81F,0xF81F,0xF81F,0xF81F,0xF81F,
    0xF81F,0xF81F,0xF81F,0xF81F,0xF81F,0xF81F,0xF81F,0xF81F,0xF81F,0xF81F,0xF81F,0xF81F,
    0xF81F,0xF81F,0xF81F,0x0020,0x0020,0x00C3,0x04F5,0x06DD,0x06FE,0x0535,0x0104,0x0020,
    0x0020,0xF81F,0xF81F,0xF81F,0xF81F,0xF81F,0xF81F,0xF81F,0xF81F,0xF81F,0xF81F,0xF81F,
    0xF81F,0xF81F,0xF81F,0xF81F,0xF81F,0xF81F,0xF81F,0xF81F,0xF81F,0xF81F,0xF81F,0xF81F,
    0xF81F,0xF81F,0xF81F,0xF81F,
    0xF81F,0xF81F,0xF81F,0xF81F,0xF81F,0xF81F,0xF81F,0xF81F,0xF81F,0xF81F,0xF81F,0xF81F,
    0xF81F,0xF81F,0xF81F,0xF81F,0xF81F,0xF81F,0xF81F,0xF81F,0xF81F,0xF81F,0xF81F,0xF81F,
    0xF81F,0xF81F,0x0000,0x0021,0x0041,0x0536,0x07DF,0x073F,0x073F,0x07DF,0x0598,0x0041,
    0x0020,0x0000,0xF81F,0xF81F,0xF81F,0xF81F,0xF81F,0xF81F,0xF81F,0xF81F,0xF81F,0xF81F,
    0xF81F,0xF81F,0xF81F,0xF81F,0xF81F,0xF81F,0xF81F,0xF81F,0xF81F,0xF81F,0xF81F,0xF81F,
    0xF81F,0xF81F,0xF81F,0xF81F,
    0xF81F,0xF81F,0xF81F,0xF81F,0xF81F,0xF81F,0xF81F,0xF81F,0xF81F,0xF81F,0xF81F,0xF81F,
    0xF81F,0xF81F,0xF81F,0xF81F,0xF81F,0xF81F,0xF81F,0xF81F,0xF81F,0xF81F,0xF81F,0xF81F,
    0xF81F,0xF81F,0x0000,0x0000,0x0186,0x073F,0x071F,0x071F,0x071F,0x071F,0x077F,0x01E8,
    0x0000,0x0000,0xF81F,0xF81F,0xF81F,0xF81F,0xF81F,0xF81F,0xF81F,0xF81F,0xF81F,0xF81F,
    0xF81F,0xF81F,0xF81F,0xF81F,0xF81F,0xF81F,0xF81F,0xF81F,0xF81F,0xF81F,0xF81F,0xF81F,
    0xF81F,0xF81F,0xF81F,0xF81F,
    0xF81F,0xF81F,0xF81F,0xF81F,0xF81F,0xF81F,0xF81F,0xF81F,0xF81F,0xF81F,0xF81F,0xF81F,
    0xF81F,0xF81F,0xF81F,0xF81F,0xF81F,0xF81F,0xF81F,0xF81F,0xF81F,0xF81F,0xF81F,0xF81F,
    0xF81F,0xF81F,0x0000,0x0000,0x01E8,0x075F,0x071F,0x073F,0x073F,0x071F,0x077F,0x024A,
    0x0000,0x0020,0xF81F,0xF81F,0xF81F,0xF81F,0xF81F,0xF81F,0xF81F,0xF81F,0xF81F,0xF81F,
    0xF81F,0xF81F,0xF81F,0xF81F,0xF81F,0xF81F,0xF81F,0xF81F,0xF81F,0xF81F,0xF81F,0xF81F,
    0xF81F,0xF81F,0xF81F,0xF81F,
    0xF81F,0xF81F,0xF81F,0xF81F,0xF81F,0xF81F,0xF81F,0xF81F,0xF81F,0xF81F,0xF81F,0xF81F,
    0xF81F,0xF81F,0xF81F,0xF81F,0xF81F,0xF81F,0xF81F,0xF81F,0xF81F,0xF81F,0xF81F,0xF81F,
    0xF81F,0xF81F,0x0000,0x0020,0x0082,0x065B,0x079F,0x06FF,0x071F,0x077F,0x06BD,0x00C3,
    0x0020,0x0000,0xF81F,0xF81F,0xF81F,0xF81F,0xF81F,0xF81F,0xF81F,0xF81F,0xF81F,0xF81F,
    0xF81F,0xF81F,0xF81F,0xF81F,0xF81F,0xF81F,0xF81F,0xF81F,0xF81F,0xF81F,0xF81F,0xF81F,
    0xF81F,0xF81F,0xF81F,0xF81F,
    0xF81F,0xF81F,0xF81F,0xF81F,0xF81F,0xF81F,0xF81F,0xF81F,0xF81F,0xF81F,0xF81F,0xF81F,
    0xF81F,0xF81F,0xF81F,0xF81F,0xF81F,0xF81F,0xF81F,0xF81F,0xF81F,0xF81F,0xF81F,0xF81F,
    0xF81F,0xF81F,0xF81F,0x0020,0x0000,0x0209,0x06BC,0x077F,0x077F,0x06FD,0x026A,0x0000,
    0x0021,0xF81F,0xF81F,0xF81F,0xF81F,0xF81F,0xF81F,0xF81F,0xF81F,0xF81F,0xF81F,0xF81F,
    0xF81F,0xF81F,0xF81F,0xF81F,0xF81F,0xF81F,0xF81F,0xF81F,0xF81F,0xF81F,0xF81F,0xF81F,
    0xF81F,0xF81F,0xF81F,0xF81F,
    0xF81F,0xF81F,0xF81F,0xF81F,0xF81F,0xF81F,0xF81F,0xF81F,0xF81F,0xF81F,0xF81F,0xF81F,
    0xF81F,0xF81F,0xF81F,0xF81F,0xF81F,0xF81F,0xF81F,0xF81F,0xF81F,0xF81F,0xF81F,0xF81F,
    0xF81F,0xF81F,0xF81F,0x0000,0x0021,0x0000,0x0125,0x2C11,0x2C32,0x0966,0x0000,0x0041,
    0x0000,0xF81F,0xF81F,0xF81F,0xF81F,0xF81F,0xF81F,0xF81F,0xF81F,0xF81F,0xF81F,0xF81F,
    0xF81F,0xF81F,0xF81F,0xF81F,0xF81F,0xF81F,0xF81F,0xF81F,0xF81F,0xF81F,0xF81F,0xF81F,
    0xF81F,0xF81F,0xF81F,0xF81F,
    0xF81F,0xF81F,0xF81F,0xF81F,0xF81F,0xF81F,0xF81F,0xF81F,0xF81F,0xF81F,0xF81F,0xF81F,
    0xF81F,0xF81F,0xF81F,0xF81F,0xF81F,0xF81F,0xF81F,0x0841,0x2125,0xF81F,0xF81F,0xF81F,
    0xF81F,0xF81F,0xF81F,0xF81F,0x0000,0x0020,0x0841,0x41C8,0x41E9,0x0861,0x0020,0x0000,
    0xF81F,0xF81F,0xF81F,0xF81F,0xF81F,0xF81F,0xF81F,0x2125,0x0861,0xF81F,0xF81F,0xF81F,
    0xF81F,0xF81F,0xF81F,0xF81F,0xF81F,0xF81F,0xF81F,0xF81F,0xF81F,0xF81F,0xF81F,0xF81F,
    0xF81F,0xF81F,0xF81F,0xF81F,
    0xF81F,0xF81F,0xF81F,0xF81F,0xF81F,0xF81F,0xF81F,0xF81F,0xF81F,0xF81F,0xF81F,0xF81F,
    0xF81F,0xF81F,0xF81F,0xF81F,0xF81F,0xF81F,0xF81F,0xF81F,0x31A8,0x2987,0xF81F,0xF81F,
    0xF81F,0xF81F,0xF81F,0xF81F,0xF81F,0xF81F,0x0841,0x3A09,0x3A2A,0x0862,0xF81F,0xF81F,
    0xF81F,0xF81F,0xF81F,0xF81F,0xF81F,0xF81F,0x2966,0x31C8,0xF81F,0xF81F,0xF81F,0xF81F,
    0xF81F,0xF81F,0xF81F,0xF81F,0xF81F,0xF81F,0xF81F,0xF81F,0xF81F,0xF81F,0xF81F,0xF81F,
    0xF81F,0xF81F,0xF81F,0xF81F,
    0xF81F,0xF81F,0xF81F,0xF81F,0xF81F,0xF81F,0xF81F,0xF81F,0xF81F,0xF81F,0xF81F,0xF81F,
    0xF81F,0xF81F,0xF81F,0xF81F,0xF81F,0xF81F,0xF81F,0xF81F,0x1082,0x426B,0x2987,0xF81F,
    0xF81F,0xF81F,0xF81F,0xF81F,0xF81F,0xF81F,0x0041,0x31C8,0x31E9,0x0861,0xF81F,0xF81F,
    0xF81F,0xF81F,0xF81F,0xF81F,0xF81F,0x2966,0x426B,0x10A3,0xF81F,0xF81F,0xF81F,0xF81F,
    0xF81F,0xF81F,0xF81F,0xF81F,0xF81F,0xF81F,0xF81F,0xF81F,0xF81F,0xF81F,0xF81F,0xF81F,
    0xF81F,0xF81F,0xF81F,0xF81F,
    0xF81F,0xF81F,0xF81F,0xF81F,0xF81F,0xF81F,0xF81F,0xF81F,0xF81F,0xF81F,0xF81F,0xF81F,
    0xF81F,0xF81F,0xF81F,0xF81F,0xF81F,0xF81F,0xF81F,0xF81F,0xF81F,0x2987,0x3A09,0x2987,
    0x0021,0xF81F,0xF81F,0xF81F,0xF81F,0xF81F,0xF81F,0x2987,0x29A8,0x0020,0xF81F,0xF81F,
    0xF81F,0xF81F,0xF81F,0x0020,0x2966,0x3A09,0x29A7,0xF81F,0xF81F,0xF81F,0xF81F,0xF81F,
    0xF81F,0xF81F,0xF81F,0xF81F,0xF81F,0xF81F,0xF81F,0xF81F,0xF81F,0xF81F,0xF81F,0xF81F,
    0xF81F,0xF81F,0xF81F,0xF81F,
    0xF81F,0xF81F,0xF81F,0xF81F,0xF81F,0xF81F,0xF81F,0xF81F,0xF81F,0xF81F,0xF81F,0xF81F,
    0xF81F,0xF81F,0xF81F,0xF81F,0xF81F,0xF81F,0xF81F,0xF81F,0xF81F,0x18C4,0x29A7,0x31E9,
    0x39E9,0x1904,0x18E4,0x18E4,0x18E4,0x18E4,0x1925,0x39E9,0x3A09,0x2125,0x18E4,0x18E4,
    0x18E4,0x18E4,0x1904,0x31E8,0x39E9,0x29A7,0x18E4,0xF81F,0xF81F,0xF81F,0xF81F,0xF81F,
    0xF81F,0xF81F,0xF81F,0xF81F,0xF81F,0xF81F,0xF81F,0xF81F,0xF81F,0xF81F,0xF81F,0xF81F,
    0xF81F,0xF81F,0xF81F,0xF81F,
    0xF81F,0xF81F,0xF81F,0xF81F,0xF81F,0xF81F,0xF81F,0xF81F,0xF81F,0xF81F,0xF81F,0xF81F,
    0xF81F,0xF81F,0xF81F,0xF81F,0xF81F,0xF81F,0xF81F,0xF81F,0xF81F,0x0841,0x2146,0x39E9,
    0x52ED,0x52ED,0x52ED,0x52ED,0x52ED,0x52ED,0x52ED,0x52CD,0x52CD,0x52ED,0x52ED,0x52ED,
    0x52ED,0x52ED,0x52ED,0x52ED,0x3A09,0x2146,0x0841,0xF81F,0xF81F,0xF81F,0xF81F,0xF81F,
    0xF81F,0xF81F,0xF81F,0xF81F,0xF81F,0xF81F,0xF81F,0xF81F,0xF81F,0xF81F,0xF81F,0xF81F,
    0xF81F,0xF81F,0xF81F,0xF81F,
    0xF81F,0xF81F,0xF81F,0xF81F,0xF81F,0xF81F,0xF81F,0xF81F,0xF81F,0xF81F,0xF81F,0xF81F,
    0xF81F,0xF81F,0xF81F,0xF81F,0xF81F,0xF81F,0xF81F,0xF81F,0xF81F,0xF81F,0x10C3,0x29A7,
    0x4AAC,0x4A8B,0x4A8C,0x4A8B,0x4A8C,0x4A8C,0x4A8C,0x4A8C,0x4A8C,0x4A8C,0x4A8C,0x4A8C,
    0x4A8B,0x4A8C,0x4A8B,0x4AAC,0x31A8,0x10C4,0xF81F,0xF81F,0xF81F,0xF81F,0xF81F,0xF81F,
    0xF81F,0xF81F,0xF81F,0xF81F,0xF81F,0xF81F,0xF81F,0xF81F,0xF81F,0xF81F,0xF81F,0xF81F,
    0xF81F,0xF81F,0xF81F,0xF81F,
    0xF81F,0xF81F,0xF81F,0xF81F,0xF81F,0xF81F,0xF81F,0xF81F,0xF81F,0xF81F,0xF81F,0xF81F,
    0xF81F,0xF81F,0xF81F,0xF81F,0xF81F,0xF81F,0xF81F,0xF81F,0xF81F,0xF81F,0x0841,0x2146,
    0x4A8B,0x4A8B,0x4A8C,0x4A8C,0x4A8B,0x4A8B,0x4A8B,0x4A8B,0x4A8B,0x4A8B,0x4A8B,0x4A8B,
    0x4A8C,0x4A8C,0x4A8B,0x4A8B,0x2966,0x0841,0xF81F,0xF81F,0xF81F,0xF81F,0xF81F,0xF81F,
    0xF81F,0xF81F,0xF81F,0xF81F,0xF81F,0xF81F,0xF81F,0xF81F,0xF81F,0xF81F,0xF81F,0xF81F,
    0xF81F,0xF81F,0xF81F,0xF81F,
    0xF81F,0xF81F,0xF81F,0xF81F,0xF81F,0xF81F,0xF81F,0xF81F,0xF81F,0xF81F,0xF81F,0xF81F,
    0xF81F,0xF81F,0xF81F,0xF81F,0xF81F,0xF81F,0xF81F,0xF81F,0xF81F,0xF81F,0xF81F,0x0862,
    0x424A,0x426B,0x4A2A,0x4A4A,0x4A4A,0x426B,0x426B,0x426B,0x426B,0x426B,0x426B,0x4A4A,
    0x4A4A,0x4A29,0x426B,0x426B,0x1082,0xF81F,0xF81F,0xF81F,0xF81F,0xF81F,0xF81F,0xF81F,
    0xF81F,0xF81F,0xF81F,0xF81F,0xF81F,0xF81F,0xF81F,0xF81F,0xF81F,0xF81F,0xF81F,0xF81F,
    0xF81F,0xF81F,0xF81F,0xF81F,
    0xF81F,0xF81F,0xF81F,0xF81F,0xF81F,0xF81F,0xF81F,0xF81F,0xF81F,0xF81F,0xF81F,0xF81F,
    0xF81F,0xF81F,0xF81F,0xF81F,0xF81F,0xF81F,0xF81F,0xF81F,0xF81F,0xF81F,0xF81F,0xF81F,
    0x3A09,0x426B,0x2B72,0x3330,0x3AAD,0x424B,0x4229,0x4209,0x4209,0x4229,0x424B,0x3AAD,
    0x3330,0x2B72,0x426B,0x3A2A,0x0020,0xF81F,0xF81F,0xF81F,0xF81F,0xF81F,0xF81F,0xF81F,
    0xF81F,0xF81F,0xF81F,0xF81F,0xF81F,0xF81F,0xF81F,0xF81F,0xF81F,0xF81F,0xF81F,0xF81F,
    0xF81F,0xF81F,0xF81F,0xF81F,
    0xF81F,0xF81F,0xF81F,0xF81F,0xF81F,0xF81F,0xF81F,0xF81F,0xF81F,0xF81F,0xF81F,0xF81F,
    0xF81F,0xF81F,0xF81F,0xF81F,0xF81F,0xF81F,0xF81F,0xF81F,0xF81F,0xF81F,0xF81F,0xF81F,
    0x31C8,0x424A,0x04FC,0x059F,0x053E,0x0CFC,0x1479,0x23D5,0x23D4,0x1479,0x0CFC,0x053E,
    0x059F,0x051D,0x426B,0x31E8,0x0000,0xF81F,0xF81F,0xF81F,0xF81F,0xF81F,0xF81F,0xF81F,
    0xF81F,0xF81F,0xF81F,0xF81F,0xF81F,0xF81F,0xF81F,0xF81F,0xF81F,0xF81F,0xF81F,0xF81F,
    0xF81F,0xF81F,0xF81F,0xF81F,
    0xF81F,0xF81F,0xF81F,0xF81F,0xF81F,0xF81F,0xF81F,0xF81F,0xF81F,0xF81F,0xF81F,0xF81F,
    0xF81F,0xF81F,0xF81F,0xF81F,0xF81F,0xF81F,0xF81F,0xF81F,0xF81F,0xF81F,0xF81F,0xF81F,
    0x2967,0x422A,0x0CDC,0x057F,0x055F,0x055F,0x05BF,0x0C9A,0x1479,0x05BF,0x055F,0x055F,
    0x057F,0x051D,0x3A4B,0x2987,0xF81F,0xF81F,0xF81F,0xF81F,0xF81F,0xF81F,0xF81F,0xF81F,
    0xF81F,0xF81F,0xF81F,0xF81F,0xF81F,0xF81F,0xF81F,0xF81F,0xF81F,0xF81F,0xF81F,0xF81F,
    0xF81F,0xF81F,0xF81F,0xF81F,
    0xF81F,0xF81F,0xF81F,0xF81F,0xF81F,0xF81F,0xF81F,0xF81F,0xF81F,0xF81F,0xF81F,0xF81F,
    0xF81F,0xF81F,0xF81F,0xF81F,0xF81F,0xF81F,0xF81F,0xF81F,0xF81F,0xF81F,0xF81F,0xF81F,
    0x2125,0x3A09,0x1437,0x053E,0x057F,0x057F,0x05DF,0x2330,0x2AEF,0x05BF,0x057F,0x057F,
    0x053E,0x1458,0x3A2A,0x2146,0xF81F,0xF81F,0xF81F,0xF81F,0xF81F,0xF81F,0xF81F,0xF81F,
    0xF81F,0xF81F,0xF81F,0xF81F,0xF81F,0xF81F,0xF81F,0xF81F,0xF81F,0xF81F,0xF81F,0xF81F,
    0xF81F,0xF81F,0xF81F,0xF81F,
    0xF81F,0xF81F,0xF81F,0xF81F,0xF81F,0xF81F,0xF81F,0xF81F,0xF81F,0xF81F,0xF81F,0xF81F,
    0xF81F,0xF81F,0xF81F,0xF81F,0xF81F,0xF81F,0xF81F,0xF81F,0xF81F,0xF81F,0xF81F,0xF81F,
    0x18E4,0x3A09,0x31C8,0x322A,0x2AAE,0x1B72,0x1437,0x324B,0x320A,0x1437,0x1B73,0x2ACE,
    0x322A,0x31C8,0x3A09,0x1905,0xF81F,0xF81F,0xF81F,0xF81F,0xF81F,0xF81F,0xF81F,0xF81F,
    0xF81F,0xF81F,0xF81F,0xF81F,0xF81F,0xF81F,0xF81F,0xF81F,0xF81F,0xF81F,0xF81F,0xF81F,
    0xF81F,0xF81F,0xF81F,0xF81F,
    0xF81F,0xF81F,0xF81F,0xF81F,0xF81F,0xF81F,0xF81F,0xF81F,0xF81F,0xF81F,0xF81F,0xF81F,
    0xF81F,0xF81F,0xF81F,0xF81F,0xF81F,0xF81F,0xF81F,0xF81F,0xF81F,0xF81F,0xF81F,0xF81F,
    0x0862,0x31E9,0x31C8,0x31C8,0x31A7,0x3987,0x3987,0x31C8,0x31C8,0x3987,0x3987,0x31A7,
    0x31A8,0x31C8,0x39E9,0x0882,0xF81F,0xF81F,0xF81F,0xF81F,0xF81F,0xF81F,0xF81F,0xF81F,
    0xF81F,0xF81F,0xF81F,0xF81F,0xF81F,0xF81F,0xF81F,0xF81F,0xF81F,0xF81F,0xF81F,0xF81F,
    0xF81F,0xF81F,0xF81F,0xF81F,
    0xF81F,0xF81F,0xF81F,0xF81F,0xF81F,0xF81F,0xF81F,0xF81F,0xF81F,0xF81F,0xF81F,0xF81F,
    0xF81F,0xF81F,0xF81F,0xF81F,0xF81F,0xF81F,0xF81F,0x18C3,0x6BB0,0x6B8F,0x6B8F,0x6BB0,
    0x5B2E,0x29A7,0x31A8,0x31A8,0x31C8,0x31C8,0x31C8,0x31A8,0x31A8,0x31C8,0x31C8,0x31C8,
    0x31A8,0x31A8,0x29A7,0x5B0D,0x6BB0,0x6B8F,0x6B8F,0x6BD0,0x2104,0xF81F,0xF81F,0xF81F,
    0xF81F,0xF81F,0xF81F,0xF81F,0xF81F,0xF81F,0xF81F,0xF81F,0xF81F,0xF81F,0xF81F,0xF81F,
    0xF81F,0xF81F,0xF81F,0xF81F,
    0xF81F,0xF81F,0xF81F,0xF81F,0xF81F,0xF81F,0xF81F,0xF81F,0xF81F,0xF81F,0xF81F,0xF81F,
    0xF81F,0xF81F,0xF81F,0xF81F,0xF81F,0xF81F,0xF81F,0x1082,0x73D1,0x73F2,0x73F1,0x7412,
    0x6390,0x2987,0x2987,0x2987,0x2987,0x2987,0x2987,0x2987,0x2987,0x2987,0x2987,0x2987,
    0x2987,0x2987,0x2987,0x636F,0x7412,0x73F1,0x73F1,0x73F2,0x10C3,0xF81F,0xF81F,0xF81F,
    0xF81F,0xF81F,0xF81F,0xF81F,0xF81F,0xF81F,0xF81F,0xF81F,0xF81F,0xF81F,0xF81F,0xF81F,
    0xF81F,0xF81F,0xF81F,0xF81F,
    0xF81F,0xF81F,0xF81F,0xF81F,0xF81F,0xF81F,0xF81F,0xF81F,0xF81F,0xF81F,0xF81F,0xF81F,
    0xF81F,0xF81F,0xF81F,0xF81F,0xF81F,0xF81F,0xF81F,0xF81F,0x39E9,0x426B,0x424A,0x424A,
    0x424A,0x2987,0x2987,0x2987,0x2987,0x2987,0x2987,0x2987,0x2987,0x2987,0x2987,0x2987,
    0x2987,0x2987,0x2987,0x424A,0x424A,0x424A,0x426B,0x3A09,0xF81F,0xF81F,0xF81F,0xF81F,
    0xF81F,0xF81F,0xF81F,0xF81F,0xF81F,0xF81F,0xF81F,0xF81F,0xF81F,0xF81F,0xF81F,0xF81F,
    0xF81F,0xF81F,0xF81F,0xF81F,
    0xF81F,0xF81F,0xF81F,0xF81F,0xF81F,0xF81F,0xF81F,0xF81F,0xF81F,0xF81F,0xF81F,0xF81F,
    0xF81F,0xF81F,0xF81F,0xF81F,0xF81F,0xF81F,0xF81F,0xF81F,0x31C8,0x4AAC,0x426B,0x4A8B,
    0x4A8B,0x426B,0x424B,0x426B,0x426B,0x426B,0x426B,0x426B,0x426B,0x426B,0x426B,0x426B,
    0x426B,0x426B,0x426B,0x4A8B,0x4A8B,0x426B,0x4AAC,0x39E9,0xF81F,0xF81F,0xF81F,0xF81F,
    0xF81F,0xF81F,0xF81F,0xF81F,0xF81F,0xF81F,0xF81F,0xF81F,0xF81F,0xF81F,0xF81F,0xF81F,
    0xF81F,0xF81F,0xF81F,0xF81F,
    0xF81F,0xF81F,0xF81F,0xF81F,0xF81F,0xF81F,0xF81F,0xF81F,0xF81F,0xF81F,0xF81F,0xF81F,
    0xF81F,0xF81F,0xF81F,0xF81F,0xF81F,0xF81F,0xF81F,0xF81F,0x2146,0x4A8C,0x424B,0x426B,
    0x426B,0x426B,0x426B,0x426B,0x426B,0x426B,0x426B,0x426B,0x426B,0x426B,0x426B,0x426B,
    0x426B,0x426B,0x426B,0x426B,0x426B,0x424B,0x4A8C,0x2966,0xF81F,0xF81F,0xF81F,0xF81F,
    0xF81F,0xF81F,0xF81F,0xF81F,0xF81F,0xF81F,0xF81F,0xF81F,0xF81F,0xF81F,0xF81F,0xF81F,
    0xF81F,0xF81F,0xF81F,0xF81F,
    0xF81F,0xF81F,0xF81F,0xF81F,0xF81F,0xF81F,0xF81F,0xF81F,0xF81F,0xF81F,0xF81F,0xF81F,
    0xF81F,0xF81F,0xF81F,0xF81F,0xF81F,0xF81F,0xF81F,0xF81F,0x18C3,0x426B,0x424A,0x424A,
    0x424A,0x424A,0x424A,0x424A,0x424A,0x424A,0x424A,0x424A,0x424A,0x424A,0x424A,0x424A,
    0x424A,0x424A,0x424A,0x424A,0x424A,0x424A,0x4A6B,0x18E4,0xF81F,0xF81F,0xF81F,0xF81F,
    0xF81F,0xF81F,0xF81F,0xF81F,0xF81F,0xF81F,0xF81F,0xF81F,0xF81F,0xF81F,0xF81F,0xF81F,
    0xF81F,0xF81F,0xF81F,0xF81F,
    0xF81F,0xF81F,0xF81F,0xF81F,0xF81F,0xF81F,0xF81F,0xF81F,0xF81F,0xF81F,0xF81F,0xF81F,
    0xF81F,0xF81F,0xF81F,0xF81F,0xF81F,0xF81F,0xF81F,0xF81F,0x0862,0x422A,0x3A2A,0x422A,
    0x422A,0x422A,0x422A,0x422A,0x422A,0x422A,0x422A,0x422A,0x422A,0x422A,0x422A,0x422A,
    0x422A,0x422A,0x422A,0x422A,0x422A,0x3A2A,0x424A,0x1082,0xF81F,0xF81F,0xF81F,0xF81F,
    0xF81F,0xF81F,0xF81F,0xF81F,0xF81F,0xF81F,0xF81F,0xF81F,0xF81F,0xF81F,0xF81F,0xF81F,
    0xF81F,0xF81F,0xF81F,0xF81F,
    0xF81F,0xF81F,0xF81F,0xF81F,0xF81F,0xF81F,0xF81F,0xF81F,0xF81F,0xF81F,0xF81F,0xF81F,
    0xF81F,0xF81F,0xF81F,0xF81F,0xF81F,0xF81F,0xF81F,0xF81F,0xF81F,0x39E9,0x3A2A,0x3A09,
    0x3A09,0x3A09,0x3A09,0x3A09,0x3A09,0x3A09,0x3A09,0x3A09,0x3A09,0x3A09,0x3A09,0x3A09,
    0x3A09,0x3A09,0x3A09,0x3A09,0x3A09,0x3A2A,0x3A09,0x0041,0xF81F,0xF81F,0xF81F,0xF81F,
    0xF81F,0xF81F,0xF81F,0xF81F,0xF81F,0xF81F,0xF81F,0xF81F,0xF81F,0xF81F,0xF81F,0xF81F,
    0xF81F,0xF81F,0xF81F,0xF81F,
    0xF81F,0xF81F,0xF81F,0xF81F,0xF81F,0xF81F,0xF81F,0xF81F,0xF81F,0xF81F,0xF81F,0xF81F,
    0xF81F,0xF81F,0xF81F,0xF81F,0xF81F,0xF81F,0xF81F,0xF81F,0xF81F,0x2987,0x3A09,0x39E9,
    0x3A09,0x3A09,0x3A09,0x3A09,0x3A09,0x3A09,0x3A09,0x3A09,0x3A09,0x3A09,0x3A09,0x3A09,
    0x3A09,0x3A09,0x3A09,0x3A09,0x39E9,0x3A09,0x31A8,0xF81F,0xF81F,0xF81F,0xF81F,0xF81F,
    0xF81F,0xF81F,0xF81F,0xF81F,0xF81F,0xF81F,0xF81F,0xF81F,0xF81F,0xF81F,0xF81F,0xF81F,
    0xF81F,0xF81F,0xF81F,0xF81F,
    0xF81F,0xF81F,0xF81F,0xF81F,0xF81F,0xF81F,0xF81F,0xF81F,0xF81F,0xF81F,0xF81F,0xF81F,
    0xF81F,0xF81F,0xF81F,0xF81F,0xF81F,0xF81F,0xF81F,0xF81F,0xF81F,0x2125,0x3A09,0x31E8,
    0x39E9,0x39E9,0x39E9,0x39E9,0x31E9,0x31E9,0x31E9,0x31E9,0x31E9,0x31E9,0x31E9,0x31E9,
    0x39E9,0x39E9,0x39E9,0x39E9,0x31E8,0x3A09,0x2146,0xF81F,0xF81F,0xF81F,0xF81F,0xF81F,
    0xF81F,0xF81F,0xF81F,0xF81F,0xF81F,0xF81F,0xF81F,0xF81F,0xF81F,0xF81F,0xF81F,0xF81F,
    0xF81F,0xF81F,0xF81F,0xF81F,
    0xF81F,0xF81F,0xF81F,0xF81F,0xF81F,0xF81F,0xF81F,0xF81F,0xF81F,0xF81F,0xF81F,0xF81F,
    0xF81F,0xF81F,0xF81F,0xF81F,0xF81F,0xF81F,0xF81F,0xF81F,0xF81F,0x18C4,0x39E9,0x31C8,
    0x31C8,0x31C8,0x31C8,0x31C8,0x39E8,0x4208,0x4208,0x4208,0x4208,0x4208,0x4208,0x3A08,
    0x31C8,0x31C8,0x31C8,0x31C8,0x31C8,0x39E9,0x1904,0xF81F,0xF81F,0xF81F,0xF81F,0xF81F,
    0xF81F,0xF81F,0xF81F,0xF81F,0xF81F,0xF81F,0xF81F,0xF81F,0xF81F,0xF81F,0xF81F,0xF81F,
    0xF81F,0xF81F,0xF81F,0xF81F,
    0xF81F,0xF81F,0xF81F,0xF81F,0xF81F,0xF81F,0xF81F,0xF81F,0xF81F,0xF81F,0xF81F,0xF81F,
    0xF81F,0xF81F,0xF81F,0xF81F,0xF81F,0xF81F,0xF81F,0xF81F,0xF81F,0x0882,0x31C8,0x31A8,
    0x31C8,0x31C8,0x2988,0x5A67,0xF584,0xFD84,0xFD84,0xFD84,0xFD84,0xFD84,0xFD84,0xFDA4,
    0x62A7,0x2988,0x31C8,0x31C8,0x31A8,0x31C8,0x10A3,0xF81F,0xF81F,0xF81F,0xF81F,0xF81F,
    0xF81F,0xF81F,0xF81F,0xF81F,0xF81F,0xF81F,0xF81F,0xF81F,0xF81F,0xF81F,0xF81F,0xF81F,
    0xF81F,0xF81F,0xF81F,0xF81F,
    0xF81F,0xF81F,0xF81F,0xF81F,0xF81F,0xF81F,0xF81F,0xF81F,0xF81F,0xF81F,0xF81F,0xF81F,
    0xF81F,0xF81F,0xF81F,0xF81F,0xF81F,0xF81F,0xF81F,0xF81F,0xF81F,0x0041,0x29A7,0x31A7,
    0x31A7,0x31A7,0x29A7,0x39E7,0x8346,0x8346,0x8346,0x8346,0x8346,0x8346,0x8346,0x8346,
    0x41E7,0x29A7,0x31A7,0x31A7,0x31A7,0x31A7,0x0841,0xF81F,0xF81F,0xF81F,0xF81F,0xF81F,
    0xF81F,0xF81F,0xF81F,0xF81F,0xF81F,0xF81F,0xF81F,0xF81F,0xF81F,0xF81F,0xF81F,0xF81F,
    0xF81F,0xF81F,0xF81F,0xF81F,
    0xF81F,0xF81F,0xF81F,0xF81F,0xF81F,0xF81F,0xF81F,0xF81F,0xF81F,0xF81F,0xF81F,0xF81F,
    0xF81F,0xF81F,0xF81F,0xF81F,0xF81F,0xF81F,0xF81F,0xF81F,0xF81F,0xF81F,0x2966,0x29A7,
    0x2987,0x2987,0x2987,0x2987,0x1108,0x1108,0x1108,0x1108,0x1108,0x1108,0x1108,0x1108,
    0x2967,0x2987,0x2987,0x2987,0x29A7,0x2966,0xF81F,0xF81F,0xF81F,0xF81F,0xF81F,0xF81F,
    0xF81F,0xF81F,0xF81F,0xF81F,0xF81F,0xF81F,0xF81F,0xF81F,0xF81F,0xF81F,0xF81F,0xF81F,
    0xF81F,0xF81F,0xF81F,0xF81F,
    0xF81F,0xF81F,0xF81F,0xF81F,0xF81F,0xF81F,0xF81F,0xF81F,0xF81F,0xF81F,0xF81F,0xF81F,
    0xF81F,0xF81F,0xF81F,0xF81F,0xF81F,0xF81F,0xF81F,0xF81F,0xF81F,0xF81F,0x1905,0x2987,
    0x2966,0x2987,0x2967,0x31A7,0x6286,0x62A6,0x62A6,0x62A6,0x62A6,0x62A6,0x62A6,0x62A6,
    0x31A7,0x2967,0x2987,0x2966,0x2987,0x2125,0xF81F,0xF81F,0xF81F,0xF81F,0xF81F,0xF81F,
    0xF81F,0xF81F,0xF81F,0xF81F,0xF81F,0xF81F,0xF81F,0xF81F,0xF81F,0xF81F,0xF81F,0xF81F,
    0xF81F,0xF81F,0xF81F,0xF81F,
    0xF81F,0xF81F,0xF81F,0xF81F,0xF81F,0xF81F,0xF81F,0xF81F,0xF81F,0xF81F,0xF81F,0xF81F,
    0xF81F,0xF81F,0xF81F,0xF81F,0xF81F,0xF81F,0xF81F,0xF81F,0xF81F,0xF81F,0x10C3,0x2967,
    0x2146,0x2966,0x2126,0x5226,0xFDA3,0xFDA3,0xFDA3,0xFDA3,0xFDA3,0xFDA3,0xFDA3,0xFDC3,
    0x5A66,0x1926,0x2966,0x2146,0x2967,0x18E4,0xF81F,0xF81F,0xF81F,0xF81F,0xF81F,0xF81F,
    0xF81F,0xF81F,0xF81F,0xF81F,0xF81F,0xF81F,0xF81F,0xF81F,0xF81F,0xF81F,0xF81F,0xF81F,
    0xF81F,0xF81F,0xF81F,0xF81F,
    0xF81F,0xF81F,0xF81F,0xF81F,0xF81F,0xF81F,0xF81F,0xF81F,0xF81F,0xF81F,0xF81F,0xF81F,
    0xF81F,0xF81F,0xF81F,0xF81F,0xF81F,0xF81F,0xF81F,0xF81F,0xF81F,0xF81F,0x0882,0x2966,
    0x2146,0x2146,0x2146,0x2946,0x41E6,0x4A05,0x4A05,0x4A05,0x4A05,0x4A05,0x4A05,0x41E5,
    0x2966,0x2146,0x2146,0x2126,0x2966,0x1082,0xF81F,0xF81F,0xF81F,0xF81F,0xF81F,0xF81F,
    0xF81F,0xF81F,0xF81F,0xF81F,0xF81F,0xF81F,0xF81F,0xF81F,0xF81F,0xF81F,0xF81F,0xF81F,
    0xF81F,0xF81F,0xF81F,0xF81F,
    0xF81F,0xF81F,0xF81F,0xF81F,0xF81F,0xF81F,0xF81F,0xF81F,0xF81F,0xF81F,0xF81F,0xF81F,
    0xF81F,0xF81F,0xF81F,0xF81F,0xF81F,0xF81F,0xF81F,0xF81F,0xF81F,0xF81F,0x0841,0x2146,
    0x2125,0x2125,0x2145,0x1925,0x08A6,0x08A6,0x08A6,0x08A6,0x08A6,0x08A6,0x08A6,0x08A6,
    0x1905,0x2145,0x2125,0x2125,0x2146,0x0841,0xF81F,0xF81F,0xF81F,0xF81F,0xF81F,0xF81F,
    0xF81F,0xF81F,0xF81F,0xF81F,0xF81F,0xF81F,0xF81F,0xF81F,0xF81F,0xF81F,0xF81F,0xF81F,
    0xF81F,0xF81F,0xF81F,0xF81F,
    0xF81F,0xF81F,0xF81F,0xF81F,0xF81F,0xF81F,0xF81F,0xF81F,0xF81F,0xF81F,0xF81F,0xF81F,
    0xF81F,0xF81F,0xF81F,0xF81F,0xF81F,0xF81F,0xF81F,0xF81F,0xF81F,0xF81F,0x0000,0x1905,
    0x2125,0x2125,0x1905,0x3185,0x9B84,0x9BA4,0x9BA4,0x9BA4,0x9BA4,0x9BA4,0x9BA4,0x9BA4,
    0x39A5,0x1905,0x2125,0x2125,0x1905,0x0020,0xF81F,0xF81F,0xF81F,0xF81F,0xF81F,0xF81F,
    0xF81F,0xF81F,0xF81F,0xF81F,0xF81F,0xF81F,0xF81F,0xF81F,0xF81F,0xF81F,0xF81F,0xF81F,
    0xF81F,0xF81F,0xF81F,0xF81F,
    0xF81F,0xF81F,0xF81F,0xF81F,0xF81F,0xF81F,0xF81F,0xF81F,0xF81F,0xF81F,0xF81F,0xF81F,
    0xF81F,0xF81F,0xF81F,0xF81F,0xF81F,0xF81F,0xF81F,0xF81F,0xF81F,0xF81F,0xF81F,0x18C4,
    0x1905,0x1904,0x10C4,0x41C4,0xE503,0xE503,0xE504,0xE524,0xE524,0xE504,0xE503,0xE523,
    0x49E4,0x10C4,0x1904,0x1905,0x18E4,0xF81F,0xF81F,0xF81F,0xF81F,0xF81F,0xF81F,0xF81F,
    0xF81F,0xF81F,0xF81F,0xF81F,0xF81F,0xF81F,0xF81F,0xF81F,0xF81F,0xF81F,0xF81F,0xF81F,
    0xF81F,0xF81F,0xF81F,0xF81F,
    0xF81F,0xF81F,0xF81F,0xF81F,0xF81F,0xF81F,0xF81F,0xF81F,0xF81F,0xF81F,0xF81F,0xF81F,
    0xF81F,0xF81F,0xF81F,0xF81F,0xF81F,0xF81F,0xF81F,0xF81F,0xF81F,0xF81F,0xF81F,0x1083,
    0x1905,0x1905,0x2125,0x1905,0x1905,0x1905,0x18E5,0x10C4,0x10C4,0x18E5,0x1905,0x1905,
    0x1905,0x2125,0x1905,0x1904,0x10A3,0xF81F,0xF81F,0xF81F,0xF81F,0xF81F,0xF81F,0xF81F,
    0xF81F,0xF81F,0xF81F,0xF81F,0xF81F,0xF81F,0xF81F,0xF81F,0xF81F,0xF81F,0xF81F,0xF81F,
    0xF81F,0xF81F,0xF81F,0xF81F,
    0xF81F,0xF81F,0xF81F,0xF81F,0xF81F,0xF81F,0xF81F,0xF81F,0xF81F,0xF81F,0xF81F,0xF81F,
    0xF81F,0xF81F,0xF81F,0xF81F,0xF81F,0xF81F,0xF81F,0xF81F,0xF81F,0xF81F,0xF81F,0x0862,
    0x2125,0x2146,0x2146,0x2146,0x2146,0x2146,0x2146,0x18E4,0x18E4,0x2146,0x2146,0x2146,
    0x2146,0x2146,0x2146,0x2146,0x0862,0xF81F,0xF81F,0xF81F,0xF81F,0xF81F,0xF81F,0xF81F,
    0xF81F,0xF81F,0xF81F,0xF81F,0xF81F,0xF81F,0xF81F,0xF81F,0xF81F,0xF81F,0xF81F,0xF81F,
    0xF81F,0xF81F,0xF81F,0xF81F,
    0xF81F,0xF81F,0xF81F,0xF81F,0xF81F,0xF81F,0xF81F,0xF81F,0xF81F,0xF81F,0xF81F,0xF81F,
    0xF81F,0xF81F,0xF81F,0xF81F,0xF81F,0xF81F,0xF81F,0xF81F,0xF81F,0xF81F,0xF81F,0x0841,
    0x2125,0x1905,0x2125,0x2125,0x2125,0x2125,0x2125,0x1904,0x1904,0x2125,0x2125,0x2125,
    0x2125,0x2125,0x1905,0x2126,0x0862,0xF81F,0xF81F,0xF81F,0xF81F,0xF81F,0xF81F,0xF81F,
    0xF81F,0xF81F,0xF81F,0xF81F,0xF81F,0xF81F,0xF81F,0xF81F,0xF81F,0xF81F,0xF81F,0xF81F,
    0xF81F,0xF81F,0xF81F,0xF81F,
    0xF81F,0xF81F,0xF81F,0xF81F,0xF81F,0xF81F,0xF81F,0xF81F,0xF81F,0xF81F,0xF81F,0xF81F,
    0xF81F,0xF81F,0xF81F,0xF81F,0xF81F,0xF81F,0xF81F,0xF81F,0xF81F,0xF81F,0xF81F,0x0841,
    0x1905,0x1905,0x1905,0x1905,0x1905,0x1905,0x1905,0x18E4,0x18E4,0x1905,0x1905,0x1905,
    0x1905,0x1905,0x1905,0x2105,0x0841,0xF81F,0xF81F,0xF81F,0xF81F,0xF81F,0xF81F,0xF81F,
    0xF81F,0xF81F,0xF81F,0xF81F,0xF81F,0xF81F,0xF81F,0xF81F,0xF81F,0xF81F,0xF81F,0xF81F,
    0xF81F,0xF81F,0xF81F,0xF81F,
    0xF81F,0xF81F,0xF81F,0xF81F,0xF81F,0xF81F,0xF81F,0xF81F,0xF81F,0xF81F,0xF81F,0xF81F,
    0xF81F,0xF81F,0xF81F,0xF81F,0xF81F,0xF81F,0xF81F,0xF81F,0xF81F,0xF81F,0xF81F,0x0021,
    0x18E4,0x18E4,0x18E4,0x18E4,0x18E4,0x18E4,0x1904,0x10A3,0x10A3,0x1904,0x18E4,0x18E4,
    0x18E4,0x18E4,0x18E4,0x1904,0x0841,0xF81F,0xF81F,0xF81F,0xF81F,0xF81F,0xF81F,0xF81F,
    0xF81F,0xF81F,0xF81F,0xF81F,0xF81F,0xF81F,0xF81F,0xF81F,0xF81F,0xF81F,0xF81F,0xF81F,
    0xF81F,0xF81F,0xF81F,0xF81F,
    0xF81F,0xF81F,0xF81F,0xF81F,0xF81F,0xF81F,0xF81F,0xF81F,0xF81F,0xF81F,0xF81F,0xF81F,
    0xF81F,0xF81F,0xF81F,0xF81F,0xF81F,0xF81F,0xF81F,0xF81F,0xF81F,0xF81F,0xF81F,0x0021,
    0x18C4,0x10C4,0x18C4,0x10C4,0x10C4,0x10C4,0x18E4,0x1083,0x1082,0x18E4,0x10C4,0x10C4,
    0x10C4,0x10C4,0x10C4,0x18E4,0x0041,0xF81F,0xF81F,0xF81F,0xF81F,0xF81F,0xF81F,0xF81F,
    0xF81F,0xF81F,0xF81F,0xF81F,0xF81F,0xF81F,0xF81F,0xF81F,0xF81F,0xF81F,0xF81F,0xF81F,
    0xF81F,0xF81F,0xF81F,0xF81F,
    0xF81F,0xF81F,0xF81F,0xF81F,0xF81F,0xF81F,0xF81F,0xF81F,0xF81F,0xF81F,0xF81F,0xF81F,
    0xF81F,0xF81F,0xF81F,0xF81F,0xF81F,0xF81F,0xF81F,0xF81F,0xF81F,0xF81F,0xF81F,0x0020,
    0x10C3,0x10C3,0x10C3,0x10C3,0x10C3,0x10A3,0x10C4,0x0862,0x0862,0x18C4,0x10A3,0x10C3,
    0x10C3,0x10C3,0x10C3,0x10C4,0x0020,0xF81F,0xF81F,0xF81F,0xF81F,0xF81F,0xF81F,0xF81F,
    0xF81F,0xF81F,0xF81F,0xF81F,0xF81F,0xF81F,0xF81F,0xF81F,0xF81F,0xF81F,0xF81F,0xF81F,
    0xF81F,0xF81F,0xF81F,0xF81F,
    0xF81F,0xF81F,0xF81F,0xF81F,0xF81F,0xF81F,0xF81F,0xF81F,0xF81F,0xF81F,0xF81F,0xF81F,
    0xF81F,0xF81F,0xF81F,0xF81F,0xF81F,0xF81F,0xF81F,0xF81F,0xF81F,0xF81F,0xF81F,0xF81F,
    0x0841,0x10A3,0x10A3,0x10A3,0x10A3,0x10A3,0x1082,0x0000,0x0000,0x1082,0x10A3,0x10A3,
    0x10A3,0x10A3,0x10A3,0x0861,0xF81F,0xF81F,0xF81F,0xF81F,0xF81F,0xF81F,0xF81F,0xF81F,
    0xF81F,0xF81F,0xF81F,0xF81F,0xF81F,0xF81F,0xF81F,0xF81F,0xF81F,0xF81F,0xF81F,0xF81F,
    0xF81F,0xF81F,0xF81F,0xF81F,
    0xF81F,0xF81F,0xF81F,0xF81F,0xF81F,0xF81F,0xF81F,0xF81F,0xF81F,0xF81F,0xF81F,0xF81F,
    0xF81F,0xF81F,0xF81F,0xF81F,0xF81F,0xF81F,0xF81F,0xF81F,0xF81F,0xF81F,0xF81F,0xF81F,
    0xF81F,0x0000,0x0000,0x0000,0x0000,0x0000,0xF81F,0xF81F,0xF81F,0xF81F,0x0000,0x0000,
    0x0000,0x0000,0x0000,0xF81F,0xF81F,0xF81F,0xF81F,0xF81F,0xF81F,0xF81F,0xF81F,0xF81F,
    0xF81F,0xF81F,0xF81F,0xF81F,0xF81F,0xF81F,0xF81F,0xF81F,0xF81F,0xF81F,0xF81F,0xF81F,
    0xF81F,0xF81F,0xF81F,0xF81F,
    0xF81F,0xF81F,0xF81F,0xF81F,0xF81F,0xF81F,0xF81F,0xF81F,0xF81F,0xF81F,0xF81F,0xF81F,
    0xF81F,0xF81F,0xF81F,0xF81F,0xF81F,0xF81F,0xF81F,0xF81F,0xF81F,0xF81F,0xF81F,0xF81F,
    0xF81F,0xF81F,0xF81F,0xF81F,0xF81F,0xF81F,0xF81F,0xF81F,0xF81F,0xF81F,0xF81F,0xF81F,
    0xF81F,0xF81F,0xF81F,0xF81F,0xF81F,0xF81F,0xF81F,0xF81F,0xF81F,0xF81F,0xF81F,0xF81F,
    0xF81F,0xF81F,0xF81F,0xF81F,0xF81F,0xF81F,0xF81F,0xF81F,0xF81F,0xF81F,0xF81F,0xF81F,
    0xF81F,0xF81F,0xF81F,0xF81F,
    0xF81F,0xF81F,0xF81F,0xF81F,0xF81F,0xF81F,0xF81F,0xF81F,0xF81F,0xF81F,0xF81F,0xF81F,
    0xF81F,0xF81F,0xF81F,0xF81F,0xF81F,0xF81F,0xF81F,0xF81F,0xF81F,0xF81F,0xF81F,0xF81F,
    0xF81F,0xF81F,0xF81F,0xF81F,0xF81F,0xF81F,0xF81F,0xF81F,0xF81F,0xF81F,0xF81F,0xF81F,
    0xF81F,0xF81F,0xF81F,0xF81F,0xF81F,0xF81F,0xF81F,0xF81F,0xF81F,0xF81F,0xF81F,0xF81F,
    0xF81F,0xF81F,0xF81F,0xF81F,0xF81F,0xF81F,0xF81F,0xF81F,0xF81F,0xF81F,0xF81F,0xF81F,
    0xF81F,0xF81F,0xF81F,0xF81F,
    0xF81F,0xF81F,0xF81F,0xF81F,0xF81F,0xF81F,0xF81F,0xF81F,0xF81F,0xF81F,0xF81F,0xF81F,
    0xF81F,0xF81F,0xF81F,0xF81F,0xF81F,0xF81F,0xF81F,0xF81F,0xF81F,0xF81F,0xF81F,0xF81F,
    0xF81F,0xF81F,0xF81F,0xF81F,0xF81F,0xF81F,0xF81F,0xF81F,0xF81F,0xF81F,0xF81F,0xF81F,
    0xF81F,0xF81F,0xF81F,0xF81F,0xF81F,0xF81F,0xF81F,0xF81F,0xF81F,0xF81F,0xF81F,0xF81F,
    0xF81F,0xF81F,0xF81F,0xF81F,0xF81F,0xF81F,0xF81F,0xF81F,0xF81F,0xF81F,0xF81F,0xF81F,
    0xF81F,0xF81F,0xF81F,0xF81F,
    0xF81F,0xF81F,0xF81F,0xF81F,0xF81F,0xF81F,0xF81F,0xF81F,0xF81F,0xF81F,0xF81F,0xF81F,
    0xF81F,0xF81F,0xF81F,0xF81F,0xF81F,0xF81F,0xF81F,0xF81F,0xF81F,0xF81F,0xF81F,0xF81F,
    0xF81F,0xF81F,0xF81F,0xF81F,0xF81F,0xF81F,0xF81F,0xF81F,0xF81F,0xF81F,0xF81F,0xF81F,
    0xF81F,0xF81F,0xF81F,0xF81F,0xF81F,0xF81F,0xF81F,0xF81F,0xF81F,0xF81F,0xF81F,0xF81F,
    0xF81F,0xF81F,0xF81F,0xF81F,0xF81F,0xF81F,0xF81F,0xF81F,0xF81F,0xF81F,0xF81F,0xF81F,
    0xF81F,0xF81F,0xF81F,0xF81F,
    0xF81F,0xF81F,0xF81F,0xF81F,0xF81F,0xF81F,0xF81F,0xF81F,0xF81F,0xF81F,0xF81F,0xF81F,
    0xF81F,0xF81F,0xF81F,0xF81F,0xF81F,0xF81F,0xF81F,0xF81F,0xF81F,0xF81F,0xF81F,0xF81F,
    0xF81F,0xF81F,0xF81F,0xF81F,0xF81F,0xF81F,0xF81F,0xF81F,0xF81F,0xF81F,0xF81F,0xF81F,
    0xF81F,0xF81F,0xF81F,0xF81F,0xF81F,0xF81F,0xF81F,0xF81F,0xF81F,0xF81F,0xF81F,0xF81F,
    0xF81F,0xF81F,0xF81F,0xF81F,0xF81F,0xF81F,0xF81F,0xF81F,0xF81F,0xF81F,0xF81F,0xF81F,
    0xF81F,0xF81F,0xF81F,0xF81F,
    0xF81F,0xF81F,0xF81F,0xF81F,0xF81F,0xF81F,0xF81F,0xF81F,0xF81F,0xF81F,0xF81F,0xF81F,
    0xF81F,0xF81F,0xF81F,0xF81F,0xF81F,0xF81F,0xF81F,0xF81F,0xF81F,0xF81F,0xF81F,0xF81F,
    0xF81F,0xF81F,0xF81F,0xF81F,0xF81F,0xF81F,0xF81F,0xF81F,0xF81F,0xF81F,0xF81F,0xF81F,
    0xF81F,0xF81F,0xF81F,0xF81F,0xF81F,0xF81F,0xF81F,0xF81F,0xF81F,0xF81F,0xF81F,0xF81F,
    0xF81F,0xF81F,0xF81F,0xF81F,0xF81F,0xF81F,0xF81F,0xF81F,0xF81F,0xF81F,0xF81F,0xF81F,
    0xF81F,0xF81F,0xF81F,0xF81F,
};

static const uint16_t hd_beast_hero[112 * 112] PROGMEM = {
    0xF81F,0xF81F,0xF81F,0xF81F,0xF81F,0xF81F,0xF81F,0xF81F,0xF81F,0xF81F,0xF81F,0xF81F,
    0xF81F,0xF81F,0xF81F,0xF81F,0xF81F,0xF81F,0xF81F,0xF81F,0xF81F,0xF81F,0xF81F,0xF81F,
    0xF81F,0xF81F,0xF81F,0xF81F,0xF81F,0xF81F,0xF81F,0xF81F,0xF81F,0xF81F,0xF81F,0xF81F,
    0xF81F,0xF81F,0xF81F,0xF81F,0xF81F,0xF81F,0xF81F,0xF81F,0xF81F,0xF81F,0xF81F,0xF81F,
    0xF81F,0xF81F,0xF81F,0xF81F,0xF81F,0xF81F,0xF81F,0xF81F,0xF81F,0xF81F,0xF81F,0xF81F,
    0xF81F,0xF81F,0xF81F,0xF81F,0xF81F,0xF81F,0xF81F,0xF81F,0xF81F,0xF81F,0xF81F,0xF81F,
    0xF81F,0xF81F,0xF81F,0xF81F,0xF81F,0xF81F,0xF81F,0xF81F,0xF81F,0xF81F,0xF81F,0xF81F,
    0xF81F,0xF81F,0xF81F,0xF81F,0xF81F,0xF81F,0xF81F,0xF81F,0xF81F,0xF81F,0xF81F,0xF81F,
    0xF81F,0xF81F,0xF81F,0xF81F,0xF81F,0xF81F,0xF81F,0xF81F,0xF81F,0xF81F,0xF81F,0xF81F,
    0xF81F,0xF81F,0xF81F,0xF81F,
    0xF81F,0xF81F,0xF81F,0xF81F,0xF81F,0xF81F,0xF81F,0xF81F,0xF81F,0xF81F,0xF81F,0xF81F,
    0xF81F,0xF81F,0xF81F,0xF81F,0xF81F,0xF81F,0xF81F,0xF81F,0xF81F,0xF81F,0xF81F,0xF81F,
    0xF81F,0xF81F,0xF81F,0xF81F,0xF81F,0xF81F,0xF81F,0xF81F,0xF81F,0xF81F,0xF81F,0xF81F,
    0xF81F,0xF81F,0xF81F,0xF81F,0xF81F,0xF81F,0xF81F,0xF81F,0xF81F,0xF81F,0xF81F,0xF81F,
    0xF81F,0xF81F,0xF81F,0xF81F,0xF81F,0xF81F,0xF81F,0xF81F,0xF81F,0xF81F,0xF81F,0xF81F,
    0xF81F,0xF81F,0xF81F,0xF81F,0xF81F,0xF81F,0xF81F,0xF81F,0xF81F,0xF81F,0xF81F,0xF81F,
    0xF81F,0xF81F,0xF81F,0xF81F,0xF81F,0xF81F,0xF81F,0xF81F,0xF81F,0xF81F,0xF81F,0xF81F,
    0xF81F,0xF81F,0xF81F,0xF81F,0xF81F,0xF81F,0xF81F,0xF81F,0xF81F,0xF81F,0xF81F,0xF81F,
    0xF81F,0xF81F,0xF81F,0xF81F,0xF81F,0xF81F,0xF81F,0xF81F,0xF81F,0xF81F,0xF81F,0xF81F,
    0xF81F,0xF81F,0xF81F,0xF81F,
    0xF81F,0xF81F,0xF81F,0xF81F,0xF81F,0xF81F,0xF81F,0xF81F,0xF81F,0xF81F,0xF81F,0xF81F,
    0xF81F,0xF81F,0xF81F,0xF81F,0xF81F,0xF81F,0xF81F,0xF81F,0xF81F,0xF81F,0xF81F,0xF81F,
    0xF81F,0xF81F,0xF81F,0xF81F,0xF81F,0xF81F,0xF81F,0xF81F,0xF81F,0xF81F,0xF81F,0xF81F,
    0xF81F,0xF81F,0xF81F,0xF81F,0xF81F,0xF81F,0xF81F,0xF81F,0xF81F,0xF81F,0xF81F,0xF81F,
    0xF81F,0xF81F,0xF81F,0xF81F,0xF81F,0xF81F,0xF81F,0xF81F,0xF81F,0xF81F,0xF81F,0xF81F,
    0xF81F,0xF81F,0xF81F,0xF81F,0xF81F,0xF81F,0xF81F,0xF81F,0xF81F,0xF81F,0xF81F,0xF81F,
    0xF81F,0xF81F,0xF81F,0xF81F,0xF81F,0xF81F,0xF81F,0xF81F,0xF81F,0xF81F,0xF81F,0xF81F,
    0xF81F,0xF81F,0xF81F,0xF81F,0xF81F,0xF81F,0xF81F,0xF81F,0xF81F,0xF81F,0xF81F,0xF81F,
    0xF81F,0xF81F,0xF81F,0xF81F,0xF81F,0xF81F,0xF81F,0xF81F,0xF81F,0xF81F,0xF81F,0xF81F,
    0xF81F,0xF81F,0xF81F,0xF81F,
    0xF81F,0xF81F,0xF81F,0xF81F,0xF81F,0xF81F,0xF81F,0xF81F,0xF81F,0xF81F,0xF81F,0xF81F,
    0xF81F,0xF81F,0xF81F,0xF81F,0xF81F,0xF81F,0xF81F,0xF81F,0xF81F,0xF81F,0xF81F,0xF81F,
    0xF81F,0xF81F,0xF81F,0xF81F,0xF81F,0xF81F,0xF81F,0xF81F,0xF81F,0xF81F,0xF81F,0xF81F,
    0xF81F,0xF81F,0xF81F,0xF81F,0xF81F,0xF81F,0xF81F,0xF81F,0xF81F,0xF81F,0xF81F,0xF81F,
    0xF81F,0xF81F,0xF81F,0xF81F,0xF81F,0xF81F,0xF81F,0xF81F,0xF81F,0xF81F,0xF81F,0xF81F,
    0xF81F,0xF81F,0xF81F,0xF81F,0xF81F,0xF81F,0xF81F,0xF81F,0xF81F,0xF81F,0xF81F,0xF81F,
    0xF81F,0xF81F,0xF81F,0xF81F,0xF81F,0xF81F,0xF81F,0xF81F,0xF81F,0xF81F,0xF81F,0xF81F,
    0xF81F,0xF81F,0xF81F,0xF81F,0xF81F,0xF81F,0xF81F,0xF81F,0xF81F,0xF81F,0xF81F,0xF81F,
    0xF81F,0xF81F,0xF81F,0xF81F,0xF81F,0xF81F,0xF81F,0xF81F,0xF81F,0xF81F,0xF81F,0xF81F,
    0xF81F,0xF81F,0xF81F,0xF81F,
    0xF81F,0xF81F,0xF81F,0xF81F,0xF81F,0xF81F,0xF81F,0xF81F,0xF81F,0xF81F,0xF81F,0xF81F,
    0xF81F,0xF81F,0xF81F,0xF81F,0xF81F,0xF81F,0xF81F,0xF81F,0xF81F,0xF81F,0xF81F,0xF81F,
    0xF81F,0xF81F,0xF81F,0xF81F,0xF81F,0xF81F,0xF81F,0xF81F,0xF81F,0xF81F,0xF81F,0xF81F,
    0xF81F,0xF81F,0xF81F,0xF81F,0xF81F,0xF81F,0xF81F,0xF81F,0xF81F,0xF81F,0xF81F,0xF81F,
    0xF81F,0xF81F,0xF81F,0xF81F,0xF81F,0xF81F,0xF81F,0xF81F,0xF81F,0xF81F,0xF81F,0xF81F,
    0xF81F,0xF81F,0xF81F,0xF81F,0xF81F,0xF81F,0xF81F,0xF81F,0xF81F,0xF81F,0xF81F,0xF81F,
    0xF81F,0xF81F,0xF81F,0xF81F,0xF81F,0xF81F,0xF81F,0xF81F,0xF81F,0xF81F,0xF81F,0xF81F,
    0xF81F,0xF81F,0xF81F,0xF81F,0xF81F,0xF81F,0xF81F,0xF81F,0xF81F,0xF81F,0xF81F,0xF81F,
    0xF81F,0xF81F,0xF81F,0xF81F,0xF81F,0xF81F,0xF81F,0xF81F,0xF81F,0xF81F,0xF81F,0xF81F,
    0xF81F,0xF81F,0xF81F,0xF81F,
    0xF81F,0xF81F,0xF81F,0xF81F,0xF81F,0xF81F,0xF81F,0xF81F,0xF81F,0xF81F,0xF81F,0xF81F,
    0xF81F,0xF81F,0xF81F,0xF81F,0xF81F,0xF81F,0xF81F,0xF81F,0xF81F,0xF81F,0xF81F,0xF81F,
    0xF81F,0xF81F,0xF81F,0xF81F,0xF81F,0xF81F,0xF81F,0xF81F,0xF81F,0xF81F,0xF81F,0xF81F,
    0xF81F,0xF81F,0xF81F,0xF81F,0xF81F,0xF81F,0xF81F,0xF81F,0xF81F,0xF81F,0xF81F,0xF81F,
    0xF81F,0xF81F,0xF81F,0xF81F,0xF81F,0xF81F,0xF81F,0xF81F,0xF81F,0xF81F,0xF81F,0xF81F,
    0xF81F,0xF81F,0xF81F,0xF81F,0xF81F,0xF81F,0xF81F,0xF81F,0xF81F,0xF81F,0xF81F,0xF81F,
    0xF81F,0xF81F,0xF81F,0xF81F,0xF81F,0xF81F,0xF81F,0xF81F,0xF81F,0xF81F,0xF81F,0xF81F,
    0xF81F,0xF81F,0xF81F,0xF81F,0xF81F,0xF81F,0xF81F,0xF81F,0xF81F,0xF81F,0xF81F,0xF81F,
    0xF81F,0xF81F,0xF81F,0xF81F,0xF81F,0xF81F,0xF81F,0xF81F,0xF81F,0xF81F,0xF81F,0xF81F,
    0xF81F,0xF81F,0xF81F,0xF81F,
    0xF81F,0xF81F,0xF81F,0xF81F,0xF81F,0xF81F,0xF81F,0xF81F,0xF81F,0xF81F,0xF81F,0xF81F,
    0xF81F,0xF81F,0xF81F,0xF81F,0xF81F,0xF81F,0xF81F,0xF81F,0xF81F,0xF81F,0xF81F,0xF81F,
    0xF81F,0xF81F,0xF81F,0xF81F,0xF81F,0xF81F,0xF81F,0xF81F,0xF81F,0xF81F,0xF81F,0xF81F,
    0xF81F,0xF81F,0xF81F,0xF81F,0xF81F,0xF81F,0xF81F,0xF81F,0xF81F,0xF81F,0xF81F,0xF81F,
    0xF81F,0xF81F,0xF81F,0xF81F,0xF81F,0xF81F,0xF81F,0xF81F,0xF81F,0xF81F,0xF81F,0xF81F,
    0xF81F,0xF81F,0xF81F,0xF81F,0xF81F,0xF81F,0xF81F,0xF81F,0xF81F,0xF81F,0xF81F,0xF81F,
    0xF81F,0xF81F,0xF81F,0xF81F,0xF81F,0xF81F,0xF81F,0xF81F,0xF81F,0xF81F,0xF81F,0xF81F,
    0xF81F,0xF81F,0xF81F,0xF81F,0xF81F,0xF81F,0xF81F,0xF81F,0xF81F,0xF81F,0xF81F,0xF81F,
    0xF81F,0xF81F,0xF81F,0xF81F,0xF81F,0xF81F,0xF81F,0xF81F,0xF81F,0xF81F,0xF81F,0xF81F,
    0xF81F,0xF81F,0xF81F,0xF81F,
    0xF81F,0xF81F,0xF81F,0xF81F,0xF81F,0xF81F,0xF81F,0xF81F,0xF81F,0xF81F,0xF81F,0xF81F,
    0xF81F,0xF81F,0xF81F,0xF81F,0xF81F,0xF81F,0xF81F,0xF81F,0xF81F,0xF81F,0xF81F,0xF81F,
    0xF81F,0xF81F,0xF81F,0xF81F,0xF81F,0xF81F,0xF81F,0xF81F,0xF81F,0xF81F,0xF81F,0xF81F,
    0xF81F,0xF81F,0xF81F,0xF81F,0xF81F,0xF81F,0xF81F,0xF81F,0xF81F,0xF81F,0xF81F,0xF81F,
    0xF81F,0xF81F,0xF81F,0xF81F,0xF81F,0xF81F,0xF81F,0xF81F,0xF81F,0xF81F,0xF81F,0xF81F,
    0xF81F,0xF81F,0xF81F,0xF81F,0xF81F,0xF81F,0xF81F,0xF81F,0xF81F,0xF81F,0xF81F,0xF81F,
    0xF81F,0xF81F,0xF81F,0xF81F,0xF81F,0xF81F,0xF81F,0xF81F,0xF81F,0xF81F,0xF81F,0xF81F,
    0xF81F,0xF81F,0xF81F,0xF81F,0xF81F,0xF81F,0xF81F,0xF81F,0xF81F,0xF81F,0xF81F,0xF81F,
    0xF81F,0xF81F,0xF81F,0xF81F,0xF81F,0xF81F,0xF81F,0xF81F,0xF81F,0xF81F,0xF81F,0xF81F,
    0xF81F,0xF81F,0xF81F,0xF81F,
    0xF81F,0xF81F,0xF81F,0xF81F,0xF81F,0xF81F,0xF81F,0xF81F,0xF81F,0xF81F,0xF81F,0xF81F,
    0xF81F,0xF81F,0xF81F,0xF81F,0xF81F,0xF81F,0xF81F,0xF81F,0xF81F,0xF81F,0xF81F,0xF81F,
    0xF81F,0xF81F,0xF81F,0xF81F,0xF81F,0xF81F,0xF81F,0xF81F,0xF81F,0xF81F,0xF81F,0xF81F,
    0xF81F,0xF81F,0xF81F,0xF81F,0xF81F,0xF81F,0xF81F,0xF81F,0xF81F,0xF81F,0xF81F,0xF81F,
    0xF81F,0xF81F,0xF81F,0xF81F,0x0000,0x0000,0x0000,0x0000,0x0000,0x0000,0x0000,0x0000,
    0xF81F,0xF81F,0xF81F,0xF81F,0xF81F,0xF81F,0xF81F,0xF81F,0xF81F,0xF81F,0xF81F,0xF81F,
    0xF81F,0xF81F,0xF81F,0xF81F,0xF81F,0xF81F,0xF81F,0xF81F,0xF81F,0xF81F,0xF81F,0xF81F,
    0xF81F,0xF81F,0xF81F,0xF81F,0xF81F,0xF81F,0xF81F,0xF81F,0xF81F,0xF81F,0xF81F,0xF81F,
    0xF81F,0xF81F,0xF81F,0xF81F,0xF81F,0xF81F,0xF81F,0xF81F,0xF81F,0xF81F,0xF81F,0xF81F,
    0xF81F,0xF81F,0xF81F,0xF81F,
    0xF81F,0xF81F,0xF81F,0xF81F,0xF81F,0xF81F,0xF81F,0xF81F,0xF81F,0xF81F,0xF81F,0xF81F,
    0xF81F,0xF81F,0xF81F,0xF81F,0xF81F,0xF81F,0xF81F,0xF81F,0xF81F,0xF81F,0xF81F,0xF81F,
    0xF81F,0xF81F,0xF81F,0xF81F,0xF81F,0xF81F,0xF81F,0xF81F,0xF81F,0xF81F,0xF81F,0xF81F,
    0xF81F,0xF81F,0xF81F,0xF81F,0xF81F,0xF81F,0xF81F,0xF81F,0xF81F,0xF81F,0xF81F,0xF81F,
    0xF81F,0xF81F,0x0000,0x0000,0x0000,0x0020,0x0020,0x0020,0x0020,0x0020,0x0020,0x0000,
    0x0000,0x0000,0xF81F,0xF81F,0xF81F,0xF81F,0xF81F,0xF81F,0xF81F,0xF81F,0xF81F,0xF81F,
    0xF81F,0xF81F,0xF81F,0xF81F,0xF81F,0xF81F,0xF81F,0xF81F,0xF81F,0xF81F,0xF81F,0xF81F,
    0xF81F,0xF81F,0xF81F,0xF81F,0xF81F,0xF81F,0xF81F,0xF81F,0xF81F,0xF81F,0xF81F,0xF81F,
    0xF81F,0xF81F,0xF81F,0xF81F,0xF81F,0xF81F,0xF81F,0xF81F,0xF81F,0xF81F,0xF81F,0xF81F,
    0xF81F,0xF81F,0xF81F,0xF81F,
    0xF81F,0xF81F,0xF81F,0xF81F,0xF81F,0xF81F,0xF81F,0xF81F,0xF81F,0xF81F,0xF81F,0xF81F,
    0xF81F,0xF81F,0xF81F,0xF81F,0xF81F,0xF81F,0xF81F,0xF81F,0xF81F,0xF81F,0xF81F,0xF81F,
    0xF81F,0xF81F,0xF81F,0xF81F,0xF81F,0xF81F,0xF81F,0xF81F,0xF81F,0xF81F,0xF81F,0xF81F,
    0xF81F,0xF81F,0xF81F,0xF81F,0xF81F,0xF81F,0xF81F,0xF81F,0xF81F,0xF81F,0xF81F,0xF81F,
    0xF81F,0x0000,0x0020,0x0020,0x0021,0x0041,0x0061,0x0041,0x0041,0x0061,0x0061,0x0021,
    0x0020,0x0020,0x0000,0xF81F,0xF81F,0xF81F,0xF81F,0xF81F,0xF81F,0xF81F,0xF81F,0xF81F,
    0xF81F,0xF81F,0xF81F,0xF81F,0xF81F,0xF81F,0xF81F,0xF81F,0xF81F,0xF81F,0xF81F,0xF81F,
    0xF81F,0xF81F,0xF81F,0xF81F,0xF81F,0xF81F,0xF81F,0xF81F,0xF81F,0xF81F,0xF81F,0xF81F,
    0xF81F,0xF81F,0xF81F,0xF81F,0xF81F,0xF81F,0xF81F,0xF81F,0xF81F,0xF81F,0xF81F,0xF81F,
    0xF81F,0xF81F,0xF81F,0xF81F,
    0xF81F,0xF81F,0xF81F,0xF81F,0xF81F,0xF81F,0xF81F,0xF81F,0xF81F,0xF81F,0xF81F,0xF81F,
    0xF81F,0xF81F,0xF81F,0xF81F,0xF81F,0xF81F,0xF81F,0xF81F,0xF81F,0xF81F,0xF81F,0xF81F,
    0xF81F,0xF81F,0xF81F,0xF81F,0xF81F,0xF81F,0xF81F,0xF81F,0xF81F,0xF81F,0xF81F,0xF81F,
    0xF81F,0xF81F,0xF81F,0xF81F,0xF81F,0xF81F,0xF81F,0xF81F,0xF81F,0xF81F,0xF81F,0xF81F,
    0x0000,0x0000,0x0020,0x0041,0x0061,0x0020,0x0020,0x0082,0x0082,0x0020,0x0000,0x0061,
    0x0041,0x0020,0x0020,0x0000,0xF81F,0xF81F,0xF81F,0xF81F,0xF81F,0xF81F,0xF81F,0xF81F,
    0xF81F,0xF81F,0xF81F,0xF81F,0xF81F,0xF81F,0xF81F,0xF81F,0xF81F,0xF81F,0xF81F,0xF81F,
    0xF81F,0xF81F,0xF81F,0xF81F,0xF81F,0xF81F,0xF81F,0xF81F,0xF81F,0xF81F,0xF81F,0xF81F,
    0xF81F,0xF81F,0xF81F,0xF81F,0xF81F,0xF81F,0xF81F,0xF81F,0xF81F,0xF81F,0xF81F,0xF81F,
    0xF81F,0xF81F,0xF81F,0xF81F,
    0xF81F,0xF81F,0xF81F,0xF81F,0xF81F,0xF81F,0xF81F,0xF81F,0xF81F,0xF81F,0xF81F,0xF81F,
    0xF81F,0xF81F,0xF81F,0xF81F,0xF81F,0xF81F,0xF81F,0xF81F,0xF81F,0xF81F,0xF81F,0xF81F,
    0xF81F,0xF81F,0xF81F,0xF81F,0xF81F,0xF81F,0xF81F,0xF81F,0xF81F,0xF81F,0xF81F,0xF81F,
    0xF81F,0xF81F,0xF81F,0xF81F,0xF81F,0xF81F,0xF81F,0xF81F,0xF81F,0xF81F,0xF81F,0x0000,
    0x0000,0x0020,0x0041,0x0061,0x0021,0x024A,0x04D5,0x0619,0x061A,0x0515,0x02AB,0x0041,
    0x0061,0x0041,0x0020,0x0020,0x0000,0xF81F,0xF81F,0xF81F,0xF81F,0xF81F,0xF81F,0xF81F,
    0xF81F,0xF81F,0xF81F,0xF81F,0xF81F,0xF81F,0xF81F,0xF81F,0xF81F,0xF81F,0xF81F,0xF81F,
    0xF81F,0xF81F,0xF81F,0xF81F,0xF81F,0xF81F,0xF81F,0xF81F,0xF81F,0xF81F,0xF81F,0xF81F,
    0xF81F,0xF81F,0xF81F,0xF81F,0xF81F,0xF81F,0xF81F,0xF81F,0xF81F,0xF81F,0xF81F,0xF81F,
    0xF81F,0xF81F,0xF81F,0xF81F,
    0xF81F,0xF81F,0xF81F,0xF81F,0xF81F,0xF81F,0xF81F,0xF81F,0xF81F,0xF81F,0xF81F,0xF81F,
    0xF81F,0xF81F,0xF81F,0xF81F,0xF81F,0xF81F,0xF81F,0xF81F,0xF81F,0xF81F,0xF81F,0xF81F,
    0xF81F,0xF81F,0xF81F,0xF81F,0xF81F,0xF81F,0xF81F,0xF81F,0xF81F,0xF81F,0xF81F,0xF81F,
    0xF81F,0xF81F,0xF81F,0xF81F,0xF81F,0xF81F,0xF81F,0xF81F,0xF81F,0xF81F,0xF81F,0x0000,
    0x0020,0x0041,0x0061,0x0061,0x0452,0x079F,0x079F,0x077F,0x077F,0x079F,0x07BF,0x04F5,
    0x00A2,0x0061,0x0041,0x0020,0x0000,0xF81F,0xF81F,0xF81F,0xF81F,0xF81F,0xF81F,0xF81F,
    0xF81F,0xF81F,0xF81F,0xF81F,0xF81F,0xF81F,0xF81F,0xF81F,0xF81F,0xF81F,0xF81F,0xF81F,
    0xF81F,0xF81F,0xF81F,0xF81F,0xF81F,0xF81F,0xF81F,0xF81F,0xF81F,0xF81F,0xF81F,0xF81F,
    0xF81F,0xF81F,0xF81F,0xF81F,0xF81F,0xF81F,0xF81F,0xF81F,0xF81F,0xF81F,0xF81F,0xF81F,
    0xF81F,0xF81F,0xF81F,0xF81F,
    0xF81F,0xF81F,0xF81F,0xF81F,0xF81F,0xF81F,0xF81F,0xF81F,0xF81F,0xF81F,0xF81F,0xF81F,
    0xF81F,0xF81F,0xF81F,0xF81F,0xF81F,0xF81F,0xF81F,0xF81F,0xF81F,0xF81F,0xF81F,0xF81F,
    0xF81F,0xF81F,0xF81F,0xF81F,0xF81F,0xF81F,0xF81F,0xF81F,0xF81F,0xF81F,0xF81F,0xF81F,
    0xF81F,0xF81F,0xF81F,0xF81F,0xF81F,0xF81F,0xF81F,0xF81F,0xF81F,0xF81F,0xF81F,0x0020,
    0x0020,0x0062,0x0020,0x03F1,0x07DF,0x071F,0x071F,0x071F,0x071F,0x071F,0x06FF,0x07DF,
    0x04B4,0x0041,0x0061,0x0021,0x0000,0x0000,0xF81F,0xF81F,0xF81F,0xF81F,0xF81F,0xF81F,
    0xF81F,0xF81F,0xF81F,0xF81F,0xF81F,0xF81F,0xF81F,0xF81F,0xF81F,0xF81F,0xF81F,0xF81F,
    0xF81F,0xF81F,0xF81F,0xF81F,0xF81F,0xF81F,0xF81F,0xF81F,0xF81F,0xF81F,0xF81F,0xF81F,
    0xF81F,0xF81F,0xF81F,0xF81F,0xF81F,0xF81F,0xF81F,0xF81F,0xF81F,0xF81F,0xF81F,0xF81F,
    0xF81F,0xF81F,0xF81F,0xF81F,
    0xF81F,0xF81F,0xF81F,0xF81F,0xF81F,0xF81F,0xF81F,0xF81F,0xF81F,0xF81F,0xF81F,0xF81F,
    0xF81F,0xF81F,0xF81F,0xF81F,0xF81F,0xF81F,0xF81F,0xF81F,0xF81F,0xF81F,0xF81F,0xF81F,
    0xF81F,0xF81F,0xF81F,0xF81F,0xF81F,0xF81F,0xF81F,0xF81F,0xF81F,0xF81F,0xF81F,0xF81F,
    0xF81F,0xF81F,0xF81F,0xF81F,0xF81F,0xF81F,0xF81F,0xF81F,0xF81F,0xF81F,0x0000,0x0020,
    0x0041,0x0021,0x0186,0x073F,0x071F,0x073F,0x073F,0x073F,0x073F,0x073F,0x073F,0x071F,
    0x077F,0x0229,0x0020,0x0041,0x0020,0x0000,0xF81F,0xF81F,0xF81F,0xF81F,0xF81F,0xF81F,
    0xF81F,0xF81F,0xF81F,0xF81F,0xF81F,0xF81F,0xF81F,0xF81F,0xF81F,0xF81F,0xF81F,0xF81F,
    0xF81F,0xF81F,0xF81F,0xF81F,0xF81F,0xF81F,0xF81F,0xF81F,0xF81F,0xF81F,0xF81F,0xF81F,
    0xF81F,0xF81F,0xF81F,0xF81F,0xF81F,0xF81F,0xF81F,0xF81F,0xF81F,0xF81F,0xF81F,0xF81F,
    0xF81F,0xF81F,0xF81F,0xF81F,
    0xF81F,0xF81F,0xF81F,0xF81F,0xF81F,0xF81F,0xF81F,0xF81F,0xF81F,0xF81F,0xF81F,0xF81F,
    0xF81F,0xF81F,0xF81F,0xF81F,0xF81F,0xF81F,0xF81F,0xF81F,0xF81F,0xF81F,0xF81F,0xF81F,
    0xF81F,0xF81F,0xF81F,0xF81F,0xF81F,0xF81F,0xF81F,0xF81F,0xF81F,0xF81F,0xF81F,0xF81F,
    0xF81F,0xF81F,0xF81F,0xF81F,0xF81F,0xF81F,0xF81F,0xF81F,0xF81F,0xF81F,0x0000,0x0020,
    0x0061,0x0000,0x038F,0x079F,0x071F,0x073F,0x073F,0x073F,0x073F,0x073F,0x073F,0x071F,
    0x079F,0x0452,0x0000,0x0061,0x0020,0x0000,0xF81F,0xF81F,0xF81F,0xF81F,0xF81F,0xF81F,
    0xF81F,0xF81F,0xF81F,0xF81F,0xF81F,0xF81F,0xF81F,0xF81F,0xF81F,0xF81F,0xF81F,0xF81F,
    0xF81F,0xF81F,0xF81F,0xF81F,0xF81F,0xF81F,0xF81F,0xF81F,0xF81F,0xF81F,0xF81F,0xF81F,
    0xF81F,0xF81F,0xF81F,0xF81F,0xF81F,0xF81F,0xF81F,0xF81F,0xF81F,0xF81F,0xF81F,0xF81F,
    0xF81F,0xF81F,0xF81F,0xF81F,
    0xF81F,0xF81F,0xF81F,0xF81F,0xF81F,0xF81F,0xF81F,0xF81F,0xF81F,0xF81F,0xF81F,0xF81F,
    0xF81F,0xF81F,0xF81F,0xF81F,0xF81F,0xF81F,0xF81F,0xF81F,0xF81F,0xF81F,0xF81F,0xF81F,
    0xF81F,0xF81F,0xF81F,0xF81F,0xF81F,0xF81F,0xF81F,0xF81F,0xF81F,0xF81F,0xF81F,0xF81F,
    0xF81F,0xF81F,0xF81F,0xF81F,0xF81F,0xF81F,0xF81F,0xF81F,0xF81F,0xF81F,0x0000,0x0020,
    0x0061,0x0000,0x0494,0x079F,0x071F,0x073F,0x073F,0x073F,0x073F,0x073F,0x073F,0x071F,
    0x079F,0x0557,0x0021,0x0061,0x0020,0x0000,0xF81F,0xF81F,0xF81F,0xF81F,0xF81F,0xF81F,
    0xF81F,0xF81F,0xF81F,0xF81F,0xF81F,0xF81F,0xF81F,0xF81F,0xF81F,0xF81F,0xF81F,0xF81F,
    0xF81F,0xF81F,0xF81F,0xF81F,0xF81F,0xF81F,0xF81F,0xF81F,0xF81F,0xF81F,0xF81F,0xF81F,
    0xF81F,0xF81F,0xF81F,0xF81F,0xF81F,0xF81F,0xF81F,0xF81F,0xF81F,0xF81F,0xF81F,0xF81F,
    0xF81F,0xF81F,0xF81F,0xF81F,
    0xF81F,0xF81F,0xF81F,0xF81F,0xF81F,0xF81F,0xF81F,0xF81F,0xF81F,0xF81F,0xF81F,0xF81F,
    0xF81F,0xF81F,0xF81F,0xF81F,0xF81F,0xF81F,0xF81F,0xF81F,0xF81F,0xF81F,0xF81F,0xF81F,
    0xF81F,0xF81F,0xF81F,0xF81F,0xF81F,0xF81F,0xF81F,0xF81F,0xF81F,0xF81F,0xF81F,0xF81F,
    0xF81F,0xF81F,0xF81F,0xF81F,0xF81F,0xF81F,0xF81F,0xF81F,0xF81F,0xF81F,0x0000,0x0020,
    0x0061,0x0000,0x0452,0x079F,0x071F,0x073F,0x073F,0x073F,0x073F,0x073F,0x073F,0x071F,
    0x079F,0x0516,0x0020,0x0061,0x0020,0x0000,0xF81F,0xF81F,0xF81F,0xF81F,0xF81F,0xF81F,
    0xF81F,0xF81F,0xF81F,0xF81F,0xF81F,0xF81F,0xF81F,0xF81F,0xF81F,0xF81F,0xF81F,0xF81F,
    0xF81F,0xF81F,0xF81F,0xF81F,0xF81F,0xF81F,0xF81F,0xF81F,0xF81F,0xF81F,0xF81F,0xF81F,
    0xF81F,0xF81F,0xF81F,0xF81F,0xF81F,0xF81F,0xF81F,0xF81F,0xF81F,0xF81F,0xF81F,0xF81F,
    0xF81F,0xF81F,0xF81F,0xF81F,
    0xF81F,0xF81F,0xF81F,0xF81F,0xF81F,0xF81F,0xF81F,0xF81F,0xF81F,0xF81F,0xF81F,0xF81F,
    0xF81F,0xF81F,0xF81F,0xF81F,0xF81F,0xF81F,0xF81F,0xF81F,0xF81F,0xF81F,0xF81F,0xF81F,
    0xF81F,0xF81F,0xF81F,0xF81F,0xF81F,0xF81F,0xF81F,0xF81F,0xF81F,0xF81F,0xF81F,0xF81F,
    0xF81F,0xF81F,0xF81F,0xF81F,0xF81F,0xF81F,0xF81F,0xF81F,0xF81F,0xF81F,0x0000,0x0020,
    0x0061,0x0000,0x02CC,0x079F,0x071F,0x073F,0x073F,0x073F,0x073F,0x073F,0x073F,0x06FF,
    0x07BF,0x038F,0x0000,0x0061,0x0020,0x0000,0xF81F,0xF81F,0xF81F,0xF81F,0xF81F,0xF81F,
    0xF81F,0xF81F,0xF81F,0xF81F,0xF81F,0xF81F,0xF81F,0xF81F,0xF81F,0xF81F,0xF81F,0xF81F,
    0xF81F,0xF81F,0xF81F,0xF81F,0xF81F,0xF81F,0xF81F,0xF81F,0xF81F,0xF81F,0xF81F,0xF81F,
    0xF81F,0xF81F,0xF81F,0xF81F,0xF81F,0xF81F,0xF81F,0xF81F,0xF81F,0xF81F,0xF81F,0xF81F,
    0xF81F,0xF81F,0xF81F,0xF81F,
    0xF81F,0xF81F,0xF81F,0xF81F,0xF81F,0xF81F,0xF81F,0xF81F,0xF81F,0xF81F,0xF81F,0xF81F,
    0xF81F,0xF81F,0xF81F,0xF81F,0xF81F,0xF81F,0xF81F,0xF81F,0xF81F,0xF81F,0xF81F,0xF81F,
    0xF81F,0xF81F,0xF81F,0xF81F,0xF81F,0xF81F,0xF81F,0xF81F,0xF81F,0xF81F,0xF81F,0xF81F,
    0xF81F,0xF81F,0xF81F,0xF81F,0xF81F,0xF81F,0xF81F,0xF81F,0xF81F,0xF81F,0x0000,0x0020,
    0x0041,0x0041,0x00A3,0x065B,0x077F,0x06FF,0x073F,0x073F,0x073F,0x073F,0x071F,0x075F,
    0x06DD,0x0125,0x0041,0x0041,0x0020,0x0000,0xF81F,0xF81F,0xF81F,0xF81F,0xF81F,0xF81F,
    0xF81F,0xF81F,0xF81F,0xF81F,0xF81F,0xF81F,0xF81F,0xF81F,0xF81F,0xF81F,0xF81F,0xF81F,
    0xF81F,0xF81F,0xF81F,0xF81F,0xF81F,0xF81F,0xF81F,0xF81F,0xF81F,0xF81F,0xF81F,0xF81F,
    0xF81F,0xF81F,0xF81F,0xF81F,0xF81F,0xF81F,0xF81F,0xF81F,0xF81F,0xF81F,0xF81F,0xF81F,
    0xF81F,0xF81F,0xF81F,0xF81F,
    0xF81F,0xF81F,0xF81F,0xF81F,0xF81F,0xF81F,0xF81F,0xF81F,0xF81F,0xF81F,0xF81F,0xF81F,
    0xF81F,0xF81F,0xF81F,0xF81F,0xF81F,0xF81F,0xF81F,0xF81F,0xF81F,0xF81F,0xF81F,0xF81F,
    0xF81F,0xF81F,0xF81F,0xF81F,0xF81F,0xF81F,0xF81F,0xF81F,0xF81F,0xF81F,0xF81F,0xF81F,
    0xF81F,0xF81F,0xF81F,0xF81F,0xF81F,0xF81F,0xF81F,0xF81F,0xF81F,0xF81F,0xF81F,0x0000,
    0x0020,0x0061,0x0020,0x0208,0x073E,0x077F,0x071F,0x071F,0x071F,0x071F,0x077F,0x077F,
    0x02AB,0x0020,0x0061,0x0020,0x0000,0xF81F,0xF81F,0xF81F,0xF81F,0xF81F,0xF81F,0xF81F,
    0xF81F,0xF81F,0xF81F,0xF81F,0xF81F,0xF81F,0xF81F,0xF81F,0xF81F,0xF81F,0xF81F,0xF81F,
    0xF81F,0xF81F,0xF81F,0xF81F,0xF81F,0xF81F,0xF81F,0xF81F,0xF81F,0xF81F,0xF81F,0xF81F,
    0xF81F,0xF81F,0xF81F,0xF81F,0xF81F,0xF81F,0xF81F,0xF81F,0xF81F,0xF81F,0xF81F,0xF81F,
    0xF81F,0xF81F,0xF81F,0xF81F,
    0xF81F,0xF81F,0xF81F,0xF81F,0xF81F,0xF81F,0xF81F,0xF81F,0xF81F,0xF81F,0xF81F,0xF81F,
    0xF81F,0xF81F,0xF81F,0xF81F,0xF81F,0xF81F,0xF81F,0xF81F,0xF81F,0xF81F,0xF81F,0xF81F,
    0xF81F,0xF81F,0xF81F,0xF81F,0xF81F,0xF81F,0xF81F,0xF81F,0xF81F,0xF81F,0xF81F,0xF81F,
    0xF81F,0xF81F,0xF81F,0xF81F,0xF81F,0xF81F,0xF81F,0xF81F,0xF81F,0xF81F,0xF81F,0x0000,
    0x0000,0x0021,0x0062,0x0020,0x01E8,0x05F9,0x075F,0x077F,0x077F,0x075F,0x065A,0x026A,
    0x0020,0x0062,0x0041,0x0020,0x0000,0xF81F,0xF81F,0xF81F,0xF81F,0xF81F,0xF81F,0xF81F,
    0xF81F,0xF81F,0xF81F,0xF81F,0xF81F,0xF81F,0xF81F,0xF81F,0xF81F,0xF81F,0xF81F,0xF81F,
    0xF81F,0xF81F,0xF81F,0xF81F,0xF81F,0xF81F,0xF81F,0xF81F,0xF81F,0xF81F,0xF81F,0xF81F,
    0xF81F,0xF81F,0xF81F,0xF81F,0xF81F,0xF81F,0xF81F,0xF81F,0xF81F,0xF81F,0xF81F,0xF81F,
    0xF81F,0xF81F,0xF81F,0xF81F,
    0xF81F,0xF81F,0xF81F,0xF81F,0xF81F,0xF81F,0xF81F,0xF81F,0xF81F,0xF81F,0xF81F,0xF81F,
    0xF81F,0xF81F,0xF81F,0xF81F,0xF81F,0xF81F,0xF81F,0xF81F,0xF81F,0xF81F,0xF81F,0xF81F,
    0xF81F,0xF81F,0xF81F,0xF81F,0xF81F,0xF81F,0xF81F,0xF81F,0xF81F,0xF81F,0xF81F,0xF81F,
    0xF81F,0xF81F,0xF81F,0xF81F,0xF81F,0xF81F,0xF81F,0xF81F,0xF81F,0xF81F,0xF81F,0xF81F,
    0x0000,0x0020,0x0021,0x0062,0x0021,0x0082,0x2B4E,0x2C74,0x2C94,0x2B6F,0x00C3,0x0020,
    0x0062,0x0041,0x0020,0x0000,0x0000,0xF81F,0xF81F,0xF81F,0xF81F,0xF81F,0xF81F,0xF81F,
    0xF81F,0xF81F,0xF81F,0xF81F,0xF81F,0xF81F,0xF81F,0xF81F,0xF81F,0xF81F,0xF81F,0xF81F,
    0xF81F,0xF81F,0xF81F,0xF81F,0xF81F,0xF81F,0xF81F,0xF81F,0xF81F,0xF81F,0xF81F,0xF81F,
    0xF81F,0xF81F,0xF81F,0xF81F,0xF81F,0xF81F,0xF81F,0xF81F,0xF81F,0xF81F,0xF81F,0xF81F,
    0xF81F,0xF81F,0xF81F,0xF81F,
    0xF81F,0xF81F,0xF81F,0xF81F,0xF81F,0xF81F,0xF81F,0xF81F,0xF81F,0xF81F,0xF81F,0xF81F,
    0xF81F,0xF81F,0xF81F,0xF81F,0xF81F,0xF81F,0xF81F,0xF81F,0xF81F,0xF81F,0xF81F,0xF81F,
    0xF81F,0xF81F,0xF81F,0xF81F,0xF81F,0xF81F,0xF81F,0xF81F,0xF81F,0xF81F,0x0862,0x0861,
    0xF81F,0xF81F,0xF81F,0xF81F,0xF81F,0xF81F,0xF81F,0xF81F,0xF81F,0xF81F,0xF81F,0xF81F,
    0x0000,0x0000,0x0020,0x0021,0x0061,0x0061,0x39C8,0x4A09,0x4A09,0x41C9,0x0062,0x0041,
    0x0021,0x0020,0x0000,0x0000,0xF81F,0xF81F,0xF81F,0xF81F,0xF81F,0xF81F,0xF81F,0xF81F,
    0xF81F,0xF81F,0xF81F,0xF81F,0x0041,0x1082,0xF81F,0xF81F,0xF81F,0xF81F,0xF81F,0xF81F,
    0xF81F,0xF81F,0xF81F,0xF81F,0xF81F,0xF81F,0xF81F,0xF81F,0xF81F,0xF81F,0xF81F,0xF81F,
    0xF81F,0xF81F,0xF81F,0xF81F,0xF81F,0xF81F,0xF81F,0xF81F,0xF81F,0xF81F,0xF81F,0xF81F,
    0xF81F,0xF81F,0xF81F,0xF81F,
    0xF81F,0xF81F,0xF81F,0xF81F,0xF81F,0xF81F,0xF81F,0xF81F,0xF81F,0xF81F,0xF81F,0xF81F,
    0xF81F,0xF81F,0xF81F,0xF81F,0xF81F,0xF81F,0xF81F,0xF81F,0xF81F,0xF81F,0xF81F,0xF81F,
    0xF81F,0xF81F,0xF81F,0xF81F,0xF81F,0xF81F,0xF81F,0xF81F,0xF81F,0xF81F,0x0861,0x3A09,
    0x0882,0xF81F,0xF81F,0xF81F,0xF81F,0xF81F,0xF81F,0xF81F,0xF81F,0xF81F,0xF81F,0xF81F,
    0xF81F,0x0000,0x0000,0x0020,0x0020,0x0020,0x31E9,0x424B,0x3A4A,0x3A09,0x0061,0x0020,
    0x0020,0x0000,0x0000,0xF81F,0xF81F,0xF81F,0xF81F,0xF81F,0xF81F,0xF81F,0xF81F,0xF81F,
    0xF81F,0xF81F,0xF81F,0x0841,0x3A09,0x10A2,0xF81F,0xF81F,0xF81F,0xF81F,0xF81F,0xF81F,
    0xF81F,0xF81F,0xF81F,0xF81F,0xF81F,0xF81F,0xF81F,0xF81F,0xF81F,0xF81F,0xF81F,0xF81F,
    0xF81F,0xF81F,0xF81F,0xF81F,0xF81F,0xF81F,0xF81F,0xF81F,0xF81F,0xF81F,0xF81F,0xF81F,
    0xF81F,0xF81F,0xF81F,0xF81F,
    0xF81F,0xF81F,0xF81F,0xF81F,0xF81F,0xF81F,0xF81F,0xF81F,0xF81F,0xF81F,0xF81F,0xF81F,
    0xF81F,0xF81F,0xF81F,0xF81F,0xF81F,0xF81F,0xF81F,0xF81F,0xF81F,0xF81F,0xF81F,0xF81F,
    0xF81F,0xF81F,0xF81F,0xF81F,0xF81F,0xF81F,0xF81F,0xF81F,0xF81F,0xF81F,0xF81F,0x31A7,
    0x4A6B,0x10A2,0xF81F,0xF81F,0xF81F,0xF81F,0xF81F,0xF81F,0xF81F,0xF81F,0xF81F,0xF81F,
    0xF81F,0xF81F,0xF81F,0x0000,0x0000,0x0020,0x31C8,0x3A2A,0x3A2A,0x39E9,0x0021,0x0000,
    0x0000,0xF81F,0xF81F,0xF81F,0xF81F,0xF81F,0xF81F,0xF81F,0xF81F,0xF81F,0xF81F,0xF81F,
    0xF81F,0xF81F,0x0882,0x424A,0x39E9,0xF81F,0xF81F,0xF81F,0xF81F,0xF81F,0xF81F,0xF81F,
    0xF81F,0xF81F,0xF81F,0xF81F,0xF81F,0xF81F,0xF81F,0xF81F,0xF81F,0xF81F,0xF81F,0xF81F,
    0xF81F,0xF81F,0xF81F,0xF81F,0xF81F,0xF81F,0xF81F,0xF81F,0xF81F,0xF81F,0xF81F,0xF81F,
    0xF81F,0xF81F,0xF81F,0xF81F,
    0xF81F,0xF81F,0xF81F,0xF81F,0xF81F,0xF81F,0xF81F,0xF81F,0xF81F,0xF81F,0xF81F,0xF81F,
    0xF81F,0xF81F,0xF81F,0xF81F,0xF81F,0xF81F,0xF81F,0xF81F,0xF81F,0xF81F,0xF81F,0xF81F,
    0xF81F,0xF81F,0xF81F,0xF81F,0xF81F,0xF81F,0xF81F,0xF81F,0xF81F,0xF81F,0xF81F,0x1082,
    0x426B,0x424A,0x18E4,0xF81F,0xF81F,0xF81F,0xF81F,0xF81F,0xF81F,0xF81F,0xF81F,0xF81F,
    0xF81F,0xF81F,0xF81F,0xF81F,0xF81F,0x0000,0x31A8,0x3A09,0x3A09,0x31E8,0x0020,0xF81F,
    0xF81F,0xF81F,0xF81F,0xF81F,0xF81F,0xF81F,0xF81F,0xF81F,0xF81F,0xF81F,0xF81F,0xF81F,
    0xF81F,0x10A3,0x422A,0x4A8B,0x18C4,0xF81F,0xF81F,0xF81F,0xF81F,0xF81F,0xF81F,0xF81F,
    0xF81F,0xF81F,0xF81F,0xF81F,0xF81F,0xF81F,0xF81F,0xF81F,0xF81F,0xF81F,0xF81F,0xF81F,
    0xF81F,0xF81F,0xF81F,0xF81F,0xF81F,0xF81F,0xF81F,0xF81F,0xF81F,0xF81F,0xF81F,0xF81F,
    0xF81F,0xF81F,0xF81F,0xF81F,
    0xF81F,0xF81F,0xF81F,0xF81F,0xF81F,0xF81F,0xF81F,0xF81F,0xF81F,0xF81F,0xF81F,0xF81F,
    0xF81F,0xF81F,0xF81F,0xF81F,0xF81F,0xF81F,0xF81F,0xF81F,0xF81F,0xF81F,0xF81F,0xF81F,
    0xF81F,0xF81F,0xF81F,0xF81F,0xF81F,0xF81F,0xF81F,0xF81F,0xF81F,0xF81F,0xF81F,0xF81F,
    0x31C8,0x422A,0x424A,0x2105,0xF81F,0xF81F,0xF81F,0xF81F,0xF81F,0xF81F,0xF81F,0xF81F,
    0xF81F,0xF81F,0xF81F,0xF81F,0xF81F,0xF81F,0x2987,0x39E9,0x39E9,0x31C8,0x0020,0xF81F,
    0xF81F,0xF81F,0xF81F,0xF81F,0xF81F,0xF81F,0xF81F,0xF81F,0xF81F,0xF81F,0xF81F,0xF81F,
    0x18E4,0x422A,0x422A,0x39E9,0x0020,0xF81F,0xF81F,0xF81F,0xF81F,0xF81F,0xF81F,0xF81F,
    0xF81F,0xF81F,0xF81F,0xF81F,0xF81F,0xF81F,0xF81F,0xF81F,0xF81F,0xF81F,0xF81F,0xF81F,
    0xF81F,0xF81F,0xF81F,0xF81F,0xF81F,0xF81F,0xF81F,0xF81F,0xF81F,0xF81F,0xF81F,0xF81F,
    0xF81F,0xF81F,0xF81F,0xF81F,
    0xF81F,0xF81F,0xF81F,0xF81F,0xF81F,0xF81F,0xF81F,0xF81F,0xF81F,0xF81F,0xF81F,0xF81F,
    0xF81F,0xF81F,0xF81F,0xF81F,0xF81F,0xF81F,0xF81F,0xF81F,0xF81F,0xF81F,0xF81F,0xF81F,
    0xF81F,0xF81F,0xF81F,0xF81F,0xF81F,0xF81F,0xF81F,0xF81F,0xF81F,0xF81F,0xF81F,0xF81F,
    0x1904,0x3A2A,0x39E9,0x3A2A,0x2146,0xF81F,0xF81F,0xF81F,0xF81F,0xF81F,0xF81F,0xF81F,
    0xF81F,0xF81F,0xF81F,0xF81F,0xF81F,0xF81F,0x2987,0x31E9,0x31C9,0x31A8,0x0020,0xF81F,
    0xF81F,0xF81F,0xF81F,0xF81F,0xF81F,0xF81F,0xF81F,0xF81F,0xF81F,0xF81F,0xF81F,0x2105,
    0x3A2A,0x39E9,0x3A09,0x2146,0xF81F,0xF81F,0xF81F,0xF81F,0xF81F,0xF81F,0xF81F,0xF81F,
    0xF81F,0xF81F,0xF81F,0xF81F,0xF81F,0xF81F,0xF81F,0xF81F,0xF81F,0xF81F,0xF81F,0xF81F,
    0xF81F,0xF81F,0xF81F,0xF81F,0xF81F,0xF81F,0xF81F,0xF81F,0xF81F,0xF81F,0xF81F,0xF81F,
    0xF81F,0xF81F,0xF81F,0xF81F,
    0xF81F,0xF81F,0xF81F,0xF81F,0xF81F,0xF81F,0xF81F,0xF81F,0xF81F,0xF81F,0xF81F,0xF81F,
    0xF81F,0xF81F,0xF81F,0xF81F,0xF81F,0xF81F,0xF81F,0xF81F,0xF81F,0xF81F,0xF81F,0xF81F,
    0xF81F,0xF81F,0xF81F,0xF81F,0xF81F,0xF81F,0xF81F,0xF81F,0xF81F,0xF81F,0xF81F,0xF81F,
    0x0841,0x31C8,0x31C8,0x31C8,0x3A09,0x2966,0xF81F,0xF81F,0xF81F,0xF81F,0xF81F,0xF81F,
    0xF81F,0xF81F,0xF81F,0xF81F,0xF81F,0xF81F,0x2967,0x31C8,0x31C8,0x29A7,0x0020,0xF81F,
    0xF81F,0xF81F,0xF81F,0xF81F,0xF81F,0xF81F,0xF81F,0xF81F,0xF81F,0xF81F,0x2146,0x3A09,
    0x31C8,0x31C8,0x39E9,0x0882,0xF81F,0xF81F,0xF81F,0xF81F,0xF81F,0xF81F,0xF81F,0xF81F,
    0xF81F,0xF81F,0xF81F,0xF81F,0xF81F,0xF81F,0xF81F,0xF81F,0xF81F,0xF81F,0xF81F,0xF81F,
    0xF81F,0xF81F,0xF81F,0xF81F,0xF81F,0xF81F,0xF81F,0xF81F,0xF81F,0xF81F,0xF81F,0xF81F,
    0xF81F,0xF81F,0xF81F,0xF81F,
    0xF81F,0xF81F,0xF81F,0xF81F,0xF81F,0xF81F,0xF81F,0xF81F,0xF81F,0xF81F,0xF81F,0xF81F,
    0xF81F,0xF81F,0xF81F,0xF81F,0xF81F,0xF81F,0xF81F,0xF81F,0xF81F,0xF81F,0xF81F,0xF81F,
    0xF81F,0xF81F,0xF81F,0xF81F,0xF81F,0xF81F,0xF81F,0xF81F,0xF81F,0xF81F,0xF81F,0xF81F,
    0xF81F,0x2146,0x31C8,0x31A8,0x31A7,0x31C8,0x2966,0x0021,0xF81F,0xF81F,0xF81F,0xF81F,
    0xF81F,0xF81F,0xF81F,0xF81F,0xF81F,0xF81F,0x2146,0x29A7,0x2987,0x2966,0xF81F,0xF81F,
    0xF81F,0xF81F,0xF81F,0xF81F,0xF81F,0xF81F,0xF81F,0xF81F,0x0000,0x2146,0x31C8,0x31A7,
    0x31A8,0x31C8,0x2966,0xF81F,0xF81F,0xF81F,0xF81F,0xF81F,0xF81F,0xF81F,0xF81F,0xF81F,
    0xF81F,0xF81F,0xF81F,0xF81F,0xF81F,0xF81F,0xF81F,0xF81F,0xF81F,0xF81F,0xF81F,0xF81F,
    0xF81F,0xF81F,0xF81F,0xF81F,0xF81F,0xF81F,0xF81F,0xF81F,0xF81F,0xF81F,0xF81F,0xF81F,
    0xF81F,0xF81F,0xF81F,0xF81F,
    0xF81F,0xF81F,0xF81F,0xF81F,0xF81F,0xF81F,0xF81F,0xF81F,0xF81F,0xF81F,0xF81F,0xF81F,
    0xF81F,0xF81F,0xF81F,0xF81F,0xF81F,0xF81F,0xF81F,0xF81F,0xF81F,0xF81F,0xF81F,0xF81F,
    0xF81F,0xF81F,0xF81F,0xF81F,0xF81F,0xF81F,0xF81F,0xF81F,0xF81F,0xF81F,0xF81F,0xF81F,
    0xF81F,0x10A2,0x31A8,0x2987,0x29A7,0x31E9,0x3A09,0x31E8,0x1905,0x18E4,0x1904,0x1904,
    0x1904,0x1904,0x1904,0x1904,0x1904,0x1904,0x31C8,0x3A09,0x3A09,0x31E8,0x1905,0x18E4,
    0x1904,0x1904,0x1904,0x1904,0x1904,0x1904,0x18E4,0x1904,0x31C8,0x3A2A,0x39E9,0x31A7,
    0x2987,0x31A8,0x10C3,0xF81F,0xF81F,0xF81F,0xF81F,0xF81F,0xF81F,0xF81F,0xF81F,0xF81F,
    0xF81F,0xF81F,0xF81F,0xF81F,0xF81F,0xF81F,0xF81F,0xF81F,0xF81F,0xF81F,0xF81F,0xF81F,
    0xF81F,0xF81F,0xF81F,0xF81F,0xF81F,0xF81F,0xF81F,0xF81F,0xF81F,0xF81F,0xF81F,0xF81F,
    0xF81F,0xF81F,0xF81F,0xF81F,
    0xF81F,0xF81F,0xF81F,0xF81F,0xF81F,0xF81F,0xF81F,0xF81F,0xF81F,0xF81F,0xF81F,0xF81F,
    0xF81F,0xF81F,0xF81F,0xF81F,0xF81F,0xF81F,0xF81F,0xF81F,0xF81F,0xF81F,0xF81F,0xF81F,
    0xF81F,0xF81F,0xF81F,0xF81F,0xF81F,0xF81F,0xF81F,0xF81F,0xF81F,0xF81F,0xF81F,0xF81F,
    0xF81F,0x0020,0x2166,0x2987,0x2966,0x4A8C,0x52CD,0x52CD,0x52ED,0x52ED,0x52ED,0x52ED,
    0x52ED,0x52ED,0x52ED,0x52ED,0x52ED,0x52ED,0x52ED,0x52CD,0x52CD,0x52CD,0x52ED,0x52ED,
    0x52ED,0x52ED,0x52ED,0x52ED,0x52ED,0x52ED,0x52ED,0x52ED,0x52ED,0x52CD,0x4AAC,0x2987,
    0x2967,0x2966,0x0041,0xF81F,0xF81F,0xF81F,0xF81F,0xF81F,0xF81F,0xF81F,0xF81F,0xF81F,
    0xF81F,0xF81F,0xF81F,0xF81F,0xF81F,0xF81F,0xF81F,0xF81F,0xF81F,0xF81F,0xF81F,0xF81F,
    0xF81F,0xF81F,0xF81F,0xF81F,0xF81F,0xF81F,0xF81F,0xF81F,0xF81F,0xF81F,0xF81F,0xF81F,
    0xF81F,0xF81F,0xF81F,0xF81F,
    0xF81F,0xF81F,0xF81F,0xF81F,0xF81F,0xF81F,0xF81F,0xF81F,0xF81F,0xF81F,0xF81F,0xF81F,
    0xF81F,0xF81F,0xF81F,0xF81F,0xF81F,0xF81F,0xF81F,0xF81F,0xF81F,0xF81F,0xF81F,0xF81F,
    0xF81F,0xF81F,0xF81F,0xF81F,0xF81F,0xF81F,0xF81F,0xF81F,0xF81F,0xF81F,0xF81F,0xF81F,
    0xF81F,0xF81F,0x18C4,0x2966,0x2125,0x424A,0x52CC,0x4A8C,0x4AAC,0x4AAC,0x4AAC,0x4AAC,
    0x4AAC,0x4AAC,0x4AAC,0x4AAC,0x4AAC,0x4AAC,0x4AAC,0x4AAC,0x4AAC,0x4AAC,0x4AAC,0x4AAC,
    0x4AAC,0x4AAC,0x4AAC,0x4AAC,0x4AAC,0x4AAC,0x4AAC,0x4AAC,0x4AAC,0x52CC,0x426B,0x2146,
    0x2966,0x18E4,0xF81F,0xF81F,0xF81F,0xF81F,0xF81F,0xF81F,0xF81F,0xF81F,0xF81F,0xF81F,
    0xF81F,0xF81F,0xF81F,0xF81F,0xF81F,0xF81F,0xF81F,0xF81F,0xF81F,0xF81F,0xF81F,0xF81F,
    0xF81F,0xF81F,0xF81F,0xF81F,0xF81F,0xF81F,0xF81F,0xF81F,0xF81F,0xF81F,0xF81F,0xF81F,
    0xF81F,0xF81F,0xF81F,0xF81F,
    0xF81F,0xF81F,0xF81F,0xF81F,0xF81F,0xF81F,0xF81F,0xF81F,0xF81F,0xF81F,0xF81F,0xF81F,
    0xF81F,0xF81F,0xF81F,0xF81F,0xF81F,0xF81F,0xF81F,0xF81F,0xF81F,0xF81F,0xF81F,0xF81F,
    0xF81F,0xF81F,0xF81F,0xF81F,0xF81F,0xF81F,0xF81F,0xF81F,0xF81F,0xF81F,0xF81F,0xF81F,
    0xF81F,0xF81F,0x0841,0x2126,0x1905,0x3A09,0x52CC,0x4AAC,0x4AAC,0x4AAC,0x4AAC,0x4AAC,
    0x4AAC,0x4AAC,0x4AAC,0x4AAC,0x4AAC,0x4AAC,0x4AAC,0x4AAC,0x4AAC,0x4AAC,0x4AAC,0x4AAC,
    0x4AAC,0x4AAC,0x4AAC,0x4AAC,0x4AAC,0x4AAC,0x4AAC,0x4AAC,0x4AAC,0x52CC,0x424A,0x1905,
    0x2146,0x0862,0xF81F,0xF81F,0xF81F,0xF81F,0xF81F,0xF81F,0xF81F,0xF81F,0xF81F,0xF81F,
    0xF81F,0xF81F,0xF81F,0xF81F,0xF81F,0xF81F,0xF81F,0xF81F,0xF81F,0xF81F,0xF81F,0xF81F,
    0xF81F,0xF81F,0xF81F,0xF81F,0xF81F,0xF81F,0xF81F,0xF81F,0xF81F,0xF81F,0xF81F,0xF81F,
    0xF81F,0xF81F,0xF81F,0xF81F,
    0xF81F,0xF81F,0xF81F,0xF81F,0xF81F,0xF81F,0xF81F,0xF81F,0xF81F,0xF81F,0xF81F,0xF81F,
    0xF81F,0xF81F,0xF81F,0xF81F,0xF81F,0xF81F,0xF81F,0xF81F,0xF81F,0xF81F,0xF81F,0xF81F,
    0xF81F,0xF81F,0xF81F,0xF81F,0xF81F,0xF81F,0xF81F,0xF81F,0xF81F,0xF81F,0xF81F,0xF81F,
    0xF81F,0xF81F,0xF81F,0x18E4,0x18E4,0x31A8,0x4AAC,0x4A8B,0x4A8C,0x4A8C,0x4A8C,0x4A8C,
    0x4A8C,0x4A8C,0x4A8C,0x4A8C,0x4A8C,0x4A8C,0x4A8C,0x4A8C,0x4A8C,0x4A8C,0x4A8C,0x4A8C,
    0x4A8C,0x4A8C,0x4A8C,0x4A8C,0x4A8C,0x4A8C,0x4A8C,0x4A8C,0x4A8B,0x4AAC,0x39E9,0x18E4,
    0x18E4,0x0000,0xF81F,0xF81F,0xF81F,0xF81F,0xF81F,0xF81F,0xF81F,0xF81F,0xF81F,0xF81F,
    0xF81F,0xF81F,0xF81F,0xF81F,0xF81F,0xF81F,0xF81F,0xF81F,0xF81F,0xF81F,0xF81F,0xF81F,
    0xF81F,0xF81F,0xF81F,0xF81F,0xF81F,0xF81F,0xF81F,0xF81F,0xF81F,0xF81F,0xF81F,0xF81F,
    0xF81F,0xF81F,0xF81F,0xF81F,
    0xF81F,0xF81F,0xF81F,0xF81F,0xF81F,0xF81F,0xF81F,0xF81F,0xF81F,0xF81F,0xF81F,0xF81F,
    0xF81F,0xF81F,0xF81F,0xF81F,0xF81F,0xF81F,0xF81F,0xF81F,0xF81F,0xF81F,0xF81F,0xF81F,
    0xF81F,0xF81F,0xF81F,0xF81F,0xF81F,0xF81F,0xF81F,0xF81F,0xF81F,0xF81F,0xF81F,0xF81F,
    0xF81F,0xF81F,0xF81F,0x0862,0x18E4,0x2987,0x4AAC,0x4A8B,0x4A8B,0x4A8B,0x4A8B,0x4A8B,
    0x4A8B,0x4A8B,0x4A8B,0x4A8B,0x4A8B,0x4A8B,0x4A8B,0x4A8B,0x4A8B,0x4A8B,0x4A8B,0x4A8B,
    0x4A8B,0x4A8B,0x4A8B,0x4A8B,0x4A8B,0x4A8B,0x4A8B,0x4A8B,0x4A8B,0x4AAC,0x31A8,0x18E4,
    0x1083,0xF81F,0xF81F,0xF81F,0xF81F,0xF81F,0xF81F,0xF81F,0xF81F,0xF81F,0xF81F,0xF81F,
    0xF81F,0xF81F,0xF81F,0xF81F,0xF81F,0xF81F,0xF81F,0xF81F,0xF81F,0xF81F,0xF81F,0xF81F,
    0xF81F,0xF81F,0xF81F,0xF81F,0xF81F,0xF81F,0xF81F,0xF81F,0xF81F,0xF81F,0xF81F,0xF81F,
    0xF81F,0xF81F,0xF81F,0xF81F,
    0xF81F,0xF81F,0xF81F,0xF81F,0xF81F,0xF81F,0xF81F,0xF81F,0xF81F,0xF81F,0xF81F,0xF81F,
    0xF81F,0xF81F,0xF81F,0xF81F,0xF81F,0xF81F,0xF81F,0xF81F,0xF81F,0xF81F,0xF81F,0xF81F,
    0xF81F,0xF81F,0xF81F,0xF81F,0xF81F,0xF81F,0xF81F,0xF81F,0xF81F,0xF81F,0xF81F,0xF81F,
    0xF81F,0xF81F,0xF81F,0x0020,0x1083,0x1904,0x4A8B,0x4A6B,0x4A6B,0x4A6B,0x4A6B,0x4A6B,
    0x4A6B,0x4A6B,0x4A6B,0x4A6B,0x4A6B,0x4A6B,0x4A6B,0x4A6B,0x4A6B,0x4A6B,0x4A6B,0x4A6B,
    0x4A6B,0x4A6B,0x4A6B,0x4A6B,0x4A6B,0x4A6B,0x4A6B,0x4A6B,0x426B,0x4A8C,0x2125,0x1083,
    0x0021,0xF81F,0xF81F,0xF81F,0xF81F,0xF81F,0xF81F,0xF81F,0xF81F,0xF81F,0xF81F,0xF81F,
    0xF81F,0xF81F,0xF81F,0xF81F,0xF81F,0xF81F,0xF81F,0xF81F,0xF81F,0xF81F,0xF81F,0xF81F,
    0xF81F,0xF81F,0xF81F,0xF81F,0xF81F,0xF81F,0xF81F,0xF81F,0xF81F,0xF81F,0xF81F,0xF81F,
    0xF81F,0xF81F,0xF81F,0xF81F,
    0xF81F,0xF81F,0xF81F,0xF81F,0xF81F,0xF81F,0xF81F,0xF81F,0xF81F,0xF81F,0xF81F,0xF81F,
    0xF81F,0xF81F,0xF81F,0xF81F,0xF81F,0xF81F,0xF81F,0xF81F,0xF81F,0xF81F,0xF81F,0xF81F,
    0xF81F,0xF81F,0xF81F,0xF81F,0xF81F,0xF81F,0xF81F,0xF81F,0xF81F,0xF81F,0xF81F,0xF81F,
    0xF81F,0xF81F,0xF81F,0xF81F,0x0000,0x0861,0x426B,0x426B,0x426B,0x426B,0x426B,0x426B,
    0x426B,0x426B,0x426B,0x426B,0x426B,0x426B,0x426B,0x426B,0x426B,0x426B,0x426B,0x426B,
    0x426B,0x426B,0x426B,0x426B,0x426B,0x426B,0x426B,0x426B,0x424B,0x4A8B,0x10A3,0x0000,
    0xF81F,0xF81F,0xF81F,0xF81F,0xF81F,0xF81F,0xF81F,0xF81F,0xF81F,0xF81F,0xF81F,0xF81F,
    0xF81F,0xF81F,0xF81F,0xF81F,0xF81F,0xF81F,0xF81F,0xF81F,0xF81F,0xF81F,0xF81F,0xF81F,
    0xF81F,0xF81F,0xF81F,0xF81F,0xF81F,0xF81F,0xF81F,0xF81F,0xF81F,0xF81F,0xF81F,0xF81F,
    0xF81F,0xF81F,0xF81F,0xF81F,
    0xF81F,0xF81F,0xF81F,0xF81F,0xF81F,0xF81F,0xF81F,0xF81F,0xF81F,0xF81F,0xF81F,0xF81F,
    0xF81F,0xF81F,0xF81F,0xF81F,0xF81F,0xF81F,0xF81F,0xF81F,0xF81F,0xF81F,0xF81F,0xF81F,
    0xF81F,0xF81F,0xF81F,0xF81F,0xF81F,0xF81F,0xF81F,0xF81F,0xF81F,0xF81F,0xF81F,0xF81F,
    0xF81F,0xF81F,0xF81F,0xF81F,0xF81F,0x0020,0x3A2A,0x426B,0x424A,0x424B,0x424A,0x4A29,
    0x4A29,0x422A,0x424A,0x424B,0x426B,0x426B,0x426B,0x426B,0x426B,0x426B,0x426B,0x426B,
    0x426B,0x424A,0x422A,0x4A29,0x4A29,0x422A,0x424B,0x424A,0x424B,0x424A,0x0861,0xF81F,
    0xF81F,0xF81F,0xF81F,0xF81F,0xF81F,0xF81F,0xF81F,0xF81F,0xF81F,0xF81F,0xF81F,0xF81F,
    0xF81F,0xF81F,0xF81F,0xF81F,0xF81F,0xF81F,0xF81F,0xF81F,0xF81F,0xF81F,0xF81F,0xF81F,
    0xF81F,0xF81F,0xF81F,0xF81F,0xF81F,0xF81F,0xF81F,0xF81F,0xF81F,0xF81F,0xF81F,0xF81F,
    0xF81F,0xF81F,0xF81F,0xF81F,
    0xF81F,0xF81F,0xF81F,0xF81F,0xF81F,0xF81F,0xF81F,0xF81F,0xF81F,0xF81F,0xF81F,0xF81F,
    0xF81F,0xF81F,0xF81F,0xF81F,0xF81F,0xF81F,0xF81F,0xF81F,0xF81F,0xF81F,0xF81F,0xF81F,
    0xF81F,0xF81F,0xF81F,0xF81F,0xF81F,0xF81F,0xF81F,0xF81F,0xF81F,0xF81F,0xF81F,0xF81F,
    0xF81F,0xF81F,0xF81F,0xF81F,0xF81F,0xF81F,0x39E9,0x426B,0x4209,0x330F,0x14BA,0x1C16,
    0x2B72,0x32EF,0x3A8C,0x424A,0x4209,0x4209,0x4229,0x422A,0x422A,0x4229,0x4A09,0x4209,
    0x422A,0x3A8C,0x32EE,0x2B72,0x1BF6,0x14B9,0x2B51,0x4209,0x426B,0x3A09,0x0020,0xF81F,
    0xF81F,0xF81F,0xF81F,0xF81F,0xF81F,0xF81F,0xF81F,0xF81F,0xF81F,0xF81F,0xF81F,0xF81F,
    0xF81F,0xF81F,0xF81F,0xF81F,0xF81F,0xF81F,0xF81F,0xF81F,0xF81F,0xF81F,0xF81F,0xF81F,
    0xF81F,0xF81F,0xF81F,0xF81F,0xF81F,0xF81F,0xF81F,0xF81F,0xF81F,0xF81F,0xF81F,0xF81F,
    0xF81F,0xF81F,0xF81F,0xF81F,
    0xF81F,0xF81F,0xF81F,0xF81F,0xF81F,0xF81F,0xF81F,0xF81F,0xF81F,0xF81F,0xF81F,0xF81F,
    0xF81F,0xF81F,0xF81F,0xF81F,0xF81F,0xF81F,0xF81F,0xF81F,0xF81F,0xF81F,0xF81F,0xF81F,
    0xF81F,0xF81F,0xF81F,0xF81F,0xF81F,0xF81F,0xF81F,0xF81F,0xF81F,0xF81F,0xF81F,0xF81F,
    0xF81F,0xF81F,0xF81F,0xF81F,0xF81F,0xF81F,0x31A8,0x426B,0x41E9,0x3310,0x05BF,0x059F,
    0x059F,0x057F,0x053E,0x0CDB,0x1C57,0x23B4,0x2B30,0x32AD,0x32AD,0x2B10,0x23B4,0x1C37,
    0x0CBB,0x051E,0x057F,0x059F,0x057F,0x05BF,0x2B72,0x41E8,0x424B,0x31E8,0xF81F,0xF81F,
    0xF81F,0xF81F,0xF81F,0xF81F,0xF81F,0xF81F,0xF81F,0xF81F,0xF81F,0xF81F,0xF81F,0xF81F,
    0xF81F,0xF81F,0xF81F,0xF81F,0xF81F,0xF81F,0xF81F,0xF81F,0xF81F,0xF81F,0xF81F,0xF81F,
    0xF81F,0xF81F,0xF81F,0xF81F,0xF81F,0xF81F,0xF81F,0xF81F,0xF81F,0xF81F,0xF81F,0xF81F,
    0xF81F,0xF81F,0xF81F,0xF81F,
    0xF81F,0xF81F,0xF81F,0xF81F,0xF81F,0xF81F,0xF81F,0xF81F,0xF81F,0xF81F,0xF81F,0xF81F,
    0xF81F,0xF81F,0xF81F,0xF81F,0xF81F,0xF81F,0xF81F,0xF81F,0xF81F,0xF81F,0xF81F,0xF81F,
    0xF81F,0xF81F,0xF81F,0xF81F,0xF81F,0xF81F,0xF81F,0xF81F,0xF81F,0xF81F,0xF81F,0xF81F,
    0xF81F,0xF81F,0xF81F,0xF81F,0xF81F,0xF81F,0x2966,0x424B,0x41E8,0x2B0F,0x057F,0x053F,
    0x055F,0x055F,0x057F,0x057F,0x059F,0x059F,0x059F,0x0CFC,0x0CDB,0x059F,0x059F,0x059F,
    0x057F,0x055F,0x055F,0x055F,0x053F,0x059F,0x2B72,0x41E8,0x424B,0x29A7,0xF81F,0xF81F,
    0xF81F,0xF81F,0xF81F,0xF81F,0xF81F,0xF81F,0xF81F,0xF81F,0xF81F,0xF81F,0xF81F,0xF81F,
    0xF81F,0xF81F,0xF81F,0xF81F,0xF81F,0xF81F,0xF81F,0xF81F,0xF81F,0xF81F,0xF81F,0xF81F,
    0xF81F,0xF81F,0xF81F,0xF81F,0xF81F,0xF81F,0xF81F,0xF81F,0xF81F,0xF81F,0xF81F,0xF81F,
    0xF81F,0xF81F,0xF81F,0xF81F,
    0xF81F,0xF81F,0xF81F,0xF81F,0xF81F,0xF81F,0xF81F,0xF81F,0xF81F,0xF81F,0xF81F,0xF81F,
    0xF81F,0xF81F,0xF81F,0xF81F,0xF81F,0xF81F,0xF81F,0xF81F,0xF81F,0xF81F,0xF81F,0xF81F,
    0xF81F,0xF81F,0xF81F,0xF81F,0xF81F,0xF81F,0xF81F,0xF81F,0xF81F,0xF81F,0xF81F,0xF81F,
    0xF81F,0xF81F,0xF81F,0xF81F,0xF81F,0xF81F,0x1905,0x424B,0x39E8,0x2AEF,0x057F,0x055F,
    0x055F,0x055F,0x055F,0x055F,0x055F,0x053F,0x059F,0x1BD5,0x2393,0x059F,0x053F,0x055F,
    0x055F,0x055F,0x055F,0x055F,0x055F,0x059F,0x2352,0x39C8,0x424B,0x2146,0xF81F,0xF81F,
    0xF81F,0xF81F,0xF81F,0xF81F,0xF81F,0xF81F,0xF81F,0xF81F,0xF81F,0xF81F,0xF81F,0xF81F,
    0xF81F,0xF81F,0xF81F,0xF81F,0xF81F,0xF81F,0xF81F,0xF81F,0xF81F,0xF81F,0xF81F,0xF81F,
    0xF81F,0xF81F,0xF81F,0xF81F,0xF81F,0xF81F,0xF81F,0xF81F,0xF81F,0xF81F,0xF81F,0xF81F,
    0xF81F,0xF81F,0xF81F,0xF81F,
    0xF81F,0xF81F,0xF81F,0xF81F,0xF81F,0xF81F,0xF81F,0xF81F,0xF81F,0xF81F,0xF81F,0xF81F,
    0xF81F,0xF81F,0xF81F,0xF81F,0xF81F,0xF81F,0xF81F,0xF81F,0xF81F,0xF81F,0xF81F,0xF81F,
    0xF81F,0xF81F,0xF81F,0xF81F,0xF81F,0xF81F,0xF81F,0xF81F,0xF81F,0xF81F,0xF81F,0xF81F,
    0xF81F,0xF81F,0xF81F,0xF81F,0xF81F,0xF81F,0x10C4,0x3A4A,0x39C8,0x2B0F,0x059F,0x055F,
    0x055F,0x055F,0x055F,0x055F,0x055F,0x055F,0x059F,0x2ACF,0x326C,0x057F,0x055F,0x055F,
    0x055F,0x055F,0x055F,0x055F,0x055F,0x05BF,0x2372,0x39C7,0x3A4A,0x1905,0xF81F,0xF81F,
    0xF81F,0xF81F,0xF81F,0xF81F,0xF81F,0xF81F,0xF81F,0xF81F,0xF81F,0xF81F,0xF81F,0xF81F,
    0xF81F,0xF81F,0xF81F,0xF81F,0xF81F,0xF81F,0xF81F,0xF81F,0xF81F,0xF81F,0xF81F,0xF81F,
    0xF81F,0xF81F,0xF81F,0xF81F,0xF81F,0xF81F,0xF81F,0xF81F,0xF81F,0xF81F,0xF81F,0xF81F,
    0xF81F,0xF81F,0xF81F,0xF81F,
    0xF81F,0xF81F,0xF81F,0xF81F,0xF81F,0xF81F,0xF81F,0xF81F,0xF81F,0xF81F,0xF81F,0xF81F,
    0xF81F,0xF81F,0xF81F,0xF81F,0xF81F,0xF81F,0xF81F,0xF81F,0xF81F,0xF81F,0xF81F,0xF81F,
    0xF81F,0xF81F,0xF81F,0xF81F,0xF81F,0xF81F,0xF81F,0xF81F,0xF81F,0xF81F,0xF81F,0xF81F,
    0xF81F,0xF81F,0xF81F,0xF81F,0xF81F,0xF81F,0x1082,0x3A2A,0x39C8,0x2AAD,0x0CFC,0x055F,
    0x059F,0x059F,0x057F,0x057F,0x055F,0x055F,0x04FD,0x322A,0x39E8,0x0CBB,0x057F,0x055F,
    0x057F,0x057F,0x059F,0x059F,0x055F,0x0D1C,0x2AEF,0x39C8,0x3A2A,0x10C3,0xF81F,0xF81F,
    0xF81F,0xF81F,0xF81F,0xF81F,0xF81F,0xF81F,0xF81F,0xF81F,0xF81F,0xF81F,0xF81F,0xF81F,
    0xF81F,0xF81F,0xF81F,0xF81F,0xF81F,0xF81F,0xF81F,0xF81F,0xF81F,0xF81F,0xF81F,0xF81F,
    0xF81F,0xF81F,0xF81F,0xF81F,0xF81F,0xF81F,0xF81F,0xF81F,0xF81F,0xF81F,0xF81F,0xF81F,
    0xF81F,0xF81F,0xF81F,0xF81F,
    0xF81F,0xF81F,0xF81F,0xF81F,0xF81F,0xF81F,0xF81F,0xF81F,0xF81F,0xF81F,0xF81F,0xF81F,
    0xF81F,0xF81F,0xF81F,0xF81F,0xF81F,0xF81F,0xF81F,0xF81F,0xF81F,0xF81F,0xF81F,0xF81F,
    0xF81F,0xF81F,0xF81F,0xF81F,0xF81F,0xF81F,0xF81F,0xF81F,0xF81F,0xF81F,0xF81F,0xF81F,
    0xF81F,0xF81F,0xF81F,0xF81F,0xF81F,0xF81F,0x0862,0x31E9,0x31E9,0x39E8,0x39E9,0x326C,
    0x2310,0x1BD5,0x0C99,0x051D,0x057F,0x05DF,0x1416,0x39C8,0x39C7,0x1BB4,0x05DF,0x057F,
    0x053E,0x0C9A,0x1BF6,0x2331,0x328C,0x3209,0x39E8,0x31E9,0x3A09,0x1082,0xF81F,0xF81F,
    0xF81F,0xF81F,0xF81F,0xF81F,0xF81F,0xF81F,0xF81F,0xF81F,0xF81F,0xF81F,0xF81F,0xF81F,
    0xF81F,0xF81F,0xF81F,0xF81F,0xF81F,0xF81F,0xF81F,0xF81F,0xF81F,0xF81F,0xF81F,0xF81F,
    0xF81F,0xF81F,0xF81F,0xF81F,0xF81F,0xF81F,0xF81F,0xF81F,0xF81F,0xF81F,0xF81F,0xF81F,
    0xF81F,0xF81F,0xF81F,0xF81F,
    0xF81F,0xF81F,0xF81F,0xF81F,0xF81F,0xF81F,0xF81F,0xF81F,0xF81F,0xF81F,0xF81F,0xF81F,
    0xF81F,0xF81F,0xF81F,0xF81F,0xF81F,0xF81F,0xF81F,0xF81F,0xF81F,0xF81F,0xF81F,0xF81F,
    0xF81F,0xF81F,0xF81F,0xF81F,0xF81F,0xF81F,0xF81F,0xF81F,0xF81F,0xF81F,0xF81F,0xF81F,
    0xF81F,0xF81F,0xF81F,0xF81F,0xF81F,0xF81F,0x0041,0x31C8,0x31E8,0x31C8,0x31C8,0x39C8,
    0x39A7,0x39A7,0x39C8,0x322A,0x2AAD,0x1B93,0x2A8D,0x39C8,0x31C8,0x2A6C,0x1B93,0x2ACE,
    0x322A,0x39C8,0x39A7,0x39A7,0x39C8,0x31C8,0x31C8,0x31E8,0x31C8,0x0861,0xF81F,0xF81F,
    0xF81F,0xF81F,0xF81F,0xF81F,0xF81F,0xF81F,0xF81F,0xF81F,0xF81F,0xF81F,0xF81F,0xF81F,
    0xF81F,0xF81F,0xF81F,0xF81F,0xF81F,0xF81F,0xF81F,0xF81F,0xF81F,0xF81F,0xF81F,0xF81F,
    0xF81F,0xF81F,0xF81F,0xF81F,0xF81F,0xF81F,0xF81F,0xF81F,0xF81F,0xF81F,0xF81F,0xF81F,
    0xF81F,0xF81F,0xF81F,0xF81F,
    0xF81F,0xF81F,0xF81F,0xF81F,0xF81F,0xF81F,0xF81F,0xF81F,0xF81F,0xF81F,0xF81F,0xF81F,
    0xF81F,0xF81F,0xF81F,0xF81F,0xF81F,0xF81F,0xF81F,0xF81F,0xF81F,0xF81F,0xF81F,0xF81F,
    0xF81F,0xF81F,0xF81F,0xF81F,0xF81F,0xF81F,0xF81F,0xF81F,0xF81F,0xF81F,0xF81F,0xF81F,
    0xF81F,0xF81F,0xF81F,0xF81F,0xF81F,0xF81F,0x0000,0x2987,0x31E8,0x31C8,0x31C8,0x31C8,
    0x31E9,0x31E9,0x31C8,0x31C8,0x39A7,0x3987,0x31C8,0x31C8,0x31C8,0x31C8,0x3987,0x39A7,
    0x31C8,0x31C8,0x31E9,0x31E9,0x31C8,0x31C8,0x31C8,0x31C8,0x31C8,0x0841,0xF81F,0xF81F,
    0xF81F,0xF81F,0xF81F,0xF81F,0xF81F,0xF81F,0xF81F,0xF81F,0xF81F,0xF81F,0xF81F,0xF81F,
    0xF81F,0xF81F,0xF81F,0xF81F,0xF81F,0xF81F,0xF81F,0xF81F,0xF81F,0xF81F,0xF81F,0xF81F,
    0xF81F,0xF81F,0xF81F,0xF81F,0xF81F,0xF81F,0xF81F,0xF81F,0xF81F,0xF81F,0xF81F,0xF81F,
    0xF81F,0xF81F,0xF81F,0xF81F,
    0xF81F,0xF81F,0xF81F,0xF81F,0xF81F,0xF81F,0xF81F,0xF81F,0xF81F,0xF81F,0xF81F,0xF81F,
    0xF81F,0xF81F,0xF81F,0xF81F,0xF81F,0xF81F,0xF81F,0xF81F,0xF81F,0xF81F,0xF81F,0xF81F,
    0xF81F,0xF81F,0xF81F,0xF81F,0xF81F,0xF81F,0xF81F,0xF81F,0xF81F,0xF81F,0xF81F,0xF81F,
    0xF81F,0xF81F,0xF81F,0xF81F,0xF81F,0xF81F,0xF81F,0x2146,0x31E8,0x31A8,0x31C8,0x31C8,
    0x31C8,0x31C8,0x31C8,0x31C8,0x31C8,0x31C8,0x31C8,0x31C8,0x31C8,0x31C8,0x31C8,0x31C8,
    0x31C8,0x31C8,0x31C8,0x31C8,0x31C8,0x31C8,0x31A8,0x31C8,0x2966,0xF81F,0xF81F,0xF81F,
    0xF81F,0xF81F,0xF81F,0xF81F,0xF81F,0xF81F,0xF81F,0xF81F,0xF81F,0xF81F,0xF81F,0xF81F,
    0xF81F,0xF81F,0xF81F,0xF81F,0xF81F,0xF81F,0xF81F,0xF81F,0xF81F,0xF81F,0xF81F,0xF81F,
    0xF81F,0xF81F,0xF81F,0xF81F,0xF81F,0xF81F,0xF81F,0xF81F,0xF81F,0xF81F,0xF81F,0xF81F,
    0xF81F,0xF81F,0xF81F,0xF81F,
    0xF81F,0xF81F,0xF81F,0xF81F,0xF81F,0xF81F,0xF81F,0xF81F,0xF81F,0xF81F,0xF81F,0xF81F,
    0xF81F,0xF81F,0xF81F,0xF81F,0xF81F,0xF81F,0xF81F,0xF81F,0xF81F,0xF81F,0xF81F,0xF81F,
    0xF81F,0xF81F,0xF81F,0xF81F,0xF81F,0xF81F,0xF81F,0xF81F,0xF81F,0xF81F,0x2966,0x6B90,
    0x634E,0x634F,0x634F,0x634F,0x634F,0x634F,0x636F,0x424A,0x2987,0x31A8,0x31A8,0x31A8,
    0x31A8,0x31A8,0x31A8,0x31A8,0x31A8,0x31A8,0x31A8,0x31A8,0x31A8,0x31A8,0x31A8,0x31A8,
    0x31A8,0x31A8,0x31A8,0x31A8,0x31A8,0x31A8,0x31A8,0x29A7,0x3A09,0x636F,0x634F,0x634F,
    0x634F,0x634F,0x634F,0x634E,0x6B90,0x31C8,0xF81F,0xF81F,0xF81F,0xF81F,0xF81F,0xF81F,
    0xF81F,0xF81F,0xF81F,0xF81F,0xF81F,0xF81F,0xF81F,0xF81F,0xF81F,0xF81F,0xF81F,0xF81F,
    0xF81F,0xF81F,0xF81F,0xF81F,0xF81F,0xF81F,0xF81F,0xF81F,0xF81F,0xF81F,0xF81F,0xF81F,
    0xF81F,0xF81F,0xF81F,0xF81F,
    0xF81F,0xF81F,0xF81F,0xF81F,0xF81F,0xF81F,0xF81F,0xF81F,0xF81F,0xF81F,0xF81F,0xF81F,
    0xF81F,0xF81F,0xF81F,0xF81F,0xF81F,0xF81F,0xF81F,0xF81F,0xF81F,0xF81F,0xF81F,0xF81F,
    0xF81F,0xF81F,0xF81F,0xF81F,0xF81F,0xF81F,0xF81F,0xF81F,0xF81F,0xF81F,0x2987,0xADB9,
    0x9D78,0xA578,0xA578,0xA578,0xA578,0x9D78,0xADB9,0x634F,0x2166,0x31A8,0x31A7,0x31A7,
    0x31A7,0x31A7,0x31A7,0x31A7,0x31A7,0x31A7,0x31A7,0x31A7,0x31A7,0x31A7,0x31A7,0x31A7,
    0x31A7,0x31A7,0x31A7,0x31A7,0x31A7,0x31A7,0x31A8,0x2966,0x52ED,0xADB9,0xA578,0xA578,
    0xA578,0xA578,0xA578,0x9D58,0xADDA,0x422A,0xF81F,0xF81F,0xF81F,0xF81F,0xF81F,0xF81F,
    0xF81F,0xF81F,0xF81F,0xF81F,0xF81F,0xF81F,0xF81F,0xF81F,0xF81F,0xF81F,0xF81F,0xF81F,
    0xF81F,0xF81F,0xF81F,0xF81F,0xF81F,0xF81F,0xF81F,0xF81F,0xF81F,0xF81F,0xF81F,0xF81F,
    0xF81F,0xF81F,0xF81F,0xF81F,
    0xF81F,0xF81F,0xF81F,0xF81F,0xF81F,0xF81F,0xF81F,0xF81F,0xF81F,0xF81F,0xF81F,0xF81F,
    0xF81F,0xF81F,0xF81F,0xF81F,0xF81F,0xF81F,0xF81F,0xF81F,0xF81F,0xF81F,0xF81F,0xF81F,
    0xF81F,0xF81F,0xF81F,0xF81F,0xF81F,0xF81F,0xF81F,0xF81F,0xF81F,0xF81F,0x0882,0x5B0D,
    0x5B0E,0x5B0E,0x5B0E,0x5B0E,0x5B0E,0x5B0E,0x5B2E,0x426B,0x2967,0x29A7,0x2987,0x2987,
    0x2987,0x2987,0x2987,0x2987,0x2987,0x2987,0x2987,0x2987,0x2987,0x2987,0x2987,0x2987,
    0x2987,0x2987,0x2987,0x2987,0x2987,0x2987,0x29A7,0x2967,0x422A,0x5B2E,0x5B0E,0x5B0E,
    0x5B0E,0x5B0E,0x5B0E,0x5B0E,0x5B2E,0x10A3,0xF81F,0xF81F,0xF81F,0xF81F,0xF81F,0xF81F,
    0xF81F,0xF81F,0xF81F,0xF81F,0xF81F,0xF81F,0xF81F,0xF81F,0xF81F,0xF81F,0xF81F,0xF81F,
    0xF81F,0xF81F,0xF81F,0xF81F,0xF81F,0xF81F,0xF81F,0xF81F,0xF81F,0xF81F,0xF81F,0xF81F,
    0xF81F,0xF81F,0xF81F,0xF81F,
    0xF81F,0xF81F,0xF81F,0xF81F,0xF81F,0xF81F,0xF81F,0xF81F,0xF81F,0xF81F,0xF81F,0xF81F,
    0xF81F,0xF81F,0xF81F,0xF81F,0xF81F,0xF81F,0xF81F,0xF81F,0xF81F,0xF81F,0xF81F,0xF81F,
    0xF81F,0xF81F,0xF81F,0xF81F,0xF81F,0xF81F,0xF81F,0xF81F,0xF81F,0xF81F,0xF81F,0x3A0A,
    0x4A8C,0x426B,0x4A6B,0x4A6B,0x4A6B,0x4A6B,0x4A8C,0x422A,0x2967,0x2987,0x2987,0x2987,
    0x2987,0x2987,0x2987,0x2987,0x2987,0x2987,0x2987,0x2987,0x2987,0x2987,0x2987,0x2987,
    0x2987,0x2987,0x2987,0x2987,0x2987,0x2987,0x2987,0x2967,0x3A09,0x4A8C,0x4A6B,0x4A6B,
    0x4A6B,0x4A6B,0x426B,0x4A8B,0x424A,0x0841,0xF81F,0xF81F,0xF81F,0xF81F,0xF81F,0xF81F,
    0xF81F,0xF81F,0xF81F,0xF81F,0xF81F,0xF81F,0xF81F,0xF81F,0xF81F,0xF81F,0xF81F,0xF81F,
    0xF81F,0xF81F,0xF81F,0xF81F,0xF81F,0xF81F,0xF81F,0xF81F,0xF81F,0xF81F,0xF81F,0xF81F,
    0xF81F,0xF81F,0xF81F,0xF81F,
    0xF81F,0xF81F,0xF81F,0xF81F,0xF81F,0xF81F,0xF81F,0xF81F,0xF81F,0xF81F,0xF81F,0xF81F,
    0xF81F,0xF81F,0xF81F,0xF81F,0xF81F,0xF81F,0xF81F,0xF81F,0xF81F,0xF81F,0xF81F,0xF81F,
    0xF81F,0xF81F,0xF81F,0xF81F,0xF81F,0xF81F,0xF81F,0xF81F,0xF81F,0xF81F,0xF81F,0x31C8,
    0x4AAC,0x4A8B,0x4A8C,0x4A8C,0x4A8C,0x4A8C,0x4AAC,0x424A,0x2967,0x2987,0x2987,0x2987,
    0x2987,0x2987,0x2987,0x2987,0x2987,0x2987,0x2987,0x2987,0x2987,0x2987,0x2987,0x2987,
    0x2987,0x2987,0x2987,0x2987,0x2987,0x2987,0x2987,0x2966,0x422A,0x4AAC,0x4A8B,0x4A8C,
    0x4A8C,0x4A8C,0x4A8B,0x4AAC,0x3A09,0xF81F,0xF81F,0xF81F,0xF81F,0xF81F,0xF81F,0xF81F,
    0xF81F,0xF81F,0xF81F,0xF81F,0xF81F,0xF81F,0xF81F,0xF81F,0xF81F,0xF81F,0xF81F,0xF81F,
    0xF81F,0xF81F,0xF81F,0xF81F,0xF81F,0xF81F,0xF81F,0xF81F,0xF81F,0xF81F,0xF81F,0xF81F,
    0xF81F,0xF81F,0xF81F,0xF81F,
    0xF81F,0xF81F,0xF81F,0xF81F,0xF81F,0xF81F,0xF81F,0xF81F,0xF81F,0xF81F,0xF81F,0xF81F,
    0xF81F,0xF81F,0xF81F,0xF81F,0xF81F,0xF81F,0xF81F,0xF81F,0xF81F,0xF81F,0xF81F,0xF81F,
    0xF81F,0xF81F,0xF81F,0xF81F,0xF81F,0xF81F,0xF81F,0xF81F,0xF81F,0xF81F,0xF81F,0x2966,
    0x4AAC,0x426B,0x4A8B,0x4A8B,0x4A8B,0x4A8B,0x4A8B,0x4A6B,0x424B,0x424B,0x424B,0x424B,
    0x424B,0x424B,0x424B,0x424B,0x424B,0x424B,0x424B,0x424B,0x424B,0x424B,0x424B,0x424B,
    0x424B,0x424B,0x424B,0x424B,0x424B,0x424B,0x424B,0x424B,0x4A6B,0x4A8B,0x4A8B,0x4A8B,
    0x4A8B,0x4A8B,0x426B,0x4AAC,0x31A7,0xF81F,0xF81F,0xF81F,0xF81F,0xF81F,0xF81F,0xF81F,
    0xF81F,0xF81F,0xF81F,0xF81F,0xF81F,0xF81F,0xF81F,0xF81F,0xF81F,0xF81F,0xF81F,0xF81F,
    0xF81F,0xF81F,0xF81F,0xF81F,0xF81F,0xF81F,0xF81F,0xF81F,0xF81F,0xF81F,0xF81F,0xF81F,
    0xF81F,0xF81F,0xF81F,0xF81F,
    0xF81F,0xF81F,0xF81F,0xF81F,0xF81F,0xF81F,0xF81F,0xF81F,0xF81F,0xF81F,0xF81F,0xF81F,
    0xF81F,0xF81F,0xF81F,0xF81F,0xF81F,0xF81F,0xF81F,0xF81F,0xF81F,0xF81F,0xF81F,0xF81F,
    0xF81F,0xF81F,0xF81F,0xF81F,0xF81F,0xF81F,0xF81F,0xF81F,0xF81F,0xF81F,0xF81F,0x18E4,
    0x4A8C,0x426B,0x426B,0x426B,0x426B,0x426B,0x426B,0x4A6B,0x4A8B,0x4A8B,0x4A8B,0x4A8B,
    0x4A8B,0x4A8B,0x4A8B,0x4A8B,0x4A8B,0x4A8B,0x4A8B,0x4A8B,0x4A8B,0x4A8B,0x4A8B,0x4A8B,
    0x4A8B,0x4A8B,0x4A8B,0x4A8B,0x4A8B,0x4A8B,0x4A8B,0x4A8B,0x4A6B,0x426B,0x426B,0x426B,
    0x426B,0x426B,0x426B,0x4AAC,0x2145,0xF81F,0xF81F,0xF81F,0xF81F,0xF81F,0xF81F,0xF81F,
    0xF81F,0xF81F,0xF81F,0xF81F,0xF81F,0xF81F,0xF81F,0xF81F,0xF81F,0xF81F,0xF81F,0xF81F,
    0xF81F,0xF81F,0xF81F,0xF81F,0xF81F,0xF81F,0xF81F,0xF81F,0xF81F,0xF81F,0xF81F,0xF81F,
    0xF81F,0xF81F,0xF81F,0xF81F,
    0xF81F,0xF81F,0xF81F,0xF81F,0xF81F,0xF81F,0xF81F,0xF81F,0xF81F,0xF81F,0xF81F,0xF81F,
    0xF81F,0xF81F,0xF81F,0xF81F,0xF81F,0xF81F,0xF81F,0xF81F,0xF81F,0xF81F,0xF81F,0xF81F,
    0xF81F,0xF81F,0xF81F,0xF81F,0xF81F,0xF81F,0xF81F,0xF81F,0xF81F,0xF81F,0xF81F,0x0882,
    0x4A6B,0x426B,0x426B,0x426B,0x426B,0x426B,0x426B,0x426B,0x426B,0x426B,0x426B,0x426B,
    0x426B,0x426B,0x426B,0x426B,0x426B,0x426B,0x426B,0x426B,0x426B,0x426B,0x426B,0x426B,
    0x426B,0x426B,0x426B,0x426B,0x426B,0x426B,0x426B,0x426B,0x426B,0x426B,0x426B,0x426B,
    0x426B,0x426B,0x424B,0x4A8B,0x18C3,0xF81F,0xF81F,0xF81F,0xF81F,0xF81F,0xF81F,0xF81F,
    0xF81F,0xF81F,0xF81F,0xF81F,0xF81F,0xF81F,0xF81F,0xF81F,0xF81F,0xF81F,0xF81F,0xF81F,
    0xF81F,0xF81F,0xF81F,0xF81F,0xF81F,0xF81F,0xF81F,0xF81F,0xF81F,0xF81F,0xF81F,0xF81F,
    0xF81F,0xF81F,0xF81F,0xF81F,
    0xF81F,0xF81F,0xF81F,0xF81F,0xF81F,0xF81F,0xF81F,0xF81F,0xF81F,0xF81F,0xF81F,0xF81F,
    0xF81F,0xF81F,0xF81F,0xF81F,0xF81F,0xF81F,0xF81F,0xF81F,0xF81F,0xF81F,0xF81F,0xF81F,
    0xF81F,0xF81F,0xF81F,0xF81F,0xF81F,0xF81F,0xF81F,0xF81F,0xF81F,0xF81F,0xF81F,0x0021,
    0x422A,0x426B,0x424A,0x424B,0x424B,0x424B,0x424B,0x424B,0x424B,0x424B,0x424B,0x424B,
    0x424B,0x424B,0x424B,0x424B,0x424B,0x424B,0x424B,0x424B,0x424B,0x424B,0x424B,0x424B,
    0x424B,0x424B,0x424B,0x424B,0x424B,0x424B,0x424B,0x424B,0x424B,0x424B,0x424B,0x424B,
    0x424B,0x424B,0x424A,0x424A,0x0861,0xF81F,0xF81F,0xF81F,0xF81F,0xF81F,0xF81F,0xF81F,
    0xF81F,0xF81F,0xF81F,0xF81F,0xF81F,0xF81F,0xF81F,0xF81F,0xF81F,0xF81F,0xF81F,0xF81F,
    0xF81F,0xF81F,0xF81F,0xF81F,0xF81F,0xF81F,0xF81F,0xF81F,0xF81F,0xF81F,0xF81F,0xF81F,
    0xF81F,0xF81F,0xF81F,0xF81F,
    0xF81F,0xF81F,0xF81F,0xF81F,0xF81F,0xF81F,0xF81F,0xF81F,0xF81F,0xF81F,0xF81F,0xF81F,
    0xF81F,0xF81F,0xF81F,0xF81F,0xF81F,0xF81F,0xF81F,0xF81F,0xF81F,0xF81F,0xF81F,0xF81F,
    0xF81F,0xF81F,0xF81F,0xF81F,0xF81F,0xF81F,0xF81F,0xF81F,0xF81F,0xF81F,0xF81F,0xF81F,
    0x31C8,0x426B,0x422A,0x424A,0x424A,0x424A,0x424A,0x424A,0x424A,0x424A,0x424A,0x424A,
    0x424A,0x424A,0x424A,0x424A,0x424A,0x424A,0x424A,0x424A,0x424A,0x424A,0x424A,0x424A,
    0x424A,0x424A,0x424A,0x424A,0x424A,0x424A,0x424A,0x424A,0x424A,0x424A,0x424A,0x424A,
    0x424A,0x424A,0x424B,0x3A09,0xF81F,0xF81F,0xF81F,0xF81F,0xF81F,0xF81F,0xF81F,0xF81F,
    0xF81F,0xF81F,0xF81F,0xF81F,0xF81F,0xF81F,0xF81F,0xF81F,0xF81F,0xF81F,0xF81F,0xF81F,
    0xF81F,0xF81F,0xF81F,0xF81F,0xF81F,0xF81F,0xF81F,0xF81F,0xF81F,0xF81F,0xF81F,0xF81F,
    0xF81F,0xF81F,0xF81F,0xF81F,
    0xF81F,0xF81F,0xF81F,0xF81F,0xF81F,0xF81F,0xF81F,0xF81F,0xF81F,0xF81F,0xF81F,0xF81F,
    0xF81F,0xF81F,0xF81F,0xF81F,0xF81F,0xF81F,0xF81F,0xF81F,0xF81F,0xF81F,0xF81F,0xF81F,
    0xF81F,0xF81F,0xF81F,0xF81F,0xF81F,0xF81F,0xF81F,0xF81F,0xF81F,0xF81F,0xF81F,0xF81F,
    0x2967,0x426B,0x422A,0x424A,0x424A,0x424A,0x424A,0x424A,0x424A,0x424A,0x424A,0x424A,
    0x424A,0x424A,0x424A,0x424A,0x424A,0x424A,0x424A,0x424A,0x424A,0x424A,0x424A,0x424A,
    0x424A,0x424A,0x424A,0x424A,0x424A,0x424A,0x424A,0x424A,0x424A,0x424A,0x424A,0x424A,
    0x424A,0x422A,0x424B,0x31A8,0xF81F,0xF81F,0xF81F,0xF81F,0xF81F,0xF81F,0xF81F,0xF81F,
    0xF81F,0xF81F,0xF81F,0xF81F,0xF81F,0xF81F,0xF81F,0xF81F,0xF81F,0xF81F,0xF81F,0xF81F,
    0xF81F,0xF81F,0xF81F,0xF81F,0xF81F,0xF81F,0xF81F,0xF81F,0xF81F,0xF81F,0xF81F,0xF81F,
    0xF81F,0xF81F,0xF81F,0xF81F,
    0xF81F,0xF81F,0xF81F,0xF81F,0xF81F,0xF81F,0xF81F,0xF81F,0xF81F,0xF81F,0xF81F,0xF81F,
    0xF81F,0xF81F,0xF81F,0xF81F,0xF81F,0xF81F,0xF81F,0xF81F,0xF81F,0xF81F,0xF81F,0xF81F,
    0xF81F,0xF81F,0xF81F,0xF81F,0xF81F,0xF81F,0xF81F,0xF81F,0xF81F,0xF81F,0xF81F,0xF81F,
    0x1905,0x424B,0x3A29,0x422A,0x422A,0x422A,0x422A,0x422A,0x422A,0x422A,0x422A,0x422A,
    0x422A,0x422A,0x422A,0x422A,0x422A,0x422A,0x422A,0x422A,0x422A,0x422A,0x422A,0x422A,
    0x422A,0x422A,0x422A,0x422A,0x422A,0x422A,0x422A,0x422A,0x422A,0x422A,0x422A,0x422A,
    0x422A,0x3A2A,0x424B,0x2146,0xF81F,0xF81F,0xF81F,0xF81F,0xF81F,0xF81F,0xF81F,0xF81F,
    0xF81F,0xF81F,0xF81F,0xF81F,0xF81F,0xF81F,0xF81F,0xF81F,0xF81F,0xF81F,0xF81F,0xF81F,
    0xF81F,0xF81F,0xF81F,0xF81F,0xF81F,0xF81F,0xF81F,0xF81F,0xF81F,0xF81F,0xF81F,0xF81F,
    0xF81F,0xF81F,0xF81F,0xF81F,
    0xF81F,0xF81F,0xF81F,0xF81F,0xF81F,0xF81F,0xF81F,0xF81F,0xF81F,0xF81F,0xF81F,0xF81F,
    0xF81F,0xF81F,0xF81F,0xF81F,0xF81F,0xF81F,0xF81F,0xF81F,0xF81F,0xF81F,0xF81F,0xF81F,
    0xF81F,0xF81F,0xF81F,0xF81F,0xF81F,0xF81F,0xF81F,0xF81F,0xF81F,0xF81F,0xF81F,0xF81F,
    0x10A3,0x424A,0x3A09,0x3A2A,0x3A2A,0x3A2A,0x3A2A,0x3A2A,0x3A2A,0x3A2A,0x3A2A,0x3A2A,
    0x3A2A,0x3A2A,0x3A2A,0x3A2A,0x3A2A,0x3A2A,0x3A2A,0x3A2A,0x3A2A,0x3A2A,0x3A2A,0x3A2A,
    0x3A2A,0x3A2A,0x3A2A,0x3A2A,0x3A2A,0x3A2A,0x3A2A,0x3A2A,0x3A2A,0x3A2A,0x3A2A,0x3A2A,
    0x3A2A,0x3A09,0x424A,0x18E4,0xF81F,0xF81F,0xF81F,0xF81F,0xF81F,0xF81F,0xF81F,0xF81F,
    0xF81F,0xF81F,0xF81F,0xF81F,0xF81F,0xF81F,0xF81F,0xF81F,0xF81F,0xF81F,0xF81F,0xF81F,
    0xF81F,0xF81F,0xF81F,0xF81F,0xF81F,0xF81F,0xF81F,0xF81F,0xF81F,0xF81F,0xF81F,0xF81F,
    0xF81F,0xF81F,0xF81F,0xF81F,
    0xF81F,0xF81F,0xF81F,0xF81F,0xF81F,0xF81F,0xF81F,0xF81F,0xF81F,0xF81F,0xF81F,0xF81F,
    0xF81F,0xF81F,0xF81F,0xF81F,0xF81F,0xF81F,0xF81F,0xF81F,0xF81F,0xF81F,0xF81F,0xF81F,
    0xF81F,0xF81F,0xF81F,0xF81F,0xF81F,0xF81F,0xF81F,0xF81F,0xF81F,0xF81F,0xF81F,0xF81F,
    0x0861,0x3A09,0x3A09,0x3A09,0x3A09,0x3A09,0x3A09,0x3A09,0x3A09,0x3A09,0x3A09,0x3A09,
    0x3A09,0x3A09,0x3A09,0x3A09,0x3A09,0x3A09,0x3A09,0x3A09,0x3A09,0x3A09,0x3A09,0x3A09,
    0x3A09,0x3A09,0x3A09,0x3A09,0x3A09,0x3A09,0x3A09,0x3A09,0x3A09,0x3A09,0x3A09,0x3A09,
    0x3A09,0x3A09,0x3A2A,0x1082,0xF81F,0xF81F,0xF81F,0xF81F,0xF81F,0xF81F,0xF81F,0xF81F,
    0xF81F,0xF81F,0xF81F,0xF81F,0xF81F,0xF81F,0xF81F,0xF81F,0xF81F,0xF81F,0xF81F,0xF81F,
    0xF81F,0xF81F,0xF81F,0xF81F,0xF81F,0xF81F,0xF81F,0xF81F,0xF81F,0xF81F,0xF81F,0xF81F,
    0xF81F,0xF81F,0xF81F,0xF81F,
    0xF81F,0xF81F,0xF81F,0xF81F,0xF81F,0xF81F,0xF81F,0xF81F,0xF81F,0xF81F,0xF81F,0xF81F,
    0xF81F,0xF81F,0xF81F,0xF81F,0xF81F,0xF81F,0xF81F,0xF81F,0xF81F,0xF81F,0xF81F,0xF81F,
    0xF81F,0xF81F,0xF81F,0xF81F,0xF81F,0xF81F,0xF81F,0xF81F,0xF81F,0xF81F,0xF81F,0xF81F,
    0xF81F,0x31C8,0x3A09,0x3A09,0x3A09,0x3A09,0x3A09,0x3A09,0x3A09,0x3A09,0x3A09,0x3A09,
    0x3A09,0x3A09,0x3A09,0x3A09,0x3A09,0x3A09,0x3A09,0x3A09,0x3A09,0x3A09,0x3A09,0x3A09,
    0x3A09,0x3A09,0x3A09,0x3A09,0x3A09,0x3A09,0x3A09,0x3A09,0x3A09,0x3A09,0x3A09,0x3A09,
    0x3A09,0x3A09,0x39E9,0x0021,0xF81F,0xF81F,0xF81F,0xF81F,0xF81F,0xF81F,0xF81F,0xF81F,
    0xF81F,0xF81F,0xF81F,0xF81F,0xF81F,0xF81F,0xF81F,0xF81F,0xF81F,0xF81F,0xF81F,0xF81F,
    0xF81F,0xF81F,0xF81F,0xF81F,0xF81F,0xF81F,0xF81F,0xF81F,0xF81F,0xF81F,0xF81F,0xF81F,
    0xF81F,0xF81F,0xF81F,0xF81F,
    0xF81F,0xF81F,0xF81F,0xF81F,0xF81F,0xF81F,0xF81F,0xF81F,0xF81F,0xF81F,0xF81F,0xF81F,
    0xF81F,0xF81F,0xF81F,0xF81F,0xF81F,0xF81F,0xF81F,0xF81F,0xF81F,0xF81F,0xF81F,0xF81F,
    0xF81F,0xF81F,0xF81F,0xF81F,0xF81F,0xF81F,0xF81F,0xF81F,0xF81F,0xF81F,0xF81F,0xF81F,
    0xF81F,0x2987,0x3A09,0x39E9,0x3A09,0x3A09,0x3A09,0x3A09,0x3A09,0x3A09,0x3A09,0x3A09,
    0x3A09,0x3A09,0x3A09,0x3A09,0x3A09,0x3A09,0x3A09,0x3A09,0x3A09,0x3A09,0x3A09,0x3A09,
    0x3A09,0x3A09,0x3A09,0x3A09,0x3A09,0x3A09,0x3A09,0x3A09,0x3A09,0x3A09,0x3A09,0x3A09,
    0x39E9,0x3A09,0x31A8,0xF81F,0xF81F,0xF81F,0xF81F,0xF81F,0xF81F,0xF81F,0xF81F,0xF81F,
    0xF81F,0xF81F,0xF81F,0xF81F,0xF81F,0xF81F,0xF81F,0xF81F,0xF81F,0xF81F,0xF81F,0xF81F,
    0xF81F,0xF81F,0xF81F,0xF81F,0xF81F,0xF81F,0xF81F,0xF81F,0xF81F,0xF81F,0xF81F,0xF81F,
    0xF81F,0xF81F,0xF81F,0xF81F,
    0xF81F,0xF81F,0xF81F,0xF81F,0xF81F,0xF81F,0xF81F,0xF81F,0xF81F,0xF81F,0xF81F,0xF81F,
    0xF81F,0xF81F,0xF81F,0xF81F,0xF81F,0xF81F,0xF81F,0xF81F,0xF81F,0xF81F,0xF81F,0xF81F,
    0xF81F,0xF81F,0xF81F,0xF81F,0xF81F,0xF81F,0xF81F,0xF81F,0xF81F,0xF81F,0xF81F,0xF81F,
    0xF81F,0x2125,0x3A09,0x31E8,0x39E9,0x39E9,0x39E9,0x39E9,0x39E9,0x39E9,0x39E9,0x39E9,
    0x39E9,0x39E9,0x39E9,0x39E9,0x39E9,0x39E9,0x39E9,0x39E9,0x39E9,0x39E9,0x39E9,0x39E9,
    0x39E9,0x39E9,0x39E9,0x39E9,0x39E9,0x39E9,0x39E9,0x39E9,0x39E9,0x39E9,0x39E9,0x39E9,
    0x31E8,0x3A09,0x2166,0xF81F,0xF81F,0xF81F,0xF81F,0xF81F,0xF81F,0xF81F,0xF81F,0xF81F,
    0xF81F,0xF81F,0xF81F,0xF81F,0xF81F,0xF81F,0xF81F,0xF81F,0xF81F,0xF81F,0xF81F,0xF81F,
    0xF81F,0xF81F,0xF81F,0xF81F,0xF81F,0xF81F,0xF81F,0xF81F,0xF81F,0xF81F,0xF81F,0xF81F,
    0xF81F,0xF81F,0xF81F,0xF81F,
    0xF81F,0xF81F,0xF81F,0xF81F,0xF81F,0xF81F,0xF81F,0xF81F,0xF81F,0xF81F,0xF81F,0xF81F,
    0xF81F,0xF81F,0xF81F,0xF81F,0xF81F,0xF81F,0xF81F,0xF81F,0xF81F,0xF81F,0xF81F,0xF81F,
    0xF81F,0xF81F,0xF81F,0xF81F,0xF81F,0xF81F,0xF81F,0xF81F,0xF81F,0xF81F,0xF81F,0xF81F,
    0xF81F,0x10C3,0x3A09,0x31C8,0x31E8,0x31E8,0x31E8,0x31E8,0x31E8,0x31E8,0x31E8,0x31E8,
    0x39E8,0x31C9,0x31C9,0x31C9,0x31C9,0x31C9,0x31C9,0x31C9,0x31C9,0x31C9,0x31C9,0x31C9,
    0x31C9,0x31C9,0x31C9,0x39E8,0x31E8,0x31E8,0x31E8,0x31E8,0x31E8,0x31E8,0x31E8,0x31E8,
    0x31C8,0x3A09,0x1904,0xF81F,0xF81F,0xF81F,0xF81F,0xF81F,0xF81F,0xF81F,0xF81F,0xF81F,
    0xF81F,0xF81F,0xF81F,0xF81F,0xF81F,0xF81F,0xF81F,0xF81F,0xF81F,0xF81F,0xF81F,0xF81F,
    0xF81F,0xF81F,0xF81F,0xF81F,0xF81F,0xF81F,0xF81F,0xF81F,0xF81F,0xF81F,0xF81F,0xF81F,
    0xF81F,0xF81F,0xF81F,0xF81F,
    0xF81F,0xF81F,0xF81F,0xF81F,0xF81F,0xF81F,0xF81F,0xF81F,0xF81F,0xF81F,0xF81F,0xF81F,
    0xF81F,0xF81F,0xF81F,0xF81F,0xF81F,0xF81F,0xF81F,0xF81F,0xF81F,0xF81F,0xF81F,0xF81F,
    0xF81F,0xF81F,0xF81F,0xF81F,0xF81F,0xF81F,0xF81F,0xF81F,0xF81F,0xF81F,0xF81F,0xF81F,
    0xF81F,0x0882,0x31C8,0x31C8,0x31C8,0x31C8,0x31C8,0x31C8,0x31C8,0x31C8,0x31C8,0x31C8,
    0x29A8,0x39E8,0x4228,0x4208,0x4208,0x4208,0x4208,0x4208,0x4208,0x4208,0x4208,0x4208,
    0x4208,0x4208,0x3A08,0x29A8,0x31C8,0x31C8,0x31C8,0x31C8,0x31C8,0x31C8,0x31C8,0x31C8,
    0x31C8,0x39E9,0x10A3,0xF81F,0xF81F,0xF81F,0xF81F,0xF81F,0xF81F,0xF81F,0xF81F,0xF81F,
    0xF81F,0xF81F,0xF81F,0xF81F,0xF81F,0xF81F,0xF81F,0xF81F,0xF81F,0xF81F,0xF81F,0xF81F,
    0xF81F,0xF81F,0xF81F,0xF81F,0xF81F,0xF81F,0xF81F,0xF81F,0xF81F,0xF81F,0xF81F,0xF81F,
    0xF81F,0xF81F,0xF81F,0xF81F,
    0xF81F,0xF81F,0xF81F,0xF81F,0xF81F,0xF81F,0xF81F,0xF81F,0xF81F,0xF81F,0xF81F,0xF81F,
    0xF81F,0xF81F,0xF81F,0xF81F,0xF81F,0xF81F,0xF81F,0xF81F,0xF81F,0xF81F,0xF81F,0xF81F,
    0xF81F,0xF81F,0xF81F,0xF81F,0xF81F,0xF81F,0xF81F,0xF81F,0xF81F,0xF81F,0xF81F,0xF81F,
    0xF81F,0x0041,0x31A8,0x31C8,0x31C8,0x31C8,0x31C8,0x31C8,0x31C8,0x31C8,0x31C8,0x29A8,
    0x62A7,0xE524,0xED24,0xED24,0xED24,0xED24,0xED24,0xED24,0xED24,0xED24,0xED24,0xED24,
    0xED24,0xED24,0xE544,0x72E7,0x2988,0x31C8,0x31C8,0x31C8,0x31C8,0x31C8,0x31C8,0x31C8,
    0x31C8,0x31C8,0x0861,0xF81F,0xF81F,0xF81F,0xF81F,0xF81F,0xF81F,0xF81F,0xF81F,0xF81F,
    0xF81F,0xF81F,0xF81F,0xF81F,0xF81F,0xF81F,0xF81F,0xF81F,0xF81F,0xF81F,0xF81F,0xF81F,
    0xF81F,0xF81F,0xF81F,0xF81F,0xF81F,0xF81F,0xF81F,0xF81F,0xF81F,0xF81F,0xF81F,0xF81F,
    0xF81F,0xF81F,0xF81F,0xF81F,
    0xF81F,0xF81F,0xF81F,0xF81F,0xF81F,0xF81F,0xF81F,0xF81F,0xF81F,0xF81F,0xF81F,0xF81F,
    0xF81F,0xF81F,0xF81F,0xF81F,0xF81F,0xF81F,0xF81F,0xF81F,0xF81F,0xF81F,0xF81F,0xF81F,
    0xF81F,0xF81F,0xF81F,0xF81F,0xF81F,0xF81F,0xF81F,0xF81F,0xF81F,0xF81F,0xF81F,0xF81F,
    0xF81F,0xF81F,0x2966,0x31C8,0x31A8,0x31A8,0x31A8,0x31A8,0x31A8,0x31A8,0x31C8,0x2168,
    0x8346,0xFE03,0xFDC3,0xFDE3,0xFDC3,0xFDC3,0xFDC3,0xFDC3,0xFDC3,0xFDC3,0xFDC3,0xFDC3,
    0xFDC3,0xFDC3,0xFE23,0x9BC5,0x2168,0x31C8,0x31A8,0x31A8,0x31A8,0x31A8,0x31A8,0x31A8,
    0x31C8,0x2987,0xF81F,0xF81F,0xF81F,0xF81F,0xF81F,0xF81F,0xF81F,0xF81F,0xF81F,0xF81F,
    0xF81F,0xF81F,0xF81F,0xF81F,0xF81F,0xF81F,0xF81F,0xF81F,0xF81F,0xF81F,0xF81F,0xF81F,
    0xF81F,0xF81F,0xF81F,0xF81F,0xF81F,0xF81F,0xF81F,0xF81F,0xF81F,0xF81F,0xF81F,0xF81F,
    0xF81F,0xF81F,0xF81F,0xF81F,
    0xF81F,0xF81F,0xF81F,0xF81F,0xF81F,0xF81F,0xF81F,0xF81F,0xF81F,0xF81F,0xF81F,0xF81F,
    0xF81F,0xF81F,0xF81F,0xF81F,0xF81F,0xF81F,0xF81F,0xF81F,0xF81F,0xF81F,0xF81F,0xF81F,
    0xF81F,0xF81F,0xF81F,0xF81F,0xF81F,0xF81F,0xF81F,0xF81F,0xF81F,0xF81F,0xF81F,0xF81F,
    0xF81F,0xF81F,0x2125,0x31C8,0x29A7,0x31A7,0x31A7,0x31A7,0x31A7,0x31A7,0x31A7,0x29A7,
    0x31A7,0x7B26,0x8B66,0x8346,0x8B46,0x8B46,0x8B46,0x8B46,0x8B46,0x8B46,0x8B46,0x8B46,
    0x8B46,0x8B66,0x8346,0x39C7,0x29A8,0x31A7,0x31A7,0x31A7,0x31A7,0x31A7,0x31A7,0x29A7,
    0x31C8,0x2946,0xF81F,0xF81F,0xF81F,0xF81F,0xF81F,0xF81F,0xF81F,0xF81F,0xF81F,0xF81F,
    0xF81F,0xF81F,0xF81F,0xF81F,0xF81F,0xF81F,0xF81F,0xF81F,0xF81F,0xF81F,0xF81F,0xF81F,
    0xF81F,0xF81F,0xF81F,0xF81F,0xF81F,0xF81F,0xF81F,0xF81F,0xF81F,0xF81F,0xF81F,0xF81F,
    0xF81F,0xF81F,0xF81F,0xF81F,
    0xF81F,0xF81F,0xF81F,0xF81F,0xF81F,0xF81F,0xF81F,0xF81F,0xF81F,0xF81F,0xF81F,0xF81F,
    0xF81F,0xF81F,0xF81F,0xF81F,0xF81F,0xF81F,0xF81F,0xF81F,0xF81F,0xF81F,0xF81F,0xF81F,
    0xF81F,0xF81F,0xF81F,0xF81F,0xF81F,0xF81F,0xF81F,0xF81F,0xF81F,0xF81F,0xF81F,0xF81F,
    0xF81F,0xF81F,0x18E4,0x31C8,0x2987,0x29A7,0x29A7,0x29A7,0x29A7,0x29A7,0x29A7,0x31A7,
    0x2987,0x2148,0x2148,0x2148,0x2148,0x2148,0x2148,0x2148,0x2148,0x2148,0x2148,0x2148,
    0x2148,0x2148,0x2148,0x2987,0x31A7,0x29A7,0x29A7,0x29A7,0x29A7,0x29A7,0x29A7,0x2987,
    0x31A8,0x1905,0xF81F,0xF81F,0xF81F,0xF81F,0xF81F,0xF81F,0xF81F,0xF81F,0xF81F,0xF81F,
    0xF81F,0xF81F,0xF81F,0xF81F,0xF81F,0xF81F,0xF81F,0xF81F,0xF81F,0xF81F,0xF81F,0xF81F,
    0xF81F,0xF81F,0xF81F,0xF81F,0xF81F,0xF81F,0xF81F,0xF81F,0xF81F,0xF81F,0xF81F,0xF81F,
    0xF81F,0xF81F,0xF81F,0xF81F,
    0xF81F,0xF81F,0xF81F,0xF81F,0xF81F,0xF81F,0xF81F,0xF81F,0xF81F,0xF81F,0xF81F,0xF81F,
    0xF81F,0xF81F,0xF81F,0xF81F,0xF81F,0xF81F,0xF81F,0xF81F,0xF81F,0xF81F,0xF81F,0xF81F,
    0xF81F,0xF81F,0xF81F,0xF81F,0xF81F,0xF81F,0xF81F,0xF81F,0xF81F,0xF81F,0xF81F,0xF81F,
    0xF81F,0xF81F,0x0882,0x31A7,0x2987,0x2987,0x2987,0x2987,0x2987,0x2987,0x2987,0x2987,
    0x2987,0x31A7,0x31A7,0x31A7,0x31A7,0x31A7,0x31A7,0x31A7,0x31A7,0x31A7,0x31A7,0x31A7,
    0x31A7,0x31A7,0x31A7,0x2987,0x2987,0x2987,0x2987,0x2987,0x2987,0x2987,0x2987,0x2987,
    0x31A8,0x10A3,0xF81F,0xF81F,0xF81F,0xF81F,0xF81F,0xF81F,0xF81F,0xF81F,0xF81F,0xF81F,
    0xF81F,0xF81F,0xF81F,0xF81F,0xF81F,0xF81F,0xF81F,0xF81F,0xF81F,0xF81F,0xF81F,0xF81F,
    0xF81F,0xF81F,0xF81F,0xF81F,0xF81F,0xF81F,0xF81F,0xF81F,0xF81F,0xF81F,0xF81F,0xF81F,
    0xF81F,0xF81F,0xF81F,0xF81F,
    0xF81F,0xF81F,0xF81F,0xF81F,0xF81F,0xF81F,0xF81F,0xF81F,0xF81F,0xF81F,0xF81F,0xF81F,
    0xF81F,0xF81F,0xF81F,0xF81F,0xF81F,0xF81F,0xF81F,0xF81F,0xF81F,0xF81F,0xF81F,0xF81F,
    0xF81F,0xF81F,0xF81F,0xF81F,0xF81F,0xF81F,0xF81F,0xF81F,0xF81F,0xF81F,0xF81F,0xF81F,
    0xF81F,0xF81F,0x0841,0x2987,0x2987,0x2987,0x2987,0x2987,0x2987,0x2987,0x2987,0x2987,
    0x2987,0x1927,0x1927,0x1927,0x1927,0x1927,0x1927,0x1927,0x1927,0x1927,0x1927,0x1927,
    0x1927,0x1927,0x1927,0x2967,0x2987,0x2987,0x2987,0x2987,0x2987,0x2987,0x2987,0x2987,
    0x2987,0x0862,0xF81F,0xF81F,0xF81F,0xF81F,0xF81F,0xF81F,0xF81F,0xF81F,0xF81F,0xF81F,
    0xF81F,0xF81F,0xF81F,0xF81F,0xF81F,0xF81F,0xF81F,0xF81F,0xF81F,0xF81F,0xF81F,0xF81F,
    0xF81F,0xF81F,0xF81F,0xF81F,0xF81F,0xF81F,0xF81F,0xF81F,0xF81F,0xF81F,0xF81F,0xF81F,
    0xF81F,0xF81F,0xF81F,0xF81F,
    0xF81F,0xF81F,0xF81F,0xF81F,0xF81F,0xF81F,0xF81F,0xF81F,0xF81F,0xF81F,0xF81F,0xF81F,
    0xF81F,0xF81F,0xF81F,0xF81F,0xF81F,0xF81F,0xF81F,0xF81F,0xF81F,0xF81F,0xF81F,0xF81F,
    0xF81F,0xF81F,0xF81F,0xF81F,0xF81F,0xF81F,0xF81F,0xF81F,0xF81F,0xF81F,0xF81F,0xF81F,
    0xF81F,0xF81F,0x0020,0x2146,0x2967,0x2966,0x2967,0x2967,0x2967,0x2967,0x2967,0x2967,
    0x2987,0x7B05,0x8B65,0x8B45,0x8B45,0x8B45,0x8B45,0x8B45,0x8B45,0x8B45,0x8B45,0x8B45,
    0x8B45,0x8B65,0x8325,0x31A6,0x2167,0x2967,0x2967,0x2967,0x2967,0x2967,0x2966,0x2967,
    0x2966,0x0041,0xF81F,0xF81F,0xF81F,0xF81F,0xF81F,0xF81F,0xF81F,0xF81F,0xF81F,0xF81F,
    0xF81F,0xF81F,0xF81F,0xF81F,0xF81F,0xF81F,0xF81F,0xF81F,0xF81F,0xF81F,0xF81F,0xF81F,
    0xF81F,0xF81F,0xF81F,0xF81F,0xF81F,0xF81F,0xF81F,0xF81F,0xF81F,0xF81F,0xF81F,0xF81F,
    0xF81F,0xF81F,0xF81F,0xF81F,
    0xF81F,0xF81F,0xF81F,0xF81F,0xF81F,0xF81F,0xF81F,0xF81F,0xF81F,0xF81F,0xF81F,0xF81F,
    0xF81F,0xF81F,0xF81F,0xF81F,0xF81F,0xF81F,0xF81F,0xF81F,0xF81F,0xF81F,0xF81F,0xF81F,
    0xF81F,0xF81F,0xF81F,0xF81F,0xF81F,0xF81F,0xF81F,0xF81F,0xF81F,0xF81F,0xF81F,0xF81F,
    0xF81F,0xF81F,0xF81F,0x2105,0x2967,0x2946,0x2966,0x2966,0x2966,0x2966,0x2966,0x1907,
    0x8325,0xFE23,0xFDC3,0xFDE3,0xFDE3,0xFDE3,0xFDE3,0xFDE3,0xFDE3,0xFDE3,0xFDE3,0xFDE3,
    0xFDE3,0xFDC3,0xFE23,0x9BA5,0x1907,0x2966,0x2966,0x2966,0x2966,0x2966,0x2966,0x2967,
    0x2125,0xF81F,0xF81F,0xF81F,0xF81F,0xF81F,0xF81F,0xF81F,0xF81F,0xF81F,0xF81F,0xF81F,
    0xF81F,0xF81F,0xF81F,0xF81F,0xF81F,0xF81F,0xF81F,0xF81F,0xF81F,0xF81F,0xF81F,0xF81F,
    0xF81F,0xF81F,0xF81F,0xF81F,0xF81F,0xF81F,0xF81F,0xF81F,0xF81F,0xF81F,0xF81F,0xF81F,
    0xF81F,0xF81F,0xF81F,0xF81F,
    0xF81F,0xF81F,0xF81F,0xF81F,0xF81F,0xF81F,0xF81F,0xF81F,0xF81F,0xF81F,0xF81F,0xF81F,
    0xF81F,0xF81F,0xF81F,0xF81F,0xF81F,0xF81F,0xF81F,0xF81F,0xF81F,0xF81F,0xF81F,0xF81F,
    0xF81F,0xF81F,0xF81F,0xF81F,0xF81F,0xF81F,0xF81F,0xF81F,0xF81F,0xF81F,0xF81F,0xF81F,
    0xF81F,0xF81F,0xF81F,0x18C4,0x2966,0x2146,0x2146,0x2146,0x2146,0x2146,0x2966,0x2126,
    0x5245,0xDD04,0xED24,0xED24,0xED24,0xED24,0xED24,0xED24,0xED24,0xED24,0xED24,0xED24,
    0xED24,0xED04,0xE524,0x62A5,0x1926,0x2966,0x2146,0x2146,0x2146,0x2146,0x2146,0x2966,
    0x1904,0xF81F,0xF81F,0xF81F,0xF81F,0xF81F,0xF81F,0xF81F,0xF81F,0xF81F,0xF81F,0xF81F,
    0xF81F,0xF81F,0xF81F,0xF81F,0xF81F,0xF81F,0xF81F,0xF81F,0xF81F,0xF81F,0xF81F,0xF81F,
    0xF81F,0xF81F,0xF81F,0xF81F,0xF81F,0xF81F,0xF81F,0xF81F,0xF81F,0xF81F,0xF81F,0xF81F,
    0xF81F,0xF81F,0xF81F,0xF81F,
    0xF81F,0xF81F,0xF81F,0xF81F,0xF81F,0xF81F,0xF81F,0xF81F,0xF81F,0xF81F,0xF81F,0xF81F,
    0xF81F,0xF81F,0xF81F,0xF81F,0xF81F,0xF81F,0xF81F,0xF81F,0xF81F,0xF81F,0xF81F,0xF81F,
    0xF81F,0xF81F,0xF81F,0xF81F,0xF81F,0xF81F,0xF81F,0xF81F,0xF81F,0xF81F,0xF81F,0xF81F,
    0xF81F,0xF81F,0xF81F,0x10A3,0x2966,0x2126,0x2146,0x2146,0x2146,0x2146,0x2146,0x2146,
    0x1926,0x2966,0x3186,0x3186,0x3186,0x3186,0x3186,0x3186,0x3186,0x3186,0x3186,0x3186,
    0x3186,0x3186,0x2966,0x1926,0x2146,0x2146,0x2146,0x2146,0x2146,0x2146,0x2126,0x2966,
    0x10C3,0xF81F,0xF81F,0xF81F,0xF81F,0xF81F,0xF81F,0xF81F,0xF81F,0xF81F,0xF81F,0xF81F,
    0xF81F,0xF81F,0xF81F,0xF81F,0xF81F,0xF81F,0xF81F,0xF81F,0xF81F,0xF81F,0xF81F,0xF81F,
    0xF81F,0xF81F,0xF81F,0xF81F,0xF81F,0xF81F,0xF81F,0xF81F,0xF81F,0xF81F,0xF81F,0xF81F,
    0xF81F,0xF81F,0xF81F,0xF81F,
    0xF81F,0xF81F,0xF81F,0xF81F,0xF81F,0xF81F,0xF81F,0xF81F,0xF81F,0xF81F,0xF81F,0xF81F,
    0xF81F,0xF81F,0xF81F,0xF81F,0xF81F,0xF81F,0xF81F,0xF81F,0xF81F,0xF81F,0xF81F,0xF81F,
    0xF81F,0xF81F,0xF81F,0xF81F,0xF81F,0xF81F,0xF81F,0xF81F,0xF81F,0xF81F,0xF81F,0xF81F,
    0xF81F,0xF81F,0xF81F,0x0841,0x2146,0x2125,0x2146,0x2146,0x2146,0x2146,0x2146,0x2146,
    0x2146,0x2146,0x2126,0x2126,0x2126,0x2126,0x2126,0x2126,0x2126,0x2126,0x2126,0x2126,
    0x2126,0x2126,0x2126,0x2146,0x2146,0x2146,0x2146,0x2146,0x2146,0x2146,0x2125,0x2146,
    0x0882,0xF81F,0xF81F,0xF81F,0xF81F,0xF81F,0xF81F,0xF81F,0xF81F,0xF81F,0xF81F,0xF81F,
    0xF81F,0xF81F,0xF81F,0xF81F,0xF81F,0xF81F,0xF81F,0xF81F,0xF81F,0xF81F,0xF81F,0xF81F,
    0xF81F,0xF81F,0xF81F,0xF81F,0xF81F,0xF81F,0xF81F,0xF81F,0xF81F,0xF81F,0xF81F,0xF81F,
    0xF81F,0xF81F,0xF81F,0xF81F,
    0xF81F,0xF81F,0xF81F,0xF81F,0xF81F,0xF81F,0xF81F,0xF81F,0xF81F,0xF81F,0xF81F,0xF81F,
    0xF81F,0xF81F,0xF81F,0xF81F,0xF81F,0xF81F,0xF81F,0xF81F,0xF81F,0xF81F,0xF81F,0xF81F,
    0xF81F,0xF81F,0xF81F,0xF81F,0xF81F,0xF81F,0xF81F,0xF81F,0xF81F,0xF81F,0xF81F,0xF81F,
    0xF81F,0xF81F,0xF81F,0x0020,0x2125,0x2125,0x2125,0x2125,0x2125,0x2125,0x2125,0x2125,
    0x2145,0x2125,0x2125,0x2125,0x2125,0x2125,0x2125,0x2125,0x2125,0x2125,0x2125,0x2125,
    0x2125,0x2125,0x2125,0x2145,0x2125,0x2125,0x2125,0x2125,0x2125,0x2125,0x2125,0x2146,
    0x0041,0xF81F,0xF81F,0xF81F,0xF81F,0xF81F,0xF81F,0xF81F,0xF81F,0xF81F,0xF81F,0xF81F,
    0xF81F,0xF81F,0xF81F,0xF81F,0xF81F,0xF81F,0xF81F,0xF81F,0xF81F,0xF81F,0xF81F,0xF81F,
    0xF81F,0xF81F,0xF81F,0xF81F,0xF81F,0xF81F,0xF81F,0xF81F,0xF81F,0xF81F,0xF81F,0xF81F,
    0xF81F,0xF81F,0xF81F,0xF81F,
    0xF81F,0xF81F,0xF81F,0xF81F,0xF81F,0xF81F,0xF81F,0xF81F,0xF81F,0xF81F,0xF81F,0xF81F,
    0xF81F,0xF81F,0xF81F,0xF81F,0xF81F,0xF81F,0xF81F,0xF81F,0xF81F,0xF81F,0xF81F,0xF81F,
    0xF81F,0xF81F,0xF81F,0xF81F,0xF81F,0xF81F,0xF81F,0xF81F,0xF81F,0xF81F,0xF81F,0xF81F,
    0xF81F,0xF81F,0xF81F,0xF81F,0x18E4,0x2125,0x2125,0x2125,0x2125,0x2125,0x2125,0x2125,
    0x1905,0x2125,0x2945,0x2945,0x2945,0x2945,0x2945,0x2945,0x2945,0x2945,0x2945,0x2945,
    0x2945,0x2945,0x2125,0x1905,0x2125,0x2125,0x2125,0x2125,0x2125,0x2125,0x2125,0x1905,
    0x0000,0xF81F,0xF81F,0xF81F,0xF81F,0xF81F,0xF81F,0xF81F,0xF81F,0xF81F,0xF81F,0xF81F,
    0xF81F,0xF81F,0xF81F,0xF81F,0xF81F,0xF81F,0xF81F,0xF81F,0xF81F,0xF81F,0xF81F,0xF81F,
    0xF81F,0xF81F,0xF81F,0xF81F,0xF81F,0xF81F,0xF81F,0xF81F,0xF81F,0xF81F,0xF81F,0xF81F,
    0xF81F,0xF81F,0xF81F,0xF81F,
    0xF81F,0xF81F,0xF81F,0xF81F,0xF81F,0xF81F,0xF81F,0xF81F,0xF81F,0xF81F,0xF81F,0xF81F,
    0xF81F,0xF81F,0xF81F,0xF81F,0xF81F,0xF81F,0xF81F,0xF81F,0xF81F,0xF81F,0xF81F,0xF81F,
    0xF81F,0xF81F,0xF81F,0xF81F,0xF81F,0xF81F,0xF81F,0xF81F,0xF81F,0xF81F,0xF81F,0xF81F,
    0xF81F,0xF81F,0xF81F,0xF81F,0x10C3,0x2125,0x1905,0x2105,0x2105,0x2105,0x2125,0x18E5,
    0x49E5,0xD4C4,0xDCE4,0xDCE4,0xDCE4,0xDCE4,0xDCE4,0xDCE4,0xDCE4,0xDCE4,0xDCE4,0xDCE4,
    0xDCE4,0xDCE4,0xD4E4,0x5A45,0x10E5,0x2125,0x2105,0x2105,0x2105,0x1905,0x2125,0x18E4,
    0xF81F,0xF81F,0xF81F,0xF81F,0xF81F,0xF81F,0xF81F,0xF81F,0xF81F,0xF81F,0xF81F,0xF81F,
    0xF81F,0xF81F,0xF81F,0xF81F,0xF81F,0xF81F,0xF81F,0xF81F,0xF81F,0xF81F,0xF81F,0xF81F,
    0xF81F,0xF81F,0xF81F,0xF81F,0xF81F,0xF81F,0xF81F,0xF81F,0xF81F,0xF81F,0xF81F,0xF81F,
    0xF81F,0xF81F,0xF81F,0xF81F,
    0xF81F,0xF81F,0xF81F,0xF81F,0xF81F,0xF81F,0xF81F,0xF81F,0xF81F,0xF81F,0xF81F,0xF81F,
    0xF81F,0xF81F,0xF81F,0xF81F,0xF81F,0xF81F,0xF81F,0xF81F,0xF81F,0xF81F,0xF81F,0xF81F,
    0xF81F,0xF81F,0xF81F,0xF81F,0xF81F,0xF81F,0xF81F,0xF81F,0xF81F,0xF81F,0xF81F,0xF81F,
    0xF81F,0xF81F,0xF81F,0xF81F,0x10A2,0x2125,0x1904,0x1905,0x1905,0x1905,0x2125,0x08A5,
    0x7B04,0xFE43,0xFDE3,0xFDE3,0xFDE3,0xFDE3,0xFDE3,0xFDE3,0xFDE3,0xFDE3,0xFDE3,0xFDE3,
    0xFDE3,0xFDE3,0xFE43,0x9B84,0x08A5,0x2125,0x1905,0x1905,0x1905,0x1904,0x2125,0x10A3,
    0xF81F,0xF81F,0xF81F,0xF81F,0xF81F,0xF81F,0xF81F,0xF81F,0xF81F,0xF81F,0xF81F,0xF81F,
    0xF81F,0xF81F,0xF81F,0xF81F,0xF81F,0xF81F,0xF81F,0xF81F,0xF81F,0xF81F,0xF81F,0xF81F,
    0xF81F,0xF81F,0xF81F,0xF81F,0xF81F,0xF81F,0xF81F,0xF81F,0xF81F,0xF81F,0xF81F,0xF81F,
    0xF81F,0xF81F,0xF81F,0xF81F,
    0xF81F,0xF81F,0xF81F,0xF81F,0xF81F,0xF81F,0xF81F,0xF81F,0xF81F,0xF81F,0xF81F,0xF81F,
    0xF81F,0xF81F,0xF81F,0xF81F,0xF81F,0xF81F,0xF81F,0xF81F,0xF81F,0xF81F,0xF81F,0xF81F,
    0xF81F,0xF81F,0xF81F,0xF81F,0xF81F,0xF81F,0xF81F,0xF81F,0xF81F,0xF81F,0xF81F,0xF81F,
    0xF81F,0xF81F,0xF81F,0xF81F,0x0862,0x1905,0x18E4,0x1904,0x18E4,0x18E4,0x18E4,0x18E4,
    0x2104,0x7AE4,0x8B44,0x8B44,0x8B44,0x8B44,0x8B44,0x8B44,0x8B44,0x8B44,0x8B44,0x8B44,
    0x8B44,0x8B44,0x8324,0x2944,0x18E4,0x1904,0x18E4,0x18E4,0x1904,0x18E4,0x1905,0x0882,
    0xF81F,0xF81F,0xF81F,0xF81F,0xF81F,0xF81F,0xF81F,0xF81F,0xF81F,0xF81F,0xF81F,0xF81F,
    0xF81F,0xF81F,0xF81F,0xF81F,0xF81F,0xF81F,0xF81F,0xF81F,0xF81F,0xF81F,0xF81F,0xF81F,
    0xF81F,0xF81F,0xF81F,0xF81F,0xF81F,0xF81F,0xF81F,0xF81F,0xF81F,0xF81F,0xF81F,0xF81F,
    0xF81F,0xF81F,0xF81F,0xF81F,
    0xF81F,0xF81F,0xF81F,0xF81F,0xF81F,0xF81F,0xF81F,0xF81F,0xF81F,0xF81F,0xF81F,0xF81F,
    0xF81F,0xF81F,0xF81F,0xF81F,0xF81F,0xF81F,0xF81F,0xF81F,0xF81F,0xF81F,0xF81F,0xF81F,
    0xF81F,0xF81F,0xF81F,0xF81F,0xF81F,0xF81F,0xF81F,0xF81F,0xF81F,0xF81F,0xF81F,0xF81F,
    0xF81F,0xF81F,0xF81F,0xF81F,0x0021,0x18E4,0x18E4,0x18E4,0x1904,0x1905,0x1905,0x1905,
    0x1905,0x08A5,0x08A5,0x08A5,0x08A5,0x0884,0x0884,0x08A4,0x08A4,0x0884,0x0884,0x08A5,
    0x08A5,0x08A5,0x08A5,0x18E5,0x1905,0x1905,0x1905,0x1905,0x18E4,0x18E4,0x1904,0x0841,
    0xF81F,0xF81F,0xF81F,0xF81F,0xF81F,0xF81F,0xF81F,0xF81F,0xF81F,0xF81F,0xF81F,0xF81F,
    0xF81F,0xF81F,0xF81F,0xF81F,0xF81F,0xF81F,0xF81F,0xF81F,0xF81F,0xF81F,0xF81F,0xF81F,
    0xF81F,0xF81F,0xF81F,0xF81F,0xF81F,0xF81F,0xF81F,0xF81F,0xF81F,0xF81F,0xF81F,0xF81F,
    0xF81F,0xF81F,0xF81F,0xF81F,
    0xF81F,0xF81F,0xF81F,0xF81F,0xF81F,0xF81F,0xF81F,0xF81F,0xF81F,0xF81F,0xF81F,0xF81F,
    0xF81F,0xF81F,0xF81F,0xF81F,0xF81F,0xF81F,0xF81F,0xF81F,0xF81F,0xF81F,0xF81F,0xF81F,
    0xF81F,0xF81F,0xF81F,0xF81F,0xF81F,0xF81F,0xF81F,0xF81F,0xF81F,0xF81F,0xF81F,0xF81F,
    0xF81F,0xF81F,0xF81F,0xF81F,0x0000,0x10C4,0x18E4,0x2125,0x2146,0x2146,0x2146,0x2146,
    0x2146,0x2966,0x2966,0x2966,0x2966,0x2145,0x2104,0x18E4,0x18E4,0x1904,0x2145,0x2966,
    0x2966,0x2966,0x2966,0x2146,0x2146,0x2146,0x2146,0x2146,0x2125,0x18E4,0x18E4,0x0020,
    0xF81F,0xF81F,0xF81F,0xF81F,0xF81F,0xF81F,0xF81F,0xF81F,0xF81F,0xF81F,0xF81F,0xF81F,
    0xF81F,0xF81F,0xF81F,0xF81F,0xF81F,0xF81F,0xF81F,0xF81F,0xF81F,0xF81F,0xF81F,0xF81F,
    0xF81F,0xF81F,0xF81F,0xF81F,0xF81F,0xF81F,0xF81F,0xF81F,0xF81F,0xF81F,0xF81F,0xF81F,
    0xF81F,0xF81F,0xF81F,0xF81F,
    0xF81F,0xF81F,0xF81F,0xF81F,0xF81F,0xF81F,0xF81F,0xF81F,0xF81F,0xF81F,0xF81F,0xF81F,
    0xF81F,0xF81F,0xF81F,0xF81F,0xF81F,0xF81F,0xF81F,0xF81F,0xF81F,0xF81F,0xF81F,0xF81F,
    0xF81F,0xF81F,0xF81F,0xF81F,0xF81F,0xF81F,0xF81F,0xF81F,0xF81F,0xF81F,0xF81F,0xF81F,
    0xF81F,0xF81F,0xF81F,0xF81F,0xF81F,0x10A3,0x2125,0x2146,0x2146,0x2126,0x2126,0x2126,
    0x2126,0x2126,0x2126,0x2126,0x2126,0x2146,0x2125,0x18E4,0x18C4,0x2125,0x2146,0x2126,
    0x2126,0x2126,0x2126,0x2126,0x2126,0x2126,0x2126,0x2126,0x2146,0x2125,0x10C3,0xF81F,
    0xF81F,0xF81F,0xF81F,0xF81F,0xF81F,0xF81F,0xF81F,0xF81F,0xF81F,0xF81F,0xF81F,0xF81F,
    0xF81F,0xF81F,0xF81F,0xF81F,0xF81F,0xF81F,0xF81F,0xF81F,0xF81F,0xF81F,0xF81F,0xF81F,
    0xF81F,0xF81F,0xF81F,0xF81F,0xF81F,0xF81F,0xF81F,0xF81F,0xF81F,0xF81F,0xF81F,0xF81F,
    0xF81F,0xF81F,0xF81F,0xF81F,
    0xF81F,0xF81F,0xF81F,0xF81F,0xF81F,0xF81F,0xF81F,0xF81F,0xF81F,0xF81F,0xF81F,0xF81F,
    0xF81F,0xF81F,0xF81F,0xF81F,0xF81F,0xF81F,0xF81F,0xF81F,0xF81F,0xF81F,0xF81F,0xF81F,
    0xF81F,0xF81F,0xF81F,0xF81F,0xF81F,0xF81F,0xF81F,0xF81F,0xF81F,0xF81F,0xF81F,0xF81F,
    0xF81F,0xF81F,0xF81F,0xF81F,0xF81F,0x10A3,0x2146,0x2125,0x2125,0x2125,0x2125,0x2125,
    0x2125,0x2125,0x2125,0x2125,0x2125,0x2125,0x2125,0x18E4,0x18E4,0x2125,0x2125,0x2125,
    0x2125,0x2125,0x2125,0x2125,0x2125,0x2125,0x2125,0x2125,0x2125,0x2146,0x10C3,0xF81F,
    0xF81F,0xF81F,0xF81F,0xF81F,0xF81F,0xF81F,0xF81F,0xF81F,0xF81F,0xF81F,0xF81F,0xF81F,
    0xF81F,0xF81F,0xF81F,0xF81F,0xF81F,0xF81F,0xF81F,0xF81F,0xF81F,0xF81F,0xF81F,0xF81F,
    0xF81F,0xF81F,0xF81F,0xF81F,0xF81F,0xF81F,0xF81F,0xF81F,0xF81F,0xF81F,0xF81F,0xF81F,
    0xF81F,0xF81F,0xF81F,0xF81F,
    0xF81F,0xF81F,0xF81F,0xF81F,0xF81F,0xF81F,0xF81F,0xF81F,0xF81F,0xF81F,0xF81F,0xF81F,
    0xF81F,0xF81F,0xF81F,0xF81F,0xF81F,0xF81F,0xF81F,0xF81F,0xF81F,0xF81F,0xF81F,0xF81F,
    0xF81F,0xF81F,0xF81F,0xF81F,0xF81F,0xF81F,0xF81F,0xF81F,0xF81F,0xF81F,0xF81F,0xF81F,
    0xF81F,0xF81F,0xF81F,0xF81F,0xF81F,0x0882,0x2125,0x1905,0x2125,0x2125,0x2125,0x2125,
    0x2125,0x2125,0x2125,0x2125,0x2125,0x2125,0x2125,0x18E4,0x18E4,0x2125,0x2125,0x2125,
    0x2125,0x2125,0x2125,0x2125,0x2125,0x2125,0x2125,0x2125,0x1905,0x2125,0x10A3,0xF81F,
    0xF81F,0xF81F,0xF81F,0xF81F,0xF81F,0xF81F,0xF81F,0xF81F,0xF81F,0xF81F,0xF81F,0xF81F,
    0xF81F,0xF81F,0xF81F,0xF81F,0xF81F,0xF81F,0xF81F,0xF81F,0xF81F,0xF81F,0xF81F,0xF81F,
    0xF81F,0xF81F,0xF81F,0xF81F,0xF81F,0xF81F,0xF81F,0xF81F,0xF81F,0xF81F,0xF81F,0xF81F,
    0xF81F,0xF81F,0xF81F,0xF81F,
    0xF81F,0xF81F,0xF81F,0xF81F,0xF81F,0xF81F,0xF81F,0xF81F,0xF81F,0xF81F,0xF81F,0xF81F,
    0xF81F,0xF81F,0xF81F,0xF81F,0xF81F,0xF81F,0xF81F,0xF81F,0xF81F,0xF81F,0xF81F,0xF81F,
    0xF81F,0xF81F,0xF81F,0xF81F,0xF81F,0xF81F,0xF81F,0xF81F,0xF81F,0xF81F,0xF81F,0xF81F,
    0xF81F,0xF81F,0xF81F,0xF81F,0xF81F,0x0862,0x2125,0x1905,0x1905,0x1905,0x1905,0x1905,
    0x1905,0x1905,0x1905,0x1905,0x1905,0x1905,0x2105,0x18E4,0x18C4,0x2105,0x1905,0x1905,
    0x1905,0x1905,0x1905,0x1905,0x1905,0x1905,0x1905,0x1905,0x1905,0x2125,0x1082,0xF81F,
    0xF81F,0xF81F,0xF81F,0xF81F,0xF81F,0xF81F,0xF81F,0xF81F,0xF81F,0xF81F,0xF81F,0xF81F,
    0xF81F,0xF81F,0xF81F,0xF81F,0xF81F,0xF81F,0xF81F,0xF81F,0xF81F,0xF81F,0xF81F,0xF81F,
    0xF81F,0xF81F,0xF81F,0xF81F,0xF81F,0xF81F,0xF81F,0xF81F,0xF81F,0xF81F,0xF81F,0xF81F,
    0xF81F,0xF81F,0xF81F,0xF81F,
    0xF81F,0xF81F,0xF81F,0xF81F,0xF81F,0xF81F,0xF81F,0xF81F,0xF81F,0xF81F,0xF81F,0xF81F,
    0xF81F,0xF81F,0xF81F,0xF81F,0xF81F,0xF81F,0xF81F,0xF81F,0xF81F,0xF81F,0xF81F,0xF81F,
    0xF81F,0xF81F,0xF81F,0xF81F,0xF81F,0xF81F,0xF81F,0xF81F,0xF81F,0xF81F,0xF81F,0xF81F,
    0xF81F,0xF81F,0xF81F,0xF81F,0xF81F,0x0862,0x1905,0x18E4,0x1905,0x1905,0x1905,0x1905,
    0x1905,0x1905,0x1905,0x1905,0x1905,0x1905,0x1905,0x18E4,0x18C4,0x1905,0x1905,0x1905,
    0x1905,0x1905,0x1905,0x1905,0x1905,0x1905,0x1905,0x1905,0x18E4,0x1905,0x1082,0xF81F,
    0xF81F,0xF81F,0xF81F,0xF81F,0xF81F,0xF81F,0xF81F,0xF81F,0xF81F,0xF81F,0xF81F,0xF81F,
    0xF81F,0xF81F,0xF81F,0xF81F,0xF81F,0xF81F,0xF81F,0xF81F,0xF81F,0xF81F,0xF81F,0xF81F,
    0xF81F,0xF81F,0xF81F,0xF81F,0xF81F,0xF81F,0xF81F,0xF81F,0xF81F,0xF81F,0xF81F,0xF81F,
    0xF81F,0xF81F,0xF81F,0xF81F,
    0xF81F,0xF81F,0xF81F,0xF81F,0xF81F,0xF81F,0xF81F,0xF81F,0xF81F,0xF81F,0xF81F,0xF81F,
    0xF81F,0xF81F,0xF81F,0xF81F,0xF81F,0xF81F,0xF81F,0xF81F,0xF81F,0xF81F,0xF81F,0xF81F,
    0xF81F,0xF81F,0xF81F,0xF81F,0xF81F,0xF81F,0xF81F,0xF81F,0xF81F,0xF81F,0xF81F,0xF81F,
    0xF81F,0xF81F,0xF81F,0xF81F,0xF81F,0x0862,0x1905,0x18E4,0x18E4,0x18E4,0x18E4,0x18E4,
    0x18E4,0x18E4,0x18E4,0x18E4,0x18E4,0x18E4,0x1904,0x10A3,0x1082,0x1904,0x18E4,0x18E4,
    0x18E4,0x18E4,0x18E4,0x18E4,0x18E4,0x18E4,0x18E4,0x18E4,0x18E4,0x1904,0x0882,0xF81F,
    0xF81F,0xF81F,0xF81F,0xF81F,0xF81F,0xF81F,0xF81F,0xF81F,0xF81F,0xF81F,0xF81F,0xF81F,
    0xF81F,0xF81F,0xF81F,0xF81F,0xF81F,0xF81F,0xF81F,0xF81F,0xF81F,0xF81F,0xF81F,0xF81F,
    0xF81F,0xF81F,0xF81F,0xF81F,0xF81F,0xF81F,0xF81F,0xF81F,0xF81F,0xF81F,0xF81F,0xF81F,
    0xF81F,0xF81F,0xF81F,0xF81F,
    0xF81F,0xF81F,0xF81F,0xF81F,0xF81F,0xF81F,0xF81F,0xF81F,0xF81F,0xF81F,0xF81F,0xF81F,
    0xF81F,0xF81F,0xF81F,0xF81F,0xF81F,0xF81F,0xF81F,0xF81F,0xF81F,0xF81F,0xF81F,0xF81F,
    0xF81F,0xF81F,0xF81F,0xF81F,0xF81F,0xF81F,0xF81F,0xF81F,0xF81F,0xF81F,0xF81F,0xF81F,
    0xF81F,0xF81F,0xF81F,0xF81F,0xF81F,0x0862,0x18E4,0x18E4,0x18E4,0x18E4,0x18E4,0x18E4,
    0x18E4,0x18E4,0x18E4,0x18E4,0x18E4,0x18E4,0x1904,0x0862,0x0841,0x1904,0x18C4,0x18E4,
    0x18E4,0x18E4,0x18E4,0x18E4,0x18E4,0x18E4,0x18E4,0x18E4,0x18E4,0x18E4,0x0882,0xF81F,
    0xF81F,0xF81F,0xF81F,0xF81F,0xF81F,0xF81F,0xF81F,0xF81F,0xF81F,0xF81F,0xF81F,0xF81F,
    0xF81F,0xF81F,0xF81F,0xF81F,0xF81F,0xF81F,0xF81F,0xF81F,0xF81F,0xF81F,0xF81F,0xF81F,
    0xF81F,0xF81F,0xF81F,0xF81F,0xF81F,0xF81F,0xF81F,0xF81F,0xF81F,0xF81F,0xF81F,0xF81F,
    0xF81F,0xF81F,0xF81F,0xF81F,
    0xF81F,0xF81F,0xF81F,0xF81F,0xF81F,0xF81F,0xF81F,0xF81F,0xF81F,0xF81F,0xF81F,0xF81F,
    0xF81F,0xF81F,0xF81F,0xF81F,0xF81F,0xF81F,0xF81F,0xF81F,0xF81F,0xF81F,0xF81F,0xF81F,
    0xF81F,0xF81F,0xF81F,0xF81F,0xF81F,0xF81F,0xF81F,0xF81F,0xF81F,0xF81F,0xF81F,0xF81F,
    0xF81F,0xF81F,0xF81F,0xF81F,0xF81F,0x0842,0x18E4,0x10C4,0x18C4,0x18C4,0x18C4,0x18C4,
    0x18C4,0x18C4,0x18C4,0x18C4,0x18C4,0x10C4,0x18E4,0x0862,0x0861,0x18E4,0x10C4,0x18C4,
    0x18C4,0x18C4,0x18C4,0x18C4,0x18C4,0x18C4,0x18C4,0x18C4,0x10C4,0x18E4,0x0862,0xF81F,
    0xF81F,0xF81F,0xF81F,0xF81F,0xF81F,0xF81F,0xF81F,0xF81F,0xF81F,0xF81F,0xF81F,0xF81F,
    0xF81F,0xF81F,0xF81F,0xF81F,0xF81F,0xF81F,0xF81F,0xF81F,0xF81F,0xF81F,0xF81F,0xF81F,
    0xF81F,0xF81F,0xF81F,0xF81F,0xF81F,0xF81F,0xF81F,0xF81F,0xF81F,0xF81F,0xF81F,0xF81F,
    0xF81F,0xF81F,0xF81F,0xF81F,
    0xF81F,0xF81F,0xF81F,0xF81F,0xF81F,0xF81F,0xF81F,0xF81F,0xF81F,0xF81F,0xF81F,0xF81F,
    0xF81F,0xF81F,0xF81F,0xF81F,0xF81F,0xF81F,0xF81F,0xF81F,0xF81F,0xF81F,0xF81F,0xF81F,
    0xF81F,0xF81F,0xF81F,0xF81F,0xF81F,0xF81F,0xF81F,0xF81F,0xF81F,0xF81F,0xF81F,0xF81F,
    0xF81F,0xF81F,0xF81F,0xF81F,0xF81F,0x0841,0x10C4,0x10C3,0x10C3,0x10C3,0x10C3,0x10C3,
    0x10C3,0x10C3,0x10C3,0x10C3,0x10C3,0x10C3,0x10C4,0x0862,0x0841,0x10C4,0x10C3,0x10C3,
    0x10C3,0x10C3,0x10C3,0x10C3,0x10C3,0x10C3,0x10C3,0x10C3,0x10C3,0x10C4,0x0862,0xF81F,
    0xF81F,0xF81F,0xF81F,0xF81F,0xF81F,0xF81F,0xF81F,0xF81F,0xF81F,0xF81F,0xF81F,0xF81F,
    0xF81F,0xF81F,0xF81F,0xF81F,0xF81F,0xF81F,0xF81F,0xF81F,0xF81F,0xF81F,0xF81F,0xF81F,
    0xF81F,0xF81F,0xF81F,0xF81F,0xF81F,0xF81F,0xF81F,0xF81F,0xF81F,0xF81F,0xF81F,0xF81F,
    0xF81F,0xF81F,0xF81F,0xF81F,
    0xF81F,0xF81F,0xF81F,0xF81F,0xF81F,0xF81F,0xF81F,0xF81F,0xF81F,0xF81F,0xF81F,0xF81F,
    0xF81F,0xF81F,0xF81F,0xF81F,0xF81F,0xF81F,0xF81F,0xF81F,0xF81F,0xF81F,0xF81F,0xF81F,
    0xF81F,0xF81F,0xF81F,0xF81F,0xF81F,0xF81F,0xF81F,0xF81F,0xF81F,0xF81F,0xF81F,0xF81F,
    0xF81F,0xF81F,0xF81F,0xF81F,0xF81F,0x0020,0x10C3,0x10A3,0x10A3,0x10A3,0x10A3,0x10A3,
    0x10A3,0x10A3,0x10A3,0x10A3,0x10A3,0x10A3,0x10C4,0x0021,0x0020,0x10C4,0x10A3,0x10A3,
    0x10A3,0x10A3,0x10A3,0x10A3,0x10A3,0x10A3,0x10A3,0x10A3,0x10A3,0x10C4,0x0021,0xF81F,
    0xF81F,0xF81F,0xF81F,0xF81F,0xF81F,0xF81F,0xF81F,0xF81F,0xF81F,0xF81F,0xF81F,0xF81F,
    0xF81F,0xF81F,0xF81F,0xF81F,0xF81F,0xF81F,0xF81F,0xF81F,0xF81F,0xF81F,0xF81F,0xF81F,
    0xF81F,0xF81F,0xF81F,0xF81F,0xF81F,0xF81F,0xF81F,0xF81F,0xF81F,0xF81F,0xF81F,0xF81F,
    0xF81F,0xF81F,0xF81F,0xF81F,
    0xF81F,0xF81F,0xF81F,0xF81F,0xF81F,0xF81F,0xF81F,0xF81F,0xF81F,0xF81F,0xF81F,0xF81F,
    0xF81F,0xF81F,0xF81F,0xF81F,0xF81F,0xF81F,0xF81F,0xF81F,0xF81F,0xF81F,0xF81F,0xF81F,
    0xF81F,0xF81F,0xF81F,0xF81F,0xF81F,0xF81F,0xF81F,0xF81F,0xF81F,0xF81F,0xF81F,0xF81F,
    0xF81F,0xF81F,0xF81F,0xF81F,0xF81F,0xF81F,0x0862,0x10C3,0x10A3,0x10A3,0x10A3,0x10A3,
    0x10A3,0x10A3,0x10A3,0x10A3,0x10A3,0x10C3,0x0882,0xF81F,0xF81F,0x0862,0x10C3,0x10A3,
    0x10A3,0x10A3,0x10A3,0x10A3,0x10A3,0x10A3,0x10A3,0x10A3,0x10C3,0x0862,0xF81F,0xF81F,
    0xF81F,0xF81F,0xF81F,0xF81F,0xF81F,0xF81F,0xF81F,0xF81F,0xF81F,0xF81F,0xF81F,0xF81F,
    0xF81F,0xF81F,0xF81F,0xF81F,0xF81F,0xF81F,0xF81F,0xF81F,0xF81F,0xF81F,0xF81F,0xF81F,
    0xF81F,0xF81F,0xF81F,0xF81F,0xF81F,0xF81F,0xF81F,0xF81F,0xF81F,0xF81F,0xF81F,0xF81F,
    0xF81F,0xF81F,0xF81F,0xF81F,
    0xF81F,0xF81F,0xF81F,0xF81F,0xF81F,0xF81F,0xF81F,0xF81F,0xF81F,0xF81F,0xF81F,0xF81F,
    0xF81F,0xF81F,0xF81F,0xF81F,0xF81F,0xF81F,0xF81F,0xF81F,0xF81F,0xF81F,0xF81F,0xF81F,
    0xF81F,0xF81F,0xF81F,0xF81F,0xF81F,0xF81F,0xF81F,0xF81F,0xF81F,0xF81F,0xF81F,0xF81F,
    0xF81F,0xF81F,0xF81F,0xF81F,0xF81F,0xF81F,0xF81F,0x0841,0x0882,0x0882,0x0882,0x0882,
    0x0882,0x0882,0x0882,0x0882,0x0882,0x0841,0xF81F,0xF81F,0xF81F,0xF81F,0x0841,0x0882,
    0x0882,0x0882,0x0882,0x0882,0x0882,0x0882,0x0882,0x0882,0x0841,0xF81F,0xF81F,0xF81F,
    0xF81F,0xF81F,0xF81F,0xF81F,0xF81F,0xF81F,0xF81F,0xF81F,0xF81F,0xF81F,0xF81F,0xF81F,
    0xF81F,0xF81F,0xF81F,0xF81F,0xF81F,0xF81F,0xF81F,0xF81F,0xF81F,0xF81F,0xF81F,0xF81F,
    0xF81F,0xF81F,0xF81F,0xF81F,0xF81F,0xF81F,0xF81F,0xF81F,0xF81F,0xF81F,0xF81F,0xF81F,
    0xF81F,0xF81F,0xF81F,0xF81F,
    0xF81F,0xF81F,0xF81F,0xF81F,0xF81F,0xF81F,0xF81F,0xF81F,0xF81F,0xF81F,0xF81F,0xF81F,
    0xF81F,0xF81F,0xF81F,0xF81F,0xF81F,0xF81F,0xF81F,0xF81F,0xF81F,0xF81F,0xF81F,0xF81F,
    0xF81F,0xF81F,0xF81F,0xF81F,0xF81F,0xF81F,0xF81F,0xF81F,0xF81F,0xF81F,0xF81F,0xF81F,
    0xF81F,0xF81F,0xF81F,0xF81F,0xF81F,0xF81F,0xF81F,0xF81F,0xF81F,0x0000,0x0000,0x0000,
    0x0000,0x0000,0x0000,0x0000,0xF81F,0xF81F,0xF81F,0xF81F,0xF81F,0xF81F,0xF81F,0xF81F,
    0x0000,0x0000,0x0000,0x0000,0x0000,0x0000,0x0000,0xF81F,0xF81F,0xF81F,0xF81F,0xF81F,
    0xF81F,0xF81F,0xF81F,0xF81F,0xF81F,0xF81F,0xF81F,0xF81F,0xF81F,0xF81F,0xF81F,0xF81F,
    0xF81F,0xF81F,0xF81F,0xF81F,0xF81F,0xF81F,0xF81F,0xF81F,0xF81F,0xF81F,0xF81F,0xF81F,
    0xF81F,0xF81F,0xF81F,0xF81F,0xF81F,0xF81F,0xF81F,0xF81F,0xF81F,0xF81F,0xF81F,0xF81F,
    0xF81F,0xF81F,0xF81F,0xF81F,
    0xF81F,0xF81F,0xF81F,0xF81F,0xF81F,0xF81F,0xF81F,0xF81F,0xF81F,0xF81F,0xF81F,0xF81F,
    0xF81F,0xF81F,0xF81F,0xF81F,0xF81F,0xF81F,0xF81F,0xF81F,0xF81F,0xF81F,0xF81F,0xF81F,
    0xF81F,0xF81F,0xF81F,0xF81F,0xF81F,0xF81F,0xF81F,0xF81F,0xF81F,0xF81F,0xF81F,0xF81F,
    0xF81F,0xF81F,0xF81F,0xF81F,0xF81F,0xF81F,0xF81F,0xF81F,0xF81F,0xF81F,0xF81F,0xF81F,
    0xF81F,0xF81F,0xF81F,0xF81F,0xF81F,0xF81F,0xF81F,0xF81F,0xF81F,0xF81F,0xF81F,0xF81F,
    0xF81F,0xF81F,0xF81F,0xF81F,0xF81F,0xF81F,0xF81F,0xF81F,0xF81F,0xF81F,0xF81F,0xF81F,
    0xF81F,0xF81F,0xF81F,0xF81F,0xF81F,0xF81F,0xF81F,0xF81F,0xF81F,0xF81F,0xF81F,0xF81F,
    0xF81F,0xF81F,0xF81F,0xF81F,0xF81F,0xF81F,0xF81F,0xF81F,0xF81F,0xF81F,0xF81F,0xF81F,
    0xF81F,0xF81F,0xF81F,0xF81F,0xF81F,0xF81F,0xF81F,0xF81F,0xF81F,0xF81F,0xF81F,0xF81F,
    0xF81F,0xF81F,0xF81F,0xF81F,
    0xF81F,0xF81F,0xF81F,0xF81F,0xF81F,0xF81F,0xF81F,0xF81F,0xF81F,0xF81F,0xF81F,0xF81F,
    0xF81F,0xF81F,0xF81F,0xF81F,0xF81F,0xF81F,0xF81F,0xF81F,0xF81F,0xF81F,0xF81F,0xF81F,
    0xF81F,0xF81F,0xF81F,0xF81F,0xF81F,0xF81F,0xF81F,0xF81F,0xF81F,0xF81F,0xF81F,0xF81F,
    0xF81F,0xF81F,0xF81F,0xF81F,0xF81F,0xF81F,0xF81F,0xF81F,0xF81F,0xF81F,0xF81F,0xF81F,
    0xF81F,0xF81F,0xF81F,0xF81F,0xF81F,0xF81F,0xF81F,0xF81F,0xF81F,0xF81F,0xF81F,0xF81F,
    0xF81F,0xF81F,0xF81F,0xF81F,0xF81F,0xF81F,0xF81F,0xF81F,0xF81F,0xF81F,0xF81F,0xF81F,
    0xF81F,0xF81F,0xF81F,0xF81F,0xF81F,0xF81F,0xF81F,0xF81F,0xF81F,0xF81F,0xF81F,0xF81F,
    0xF81F,0xF81F,0xF81F,0xF81F,0xF81F,0xF81F,0xF81F,0xF81F,0xF81F,0xF81F,0xF81F,0xF81F,
    0xF81F,0xF81F,0xF81F,0xF81F,0xF81F,0xF81F,0xF81F,0xF81F,0xF81F,0xF81F,0xF81F,0xF81F,
    0xF81F,0xF81F,0xF81F,0xF81F,
    0xF81F,0xF81F,0xF81F,0xF81F,0xF81F,0xF81F,0xF81F,0xF81F,0xF81F,0xF81F,0xF81F,0xF81F,
    0xF81F,0xF81F,0xF81F,0xF81F,0xF81F,0xF81F,0xF81F,0xF81F,0xF81F,0xF81F,0xF81F,0xF81F,
    0xF81F,0xF81F,0xF81F,0xF81F,0xF81F,0xF81F,0xF81F,0xF81F,0xF81F,0xF81F,0xF81F,0xF81F,
    0xF81F,0xF81F,0xF81F,0xF81F,0xF81F,0xF81F,0xF81F,0xF81F,0xF81F,0xF81F,0xF81F,0xF81F,
    0xF81F,0xF81F,0xF81F,0xF81F,0xF81F,0xF81F,0xF81F,0xF81F,0xF81F,0xF81F,0xF81F,0xF81F,
    0xF81F,0xF81F,0xF81F,0xF81F,0xF81F,0xF81F,0xF81F,0xF81F,0xF81F,0xF81F,0xF81F,0xF81F,
    0xF81F,0xF81F,0xF81F,0xF81F,0xF81F,0xF81F,0xF81F,0xF81F,0xF81F,0xF81F,0xF81F,0xF81F,
    0xF81F,0xF81F,0xF81F,0xF81F,0xF81F,0xF81F,0xF81F,0xF81F,0xF81F,0xF81F,0xF81F,0xF81F,
    0xF81F,0xF81F,0xF81F,0xF81F,0xF81F,0xF81F,0xF81F,0xF81F,0xF81F,0xF81F,0xF81F,0xF81F,
    0xF81F,0xF81F,0xF81F,0xF81F,
    0xF81F,0xF81F,0xF81F,0xF81F,0xF81F,0xF81F,0xF81F,0xF81F,0xF81F,0xF81F,0xF81F,0xF81F,
    0xF81F,0xF81F,0xF81F,0xF81F,0xF81F,0xF81F,0xF81F,0xF81F,0xF81F,0xF81F,0xF81F,0xF81F,
    0xF81F,0xF81F,0xF81F,0xF81F,0xF81F,0xF81F,0xF81F,0xF81F,0xF81F,0xF81F,0xF81F,0xF81F,
    0xF81F,0xF81F,0xF81F,0xF81F,0xF81F,0xF81F,0xF81F,0xF81F,0xF81F,0xF81F,0xF81F,0xF81F,
    0xF81F,0xF81F,0xF81F,0xF81F,0xF81F,0xF81F,0xF81F,0xF81F,0xF81F,0xF81F,0xF81F,0xF81F,
    0xF81F,0xF81F,0xF81F,0xF81F,0xF81F,0xF81F,0xF81F,0xF81F,0xF81F,0xF81F,0xF81F,0xF81F,
    0xF81F,0xF81F,0xF81F,0xF81F,0xF81F,0xF81F,0xF81F,0xF81F,0xF81F,0xF81F,0xF81F,0xF81F,
    0xF81F,0xF81F,0xF81F,0xF81F,0xF81F,0xF81F,0xF81F,0xF81F,0xF81F,0xF81F,0xF81F,0xF81F,
    0xF81F,0xF81F,0xF81F,0xF81F,0xF81F,0xF81F,0xF81F,0xF81F,0xF81F,0xF81F,0xF81F,0xF81F,
    0xF81F,0xF81F,0xF81F,0xF81F,
    0xF81F,0xF81F,0xF81F,0xF81F,0xF81F,0xF81F,0xF81F,0xF81F,0xF81F,0xF81F,0xF81F,0xF81F,
    0xF81F,0xF81F,0xF81F,0xF81F,0xF81F,0xF81F,0xF81F,0xF81F,0xF81F,0xF81F,0xF81F,0xF81F,
    0xF81F,0xF81F,0xF81F,0xF81F,0xF81F,0xF81F,0xF81F,0xF81F,0xF81F,0xF81F,0xF81F,0xF81F,
    0xF81F,0xF81F,0xF81F,0xF81F,0xF81F,0xF81F,0xF81F,0xF81F,0xF81F,0xF81F,0xF81F,0xF81F,
    0xF81F,0xF81F,0xF81F,0xF81F,0xF81F,0xF81F,0xF81F,0xF81F,0xF81F,0xF81F,0xF81F,0xF81F,
    0xF81F,0xF81F,0xF81F,0xF81F,0xF81F,0xF81F,0xF81F,0xF81F,0xF81F,0xF81F,0xF81F,0xF81F,
    0xF81F,0xF81F,0xF81F,0xF81F,0xF81F,0xF81F,0xF81F,0xF81F,0xF81F,0xF81F,0xF81F,0xF81F,
    0xF81F,0xF81F,0xF81F,0xF81F,0xF81F,0xF81F,0xF81F,0xF81F,0xF81F,0xF81F,0xF81F,0xF81F,
    0xF81F,0xF81F,0xF81F,0xF81F,0xF81F,0xF81F,0xF81F,0xF81F,0xF81F,0xF81F,0xF81F,0xF81F,
    0xF81F,0xF81F,0xF81F,0xF81F,
    0xF81F,0xF81F,0xF81F,0xF81F,0xF81F,0xF81F,0xF81F,0xF81F,0xF81F,0xF81F,0xF81F,0xF81F,
    0xF81F,0xF81F,0xF81F,0xF81F,0xF81F,0xF81F,0xF81F,0xF81F,0xF81F,0xF81F,0xF81F,0xF81F,
    0xF81F,0xF81F,0xF81F,0xF81F,0xF81F,0xF81F,0xF81F,0xF81F,0xF81F,0xF81F,0xF81F,0xF81F,
    0xF81F,0xF81F,0xF81F,0xF81F,0xF81F,0xF81F,0xF81F,0xF81F,0xF81F,0xF81F,0xF81F,0xF81F,
    0xF81F,0xF81F,0xF81F,0xF81F,0xF81F,0xF81F,0xF81F,0xF81F,0xF81F,0xF81F,0xF81F,0xF81F,
    0xF81F,0xF81F,0xF81F,0xF81F,0xF81F,0xF81F,0xF81F,0xF81F,0xF81F,0xF81F,0xF81F,0xF81F,
    0xF81F,0xF81F,0xF81F,0xF81F,0xF81F,0xF81F,0xF81F,0xF81F,0xF81F,0xF81F,0xF81F,0xF81F,
    0xF81F,0xF81F,0xF81F,0xF81F,0xF81F,0xF81F,0xF81F,0xF81F,0xF81F,0xF81F,0xF81F,0xF81F,
    0xF81F,0xF81F,0xF81F,0xF81F,0xF81F,0xF81F,0xF81F,0xF81F,0xF81F,0xF81F,0xF81F,0xF81F,
    0xF81F,0xF81F,0xF81F,0xF81F,
    0xF81F,0xF81F,0xF81F,0xF81F,0xF81F,0xF81F,0xF81F,0xF81F,0xF81F,0xF81F,0xF81F,0xF81F,
    0xF81F,0xF81F,0xF81F,0xF81F,0xF81F,0xF81F,0xF81F,0xF81F,0xF81F,0xF81F,0xF81F,0xF81F,
    0xF81F,0xF81F,0xF81F,0xF81F,0xF81F,0xF81F,0xF81F,0xF81F,0xF81F,0xF81F,0xF81F,0xF81F,
    0xF81F,0xF81F,0xF81F,0xF81F,0xF81F,0xF81F,0xF81F,0xF81F,0xF81F,0xF81F,0xF81F,0xF81F,
    0xF81F,0xF81F,0xF81F,0xF81F,0xF81F,0xF81F,0xF81F,0xF81F,0xF81F,0xF81F,0xF81F,0xF81F,
    0xF81F,0xF81F,0xF81F,0xF81F,0xF81F,0xF81F,0xF81F,0xF81F,0xF81F,0xF81F,0xF81F,0xF81F,
    0xF81F,0xF81F,0xF81F,0xF81F,0xF81F,0xF81F,0xF81F,0xF81F,0xF81F,0xF81F,0xF81F,0xF81F,
    0xF81F,0xF81F,0xF81F,0xF81F,0xF81F,0xF81F,0xF81F,0xF81F,0xF81F,0xF81F,0xF81F,0xF81F,
    0xF81F,0xF81F,0xF81F,0xF81F,0xF81F,0xF81F,0xF81F,0xF81F,0xF81F,0xF81F,0xF81F,0xF81F,
    0xF81F,0xF81F,0xF81F,0xF81F,
    0xF81F,0xF81F,0xF81F,0xF81F,0xF81F,0xF81F,0xF81F,0xF81F,0xF81F,0xF81F,0xF81F,0xF81F,
    0xF81F,0xF81F,0xF81F,0xF81F,0xF81F,0xF81F,0xF81F,0xF81F,0xF81F,0xF81F,0xF81F,0xF81F,
    0xF81F,0xF81F,0xF81F,0xF81F,0xF81F,0xF81F,0xF81F,0xF81F,0xF81F,0xF81F,0xF81F,0xF81F,
    0xF81F,0xF81F,0xF81F,0xF81F,0xF81F,0xF81F,0xF81F,0xF81F,0xF81F,0xF81F,0xF81F,0xF81F,
    0xF81F,0xF81F,0xF81F,0xF81F,0xF81F,0xF81F,0xF81F,0xF81F,0xF81F,0xF81F,0xF81F,0xF81F,
    0xF81F,0xF81F,0xF81F,0xF81F,0xF81F,0xF81F,0xF81F,0xF81F,0xF81F,0xF81F,0xF81F,0xF81F,
    0xF81F,0xF81F,0xF81F,0xF81F,0xF81F,0xF81F,0xF81F,0xF81F,0xF81F,0xF81F,0xF81F,0xF81F,
    0xF81F,0xF81F,0xF81F,0xF81F,0xF81F,0xF81F,0xF81F,0xF81F,0xF81F,0xF81F,0xF81F,0xF81F,
    0xF81F,0xF81F,0xF81F,0xF81F,0xF81F,0xF81F,0xF81F,0xF81F,0xF81F,0xF81F,0xF81F,0xF81F,
    0xF81F,0xF81F,0xF81F,0xF81F,
    0xF81F,0xF81F,0xF81F,0xF81F,0xF81F,0xF81F,0xF81F,0xF81F,0xF81F,0xF81F,0xF81F,0xF81F,
    0xF81F,0xF81F,0xF81F,0xF81F,0xF81F,0xF81F,0xF81F,0xF81F,0xF81F,0xF81F,0xF81F,0xF81F,
    0xF81F,0xF81F,0xF81F,0xF81F,0xF81F,0xF81F,0xF81F,0xF81F,0xF81F,0xF81F,0xF81F,0xF81F,
    0xF81F,0xF81F,0xF81F,0xF81F,0xF81F,0xF81F,0xF81F,0xF81F,0xF81F,0xF81F,0xF81F,0xF81F,
    0xF81F,0xF81F,0xF81F,0xF81F,0xF81F,0xF81F,0xF81F,0xF81F,0xF81F,0xF81F,0xF81F,0xF81F,
    0xF81F,0xF81F,0xF81F,0xF81F,0xF81F,0xF81F,0xF81F,0xF81F,0xF81F,0xF81F,0xF81F,0xF81F,
    0xF81F,0xF81F,0xF81F,0xF81F,0xF81F,0xF81F,0xF81F,0xF81F,0xF81F,0xF81F,0xF81F,0xF81F,
    0xF81F,0xF81F,0xF81F,0xF81F,0xF81F,0xF81F,0xF81F,0xF81F,0xF81F,0xF81F,0xF81F,0xF81F,
    0xF81F,0xF81F,0xF81F,0xF81F,0xF81F,0xF81F,0xF81F,0xF81F,0xF81F,0xF81F,0xF81F,0xF81F,
    0xF81F,0xF81F,0xF81F,0xF81F,
    0xF81F,0xF81F,0xF81F,0xF81F,0xF81F,0xF81F,0xF81F,0xF81F,0xF81F,0xF81F,0xF81F,0xF81F,
    0xF81F,0xF81F,0xF81F,0xF81F,0xF81F,0xF81F,0xF81F,0xF81F,0xF81F,0xF81F,0xF81F,0xF81F,
    0xF81F,0xF81F,0xF81F,0xF81F,0xF81F,0xF81F,0xF81F,0xF81F,0xF81F,0xF81F,0xF81F,0xF81F,
    0xF81F,0xF81F,0xF81F,0xF81F,0xF81F,0xF81F,0xF81F,0xF81F,0xF81F,0xF81F,0xF81F,0xF81F,
    0xF81F,0xF81F,0xF81F,0xF81F,0xF81F,0xF81F,0xF81F,0xF81F,0xF81F,0xF81F,0xF81F,0xF81F,
    0xF81F,0xF81F,0xF81F,0xF81F,0xF81F,0xF81F,0xF81F,0xF81F,0xF81F,0xF81F,0xF81F,0xF81F,
    0xF81F,0xF81F,0xF81F,0xF81F,0xF81F,0xF81F,0xF81F,0xF81F,0xF81F,0xF81F,0xF81F,0xF81F,
    0xF81F,0xF81F,0xF81F,0xF81F,0xF81F,0xF81F,0xF81F,0xF81F,0xF81F,0xF81F,0xF81F,0xF81F,
    0xF81F,0xF81F,0xF81F,0xF81F,0xF81F,0xF81F,0xF81F,0xF81F,0xF81F,0xF81F,0xF81F,0xF81F,
    0xF81F,0xF81F,0xF81F,0xF81F,
    0xF81F,0xF81F,0xF81F,0xF81F,0xF81F,0xF81F,0xF81F,0xF81F,0xF81F,0xF81F,0xF81F,0xF81F,
    0xF81F,0xF81F,0xF81F,0xF81F,0xF81F,0xF81F,0xF81F,0xF81F,0xF81F,0xF81F,0xF81F,0xF81F,
    0xF81F,0xF81F,0xF81F,0xF81F,0xF81F,0xF81F,0xF81F,0xF81F,0xF81F,0xF81F,0xF81F,0xF81F,
    0xF81F,0xF81F,0xF81F,0xF81F,0xF81F,0xF81F,0xF81F,0xF81F,0xF81F,0xF81F,0xF81F,0xF81F,
    0xF81F,0xF81F,0xF81F,0xF81F,0xF81F,0xF81F,0xF81F,0xF81F,0xF81F,0xF81F,0xF81F,0xF81F,
    0xF81F,0xF81F,0xF81F,0xF81F,0xF81F,0xF81F,0xF81F,0xF81F,0xF81F,0xF81F,0xF81F,0xF81F,
    0xF81F,0xF81F,0xF81F,0xF81F,0xF81F,0xF81F,0xF81F,0xF81F,0xF81F,0xF81F,0xF81F,0xF81F,
    0xF81F,0xF81F,0xF81F,0xF81F,0xF81F,0xF81F,0xF81F,0xF81F,0xF81F,0xF81F,0xF81F,0xF81F,
    0xF81F,0xF81F,0xF81F,0xF81F,0xF81F,0xF81F,0xF81F,0xF81F,0xF81F,0xF81F,0xF81F,0xF81F,
    0xF81F,0xF81F,0xF81F,0xF81F,
};

static const uint16_t hd_gremlin_home[64 * 64] PROGMEM = {
    0xF81F,0xF81F,0xF81F,0xF81F,0xF81F,0xF81F,0xF81F,0xF81F,0xF81F,0xF81F,0xF81F,0xF81F,
    0xF81F,0xF81F,0xF81F,0xF81F,0xF81F,0xF81F,0xF81F,0xF81F,0xF81F,0xF81F,0xF81F,0xF81F,
    0xF81F,0xF81F,0xF81F,0xF81F,0xF81F,0xF81F,0xF81F,0xF81F,0xF81F,0xF81F,0xF81F,0xF81F,
    0xF81F,0xF81F,0xF81F,0xF81F,0xF81F,0xF81F,0xF81F,0xF81F,0xF81F,0xF81F,0xF81F,0xF81F,
    0xF81F,0xF81F,0xF81F,0xF81F,0xF81F,0xF81F,0xF81F,0xF81F,0xF81F,0xF81F,0xF81F,0xF81F,
    0xF81F,0xF81F,0xF81F,0xF81F,
    0xF81F,0xF81F,0xF81F,0xF81F,0xF81F,0xF81F,0xF81F,0xF81F,0xF81F,0xF81F,0xF81F,0xF81F,
    0xF81F,0xF81F,0xF81F,0xF81F,0xF81F,0xF81F,0xF81F,0xF81F,0xF81F,0xF81F,0xF81F,0xF81F,
    0xF81F,0xF81F,0xF81F,0xF81F,0xF81F,0xF81F,0xF81F,0xF81F,0xF81F,0xF81F,0xF81F,0xF81F,
    0xF81F,0xF81F,0xF81F,0xF81F,0xF81F,0xF81F,0xF81F,0xF81F,0xF81F,0xF81F,0xF81F,0xF81F,
    0xF81F,0xF81F,0xF81F,0xF81F,0xF81F,0xF81F,0xF81F,0xF81F,0xF81F,0xF81F,0xF81F,0xF81F,
    0xF81F,0xF81F,0xF81F,0xF81F,
    0xF81F,0xF81F,0xF81F,0xF81F,0xF81F,0xF81F,0xF81F,0xF81F,0xF81F,0xF81F,0xF81F,0xF81F,
    0xF81F,0xF81F,0xF81F,0xF81F,0xF81F,0xF81F,0xF81F,0xF81F,0xF81F,0xF81F,0xF81F,0xF81F,
    0xF81F,0xF81F,0xF81F,0xF81F,0xF81F,0xF81F,0xF81F,0xF81F,0xF81F,0xF81F,0xF81F,0xF81F,
    0xF81F,0xF81F,0xF81F,0xF81F,0xF81F,0xF81F,0xF81F,0xF81F,0xF81F,0xF81F,0xF81F,0xF81F,
    0xF81F,0xF81F,0xF81F,0xF81F,0xF81F,0xF81F,0xF81F,0xF81F,0xF81F,0xF81F,0xF81F,0xF81F,
    0xF81F,0xF81F,0xF81F,0xF81F,
    0xF81F,0xF81F,0xF81F,0xF81F,0xF81F,0xF81F,0xF81F,0xF81F,0xF81F,0xF81F,0xF81F,0xF81F,
    0xF81F,0xF81F,0xF81F,0xF81F,0xF81F,0xF81F,0xF81F,0xF81F,0xF81F,0xF81F,0xF81F,0xF81F,
    0xF81F,0xF81F,0xF81F,0xF81F,0xF81F,0xF81F,0xF81F,0xF81F,0xF81F,0xF81F,0xF81F,0xF81F,
    0xF81F,0xF81F,0xF81F,0xF81F,0xF81F,0xF81F,0xF81F,0xF81F,0xF81F,0xF81F,0xF81F,0xF81F,
    0xF81F,0xF81F,0xF81F,0xF81F,0xF81F,0xF81F,0xF81F,0xF81F,0xF81F,0xF81F,0xF81F,0xF81F,
    0xF81F,0xF81F,0xF81F,0xF81F,
    0xF81F,0xF81F,0xF81F,0xF81F,0xF81F,0xF81F,0xF81F,0xF81F,0xF81F,0xF81F,0xF81F,0xF81F,
    0xF81F,0xF81F,0xF81F,0xF81F,0xF81F,0xF81F,0xF81F,0xF81F,0xF81F,0xF81F,0xF81F,0xF81F,
    0xF81F,0xF81F,0xF81F,0xF81F,0xF81F,0xF81F,0xF81F,0xF81F,0xF81F,0xF81F,0xF81F,0xF81F,
    0xF81F,0xF81F,0xF81F,0xF81F,0xF81F,0xF81F,0xF81F,0xF81F,0xF81F,0xF81F,0xF81F,0xF81F,
    0xF81F,0xF81F,0xF81F,0xF81F,0xF81F,0xF81F,0xF81F,0xF81F,0xF81F,0xF81F,0xF81F,0xF81F,
    0xF81F,0xF81F,0xF81F,0xF81F,
    0xF81F,0xF81F,0xF81F,0xF81F,0xF81F,0xF81F,0xF81F,0xF81F,0xF81F,0xF81F,0xF81F,0xF81F,
    0xF81F,0xF81F,0xF81F,0xF81F,0xF81F,0xF81F,0xF81F,0xF81F,0xF81F,0xF81F,0xF81F,0xF81F,
    0xF81F,0xF81F,0xF81F,0xF81F,0xF81F,0xF81F,0xF81F,0xF81F,0xF81F,0xF81F,0xF81F,0xF81F,
    0xF81F,0xF81F,0xF81F,0xF81F,0xF81F,0xF81F,0xF81F,0xF81F,0xF81F,0xF81F,0xF81F,0xF81F,
    0xF81F,0xF81F,0xF81F,0xF81F,0xF81F,0xF81F,0xF81F,0xF81F,0xF81F,0xF81F,0xF81F,0xF81F,
    0xF81F,0xF81F,0xF81F,0xF81F,
    0xF81F,0xF81F,0xF81F,0xF81F,0xF81F,0xF81F,0xF81F,0xF81F,0xF81F,0xF81F,0xF81F,0xF81F,
    0xF81F,0xF81F,0xF81F,0xF81F,0xF81F,0xF81F,0xF81F,0xF81F,0xF81F,0xF81F,0xF81F,0xF81F,
    0xF81F,0xF81F,0xF81F,0xF81F,0xF81F,0xF81F,0xF81F,0xF81F,0xF81F,0xF81F,0xF81F,0xF81F,
    0xF81F,0xF81F,0xF81F,0xF81F,0xF81F,0xF81F,0xF81F,0xF81F,0xF81F,0xF81F,0xF81F,0xF81F,
    0xF81F,0xF81F,0xF81F,0xF81F,0xF81F,0xF81F,0xF81F,0xF81F,0xF81F,0xF81F,0xF81F,0xF81F,
    0xF81F,0xF81F,0xF81F,0xF81F,
    0xF81F,0xF81F,0xF81F,0xF81F,0xF81F,0xF81F,0xF81F,0xF81F,0xF81F,0xF81F,0xF81F,0xF81F,
    0xF81F,0xF81F,0xF81F,0xF81F,0xF81F,0xF81F,0xF81F,0xF81F,0xF81F,0xF81F,0xF81F,0xF81F,
    0xF81F,0xF81F,0xF81F,0xF81F,0xF81F,0xF81F,0xF81F,0xF81F,0xF81F,0xF81F,0xF81F,0xF81F,
    0xF81F,0xF81F,0xF81F,0xF81F,0xF81F,0xF81F,0xF81F,0xF81F,0xF81F,0xF81F,0xF81F,0xF81F,
    0xF81F,0xF81F,0xF81F,0xF81F,0xF81F,0xF81F,0xF81F,0xF81F,0xF81F,0xF81F,0xF81F,0xF81F,
    0xF81F,0xF81F,0xF81F,0xF81F,
    0xF81F,0xF81F,0xF81F,0xF81F,0xF81F,0xF81F,0xF81F,0xF81F,0xF81F,0xF81F,0xF81F,0xF81F,
    0xF81F,0xF81F,0xF81F,0xF81F,0xF81F,0xF81F,0xF81F,0xF81F,0xF81F,0xF81F,0xF81F,0xF81F,
    0xF81F,0xF81F,0xF81F,0xF81F,0xF81F,0xF81F,0xF81F,0xF81F,0xF81F,0xF81F,0xF81F,0xF81F,
    0xF81F,0xF81F,0xF81F,0xF81F,0xF81F,0xF81F,0xF81F,0xF81F,0xF81F,0xF81F,0xF81F,0xF81F,
    0xF81F,0xF81F,0xF81F,0xF81F,0xF81F,0xF81F,0xF81F,0xF81F,0xF81F,0xF81F,0xF81F,0xF81F,
    0xF81F,0xF81F,0xF81F,0xF81F,
    0xF81F,0xF81F,0xF81F,0xF81F,0xF81F,0xF81F,0xF81F,0xF81F,0xF81F,0xF81F,0xF81F,0xF81F,
    0xF81F,0xF81F,0xF81F,0xF81F,0xF81F,0xF81F,0xF81F,0xF81F,0xF81F,0xF81F,0xF81F,0xF81F,
    0xF81F,0xF81F,0xF81F,0xF81F,0xF81F,0xF81F,0xF81F,0xF81F,0xF81F,0xF81F,0xF81F,0xF81F,
    0xF81F,0xF81F,0xF81F,0xF81F,0xF81F,0xF81F,0xF81F,0xF81F,0xF81F,0xF81F,0xF81F,0xF81F,
    0xF81F,0xF81F,0xF81F,0xF81F,0xF81F,0xF81F,0xF81F,0xF81F,0xF81F,0xF81F,0xF81F,0xF81F,
    0xF81F,0xF81F,0xF81F,0xF81F,
    0xF81F,0xF81F,0xF81F,0xF81F,0xF81F,0xF81F,0xF81F,0xF81F,0xF81F,0xF81F,0xF81F,0xF81F,
    0xF81F,0xF81F,0xF81F,0xF81F,0xF81F,0xF81F,0xF81F,0xF81F,0xF81F,0xF81F,0xF81F,0xF81F,
    0xF81F,0xF81F,0xF81F,0xF81F,0xF81F,0xF81F,0xF81F,0xF81F,0xF81F,0xF81F,0xF81F,0xF81F,
    0xF81F,0xF81F,0xF81F,0xF81F,0xF81F,0xF81F,0xF81F,0xF81F,0xF81F,0xF81F,0xF81F,0xF81F,
    0xF81F,0xF81F,0xF81F,0xF81F,0xF81F,0xF81F,0xF81F,0xF81F,0xF81F,0xF81F,0xF81F,0xF81F,
    0xF81F,0xF81F,0xF81F,0xF81F,
    0xF81F,0xF81F,0xF81F,0xF81F,0xF81F,0xF81F,0xF81F,0xF81F,0xF81F,0xF81F,0xF81F,0xF81F,
    0xF81F,0xF81F,0xF81F,0xF81F,0xF81F,0xF81F,0xF81F,0xF81F,0xF81F,0xF81F,0xF81F,0xF81F,
    0xF81F,0xF81F,0xF81F,0xF81F,0xF81F,0xF81F,0xF81F,0xF81F,0xF81F,0xF81F,0xF81F,0xF81F,
    0xF81F,0xF81F,0xF81F,0xF81F,0xF81F,0xF81F,0xF81F,0xF81F,0xF81F,0xF81F,0xF81F,0xF81F,
    0xF81F,0xF81F,0xF81F,0xF81F,0xF81F,0xF81F,0xF81F,0xF81F,0xF81F,0xF81F,0xF81F,0xF81F,
    0xF81F,0xF81F,0xF81F,0xF81F,
    0xF81F,0xF81F,0xF81F,0xF81F,0xF81F,0xF81F,0xF81F,0xF81F,0xF81F,0xF81F,0xF81F,0xF81F,
    0xF81F,0xF81F,0xF81F,0xF81F,0xF81F,0xF81F,0xF81F,0xF81F,0xF81F,0xF81F,0xF81F,0xF81F,
    0xF81F,0xF81F,0xF81F,0xF81F,0xF81F,0xF81F,0xF81F,0xF81F,0xF81F,0xF81F,0xF81F,0xF81F,
    0xF81F,0xF81F,0xF81F,0xF81F,0xF81F,0xF81F,0xF81F,0xF81F,0xF81F,0xF81F,0xF81F,0xF81F,
    0xF81F,0xF81F,0xF81F,0xF81F,0xF81F,0xF81F,0xF81F,0xF81F,0xF81F,0xF81F,0xF81F,0xF81F,
    0xF81F,0xF81F,0xF81F,0xF81F,
    0xF81F,0xF81F,0xF81F,0xF81F,0xF81F,0xF81F,0xF81F,0xF81F,0xF81F,0xF81F,0xF81F,0xF81F,
    0xF81F,0x52ED,0x10A3,0xF81F,0xF81F,0xF81F,0xF81F,0xF81F,0xF81F,0xF81F,0xF81F,0xF81F,
    0xF81F,0xF81F,0xF81F,0xF81F,0xF81F,0xF81F,0xF81F,0xF81F,0xF81F,0xF81F,0xF81F,0xF81F,
    0xF81F,0xF81F,0xF81F,0xF81F,0xF81F,0xF81F,0xF81F,0xF81F,0xF81F,0xF81F,0xF81F,0xF81F,
    0xF81F,0xF81F,0xF81F,0xF81F,0xF81F,0xF81F,0xF81F,0xF81F,0xF81F,0xF81F,0xF81F,0xF81F,
    0xF81F,0xF81F,0xF81F,0xF81F,
    0xF81F,0xF81F,0xF81F,0xF81F,0xF81F,0xF81F,0xF81F,0xF81F,0xF81F,0xF81F,0xF81F,0xF81F,
    0xF81F,0x31C8,0x8473,0x31A7,0xF81F,0xF81F,0xF81F,0xF81F,0xF81F,0xF81F,0xF81F,0xF81F,
    0xF81F,0xF81F,0xF81F,0xF81F,0x0882,0x31A7,0x52AC,0x5B2E,0x5B2E,0x52CC,0x31C8,0x1082,
    0xF81F,0xF81F,0xF81F,0xF81F,0xF81F,0xF81F,0xF81F,0xF81F,0xF81F,0xF81F,0xF81F,0xF81F,
    0xF81F,0xF81F,0xF81F,0xF81F,0xF81F,0xF81F,0xF81F,0xF81F,0xF81F,0xF81F,0xF81F,0xF81F,
    0xF81F,0xF81F,0xF81F,0xF81F,
    0xF81F,0xF81F,0xF81F,0xF81F,0xF81F,0xF81F,0xF81F,0xF81F,0xF81F,0xF81F,0xF81F,0xF81F,
    0xF81F,0xF81F,0x4A8B,0x7C53,0x52ED,0xF81F,0xF81F,0xF81F,0xF81F,0xF81F,0xF81F,0xF81F,
    0xF81F,0xF81F,0x18E4,0x636F,0x8CB5,0x8CD5,0x8494,0x7C53,0x7C53,0x8494,0x8CD5,0x8CD5,
    0x6B90,0x2125,0xF81F,0xF81F,0xF81F,0xF81F,0xF81F,0xF81F,0xF81F,0xF81F,0xF81F,0xF81F,
    0xF81F,0xF81F,0xF81F,0xF81F,0xF81F,0xF81F,0xF81F,0xF81F,0xF81F,0xF81F,0xF81F,0xF81F,
    0xF81F,0xF81F,0xF81F,0xF81F,
    0xF81F,0xF81F,0xF81F,0xF81F,0xF81F,0xF81F,0xF81F,0xF81F,0xF81F,0xF81F,0xF81F,0xF81F,
    0xF81F,0xF81F,0x2145,0x4A8C,0x6B90,0x73F1,0x2105,0xF81F,0xF81F,0xF81F,0xF81F,0xF81F,
    0xF81F,0x52AC,0x8CD5,0x7C33,0x5B2E,0x52CC,0x4AAC,0x4AAC,0x4AAC,0x4AAC,0x52CC,0x5B2E,
    0x7C12,0x94D5,0x5AED,0xF81F,0xF81F,0xF81F,0xF81F,0xF81F,0xF81F,0xF81F,0xF81F,0xF81F,
    0xF81F,0xF81F,0xF81F,0xF81F,0xF81F,0xF81F,0xF81F,0xF81F,0xF81F,0xF81F,0xF81F,0xF81F,
    0xF81F,0xF81F,0xF81F,0xF81F,
    0xF81F,0xF81F,0xF81F,0xF81F,0xF81F,0xF81F,0xF81F,0xF81F,0xF81F,0xF81F,0xF81F,0xF81F,
    0xF81F,0xF81F,0xF81F,0x424B,0x424A,0x52CD,0x7C32,0x424A,0xF81F,0xF81F,0xF81F,0xF81F,
    0x636F,0x8494,0x52ED,0x4A8C,0x52CD,0x52ED,0x52ED,0x52ED,0x52ED,0x52ED,0x52ED,0x52CD,
    0x4AAC,0x52CD,0x8474,0x6BB0,0xF81F,0xF81F,0xF81F,0xF81F,0xF81F,0xF81F,0xF81F,0xF81F,
    0xF81F,0xF81F,0x18E4,0x4AAB,0x0862,0xF81F,0xF81F,0xF81F,0xF81F,0xF81F,0xF81F,0xF81F,
    0xF81F,0xF81F,0xF81F,0xF81F,
    0xF81F,0xF81F,0xF81F,0xF81F,0xF81F,0xF81F,0xF81F,0xF81F,0xF81F,0xF81F,0xF81F,0xF81F,
    0xF81F,0xF81F,0xF81F,0x2146,0x4A8C,0x422A,0x424A,0x6BD1,0x636F,0xF81F,0xF81F,0x632E,
    0x7C32,0x4A6B,0x52CC,0x52CD,0x52CD,0x52CD,0x52CD,0x52CD,0x52CD,0x52CD,0x52CD,0x52CD,
    0x52CD,0x52CC,0x4A6B,0x7412,0x638F,0xF81F,0xF81F,0xF81F,0xF81F,0xF81F,0xF81F,0xF81F,
    0x2104,0x5B2E,0x8453,0x31A7,0xF81F,0xF81F,0xF81F,0xF81F,0xF81F,0xF81F,0xF81F,0xF81F,
    0xF81F,0xF81F,0xF81F,0xF81F,
    0xF81F,0xF81F,0xF81F,0xF81F,0xF81F,0xF81F,0xF81F,0xF81F,0xF81F,0xF81F,0xF81F,0xF81F,
    0xF81F,0xF81F,0xF81F,0x0021,0x3A2A,0x424A,0x422A,0x39E9,0x5B0E,0x6BB0,0x5AED,0x73F1,
    0x426B,0x52CC,0x52CC,0x52AC,0x52CC,0x52CC,0x52CC,0x52CC,0x52CC,0x52CC,0x52CC,0x52CC,
    0x52AC,0x52AC,0x52CC,0x426B,0x7C12,0x424A,0xF81F,0xF81F,0xF81F,0xF81F,0x2966,0x636F,
    0x7C12,0x634F,0x2145,0xF81F,0xF81F,0xF81F,0xF81F,0xF81F,0xF81F,0xF81F,0xF81F,0xF81F,
    0xF81F,0xF81F,0xF81F,0xF81F,
    0xF81F,0xF81F,0xF81F,0xF81F,0xF81F,0xF81F,0xF81F,0xF81F,0xF81F,0xF81F,0xF81F,0xF81F,
    0xF81F,0xF81F,0xF81F,0xF81F,0x2145,0x424A,0x3A09,0x422A,0x31C8,0x4A8C,0x8474,0x4A8B,
    0x52CD,0x52CC,0x4AAC,0x4AAC,0x4AAC,0x4AAC,0x4AAC,0x4AAC,0x4AAC,0x4AAC,0x4AAC,0x4AAC,
    0x4AAC,0x52CC,0x52CD,0x4A6B,0x424A,0x73F1,0xF81F,0xF81F,0x31A7,0x6B90,0x7412,0x52ED,
    0x3A09,0x2987,0xF81F,0xF81F,0xF81F,0xF81F,0xF81F,0xF81F,0xF81F,0xF81F,0xF81F,0xF81F,
    0xF81F,0xF81F,0xF81F,0xF81F,
    0xF81F,0xF81F,0xF81F,0xF81F,0xF81F,0xF81F,0xF81F,0xF81F,0xF81F,0xF81F,0xF81F,0xF81F,
    0xF81F,0xF81F,0xF81F,0xF81F,0x0841,0x39E9,0x39E9,0x39E9,0x31C8,0x5B0E,0x5B0E,0x31C8,
    0x2966,0x422A,0x4A8C,0x52CC,0x52AC,0x4AAC,0x4A8C,0x4A8C,0x4A8C,0x4A8C,0x4A8C,0x52AC,
    0x52AC,0x424A,0x2967,0x0063,0x1905,0x5B0E,0x5B2E,0x6B8F,0x73F1,0x4AAC,0x31A8,0x31C8,
    0x3A09,0x0861,0xF81F,0xF81F,0xF81F,0xF81F,0xF81F,0xF81F,0xF81F,0xF81F,0xF81F,0xF81F,
    0xF81F,0xF81F,0xF81F,0xF81F,
    0xF81F,0xF81F,0xF81F,0xF81F,0xF81F,0xF81F,0xF81F,0xF81F,0xF81F,0xF81F,0xF81F,0xF81F,
    0xF81F,0xF81F,0xF81F,0xF81F,0xF81F,0x2125,0x39E9,0x31C8,0x39E8,0x634F,0x4AAC,0x31A7,
    0x1082,0x1082,0x18C3,0x2966,0x3A09,0x4A6B,0x52CC,0x5AEB,0x4A8C,0x52AC,0x4A8B,0x39E9,
    0x18E5,0x0043,0x10A2,0x6243,0x4A49,0x424B,0x73D1,0x4A8C,0x2987,0x31A7,0x31C8,0x3A09,
    0x18C3,0xF81F,0xF81F,0xF81F,0xF81F,0xF81F,0xF81F,0xF81F,0xF81F,0xF81F,0xF81F,0xF81F,
    0xF81F,0xF81F,0xF81F,0xF81F,
    0xF81F,0xF81F,0xF81F,0xF81F,0xF81F,0xF81F,0xF81F,0xF81F,0xF81F,0xF81F,0xF81F,0xF81F,
    0xF81F,0xF81F,0xF81F,0xF81F,0xF81F,0x0841,0x31A8,0x2987,0x3A09,0x52ED,0x426B,0x4A8B,
    0x424B,0x31C9,0x1906,0x10A3,0x1083,0x0863,0x3164,0x6AC6,0x3A2B,0x2988,0x10C4,0x10A3,
    0x3163,0x8303,0xDD03,0xF565,0x52AB,0x426B,0x52CC,0x39E9,0x31A7,0x31A8,0x31C8,0x2125,
    0xF81F,0xF81F,0xF81F,0xF81F,0xF81F,0xF81F,0xF81F,0xF81F,0xF81F,0xF81F,0xF81F,0xF81F,
    0xF81F,0xF81F,0xF81F,0xF81F,
    0xF81F,0xF81F,0xF81F,0xF81F,0xF81F,0xF81F,0xF81F,0xF81F,0xF81F,0xF81F,0xF81F,0xF81F,
    0xF81F,0xF81F,0xF81F,0xF81F,0xF81F,0xF81F,0x2105,0x2987,0x39E9,0x4AAC,0x426B,0x426B,
    0x4A8B,0x6B2A,0xA408,0xD505,0x9342,0x4A68,0x3185,0x0862,0x4A29,0x2943,0x18A1,0x3186,
    0xB4CC,0xFDA3,0xFDE3,0xCCA5,0x3A4B,0x426B,0x4AAC,0x3A29,0x2966,0x2987,0x2966,0x0020,
    0xF81F,0xF81F,0xF81F,0xF81F,0xF81F,0xF81F,0xF81F,0xF81F,0xF81F,0xF81F,0xF81F,0xF81F,
    0xF81F,0xF81F,0xF81F,0xF81F,
    0xF81F,0xF81F,0xF81F,0xF81F,0xF81F,0xF81F,0xF81F,0xF81F,0xF81F,0xF81F,0xF81F,0xF81F,
    0xF81F,0xF81F,0xF81F,0xF81F,0xF81F,0xF81F,0x0861,0x2966,0x31C8,0x426B,0x424A,0x3A2B,
    0x7329,0xFDA3,0xFD83,0xFE04,0x6A20,0x39A5,0xB424,0xA3E5,0x6B09,0xF583,0xD4A2,0x2060,
    0x6201,0xFDA4,0xF583,0xA407,0x3A2B,0x426A,0x4A6B,0x31C8,0x2146,0x2987,0x0862,0xF81F,
    0xF81F,0xF81F,0xF81F,0xF81F,0xF81F,0xF81F,0xF81F,0xF81F,0xF81F,0xF81F,0xF81F,0xF81F,
    0xF81F,0xF81F,0xF81F,0xF81F,
    0xF81F,0xF81F,0xF81F,0xF81F,0xF81F,0xF81F,0xF81F,0xF81F,0xF81F,0xF81F,0xF81F,0xF81F,
    0xF81F,0xF81F,0xF81F,0xF81F,0xF81F,0xF81F,0xF81F,0x18E4,0x2987,0x422A,0x424A,0x424A,
    0x424A,0xED24,0xFDC3,0xFDA4,0x9344,0x1082,0x4A48,0x426B,0x8348,0xE524,0xC486,0x8326,
    0x7B27,0x6B09,0x528A,0x424A,0x424A,0x424A,0x424A,0x2987,0x2966,0x10C3,0xF81F,0xF81F,
    0xF81F,0xF81F,0xF81F,0xF81F,0xF81F,0xF81F,0xF81F,0xF81F,0xF81F,0xF81F,0xF81F,0xF81F,
    0xF81F,0xF81F,0xF81F,0xF81F,
    0xF81F,0xF81F,0xF81F,0xF81F,0xF81F,0xF81F,0xF81F,0xF81F,0xF81F,0xF81F,0xF81F,0xF81F,
    0xF81F,0xF81F,0xF81F,0xF81F,0xF81F,0xF81F,0xF81F,0x0841,0x2946,0x3A0A,0x422A,0x424A,
    0x320A,0x8B87,0xA406,0x5AA9,0x424A,0x426B,0x3A2A,0x3A2A,0x424A,0x3A2A,0x31EA,0x3A2B,
    0x3A0A,0x320A,0x3A2A,0x422A,0x422A,0x422A,0x3A2A,0x2966,0x18E4,0xF81F,0xF81F,0xF81F,
    0xF81F,0xF81F,0xF81F,0xF81F,0xF81F,0xF81F,0xF81F,0xF81F,0xF81F,0xF81F,0xF81F,0xF81F,
    0xF81F,0xF81F,0xF81F,0xF81F,
    0xF81F,0xF81F,0xF81F,0xF81F,0xF81F,0xF81F,0xF81F,0xF81F,0xF81F,0xF81F,0xF81F,0xF81F,
    0xF81F,0xF81F,0xF81F,0xF81F,0xF81F,0xF81F,0xF81F,0xF81F,0x18C3,0x39E9,0x3A2A,0x3A2A,
    0x422A,0x3A0A,0x31EA,0x3A0A,0x3A0A,0x3A0A,0x3A2A,0x3A2A,0x3A2A,0x3A2A,0x422A,0x422A,
    0x422A,0x422A,0x422A,0x3A2A,0x3A2A,0x3A2A,0x39E9,0x1904,0x0020,0xF81F,0xF81F,0xF81F,
    0xF81F,0xF81F,0xF81F,0xF81F,0xF81F,0xF81F,0xF81F,0xF81F,0xF81F,0xF81F,0xF81F,0xF81F,
    0xF81F,0xF81F,0xF81F,0xF81F,
    0xF81F,0xF81F,0xF81F,0xF81F,0xF81F,0xF81F,0xF81F,0xF81F,0xF81F,0xF81F,0xF81F,0xF81F,
    0xF81F,0xF81F,0xF81F,0xF81F,0xF81F,0xF81F,0xF81F,0xF81F,0x0021,0x2987,0x3A2A,0x3A09,
    0x3A09,0x3A29,0x41E9,0x39C9,0x3A29,0x3A09,0x3A09,0x3A09,0x3A09,0x3A09,0x3A09,0x3A09,
    0x3A29,0x39C9,0x39E9,0x39E9,0x3A09,0x3A2A,0x31A7,0x0841,0xF81F,0xF81F,0xF81F,0xF81F,
    0xF81F,0xF81F,0xF81F,0xF81F,0xF81F,0xF81F,0xF81F,0xF81F,0xF81F,0xF81F,0xF81F,0xF81F,
    0xF81F,0xF81F,0xF81F,0xF81F,
    0xF81F,0xF81F,0xF81F,0xF81F,0xF81F,0xF81F,0xF81F,0xF81F,0xF81F,0xF81F,0xF81F,0xF81F,
    0xF81F,0xF81F,0xF81F,0xF81F,0xF81F,0xF81F,0xF81F,0xF81F,0xF81F,0x10A3,0x39E9,0x39E9,
    0x3A09,0x39C9,0x3ACA,0x3B6A,0x3989,0x3A09,0x3A09,0x3A09,0x3A09,0x3A09,0x3A09,0x3A09,
    0x3989,0x336A,0x3ECD,0x3ACA,0x39C9,0x3A09,0x0882,0xF81F,0xF81F,0xF81F,0xF81F,0xF81F,
    0xF81F,0xF81F,0xF81F,0xF81F,0xF81F,0xF81F,0xF81F,0xF81F,0xF81F,0xF81F,0xF81F,0xF81F,
    0xF81F,0xF81F,0xF81F,0xF81F,
    0xF81F,0xF81F,0xF81F,0xF81F,0xF81F,0xF81F,0xF81F,0xF81F,0xF81F,0xF81F,0xF81F,0xF81F,
    0xF81F,0xF81F,0xF81F,0xF81F,0xF81F,0xF81F,0xF81F,0xF81F,0xF81F,0xF81F,0x1904,0x3A0A,
    0x31E8,0x3988,0x3C4B,0x3FEE,0x3D0B,0x29C7,0x2988,0x39E9,0x39E9,0x3A09,0x39E9,0x3989,
    0x440B,0x4FCF,0x3E4D,0x3229,0x3A09,0x2125,0xF81F,0xF81F,0xF81F,0xF81F,0xF81F,0xF81F,
    0xF81F,0xF81F,0xF81F,0xF81F,0xF81F,0xF81F,0xF81F,0xF81F,0xF81F,0xF81F,0xF81F,0xF81F,
    0xF81F,0xF81F,0xF81F,0xF81F,
    0xF81F,0xF81F,0xF81F,0xF81F,0xF81F,0xF81F,0xF81F,0xF81F,0xF81F,0xF81F,0xF81F,0xF81F,
    0xF81F,0xF81F,0xF81F,0xF81F,0xF81F,0xF81F,0xF81F,0xF81F,0xF81F,0xF81F,0xF81F,0x2967,
    0x39E9,0x31C8,0x31A8,0x3BCA,0x3FCD,0x86B3,0x738F,0x29C8,0x29C7,0x3188,0x31A8,0x2529,
    0x77F3,0xE7BC,0x422A,0x3188,0x31E9,0x0841,0xF81F,0xF81F,0xF81F,0xF81F,0xF81F,0xF81F,
    0xF81F,0xF81F,0xF81F,0xF81F,0xF81F,0xF81F,0xF81F,0xF81F,0xF81F,0xF81F,0xF81F,0xF81F,
    0xF81F,0xF81F,0xF81F,0xF81F,
    0xF81F,0xF81F,0xF81F,0xF81F,0xF81F,0xF81F,0xF81F,0xF81F,0xF81F,0xF81F,0xF81F,0xF81F,
    0xF81F,0xF81F,0xF81F,0xF81F,0xF81F,0xF81F,0xF81F,0xF81F,0xF81F,0xF81F,0xF81F,0x0021,
    0x2987,0x39E9,0x31C8,0x3148,0x2A47,0xC6F9,0x9FF6,0x3F4D,0x8ED4,0x4ECE,0x7732,0xAFF8,
    0x548D,0xA555,0x31C8,0x31C8,0x2967,0x1082,0xF81F,0xF81F,0xF81F,0xF81F,0xF81F,0xF81F,
    0xF81F,0xF81F,0xF81F,0xF81F,0xF81F,0xF81F,0xF81F,0xF81F,0xF81F,0xF81F,0xF81F,0xF81F,
    0xF81F,0xF81F,0xF81F,0xF81F,
    0xF81F,0xF81F,0xF81F,0xF81F,0xF81F,0xF81F,0xF81F,0xF81F,0xF81F,0xF81F,0xF81F,0xF81F,
    0xF81F,0xF81F,0xF81F,0xF81F,0xF81F,0xF81F,0xF81F,0xF81F,0xF81F,0xF81F,0xF81F,0xF81F,
    0x0020,0x2146,0x31C8,0x31E8,0x2947,0x630D,0x4C2C,0x3C2B,0xEFBD,0x4D4D,0x6E10,0xC5F8,
    0x2927,0x424A,0x2987,0x2125,0x2146,0x10A3,0xF81F,0xF81F,0xF81F,0xF81F,0xF81F,0xF81F,
    0xF81F,0xF81F,0xF81F,0xF81F,0xF81F,0xF81F,0xF81F,0xF81F,0xF81F,0xF81F,0xF81F,0xF81F,
    0xF81F,0xF81F,0xF81F,0xF81F,
    0xF81F,0xF81F,0xF81F,0xF81F,0xF81F,0xF81F,0xF81F,0xF81F,0xF81F,0xF81F,0xF81F,0xF81F,
    0xF81F,0xF81F,0xF81F,0xF81F,0xF81F,0xF81F,0xF81F,0xF81F,0xF81F,0xF81F,0xF81F,0xF81F,
    0xF81F,0xF81F,0x10A3,0x2966,0x31A8,0x2987,0x3147,0x2927,0x7410,0x3147,0x39A8,0x530C,
    0x2967,0x2146,0x2105,0x1905,0x2105,0x18C4,0xF81F,0xF81F,0xF81F,0xF81F,0xF81F,0xF81F,
    0xF81F,0xF81F,0xF81F,0xF81F,0xF81F,0xF81F,0xF81F,0xF81F,0xF81F,0xF81F,0xF81F,0xF81F,
    0xF81F,0xF81F,0xF81F,0xF81F,
    0xF81F,0xF81F,0xF81F,0xF81F,0xF81F,0xF81F,0xF81F,0xF81F,0xF81F,0xF81F,0xF81F,0xF81F,
    0xF81F,0xF81F,0xF81F,0xF81F,0xF81F,0xF81F,0xF81F,0xF81F,0xF81F,0xF81F,0xF81F,0xF81F,
    0xF81F,0xF81F,0xF81F,0xF81F,0x2146,0x2987,0x2987,0x29A7,0x2987,0x29A7,0x2987,0x2966,
    0x2966,0x18E4,0x18E4,0x1904,0x1905,0x18E4,0x0000,0xF81F,0xF81F,0xF81F,0xF81F,0xF81F,
    0xF81F,0xF81F,0xF81F,0xF81F,0xF81F,0xF81F,0xF81F,0xF81F,0xF81F,0xF81F,0xF81F,0xF81F,
    0xF81F,0xF81F,0xF81F,0xF81F,
    0xF81F,0xF81F,0xF81F,0xF81F,0xF81F,0xF81F,0xF81F,0xF81F,0xF81F,0xF81F,0xF81F,0xF81F,
    0xF81F,0xF81F,0xF81F,0xF81F,0xF81F,0xF81F,0xF81F,0xF81F,0xF81F,0xF81F,0xF81F,0xF81F,
    0x0041,0x0021,0xF81F,0xF81F,0x2125,0x2966,0x2966,0x2966,0x2966,0x2966,0x2966,0x2966,
    0x2966,0x18E4,0x18C4,0x10C3,0x1083,0x0862,0xF81F,0xF81F,0xF81F,0xF81F,0xF81F,0xF81F,
    0xF81F,0xF81F,0xF81F,0xF81F,0xF81F,0xF81F,0xF81F,0xF81F,0xF81F,0xF81F,0xF81F,0xF81F,
    0xF81F,0xF81F,0xF81F,0xF81F,
    0xF81F,0xF81F,0xF81F,0xF81F,0xF81F,0xF81F,0xF81F,0xF81F,0xF81F,0xF81F,0xF81F,0xF81F,
    0xF81F,0xF81F,0xF81F,0xF81F,0xF81F,0xF81F,0xF81F,0xF81F,0xF81F,0xF81F,0xF81F,0x18E4,
    0x2967,0x2967,0x10C3,0xF81F,0x2146,0x2966,0x2146,0x2966,0x2966,0x2966,0x2966,0x2146,
    0x2966,0x1082,0x0020,0xF81F,0xF81F,0xF81F,0xF81F,0xF81F,0xF81F,0xF81F,0xF81F,0xF81F,
    0xF81F,0xF81F,0xF81F,0xF81F,0xF81F,0xF81F,0xF81F,0xF81F,0xF81F,0xF81F,0xF81F,0xF81F,
    0xF81F,0xF81F,0xF81F,0xF81F,
    0xF81F,0xF81F,0xF81F,0xF81F,0xF81F,0xF81F,0xF81F,0xF81F,0xF81F,0xF81F,0xF81F,0xF81F,
    0xF81F,0xF81F,0xF81F,0xF81F,0xF81F,0xF81F,0xF81F,0xF81F,0xF81F,0xF81F,0x0020,0x2966,
    0x2966,0x2966,0x2146,0x0841,0x2146,0x2146,0x2146,0x2146,0x2146,0x2146,0x2146,0x2146,
    0x2966,0x0862,0xF81F,0xF81F,0xF81F,0xF81F,0xF81F,0xF81F,0xF81F,0xF81F,0xF81F,0xF81F,
    0xF81F,0xF81F,0xF81F,0xF81F,0xF81F,0xF81F,0xF81F,0xF81F,0xF81F,0xF81F,0xF81F,0xF81F,
    0xF81F,0xF81F,0xF81F,0xF81F,
    0xF81F,0xF81F,0xF81F,0xF81F,0xF81F,0xF81F,0xF81F,0xF81F,0xF81F,0xF81F,0xF81F,0xF81F,
    0xF81F,0xF81F,0xF81F,0xF81F,0xF81F,0xF81F,0xF81F,0xF81F,0xF81F,0xF81F,0x0020,0x2126,
    0x2146,0x2146,0x2125,0x0862,0x2146,0x2146,0x2146,0x2146,0x2146,0x2146,0x2146,0x2125,
    0x2966,0x10A3,0xF81F,0xF81F,0xF81F,0xF81F,0xF81F,0xF81F,0xF81F,0xF81F,0xF81F,0xF81F,
    0xF81F,0xF81F,0xF81F,0xF81F,0xF81F,0xF81F,0xF81F,0xF81F,0xF81F,0xF81F,0xF81F,0xF81F,
    0xF81F,0xF81F,0xF81F,0xF81F,
    0xF81F,0xF81F,0xF81F,0xF81F,0xF81F,0xF81F,0xF81F,0xF81F,0xF81F,0xF81F,0xF81F,0xF81F,
    0xF81F,0xF81F,0xF81F,0xF81F,0xF81F,0xF81F,0xF81F,0xF81F,0xF81F,0xF81F,0x0020,0x2125,
    0x2146,0x2146,0x1905,0x0882,0x2146,0x2125,0x2125,0x2125,0x2125,0x2125,0x2125,0x2125,
    0x2146,0x10C3,0xF81F,0xF81F,0xF81F,0xF81F,0xF81F,0xF81F,0xF81F,0xF81F,0xF81F,0xF81F,
    0xF81F,0xF81F,0xF81F,0xF81F,0xF81F,0xF81F,0xF81F,0xF81F,0xF81F,0xF81F,0xF81F,0xF81F,
    0xF81F,0xF81F,0xF81F,0xF81F,
    0xF81F,0xF81F,0xF81F,0xF81F,0xF81F,0xF81F,0xF81F,0xF81F,0xF81F,0xF81F,0xF81F,0xF81F,
    0xF81F,0xF81F,0xF81F,0xF81F,0xF81F,0xF81F,0xF81F,0xF81F,0xF81F,0xF81F,0x0020,0x2105,
    0x2125,0x2125,0x1904,0x1082,0x2145,0x2125,0x2125,0x2125,0x2125,0x2125,0x2125,0x2125,
    0x2126,0x18C4,0xF81F,0xF81F,0xF81F,0xF81F,0xF81F,0xF81F,0xF81F,0xF81F,0xF81F,0xF81F,
    0xF81F,0xF81F,0xF81F,0xF81F,0xF81F,0xF81F,0xF81F,0xF81F,0xF81F,0xF81F,0xF81F,0xF81F,
    0xF81F,0xF81F,0xF81F,0xF81F,
    0xF81F,0xF81F,0xF81F,0xF81F,0xF81F,0xF81F,0xF81F,0xF81F,0xF81F,0xF81F,0xF81F,0xF81F,
    0xF81F,0xF81F,0xF81F,0xF81F,0xF81F,0xF81F,0xF81F,0xF81F,0xF81F,0xF81F,0x0020,0x1905,
    0x2125,0x2125,0x18E4,0x10A3,0x2125,0x2105,0x2125,0x2125,0x2125,0x2125,0x2125,0x2105,
    0x2125,0x18E4,0xF81F,0xF81F,0xF81F,0xF81F,0xF81F,0xF81F,0xF81F,0xF81F,0xF81F,0xF81F,
    0xF81F,0xF81F,0xF81F,0xF81F,0xF81F,0xF81F,0xF81F,0xF81F,0xF81F,0xF81F,0xF81F,0xF81F,
    0xF81F,0xF81F,0xF81F,0xF81F,
    0xF81F,0xF81F,0xF81F,0xF81F,0xF81F,0xF81F,0xF81F,0xF81F,0xF81F,0xF81F,0xF81F,0xF81F,
    0xF81F,0xF81F,0xF81F,0xF81F,0xF81F,0xF81F,0xF81F,0xF81F,0xF81F,0xF81F,0x0000,0x1904,
    0x1905,0x2105,0x18E4,0x10A3,0x2125,0x1905,0x1905,0x1905,0x1905,0x1905,0x1905,0x1905,
    0x2105,0x1904,0xF81F,0xF81F,0xF81F,0xF81F,0xF81F,0xF81F,0xF81F,0xF81F,0xF81F,0xF81F,
    0xF81F,0xF81F,0xF81F,0xF81F,0xF81F,0xF81F,0xF81F,0xF81F,0xF81F,0xF81F,0xF81F,0xF81F,
    0xF81F,0xF81F,0xF81F,0xF81F,
    0xF81F,0xF81F,0xF81F,0xF81F,0xF81F,0xF81F,0xF81F,0xF81F,0xF81F,0xF81F,0xF81F,0xF81F,
    0xF81F,0xF81F,0xF81F,0xF81F,0xF81F,0xF81F,0xF81F,0xF81F,0xF81F,0xF81F,0x0000,0x18E4,
    0x1904,0x1905,0x18C4,0x10C3,0x1905,0x1904,0x1905,0x1905,0x1905,0x1905,0x1905,0x1904,
    0x1905,0x1904,0x0020,0xF81F,0xF81F,0xF81F,0xF81F,0xF81F,0xF81F,0xF81F,0xF81F,0xF81F,
    0xF81F,0xF81F,0xF81F,0xF81F,0xF81F,0xF81F,0xF81F,0xF81F,0xF81F,0xF81F,0xF81F,0xF81F,
    0xF81F,0xF81F,0xF81F,0xF81F,
    0xF81F,0xF81F,0xF81F,0xF81F,0xF81F,0xF81F,0xF81F,0xF81F,0xF81F,0xF81F,0xF81F,0xF81F,
    0xF81F,0xF81F,0xF81F,0xF81F,0xF81F,0xF81F,0xF81F,0xF81F,0xF81F,0xF81F,0x0000,0x18C4,
    0x18E4,0x18E4,0x10C3,0x10C3,0x1904,0x18E4,0x18E4,0x18E4,0x18E4,0x18E4,0x18E4,0x18E4,
    0x18E4,0x1904,0x0041,0xF81F,0xF81F,0xF81F,0xF81F,0xF81F,0xF81F,0xF81F,0xF81F,0xF81F,
    0xF81F,0xF81F,0xF81F,0xF81F,0xF81F,0xF81F,0xF81F,0xF81F,0xF81F,0xF81F,0xF81F,0xF81F,
    0xF81F,0xF81F,0xF81F,0xF81F,
    0xF81F,0xF81F,0xF81F,0xF81F,0xF81F,0xF81F,0xF81F,0xF81F,0xF81F,0xF81F,0xF81F,0xF81F,
    0xF81F,0xF81F,0xF81F,0xF81F,0xF81F,0xF81F,0xF81F,0xF81F,0xF81F,0xF81F,0x0000,0x10C4,
    0x10C4,0x10C4,0x10C4,0x18C4,0x18E4,0x18E4,0x18E4,0x18E4,0x18E4,0x18E4,0x18E4,0x18E4,
    0x18E4,0x1904,0x0861,0xF81F,0xF81F,0xF81F,0xF81F,0xF81F,0xF81F,0xF81F,0xF81F,0xF81F,
    0xF81F,0xF81F,0xF81F,0xF81F,0xF81F,0xF81F,0xF81F,0xF81F,0xF81F,0xF81F,0xF81F,0xF81F,
    0xF81F,0xF81F,0xF81F,0xF81F,
    0xF81F,0xF81F,0xF81F,0xF81F,0xF81F,0xF81F,0xF81F,0xF81F,0xF81F,0xF81F,0xF81F,0xF81F,
    0xF81F,0xF81F,0xF81F,0xF81F,0xF81F,0xF81F,0xF81F,0xF81F,0xF81F,0xF81F,0xF81F,0x10A3,
    0x18C4,0x18C4,0x10A3,0x10C3,0x18E4,0x18E4,0x18E4,0x18C4,0x18E4,0x18C4,0x18E4,0x18E4,
    0x18C4,0x18E4,0x0862,0xF81F,0xF81F,0xF81F,0xF81F,0xF81F,0xF81F,0xF81F,0xF81F,0xF81F,
    0xF81F,0xF81F,0xF81F,0xF81F,0xF81F,0xF81F,0xF81F,0xF81F,0xF81F,0xF81F,0xF81F,0xF81F,
    0xF81F,0xF81F,0xF81F,0xF81F,
    0xF81F,0xF81F,0xF81F,0xF81F,0xF81F,0xF81F,0xF81F,0xF81F,0xF81F,0xF81F,0xF81F,0xF81F,
    0xF81F,0xF81F,0xF81F,0xF81F,0xF81F,0xF81F,0xF81F,0xF81F,0xF81F,0xF81F,0xF81F,0x0020,
    0x0862,0x0862,0x0021,0x18C4,0x2146,0x2966,0x2966,0x2126,0x18C4,0x2125,0x2966,0x2966,
    0x2146,0x1904,0x0882,0xF81F,0xF81F,0xF81F,0xF81F,0xF81F,0xF81F,0xF81F,0xF81F,0xF81F,
    0xF81F,0xF81F,0xF81F,0xF81F,0xF81F,0xF81F,0xF81F,0xF81F,0xF81F,0xF81F,0xF81F,0xF81F,
    0xF81F,0xF81F,0xF81F,0xF81F,
    0xF81F,0xF81F,0xF81F,0xF81F,0xF81F,0xF81F,0xF81F,0xF81F,0xF81F,0xF81F,0xF81F,0xF81F,
    0xF81F,0xF81F,0xF81F,0xF81F,0xF81F,0xF81F,0xF81F,0xF81F,0xF81F,0xF81F,0xF81F,0xF81F,
    0xF81F,0xF81F,0x0000,0x2105,0x2966,0x2966,0x2966,0x2966,0x1905,0x2166,0x2966,0x2966,
    0x2966,0x2125,0x0882,0xF81F,0xF81F,0xF81F,0xF81F,0xF81F,0xF81F,0xF81F,0xF81F,0xF81F,
    0xF81F,0xF81F,0xF81F,0xF81F,0xF81F,0xF81F,0xF81F,0xF81F,0xF81F,0xF81F,0xF81F,0xF81F,
    0xF81F,0xF81F,0xF81F,0xF81F,
    0xF81F,0xF81F,0xF81F,0xF81F,0xF81F,0xF81F,0xF81F,0xF81F,0xF81F,0xF81F,0xF81F,0xF81F,
    0xF81F,0xF81F,0xF81F,0xF81F,0xF81F,0xF81F,0xF81F,0xF81F,0xF81F,0xF81F,0xF81F,0xF81F,
    0xF81F,0xF81F,0x0020,0x1905,0x2146,0x2146,0x2146,0x2146,0x1905,0x2146,0x2146,0x2146,
    0x2146,0x2125,0x10A3,0xF81F,0xF81F,0xF81F,0xF81F,0xF81F,0xF81F,0xF81F,0xF81F,0xF81F,
    0xF81F,0xF81F,0xF81F,0xF81F,0xF81F,0xF81F,0xF81F,0xF81F,0xF81F,0xF81F,0xF81F,0xF81F,
    0xF81F,0xF81F,0xF81F,0xF81F,
    0xF81F,0xF81F,0xF81F,0xF81F,0xF81F,0xF81F,0xF81F,0xF81F,0xF81F,0xF81F,0xF81F,0xF81F,
    0xF81F,0xF81F,0xF81F,0xF81F,0xF81F,0xF81F,0xF81F,0xF81F,0xF81F,0xF81F,0xF81F,0xF81F,
    0xF81F,0xF81F,0x0000,0x10C3,0x2125,0x2125,0x2125,0x2125,0x10A3,0x2105,0x2125,0x2125,
    0x2125,0x18C4,0x0020,0xF81F,0xF81F,0xF81F,0xF81F,0xF81F,0xF81F,0xF81F,0xF81F,0xF81F,
    0xF81F,0xF81F,0xF81F,0xF81F,0xF81F,0xF81F,0xF81F,0xF81F,0xF81F,0xF81F,0xF81F,0xF81F,
    0xF81F,0xF81F,0xF81F,0xF81F,
    0xF81F,0xF81F,0xF81F,0xF81F,0xF81F,0xF81F,0xF81F,0xF81F,0xF81F,0xF81F,0xF81F,0xF81F,
    0xF81F,0xF81F,0xF81F,0xF81F,0xF81F,0xF81F,0xF81F,0xF81F,0xF81F,0xF81F,0xF81F,0xF81F,
    0xF81F,0xF81F,0xF81F,0x1082,0x2125,0x1904,0x1905,0x1905,0x0882,0x1904,0x1905,0x1904,
    0x2125,0x10A3,0xF81F,0xF81F,0xF81F,0xF81F,0xF81F,0xF81F,0xF81F,0xF81F,0xF81F,0xF81F,
    0xF81F,0xF81F,0xF81F,0xF81F,0xF81F,0xF81F,0xF81F,0xF81F,0xF81F,0xF81F,0xF81F,0xF81F,
    0xF81F,0xF81F,0xF81F,0xF81F,
    0xF81F,0xF81F,0xF81F,0xF81F,0xF81F,0xF81F,0xF81F,0xF81F,0xF81F,0xF81F,0xF81F,0xF81F,
    0xF81F,0xF81F,0xF81F,0xF81F,0xF81F,0xF81F,0xF81F,0xF81F,0xF81F,0xF81F,0xF81F,0xF81F,
    0xF81F,0xF81F,0xF81F,0x0882,0x1905,0x18E4,0x18E4,0x18E4,0x0882,0x18E4,0x18E4,0x18E4,
    0x1904,0x10A3,0xF81F,0xF81F,0xF81F,0xF81F,0xF81F,0xF81F,0xF81F,0xF81F,0xF81F,0xF81F,
    0xF81F,0xF81F,0xF81F,0xF81F,0xF81F,0xF81F,0xF81F,0xF81F,0xF81F,0xF81F,0xF81F,0xF81F,
    0xF81F,0xF81F,0xF81F,0xF81F,
    0xF81F,0xF81F,0xF81F,0xF81F,0xF81F,0xF81F,0xF81F,0xF81F,0xF81F,0xF81F,0xF81F,0xF81F,
    0xF81F,0xF81F,0xF81F,0xF81F,0xF81F,0xF81F,0xF81F,0xF81F,0xF81F,0xF81F,0xF81F,0xF81F,
    0xF81F,0xF81F,0xF81F,0x0862,0x18E4,0x18C4,0x18E4,0x18E4,0x0862,0x18C4,0x18E4,0x18C4,
    0x18E4,0x1082,0xF81F,0xF81F,0xF81F,0xF81F,0xF81F,0xF81F,0xF81F,0xF81F,0xF81F,0xF81F,
    0xF81F,0xF81F,0xF81F,0xF81F,0xF81F,0xF81F,0xF81F,0xF81F,0xF81F,0xF81F,0xF81F,0xF81F,
    0xF81F,0xF81F,0xF81F,0xF81F,
    0xF81F,0xF81F,0xF81F,0xF81F,0xF81F,0xF81F,0xF81F,0xF81F,0xF81F,0xF81F,0xF81F,0xF81F,
    0xF81F,0xF81F,0xF81F,0xF81F,0xF81F,0xF81F,0xF81F,0xF81F,0xF81F,0xF81F,0xF81F,0xF81F,
    0xF81F,0xF81F,0xF81F,0x0020,0x10A3,0x10C3,0x10C3,0x1083,0x0000,0x1082,0x10C3,0x10C3,
    0x10C3,0x0021,0xF81F,0xF81F,0xF81F,0xF81F,0xF81F,0xF81F,0xF81F,0xF81F,0xF81F,0xF81F,
    0xF81F,0xF81F,0xF81F,0xF81F,0xF81F,0xF81F,0xF81F,0xF81F,0xF81F,0xF81F,0xF81F,0xF81F,
    0xF81F,0xF81F,0xF81F,0xF81F,
    0xF81F,0xF81F,0xF81F,0xF81F,0xF81F,0xF81F,0xF81F,0xF81F,0xF81F,0xF81F,0xF81F,0xF81F,
    0xF81F,0xF81F,0xF81F,0xF81F,0xF81F,0xF81F,0xF81F,0xF81F,0xF81F,0xF81F,0xF81F,0xF81F,
    0xF81F,0xF81F,0xF81F,0xF81F,0xF81F,0x0020,0x0000,0xF81F,0xF81F,0xF81F,0x0000,0x0000,
    0x0000,0xF81F,0xF81F,0xF81F,0xF81F,0xF81F,0xF81F,0xF81F,0xF81F,0xF81F,0xF81F,0xF81F,
    0xF81F,0xF81F,0xF81F,0xF81F,0xF81F,0xF81F,0xF81F,0xF81F,0xF81F,0xF81F,0xF81F,0xF81F,
    0xF81F,0xF81F,0xF81F,0xF81F,
    0xF81F,0xF81F,0xF81F,0xF81F,0xF81F,0xF81F,0xF81F,0xF81F,0xF81F,0xF81F,0xF81F,0xF81F,
    0xF81F,0xF81F,0xF81F,0xF81F,0xF81F,0xF81F,0xF81F,0xF81F,0xF81F,0xF81F,0xF81F,0xF81F,
    0xF81F,0xF81F,0xF81F,0xF81F,0xF81F,0xF81F,0xF81F,0xF81F,0xF81F,0xF81F,0xF81F,0xF81F,
    0xF81F,0xF81F,0xF81F,0xF81F,0xF81F,0xF81F,0xF81F,0xF81F,0xF81F,0xF81F,0xF81F,0xF81F,
    0xF81F,0xF81F,0xF81F,0xF81F,0xF81F,0xF81F,0xF81F,0xF81F,0xF81F,0xF81F,0xF81F,0xF81F,
    0xF81F,0xF81F,0xF81F,0xF81F,
    0xF81F,0xF81F,0xF81F,0xF81F,0xF81F,0xF81F,0xF81F,0xF81F,0xF81F,0xF81F,0xF81F,0xF81F,
    0xF81F,0xF81F,0xF81F,0xF81F,0xF81F,0xF81F,0xF81F,0xF81F,0xF81F,0xF81F,0xF81F,0xF81F,
    0xF81F,0xF81F,0xF81F,0xF81F,0xF81F,0xF81F,0xF81F,0xF81F,0xF81F,0xF81F,0xF81F,0xF81F,
    0xF81F,0xF81F,0xF81F,0xF81F,0xF81F,0xF81F,0xF81F,0xF81F,0xF81F,0xF81F,0xF81F,0xF81F,
    0xF81F,0xF81F,0xF81F,0xF81F,0xF81F,0xF81F,0xF81F,0xF81F,0xF81F,0xF81F,0xF81F,0xF81F,
    0xF81F,0xF81F,0xF81F,0xF81F,
    0xF81F,0xF81F,0xF81F,0xF81F,0xF81F,0xF81F,0xF81F,0xF81F,0xF81F,0xF81F,0xF81F,0xF81F,
    0xF81F,0xF81F,0xF81F,0xF81F,0xF81F,0xF81F,0xF81F,0xF81F,0xF81F,0xF81F,0xF81F,0xF81F,
    0xF81F,0xF81F,0xF81F,0xF81F,0xF81F,0xF81F,0xF81F,0xF81F,0xF81F,0xF81F,0xF81F,0xF81F,
    0xF81F,0xF81F,0xF81F,0xF81F,0xF81F,0xF81F,0xF81F,0xF81F,0xF81F,0xF81F,0xF81F,0xF81F,
    0xF81F,0xF81F,0xF81F,0xF81F,0xF81F,0xF81F,0xF81F,0xF81F,0xF81F,0xF81F,0xF81F,0xF81F,
    0xF81F,0xF81F,0xF81F,0xF81F,
    0xF81F,0xF81F,0xF81F,0xF81F,0xF81F,0xF81F,0xF81F,0xF81F,0xF81F,0xF81F,0xF81F,0xF81F,
    0xF81F,0xF81F,0xF81F,0xF81F,0xF81F,0xF81F,0xF81F,0xF81F,0xF81F,0xF81F,0xF81F,0xF81F,
    0xF81F,0xF81F,0xF81F,0xF81F,0xF81F,0xF81F,0xF81F,0xF81F,0xF81F,0xF81F,0xF81F,0xF81F,
    0xF81F,0xF81F,0xF81F,0xF81F,0xF81F,0xF81F,0xF81F,0xF81F,0xF81F,0xF81F,0xF81F,0xF81F,
    0xF81F,0xF81F,0xF81F,0xF81F,0xF81F,0xF81F,0xF81F,0xF81F,0xF81F,0xF81F,0xF81F,0xF81F,
    0xF81F,0xF81F,0xF81F,0xF81F,
    0xF81F,0xF81F,0xF81F,0xF81F,0xF81F,0xF81F,0xF81F,0xF81F,0xF81F,0xF81F,0xF81F,0xF81F,
    0xF81F,0xF81F,0xF81F,0xF81F,0xF81F,0xF81F,0xF81F,0xF81F,0xF81F,0xF81F,0xF81F,0xF81F,
    0xF81F,0xF81F,0xF81F,0xF81F,0xF81F,0xF81F,0xF81F,0xF81F,0xF81F,0xF81F,0xF81F,0xF81F,
    0xF81F,0xF81F,0xF81F,0xF81F,0xF81F,0xF81F,0xF81F,0xF81F,0xF81F,0xF81F,0xF81F,0xF81F,
    0xF81F,0xF81F,0xF81F,0xF81F,0xF81F,0xF81F,0xF81F,0xF81F,0xF81F,0xF81F,0xF81F,0xF81F,
    0xF81F,0xF81F,0xF81F,0xF81F,
    0xF81F,0xF81F,0xF81F,0xF81F,0xF81F,0xF81F,0xF81F,0xF81F,0xF81F,0xF81F,0xF81F,0xF81F,
    0xF81F,0xF81F,0xF81F,0xF81F,0xF81F,0xF81F,0xF81F,0xF81F,0xF81F,0xF81F,0xF81F,0xF81F,
    0xF81F,0xF81F,0xF81F,0xF81F,0xF81F,0xF81F,0xF81F,0xF81F,0xF81F,0xF81F,0xF81F,0xF81F,
    0xF81F,0xF81F,0xF81F,0xF81F,0xF81F,0xF81F,0xF81F,0xF81F,0xF81F,0xF81F,0xF81F,0xF81F,
    0xF81F,0xF81F,0xF81F,0xF81F,0xF81F,0xF81F,0xF81F,0xF81F,0xF81F,0xF81F,0xF81F,0xF81F,
    0xF81F,0xF81F,0xF81F,0xF81F,
};

static const uint16_t hd_gremlin_hero[112 * 112] PROGMEM = {
    0xF81F,0xF81F,0xF81F,0xF81F,0xF81F,0xF81F,0xF81F,0xF81F,0xF81F,0xF81F,0xF81F,0xF81F,
    0xF81F,0xF81F,0xF81F,0xF81F,0xF81F,0xF81F,0xF81F,0xF81F,0xF81F,0xF81F,0xF81F,0xF81F,
    0xF81F,0xF81F,0xF81F,0xF81F,0xF81F,0xF81F,0xF81F,0xF81F,0xF81F,0xF81F,0xF81F,0xF81F,
    0xF81F,0xF81F,0xF81F,0xF81F,0xF81F,0xF81F,0xF81F,0xF81F,0xF81F,0xF81F,0xF81F,0xF81F,
    0xF81F,0xF81F,0xF81F,0xF81F,0xF81F,0xF81F,0xF81F,0xF81F,0xF81F,0xF81F,0xF81F,0xF81F,
    0xF81F,0xF81F,0xF81F,0xF81F,0xF81F,0xF81F,0xF81F,0xF81F,0xF81F,0xF81F,0xF81F,0xF81F,
    0xF81F,0xF81F,0xF81F,0xF81F,0xF81F,0xF81F,0xF81F,0xF81F,0xF81F,0xF81F,0xF81F,0xF81F,
    0xF81F,0xF81F,0xF81F,0xF81F,0xF81F,0xF81F,0xF81F,0xF81F,0xF81F,0xF81F,0xF81F,0xF81F,
    0xF81F,0xF81F,0xF81F,0xF81F,0xF81F,0xF81F,0xF81F,0xF81F,0xF81F,0xF81F,0xF81F,0xF81F,
    0xF81F,0xF81F,0xF81F,0xF81F,
    0xF81F,0xF81F,0xF81F,0xF81F,0xF81F,0xF81F,0xF81F,0xF81F,0xF81F,0xF81F,0xF81F,0xF81F,
    0xF81F,0xF81F,0xF81F,0xF81F,0xF81F,0xF81F,0xF81F,0xF81F,0xF81F,0xF81F,0xF81F,0xF81F,
    0xF81F,0xF81F,0xF81F,0xF81F,0xF81F,0xF81F,0xF81F,0xF81F,0xF81F,0xF81F,0xF81F,0xF81F,
    0xF81F,0xF81F,0xF81F,0xF81F,0xF81F,0xF81F,0xF81F,0xF81F,0xF81F,0xF81F,0xF81F,0xF81F,
    0xF81F,0xF81F,0xF81F,0xF81F,0xF81F,0xF81F,0xF81F,0xF81F,0xF81F,0xF81F,0xF81F,0xF81F,
    0xF81F,0xF81F,0xF81F,0xF81F,0xF81F,0xF81F,0xF81F,0xF81F,0xF81F,0xF81F,0xF81F,0xF81F,
    0xF81F,0xF81F,0xF81F,0xF81F,0xF81F,0xF81F,0xF81F,0xF81F,0xF81F,0xF81F,0xF81F,0xF81F,
    0xF81F,0xF81F,0xF81F,0xF81F,0xF81F,0xF81F,0xF81F,0xF81F,0xF81F,0xF81F,0xF81F,0xF81F,
    0xF81F,0xF81F,0xF81F,0xF81F,0xF81F,0xF81F,0xF81F,0xF81F,0xF81F,0xF81F,0xF81F,0xF81F,
    0xF81F,0xF81F,0xF81F,0xF81F,
    0xF81F,0xF81F,0xF81F,0xF81F,0xF81F,0xF81F,0xF81F,0xF81F,0xF81F,0xF81F,0xF81F,0xF81F,
    0xF81F,0xF81F,0xF81F,0xF81F,0xF81F,0xF81F,0xF81F,0xF81F,0xF81F,0xF81F,0xF81F,0xF81F,
    0xF81F,0xF81F,0xF81F,0xF81F,0xF81F,0xF81F,0xF81F,0xF81F,0xF81F,0xF81F,0xF81F,0xF81F,
    0xF81F,0xF81F,0xF81F,0xF81F,0xF81F,0xF81F,0xF81F,0xF81F,0xF81F,0xF81F,0xF81F,0xF81F,
    0xF81F,0xF81F,0xF81F,0xF81F,0xF81F,0xF81F,0xF81F,0xF81F,0xF81F,0xF81F,0xF81F,0xF81F,
    0xF81F,0xF81F,0xF81F,0xF81F,0xF81F,0xF81F,0xF81F,0xF81F,0xF81F,0xF81F,0xF81F,0xF81F,
    0xF81F,0xF81F,0xF81F,0xF81F,0xF81F,0xF81F,0xF81F,0xF81F,0xF81F,0xF81F,0xF81F,0xF81F,
    0xF81F,0xF81F,0xF81F,0xF81F,0xF81F,0xF81F,0xF81F,0xF81F,0xF81F,0xF81F,0xF81F,0xF81F,
    0xF81F,0xF81F,0xF81F,0xF81F,0xF81F,0xF81F,0xF81F,0xF81F,0xF81F,0xF81F,0xF81F,0xF81F,
    0xF81F,0xF81F,0xF81F,0xF81F,
    0xF81F,0xF81F,0xF81F,0xF81F,0xF81F,0xF81F,0xF81F,0xF81F,0xF81F,0xF81F,0xF81F,0xF81F,
    0xF81F,0xF81F,0xF81F,0xF81F,0xF81F,0xF81F,0xF81F,0xF81F,0xF81F,0xF81F,0xF81F,0xF81F,
    0xF81F,0xF81F,0xF81F,0xF81F,0xF81F,0xF81F,0xF81F,0xF81F,0xF81F,0xF81F,0xF81F,0xF81F,
    0xF81F,0xF81F,0xF81F,0xF81F,0xF81F,0xF81F,0xF81F,0xF81F,0xF81F,0xF81F,0xF81F,0xF81F,
    0xF81F,0xF81F,0xF81F,0xF81F,0xF81F,0xF81F,0xF81F,0xF81F,0xF81F,0xF81F,0xF81F,0xF81F,
    0xF81F,0xF81F,0xF81F,0xF81F,0xF81F,0xF81F,0xF81F,0xF81F,0xF81F,0xF81F,0xF81F,0xF81F,
    0xF81F,0xF81F,0xF81F,0xF81F,0xF81F,0xF81F,0xF81F,0xF81F,0xF81F,0xF81F,0xF81F,0xF81F,
    0xF81F,0xF81F,0xF81F,0xF81F,0xF81F,0xF81F,0xF81F,0xF81F,0xF81F,0xF81F,0xF81F,0xF81F,
    0xF81F,0xF81F,0xF81F,0xF81F,0xF81F,0xF81F,0xF81F,0xF81F,0xF81F,0xF81F,0xF81F,0xF81F,
    0xF81F,0xF81F,0xF81F,0xF81F,
    0xF81F,0xF81F,0xF81F,0xF81F,0xF81F,0xF81F,0xF81F,0xF81F,0xF81F,0xF81F,0xF81F,0xF81F,
    0xF81F,0xF81F,0xF81F,0xF81F,0xF81F,0xF81F,0xF81F,0xF81F,0xF81F,0xF81F,0xF81F,0xF81F,
    0xF81F,0xF81F,0xF81F,0xF81F,0xF81F,0xF81F,0xF81F,0xF81F,0xF81F,0xF81F,0xF81F,0xF81F,
    0xF81F,0xF81F,0xF81F,0xF81F,0xF81F,0xF81F,0xF81F,0xF81F,0xF81F,0xF81F,0xF81F,0xF81F,
    0xF81F,0xF81F,0xF81F,0xF81F,0xF81F,0xF81F,0xF81F,0xF81F,0xF81F,0xF81F,0xF81F,0xF81F,
    0xF81F,0xF81F,0xF81F,0xF81F,0xF81F,0xF81F,0xF81F,0xF81F,0xF81F,0xF81F,0xF81F,0xF81F,
    0xF81F,0xF81F,0xF81F,0xF81F,0xF81F,0xF81F,0xF81F,0xF81F,0xF81F,0xF81F,0xF81F,0xF81F,
    0xF81F,0xF81F,0xF81F,0xF81F,0xF81F,0xF81F,0xF81F,0xF81F,0xF81F,0xF81F,0xF81F,0xF81F,
    0xF81F,0xF81F,0xF81F,0xF81F,0xF81F,0xF81F,0xF81F,0xF81F,0xF81F,0xF81F,0xF81F,0xF81F,
    0xF81F,0xF81F,0xF81F,0xF81F,
    0xF81F,0xF81F,0xF81F,0xF81F,0xF81F,0xF81F,0xF81F,0xF81F,0xF81F,0xF81F,0xF81F,0xF81F,
    0xF81F,0xF81F,0xF81F,0xF81F,0xF81F,0xF81F,0xF81F,0xF81F,0xF81F,0xF81F,0xF81F,0xF81F,
    0xF81F,0xF81F,0xF81F,0xF81F,0xF81F,0xF81F,0xF81F,0xF81F,0xF81F,0xF81F,0xF81F,0xF81F,
    0xF81F,0xF81F,0xF81F,0xF81F,0xF81F,0xF81F,0xF81F,0xF81F,0xF81F,0xF81F,0xF81F,0xF81F,
    0xF81F,0xF81F,0xF81F,0xF81F,0xF81F,0xF81F,0xF81F,0xF81F,0xF81F,0xF81F,0xF81F,0xF81F,
    0xF81F,0xF81F,0xF81F,0xF81F,0xF81F,0xF81F,0xF81F,0xF81F,0xF81F,0xF81F,0xF81F,0xF81F,
    0xF81F,0xF81F,0xF81F,0xF81F,0xF81F,0xF81F,0xF81F,0xF81F,0xF81F,0xF81F,0xF81F,0xF81F,
    0xF81F,0xF81F,0xF81F,0xF81F,0xF81F,0xF81F,0xF81F,0xF81F,0xF81F,0xF81F,0xF81F,0xF81F,
    0xF81F,0xF81F,0xF81F,0xF81F,0xF81F,0xF81F,0xF81F,0xF81F,0xF81F,0xF81F,0xF81F,0xF81F,
    0xF81F,0xF81F,0xF81F,0xF81F,
    0xF81F,0xF81F,0xF81F,0xF81F,0xF81F,0xF81F,0xF81F,0xF81F,0xF81F,0xF81F,0xF81F,0xF81F,
    0xF81F,0xF81F,0xF81F,0xF81F,0xF81F,0xF81F,0xF81F,0xF81F,0xF81F,0xF81F,0xF81F,0xF81F,
    0xF81F,0xF81F,0xF81F,0xF81F,0xF81F,0xF81F,0xF81F,0xF81F,0xF81F,0xF81F,0xF81F,0xF81F,
    0xF81F,0xF81F,0xF81F,0xF81F,0xF81F,0xF81F,0xF81F,0xF81F,0xF81F,0xF81F,0xF81F,0xF81F,
    0xF81F,0xF81F,0xF81F,0xF81F,0xF81F,0xF81F,0xF81F,0xF81F,0xF81F,0xF81F,0xF81F,0xF81F,
    0xF81F,0xF81F,0xF81F,0xF81F,0xF81F,0xF81F,0xF81F,0xF81F,0xF81F,0xF81F,0xF81F,0xF81F,
    0xF81F,0xF81F,0xF81F,0xF81F,0xF81F,0xF81F,0xF81F,0xF81F,0xF81F,0xF81F,0xF81F,0xF81F,
    0xF81F,0xF81F,0xF81F,0xF81F,0xF81F,0xF81F,0xF81F,0xF81F,0xF81F,0xF81F,0xF81F,0xF81F,
    0xF81F,0xF81F,0xF81F,0xF81F,0xF81F,0xF81F,0xF81F,0xF81F,0xF81F,0xF81F,0xF81F,0xF81F,
    0xF81F,0xF81F,0xF81F,0xF81F,
    0xF81F,0xF81F,0xF81F,0xF81F,0xF81F,0xF81F,0xF81F,0xF81F,0xF81F,0xF81F,0xF81F,0xF81F,
    0xF81F,0xF81F,0xF81F,0xF81F,0xF81F,0xF81F,0xF81F,0xF81F,0xF81F,0xF81F,0xF81F,0xF81F,
    0xF81F,0xF81F,0xF81F,0xF81F,0xF81F,0xF81F,0xF81F,0xF81F,0xF81F,0xF81F,0xF81F,0xF81F,
    0xF81F,0xF81F,0xF81F,0xF81F,0xF81F,0xF81F,0xF81F,0xF81F,0xF81F,0xF81F,0xF81F,0xF81F,
    0xF81F,0xF81F,0xF81F,0xF81F,0xF81F,0xF81F,0xF81F,0xF81F,0xF81F,0xF81F,0xF81F,0xF81F,
    0xF81F,0xF81F,0xF81F,0xF81F,0xF81F,0xF81F,0xF81F,0xF81F,0xF81F,0xF81F,0xF81F,0xF81F,
    0xF81F,0xF81F,0xF81F,0xF81F,0xF81F,0xF81F,0xF81F,0xF81F,0xF81F,0xF81F,0xF81F,0xF81F,
    0xF81F,0xF81F,0xF81F,0xF81F,0xF81F,0xF81F,0xF81F,0xF81F,0xF81F,0xF81F,0xF81F,0xF81F,
    0xF81F,0xF81F,0xF81F,0xF81F,0xF81F,0xF81F,0xF81F,0xF81F,0xF81F,0xF81F,0xF81F,0xF81F,
    0xF81F,0xF81F,0xF81F,0xF81F,
    0xF81F,0xF81F,0xF81F,0xF81F,0xF81F,0xF81F,0xF81F,0xF81F,0xF81F,0xF81F,0xF81F,0xF81F,
    0xF81F,0xF81F,0xF81F,0xF81F,0xF81F,0xF81F,0xF81F,0xF81F,0xF81F,0xF81F,0xF81F,0xF81F,
    0xF81F,0xF81F,0xF81F,0xF81F,0xF81F,0xF81F,0xF81F,0xF81F,0xF81F,0xF81F,0xF81F,0xF81F,
    0xF81F,0xF81F,0xF81F,0xF81F,0xF81F,0xF81F,0xF81F,0xF81F,0xF81F,0xF81F,0xF81F,0xF81F,
    0xF81F,0xF81F,0xF81F,0xF81F,0xF81F,0xF81F,0xF81F,0xF81F,0xF81F,0xF81F,0xF81F,0xF81F,
    0xF81F,0xF81F,0xF81F,0xF81F,0xF81F,0xF81F,0xF81F,0xF81F,0xF81F,0xF81F,0xF81F,0xF81F,
    0xF81F,0xF81F,0xF81F,0xF81F,0xF81F,0xF81F,0xF81F,0xF81F,0xF81F,0xF81F,0xF81F,0xF81F,
    0xF81F,0xF81F,0xF81F,0xF81F,0xF81F,0xF81F,0xF81F,0xF81F,0xF81F,0xF81F,0xF81F,0xF81F,
    0xF81F,0xF81F,0xF81F,0xF81F,0xF81F,0xF81F,0xF81F,0xF81F,0xF81F,0xF81F,0xF81F,0xF81F,
    0xF81F,0xF81F,0xF81F,0xF81F,
    0xF81F,0xF81F,0xF81F,0xF81F,0xF81F,0xF81F,0xF81F,0xF81F,0xF81F,0xF81F,0xF81F,0xF81F,
    0xF81F,0xF81F,0xF81F,0xF81F,0xF81F,0xF81F,0xF81F,0xF81F,0xF81F,0xF81F,0xF81F,0xF81F,
    0xF81F,0xF81F,0xF81F,0xF81F,0xF81F,0xF81F,0xF81F,0xF81F,0xF81F,0xF81F,0xF81F,0xF81F,
    0xF81F,0xF81F,0xF81F,0xF81F,0xF81F,0xF81F,0xF81F,0xF81F,0xF81F,0xF81F,0xF81F,0xF81F,
    0xF81F,0xF81F,0xF81F,0xF81F,0xF81F,0xF81F,0xF81F,0xF81F,0xF81F,0xF81F,0xF81F,0xF81F,
    0xF81F,0xF81F,0xF81F,0xF81F,0xF81F,0xF81F,0xF81F,0xF81F,0xF81F,0xF81F,0xF81F,0xF81F,
    0xF81F,0xF81F,0xF81F,0xF81F,0xF81F,0xF81F,0xF81F,0xF81F,0xF81F,0xF81F,0xF81F,0xF81F,
    0xF81F,0xF81F,0xF81F,0xF81F,0xF81F,0xF81F,0xF81F,0xF81F,0xF81F,0xF81F,0xF81F,0xF81F,
    0xF81F,0xF81F,0xF81F,0xF81F,0xF81F,0xF81F,0xF81F,0xF81F,0xF81F,0xF81F,0xF81F,0xF81F,
    0xF81F,0xF81F,0xF81F,0xF81F,
    0xF81F,0xF81F,0xF81F,0xF81F,0xF81F,0xF81F,0xF81F,0xF81F,0xF81F,0xF81F,0xF81F,0xF81F,
    0xF81F,0xF81F,0xF81F,0xF81F,0xF81F,0xF81F,0xF81F,0xF81F,0xF81F,0xF81F,0xF81F,0xF81F,
    0xF81F,0xF81F,0xF81F,0xF81F,0xF81F,0xF81F,0xF81F,0xF81F,0xF81F,0xF81F,0xF81F,0xF81F,
    0xF81F,0xF81F,0xF81F,0xF81F,0xF81F,0xF81F,0xF81F,0xF81F,0xF81F,0xF81F,0xF81F,0xF81F,
    0xF81F,0xF81F,0xF81F,0xF81F,0xF81F,0xF81F,0xF81F,0xF81F,0xF81F,0xF81F,0xF81F,0xF81F,
    0xF81F,0xF81F,0xF81F,0xF81F,0xF81F,0xF81F,0xF81F,0xF81F,0xF81F,0xF81F,0xF81F,0xF81F,
    0xF81F,0xF81F,0xF81F,0xF81F,0xF81F,0xF81F,0xF81F,0xF81F,0xF81F,0xF81F,0xF81F,0xF81F,
    0xF81F,0xF81F,0xF81F,0xF81F,0xF81F,0xF81F,0xF81F,0xF81F,0xF81F,0xF81F,0xF81F,0xF81F,
    0xF81F,0xF81F,0xF81F,0xF81F,0xF81F,0xF81F,0xF81F,0xF81F,0xF81F,0xF81F,0xF81F,0xF81F,
    0xF81F,0xF81F,0xF81F,0xF81F,
    0xF81F,0xF81F,0xF81F,0xF81F,0xF81F,0xF81F,0xF81F,0xF81F,0xF81F,0xF81F,0xF81F,0xF81F,
    0xF81F,0xF81F,0xF81F,0xF81F,0xF81F,0xF81F,0xF81F,0xF81F,0xF81F,0xF81F,0xF81F,0xF81F,
    0xF81F,0xF81F,0xF81F,0xF81F,0xF81F,0xF81F,0xF81F,0xF81F,0xF81F,0xF81F,0xF81F,0xF81F,
    0xF81F,0xF81F,0xF81F,0xF81F,0xF81F,0xF81F,0xF81F,0xF81F,0xF81F,0xF81F,0xF81F,0xF81F,
    0xF81F,0xF81F,0xF81F,0xF81F,0xF81F,0xF81F,0xF81F,0xF81F,0xF81F,0xF81F,0xF81F,0xF81F,
    0xF81F,0xF81F,0xF81F,0xF81F,0xF81F,0xF81F,0xF81F,0xF81F,0xF81F,0xF81F,0xF81F,0xF81F,
    0xF81F,0xF81F,0xF81F,0xF81F,0xF81F,0xF81F,0xF81F,0xF81F,0xF81F,0xF81F,0xF81F,0xF81F,
    0xF81F,0xF81F,0xF81F,0xF81F,0xF81F,0xF81F,0xF81F,0xF81F,0xF81F,0xF81F,0xF81F,0xF81F,
    0xF81F,0xF81F,0xF81F,0xF81F,0xF81F,0xF81F,0xF81F,0xF81F,0xF81F,0xF81F,0xF81F,0xF81F,
    0xF81F,0xF81F,0xF81F,0xF81F,
    0xF81F,0xF81F,0xF81F,0xF81F,0xF81F,0xF81F,0xF81F,0xF81F,0xF81F,0xF81F,0xF81F,0xF81F,
    0xF81F,0xF81F,0xF81F,0xF81F,0xF81F,0xF81F,0xF81F,0xF81F,0xF81F,0xF81F,0xF81F,0xF81F,
    0xF81F,0xF81F,0xF81F,0xF81F,0xF81F,0xF81F,0xF81F,0xF81F,0xF81F,0xF81F,0xF81F,0xF81F,
    0xF81F,0xF81F,0xF81F,0xF81F,0xF81F,0xF81F,0xF81F,0xF81F,0xF81F,0xF81F,0xF81F,0xF81F,
    0xF81F,0xF81F,0xF81F,0xF81F,0xF81F,0xF81F,0xF81F,0xF81F,0xF81F,0xF81F,0xF81F,0xF81F,
    0xF81F,0xF81F,0xF81F,0xF81F,0xF81F,0xF81F,0xF81F,0xF81F,0xF81F,0xF81F,0xF81F,0xF81F,
    0xF81F,0xF81F,0xF81F,0xF81F,0xF81F,0xF81F,0xF81F,0xF81F,0xF81F,0xF81F,0xF81F,0xF81F,
    0xF81F,0xF81F,0xF81F,0xF81F,0xF81F,0xF81F,0xF81F,0xF81F,0xF81F,0xF81F,0xF81F,0xF81F,
    0xF81F,0xF81F,0xF81F,0xF81F,0xF81F,0xF81F,0xF81F,0xF81F,0xF81F,0xF81F,0xF81F,0xF81F,
    0xF81F,0xF81F,0xF81F,0xF81F,
    0xF81F,0xF81F,0xF81F,0xF81F,0xF81F,0xF81F,0xF81F,0xF81F,0xF81F,0xF81F,0xF81F,0xF81F,
    0xF81F,0xF81F,0xF81F,0xF81F,0xF81F,0xF81F,0xF81F,0xF81F,0xF81F,0xF81F,0xF81F,0xF81F,
    0xF81F,0xF81F,0xF81F,0xF81F,0xF81F,0xF81F,0xF81F,0xF81F,0xF81F,0xF81F,0xF81F,0xF81F,
    0xF81F,0xF81F,0xF81F,0xF81F,0xF81F,0xF81F,0xF81F,0xF81F,0xF81F,0xF81F,0xF81F,0xF81F,
    0xF81F,0xF81F,0xF81F,0xF81F,0xF81F,0xF81F,0xF81F,0xF81F,0xF81F,0xF81F,0xF81F,0xF81F,
    0xF81F,0xF81F,0xF81F,0xF81F,0xF81F,0xF81F,0xF81F,0xF81F,0xF81F,0xF81F,0xF81F,0xF81F,
    0xF81F,0xF81F,0xF81F,0xF81F,0xF81F,0xF81F,0xF81F,0xF81F,0xF81F,0xF81F,0xF81F,0xF81F,
    0xF81F,0xF81F,0xF81F,0xF81F,0xF81F,0xF81F,0xF81F,0xF81F,0xF81F,0xF81F,0xF81F,0xF81F,
    0xF81F,0xF81F,0xF81F,0xF81F,0xF81F,0xF81F,0xF81F,0xF81F,0xF81F,0xF81F,0xF81F,0xF81F,
    0xF81F,0xF81F,0xF81F,0xF81F,
    0xF81F,0xF81F,0xF81F,0xF81F,0xF81F,0xF81F,0xF81F,0xF81F,0xF81F,0xF81F,0xF81F,0xF81F,
    0xF81F,0xF81F,0xF81F,0xF81F,0xF81F,0xF81F,0xF81F,0xF81F,0xF81F,0xF81F,0xF81F,0xF81F,
    0xF81F,0xF81F,0xF81F,0xF81F,0xF81F,0xF81F,0xF81F,0xF81F,0xF81F,0xF81F,0xF81F,0xF81F,
    0xF81F,0xF81F,0xF81F,0xF81F,0xF81F,0xF81F,0xF81F,0xF81F,0xF81F,0xF81F,0xF81F,0xF81F,
    0xF81F,0xF81F,0xF81F,0xF81F,0xF81F,0xF81F,0xF81F,0xF81F,0xF81F,0xF81F,0xF81F,0xF81F,
    0xF81F,0xF81F,0xF81F,0xF81F,0xF81F,0xF81F,0xF81F,0xF81F,0xF81F,0xF81F,0xF81F,0xF81F,
    0xF81F,0xF81F,0xF81F,0xF81F,0xF81F,0xF81F,0xF81F,0xF81F,0xF81F,0xF81F,0xF81F,0xF81F,
    0xF81F,0xF81F,0xF81F,0xF81F,0xF81F,0xF81F,0xF81F,0xF81F,0xF81F,0xF81F,0xF81F,0xF81F,
    0xF81F,0xF81F,0xF81F,0xF81F,0xF81F,0xF81F,0xF81F,0xF81F,0xF81F,0xF81F,0xF81F,0xF81F,
    0xF81F,0xF81F,0xF81F,0xF81F,
    0xF81F,0xF81F,0xF81F,0xF81F,0xF81F,0xF81F,0xF81F,0xF81F,0xF81F,0xF81F,0xF81F,0xF81F,
    0xF81F,0xF81F,0xF81F,0xF81F,0xF81F,0xF81F,0xF81F,0xF81F,0xF81F,0xF81F,0xF81F,0xF81F,
    0xF81F,0xF81F,0xF81F,0xF81F,0xF81F,0xF81F,0xF81F,0xF81F,0xF81F,0xF81F,0xF81F,0xF81F,
    0xF81F,0xF81F,0xF81F,0xF81F,0xF81F,0xF81F,0xF81F,0xF81F,0xF81F,0xF81F,0xF81F,0xF81F,
    0xF81F,0xF81F,0xF81F,0xF81F,0xF81F,0xF81F,0xF81F,0xF81F,0xF81F,0xF81F,0xF81F,0xF81F,
    0xF81F,0xF81F,0xF81F,0xF81F,0xF81F,0xF81F,0xF81F,0xF81F,0xF81F,0xF81F,0xF81F,0xF81F,
    0xF81F,0xF81F,0xF81F,0xF81F,0xF81F,0xF81F,0xF81F,0xF81F,0xF81F,0xF81F,0xF81F,0xF81F,
    0xF81F,0xF81F,0xF81F,0xF81F,0xF81F,0xF81F,0xF81F,0xF81F,0xF81F,0xF81F,0xF81F,0xF81F,
    0xF81F,0xF81F,0xF81F,0xF81F,0xF81F,0xF81F,0xF81F,0xF81F,0xF81F,0xF81F,0xF81F,0xF81F,
    0xF81F,0xF81F,0xF81F,0xF81F,
    0xF81F,0xF81F,0xF81F,0xF81F,0xF81F,0xF81F,0xF81F,0xF81F,0xF81F,0xF81F,0xF81F,0xF81F,
    0xF81F,0xF81F,0xF81F,0xF81F,0xF81F,0xF81F,0xF81F,0xF81F,0xF81F,0xF81F,0xF81F,0xF81F,
    0xF81F,0xF81F,0xF81F,0xF81F,0xF81F,0xF81F,0xF81F,0xF81F,0xF81F,0xF81F,0xF81F,0xF81F,
    0xF81F,0xF81F,0xF81F,0xF81F,0xF81F,0xF81F,0xF81F,0xF81F,0xF81F,0xF81F,0xF81F,0xF81F,
    0xF81F,0xF81F,0xF81F,0xF81F,0xF81F,0xF81F,0xF81F,0xF81F,0xF81F,0xF81F,0xF81F,0xF81F,
    0xF81F,0xF81F,0xF81F,0xF81F,0xF81F,0xF81F,0xF81F,0xF81F,0xF81F,0xF81F,0xF81F,0xF81F,
    0xF81F,0xF81F,0xF81F,0xF81F,0xF81F,0xF81F,0xF81F,0xF81F,0xF81F,0xF81F,0xF81F,0xF81F,
    0xF81F,0xF81F,0xF81F,0xF81F,0xF81F,0xF81F,0xF81F,0xF81F,0xF81F,0xF81F,0xF81F,0xF81F,
    0xF81F,0xF81F,0xF81F,0xF81F,0xF81F,0xF81F,0xF81F,0xF81F,0xF81F,0xF81F,0xF81F,0xF81F,
    0xF81F,0xF81F,0xF81F,0xF81F,
    0xF81F,0xF81F,0xF81F,0xF81F,0xF81F,0xF81F,0xF81F,0xF81F,0xF81F,0xF81F,0xF81F,0xF81F,
    0xF81F,0xF81F,0xF81F,0xF81F,0xF81F,0xF81F,0xF81F,0xF81F,0xF81F,0xF81F,0xF81F,0xF81F,
    0xF81F,0xF81F,0xF81F,0xF81F,0xF81F,0xF81F,0xF81F,0xF81F,0xF81F,0xF81F,0xF81F,0xF81F,
    0xF81F,0xF81F,0xF81F,0xF81F,0xF81F,0xF81F,0xF81F,0xF81F,0xF81F,0xF81F,0xF81F,0xF81F,
    0xF81F,0xF81F,0xF81F,0xF81F,0xF81F,0xF81F,0xF81F,0xF81F,0xF81F,0xF81F,0xF81F,0xF81F,
    0xF81F,0xF81F,0xF81F,0xF81F,0xF81F,0xF81F,0xF81F,0xF81F,0xF81F,0xF81F,0xF81F,0xF81F,
    0xF81F,0xF81F,0xF81F,0xF81F,0xF81F,0xF81F,0xF81F,0xF81F,0xF81F,0xF81F,0xF81F,0xF81F,
    0xF81F,0xF81F,0xF81F,0xF81F,0xF81F,0xF81F,0xF81F,0xF81F,0xF81F,0xF81F,0xF81F,0xF81F,
    0xF81F,0xF81F,0xF81F,0xF81F,0xF81F,0xF81F,0xF81F,0xF81F,0xF81F,0xF81F,0xF81F,0xF81F,
    0xF81F,0xF81F,0xF81F,0xF81F,
    0xF81F,0xF81F,0xF81F,0xF81F,0xF81F,0xF81F,0xF81F,0xF81F,0xF81F,0xF81F,0xF81F,0xF81F,
    0xF81F,0xF81F,0xF81F,0xF81F,0xF81F,0xF81F,0xF81F,0xF81F,0xF81F,0xF81F,0xF81F,0xF81F,
    0xF81F,0xF81F,0xF81F,0xF81F,0xF81F,0xF81F,0xF81F,0xF81F,0xF81F,0xF81F,0xF81F,0xF81F,
    0xF81F,0xF81F,0xF81F,0xF81F,0xF81F,0xF81F,0xF81F,0xF81F,0xF81F,0xF81F,0xF81F,0xF81F,
    0xF81F,0xF81F,0xF81F,0xF81F,0xF81F,0xF81F,0xF81F,0xF81F,0xF81F,0xF81F,0xF81F,0xF81F,
    0xF81F,0xF81F,0xF81F,0xF81F,0xF81F,0xF81F,0xF81F,0xF81F,0xF81F,0xF81F,0xF81F,0xF81F,
    0xF81F,0xF81F,0xF81F,0xF81F,0xF81F,0xF81F,0xF81F,0xF81F,0xF81F,0xF81F,0xF81F,0xF81F,
    0xF81F,0xF81F,0xF81F,0xF81F,0xF81F,0xF81F,0xF81F,0xF81F,0xF81F,0xF81F,0xF81F,0xF81F,
    0xF81F,0xF81F,0xF81F,0xF81F,0xF81F,0xF81F,0xF81F,0xF81F,0xF81F,0xF81F,0xF81F,0xF81F,
    0xF81F,0xF81F,0xF81F,0xF81F,
    0xF81F,0xF81F,0xF81F,0xF81F,0xF81F,0xF81F,0xF81F,0xF81F,0xF81F,0xF81F,0xF81F,0xF81F,
    0xF81F,0xF81F,0xF81F,0xF81F,0xF81F,0xF81F,0xF81F,0xF81F,0xF81F,0xF81F,0xF81F,0xF81F,
    0xF81F,0xF81F,0xF81F,0xF81F,0xF81F,0xF81F,0xF81F,0xF81F,0xF81F,0xF81F,0xF81F,0xF81F,
    0xF81F,0xF81F,0xF81F,0xF81F,0xF81F,0xF81F,0xF81F,0xF81F,0xF81F,0xF81F,0xF81F,0xF81F,
    0xF81F,0xF81F,0xF81F,0xF81F,0xF81F,0xF81F,0xF81F,0xF81F,0xF81F,0xF81F,0xF81F,0xF81F,
    0xF81F,0xF81F,0xF81F,0xF81F,0xF81F,0xF81F,0xF81F,0xF81F,0xF81F,0xF81F,0xF81F,0xF81F,
    0xF81F,0xF81F,0xF81F,0xF81F,0xF81F,0xF81F,0xF81F,0xF81F,0xF81F,0xF81F,0xF81F,0xF81F,
    0xF81F,0xF81F,0xF81F,0xF81F,0xF81F,0xF81F,0xF81F,0xF81F,0xF81F,0xF81F,0xF81F,0xF81F,
    0xF81F,0xF81F,0xF81F,0xF81F,0xF81F,0xF81F,0xF81F,0xF81F,0xF81F,0xF81F,0xF81F,0xF81F,
    0xF81F,0xF81F,0xF81F,0xF81F,
    0xF81F,0xF81F,0xF81F,0xF81F,0xF81F,0xF81F,0xF81F,0xF81F,0xF81F,0xF81F,0xF81F,0xF81F,
    0xF81F,0xF81F,0xF81F,0xF81F,0xF81F,0xF81F,0xF81F,0xF81F,0xF81F,0xF81F,0xF81F,0xF81F,
    0xF81F,0xF81F,0xF81F,0xF81F,0xF81F,0xF81F,0xF81F,0xF81F,0xF81F,0xF81F,0xF81F,0xF81F,
    0xF81F,0xF81F,0xF81F,0xF81F,0xF81F,0xF81F,0xF81F,0xF81F,0xF81F,0xF81F,0xF81F,0xF81F,
    0xF81F,0xF81F,0xF81F,0xF81F,0xF81F,0xF81F,0xF81F,0xF81F,0xF81F,0xF81F,0xF81F,0xF81F,
    0xF81F,0xF81F,0xF81F,0xF81F,0xF81F,0xF81F,0xF81F,0xF81F,0xF81F,0xF81F,0xF81F,0xF81F,
    0xF81F,0xF81F,0xF81F,0xF81F,0xF81F,0xF81F,0xF81F,0xF81F,0xF81F,0xF81F,0xF81F,0xF81F,
    0xF81F,0xF81F,0xF81F,0xF81F,0xF81F,0xF81F,0xF81F,0xF81F,0xF81F,0xF81F,0xF81F,0xF81F,
    0xF81F,0xF81F,0xF81F,0xF81F,0xF81F,0xF81F,0xF81F,0xF81F,0xF81F,0xF81F,0xF81F,0xF81F,
    0xF81F,0xF81F,0xF81F,0xF81F,
    0xF81F,0xF81F,0xF81F,0xF81F,0xF81F,0xF81F,0xF81F,0xF81F,0xF81F,0xF81F,0xF81F,0xF81F,
    0xF81F,0xF81F,0xF81F,0xF81F,0xF81F,0xF81F,0xF81F,0xF81F,0xF81F,0xF81F,0xF81F,0xF81F,
    0xF81F,0xF81F,0xF81F,0xF81F,0xF81F,0xF81F,0xF81F,0xF81F,0xF81F,0xF81F,0xF81F,0xF81F,
    0xF81F,0xF81F,0xF81F,0xF81F,0xF81F,0xF81F,0xF81F,0xF81F,0xF81F,0xF81F,0xF81F,0xF81F,
    0xF81F,0xF81F,0xF81F,0xF81F,0xF81F,0xF81F,0xF81F,0xF81F,0xF81F,0xF81F,0xF81F,0xF81F,
    0xF81F,0xF81F,0xF81F,0xF81F,0xF81F,0xF81F,0xF81F,0xF81F,0xF81F,0xF81F,0xF81F,0xF81F,
    0xF81F,0xF81F,0xF81F,0xF81F,0xF81F,0xF81F,0xF81F,0xF81F,0xF81F,0xF81F,0xF81F,0xF81F,
    0xF81F,0xF81F,0xF81F,0xF81F,0xF81F,0xF81F,0xF81F,0xF81F,0xF81F,0xF81F,0xF81F,0xF81F,
    0xF81F,0xF81F,0xF81F,0xF81F,0xF81F,0xF81F,0xF81F,0xF81F,0xF81F,0xF81F,0xF81F,0xF81F,
    0xF81F,0xF81F,0xF81F,0xF81F,
    0xF81F,0xF81F,0xF81F,0xF81F,0xF81F,0xF81F,0xF81F,0xF81F,0xF81F,0xF81F,0xF81F,0xF81F,
    0xF81F,0xF81F,0xF81F,0xF81F,0xF81F,0xF81F,0xF81F,0xF81F,0xF81F,0xF81F,0x2104,0xF81F,
    0xF81F,0xF81F,0xF81F,0xF81F,0xF81F,0xF81F,0xF81F,0xF81F,0xF81F,0xF81F,0xF81F,0xF81F,
    0xF81F,0xF81F,0xF81F,0xF81F,0xF81F,0xF81F,0xF81F,0xF81F,0xF81F,0xF81F,0xF81F,0xF81F,
    0xF81F,0xF81F,0xF81F,0xF81F,0xF81F,0xF81F,0xF81F,0xF81F,0xF81F,0xF81F,0xF81F,0xF81F,
    0xF81F,0xF81F,0xF81F,0xF81F,0xF81F,0xF81F,0xF81F,0xF81F,0xF81F,0xF81F,0xF81F,0xF81F,
    0xF81F,0xF81F,0xF81F,0xF81F,0xF81F,0xF81F,0xF81F,0xF81F,0xF81F,0xF81F,0xF81F,0xF81F,
    0xF81F,0xF81F,0xF81F,0xF81F,0xF81F,0xF81F,0xF81F,0xF81F,0xF81F,0xF81F,0xF81F,0xF81F,
    0xF81F,0xF81F,0xF81F,0xF81F,0xF81F,0xF81F,0xF81F,0xF81F,0xF81F,0xF81F,0xF81F,0xF81F,
    0xF81F,0xF81F,0xF81F,0xF81F,
    0xF81F,0xF81F,0xF81F,0xF81F,0xF81F,0xF81F,0xF81F,0xF81F,0xF81F,0xF81F,0xF81F,0xF81F,
    0xF81F,0xF81F,0xF81F,0xF81F,0xF81F,0xF81F,0xF81F,0xF81F,0xF81F,0xF81F,0x2105,0x7C32,
    0x18E4,0xF81F,0xF81F,0xF81F,0xF81F,0xF81F,0xF81F,0xF81F,0xF81F,0xF81F,0xF81F,0xF81F,
    0xF81F,0xF81F,0xF81F,0xF81F,0xF81F,0xF81F,0xF81F,0xF81F,0xF81F,0xF81F,0xF81F,0xF81F,
    0xF81F,0xF81F,0xF81F,0xF81F,0xF81F,0xF81F,0xF81F,0xF81F,0xF81F,0xF81F,0xF81F,0xF81F,
    0xF81F,0xF81F,0xF81F,0xF81F,0xF81F,0xF81F,0xF81F,0xF81F,0xF81F,0xF81F,0xF81F,0xF81F,
    0xF81F,0xF81F,0xF81F,0xF81F,0xF81F,0xF81F,0xF81F,0xF81F,0xF81F,0xF81F,0xF81F,0xF81F,
    0xF81F,0xF81F,0xF81F,0xF81F,0xF81F,0xF81F,0xF81F,0xF81F,0xF81F,0xF81F,0xF81F,0xF81F,
    0xF81F,0xF81F,0xF81F,0xF81F,0xF81F,0xF81F,0xF81F,0xF81F,0xF81F,0xF81F,0xF81F,0xF81F,
    0xF81F,0xF81F,0xF81F,0xF81F,
    0xF81F,0xF81F,0xF81F,0xF81F,0xF81F,0xF81F,0xF81F,0xF81F,0xF81F,0xF81F,0xF81F,0xF81F,
    0xF81F,0xF81F,0xF81F,0xF81F,0xF81F,0xF81F,0xF81F,0xF81F,0xF81F,0xF81F,0xF81F,0x5B2E,
    0x9D57,0x4229,0xF81F,0xF81F,0xF81F,0xF81F,0xF81F,0xF81F,0xF81F,0xF81F,0xF81F,0xF81F,
    0xF81F,0xF81F,0xF81F,0xF81F,0xF81F,0xF81F,0xF81F,0xF81F,0xF81F,0xF81F,0xF81F,0xF81F,
    0xF81F,0xF81F,0xF81F,0xF81F,0xF81F,0xF81F,0xF81F,0xF81F,0xF81F,0xF81F,0xF81F,0xF81F,
    0xF81F,0xF81F,0xF81F,0xF81F,0xF81F,0xF81F,0xF81F,0xF81F,0xF81F,0xF81F,0xF81F,0xF81F,
    0xF81F,0xF81F,0xF81F,0xF81F,0xF81F,0xF81F,0xF81F,0xF81F,0xF81F,0xF81F,0xF81F,0xF81F,
    0xF81F,0xF81F,0xF81F,0xF81F,0xF81F,0xF81F,0xF81F,0xF81F,0xF81F,0xF81F,0xF81F,0xF81F,
    0xF81F,0xF81F,0xF81F,0xF81F,0xF81F,0xF81F,0xF81F,0xF81F,0xF81F,0xF81F,0xF81F,0xF81F,
    0xF81F,0xF81F,0xF81F,0xF81F,
    0xF81F,0xF81F,0xF81F,0xF81F,0xF81F,0xF81F,0xF81F,0xF81F,0xF81F,0xF81F,0xF81F,0xF81F,
    0xF81F,0xF81F,0xF81F,0xF81F,0xF81F,0xF81F,0xF81F,0xF81F,0xF81F,0xF81F,0xF81F,0x0841,
    0x6B90,0x9D57,0x6B90,0xF81F,0xF81F,0xF81F,0xF81F,0xF81F,0xF81F,0xF81F,0xF81F,0xF81F,
    0xF81F,0xF81F,0xF81F,0xF81F,0xF81F,0xF81F,0xF81F,0xF81F,0xF81F,0xF81F,0xF81F,0xF81F,
    0xF81F,0xF81F,0x0862,0x2946,0x4A6B,0x632E,0x6BB0,0x73F1,0x73F1,0x6BD0,0x634E,0x4A8B,
    0x2986,0x1082,0xF81F,0xF81F,0xF81F,0xF81F,0xF81F,0xF81F,0xF81F,0xF81F,0xF81F,0xF81F,
    0xF81F,0xF81F,0xF81F,0xF81F,0xF81F,0xF81F,0xF81F,0xF81F,0xF81F,0xF81F,0xF81F,0xF81F,
    0xF81F,0xF81F,0xF81F,0xF81F,0xF81F,0xF81F,0xF81F,0xF81F,0xF81F,0xF81F,0xF81F,0xF81F,
    0xF81F,0xF81F,0xF81F,0xF81F,0xF81F,0xF81F,0xF81F,0xF81F,0xF81F,0xF81F,0xF81F,0xF81F,
    0xF81F,0xF81F,0xF81F,0xF81F,
    0xF81F,0xF81F,0xF81F,0xF81F,0xF81F,0xF81F,0xF81F,0xF81F,0xF81F,0xF81F,0xF81F,0xF81F,
    0xF81F,0xF81F,0xF81F,0xF81F,0xF81F,0xF81F,0xF81F,0xF81F,0xF81F,0xF81F,0xF81F,0xF81F,
    0x31C8,0x5B0E,0x8CB5,0x8CD5,0x2966,0xF81F,0xF81F,0xF81F,0xF81F,0xF81F,0xF81F,0xF81F,
    0xF81F,0xF81F,0xF81F,0xF81F,0xF81F,0xF81F,0xF81F,0xF81F,0xF81F,0xF81F,0xF81F,0xF81F,
    0x2986,0x636F,0x8CD5,0xA578,0xA598,0xA578,0x9D58,0x9D37,0x9D37,0x9D57,0xA578,0xA598,
    0xA578,0x94D5,0x6B90,0x31C7,0xF81F,0xF81F,0xF81F,0xF81F,0xF81F,0xF81F,0xF81F,0xF81F,
    0xF81F,0xF81F,0xF81F,0xF81F,0xF81F,0xF81F,0xF81F,0xF81F,0xF81F,0xF81F,0xF81F,0xF81F,
    0xF81F,0xF81F,0xF81F,0xF81F,0xF81F,0xF81F,0xF81F,0xF81F,0xF81F,0xF81F,0xF81F,0xF81F,
    0xF81F,0xF81F,0xF81F,0xF81F,0xF81F,0xF81F,0xF81F,0xF81F,0xF81F,0xF81F,0xF81F,0xF81F,
    0xF81F,0xF81F,0xF81F,0xF81F,
    0xF81F,0xF81F,0xF81F,0xF81F,0xF81F,0xF81F,0xF81F,0xF81F,0xF81F,0xF81F,0xF81F,0xF81F,
    0xF81F,0xF81F,0xF81F,0xF81F,0xF81F,0xF81F,0xF81F,0xF81F,0xF81F,0xF81F,0xF81F,0xF81F,
    0x10A3,0x52CC,0x4A6B,0x73F1,0x9D37,0x52CC,0xF81F,0xF81F,0xF81F,0xF81F,0xF81F,0xF81F,
    0xF81F,0xF81F,0xF81F,0xF81F,0xF81F,0xF81F,0xF81F,0xF81F,0xF81F,0xF81F,0x31A7,0x7C32,
    0xA578,0xA578,0x8CD5,0x7C32,0x6BB0,0x636F,0x5B2E,0x5B0E,0x5B0E,0x5B2E,0x634F,0x6BB0,
    0x7C12,0x8CD5,0x9D78,0xA598,0x8473,0x39E8,0xF81F,0xF81F,0xF81F,0xF81F,0xF81F,0xF81F,
    0xF81F,0xF81F,0xF81F,0xF81F,0xF81F,0xF81F,0xF81F,0xF81F,0xF81F,0xF81F,0xF81F,0xF81F,
    0xF81F,0xF81F,0xF81F,0xF81F,0xF81F,0xF81F,0xF81F,0xF81F,0xF81F,0xF81F,0xF81F,0xF81F,
    0xF81F,0xF81F,0xF81F,0xF81F,0xF81F,0xF81F,0xF81F,0xF81F,0xF81F,0xF81F,0xF81F,0xF81F,
    0xF81F,0xF81F,0xF81F,0xF81F,
    0xF81F,0xF81F,0xF81F,0xF81F,0xF81F,0xF81F,0xF81F,0xF81F,0xF81F,0xF81F,0xF81F,0xF81F,
    0xF81F,0xF81F,0xF81F,0xF81F,0xF81F,0xF81F,0xF81F,0xF81F,0xF81F,0xF81F,0xF81F,0xF81F,
    0xF81F,0x3A09,0x52CD,0x424B,0x5B0E,0x9516,0x7C32,0x18C3,0xF81F,0xF81F,0xF81F,0xF81F,
    0xF81F,0xF81F,0xF81F,0xF81F,0xF81F,0xF81F,0xF81F,0xF81F,0x10A2,0x6B90,0xA578,0x9D37,
    0x7C12,0x634F,0x52ED,0x52CD,0x52CD,0x52CD,0x52ED,0x52ED,0x52ED,0x52ED,0x52CD,0x52CD,
    0x52CD,0x52ED,0x5B2E,0x73F2,0x9516,0xA599,0x73F1,0x18E3,0xF81F,0xF81F,0xF81F,0xF81F,
    0xF81F,0xF81F,0xF81F,0xF81F,0xF81F,0xF81F,0xF81F,0xF81F,0xF81F,0xF81F,0xF81F,0xF81F,
    0xF81F,0xF81F,0xF81F,0xF81F,0xF81F,0xF81F,0xF81F,0xF81F,0xF81F,0xF81F,0xF81F,0xF81F,
    0xF81F,0xF81F,0xF81F,0xF81F,0xF81F,0xF81F,0xF81F,0xF81F,0xF81F,0xF81F,0xF81F,0xF81F,
    0xF81F,0xF81F,0xF81F,0xF81F,
    0xF81F,0xF81F,0xF81F,0xF81F,0xF81F,0xF81F,0xF81F,0xF81F,0xF81F,0xF81F,0xF81F,0xF81F,
    0xF81F,0xF81F,0xF81F,0xF81F,0xF81F,0xF81F,0xF81F,0xF81F,0xF81F,0xF81F,0xF81F,0xF81F,
    0xF81F,0x10C3,0x4AAC,0x4A8C,0x4A6B,0x4A6B,0x8453,0x9516,0x3A09,0xF81F,0xF81F,0xF81F,
    0xF81F,0xF81F,0xF81F,0xF81F,0xF81F,0xF81F,0xF81F,0x2966,0x8CD5,0xA578,0x7412,0x5B0E,
    0x52CC,0x52CD,0x52ED,0x52ED,0x52ED,0x52ED,0x52ED,0x52ED,0x52ED,0x52ED,0x52ED,0x52ED,
    0x52ED,0x52ED,0x52CD,0x52CC,0x52ED,0x73F1,0x9D57,0x9516,0x31C8,0xF81F,0xF81F,0xF81F,
    0xF81F,0xF81F,0xF81F,0xF81F,0xF81F,0xF81F,0xF81F,0xF81F,0xF81F,0xF81F,0xF81F,0xF81F,
    0xF81F,0xF81F,0xF81F,0xF81F,0xF81F,0xF81F,0xF81F,0xF81F,0xF81F,0xF81F,0xF81F,0xF81F,
    0xF81F,0xF81F,0xF81F,0xF81F,0xF81F,0xF81F,0xF81F,0xF81F,0xF81F,0xF81F,0xF81F,0xF81F,
    0xF81F,0xF81F,0xF81F,0xF81F,
    0xF81F,0xF81F,0xF81F,0xF81F,0xF81F,0xF81F,0xF81F,0xF81F,0xF81F,0xF81F,0xF81F,0xF81F,
    0xF81F,0xF81F,0xF81F,0xF81F,0xF81F,0xF81F,0xF81F,0xF81F,0xF81F,0xF81F,0xF81F,0xF81F,
    0xF81F,0xF81F,0x3A09,0x4A8C,0x4A8B,0x4A8B,0x422A,0x636F,0x9D57,0x636F,0xF81F,0xF81F,
    0xF81F,0xF81F,0xF81F,0xF81F,0xF81F,0xF81F,0x39E8,0x9D57,0x8CD5,0x5B2E,0x52AC,0x52CD,
    0x52ED,0x52ED,0x52ED,0x52ED,0x52ED,0x52ED,0x52ED,0x52ED,0x52ED,0x52ED,0x52ED,0x52ED,
    0x52ED,0x52ED,0x52ED,0x52ED,0x52CD,0x52AC,0x5B0E,0x8494,0xA598,0x424A,0xF81F,0xF81F,
    0xF81F,0xF81F,0xF81F,0xF81F,0xF81F,0xF81F,0xF81F,0xF81F,0xF81F,0xF81F,0xF81F,0xF81F,
    0xF81F,0xF81F,0xF81F,0xF81F,0xF81F,0x1904,0x634E,0x1904,0xF81F,0xF81F,0xF81F,0xF81F,
    0xF81F,0xF81F,0xF81F,0xF81F,0xF81F,0xF81F,0xF81F,0xF81F,0xF81F,0xF81F,0xF81F,0xF81F,
    0xF81F,0xF81F,0xF81F,0xF81F,
    0xF81F,0xF81F,0xF81F,0xF81F,0xF81F,0xF81F,0xF81F,0xF81F,0xF81F,0xF81F,0xF81F,0xF81F,
    0xF81F,0xF81F,0xF81F,0xF81F,0xF81F,0xF81F,0xF81F,0xF81F,0xF81F,0xF81F,0xF81F,0xF81F,
    0xF81F,0xF81F,0x18C3,0x4A8C,0x424B,0x4A6B,0x4A6B,0x422A,0x4A8B,0x8CB5,0x8CB5,0x2946,
    0xF81F,0xF81F,0xF81F,0xF81F,0xF81F,0x31C8,0xA598,0x7C32,0x52AC,0x52CC,0x52ED,0x52CD,
    0x52CD,0x52CD,0x52CD,0x52CD,0x52CD,0x52CD,0x52CD,0x52CD,0x52CD,0x52CD,0x52CD,0x52CD,
    0x52CD,0x52CD,0x52CD,0x52CD,0x52CD,0x52ED,0x52CD,0x4AAC,0x73F1,0xA5B9,0x424A,0xF81F,
    0xF81F,0xF81F,0xF81F,0xF81F,0xF81F,0xF81F,0xF81F,0xF81F,0xF81F,0xF81F,0xF81F,0xF81F,
    0xF81F,0xF81F,0xF81F,0x2145,0x6B8F,0xA578,0x4AAB,0xF81F,0xF81F,0xF81F,0xF81F,0xF81F,
    0xF81F,0xF81F,0xF81F,0xF81F,0xF81F,0xF81F,0xF81F,0xF81F,0xF81F,0xF81F,0xF81F,0xF81F,
    0xF81F,0xF81F,0xF81F,0xF81F,
    0xF81F,0xF81F,0xF81F,0xF81F,0xF81F,0xF81F,0xF81F,0xF81F,0xF81F,0xF81F,0xF81F,0xF81F,
    0xF81F,0xF81F,0xF81F,0xF81F,0xF81F,0xF81F,0xF81F,0xF81F,0xF81F,0xF81F,0xF81F,0xF81F,
    0xF81F,0xF81F,0xF81F,0x3A09,0x426B,0x424A,0x424B,0x426B,0x424A,0x3A2A,0x73D1,0x9D37,
    0x4AAB,0xF81F,0xF81F,0xF81F,0x2145,0x9D57,0x73F1,0x4A8C,0x52CD,0x52CD,0x52CD,0x52CD,
    0x52CD,0x52CD,0x52CD,0x52CD,0x52CD,0x52CD,0x52CD,0x52CD,0x52CD,0x52CD,0x52CD,0x52CD,
    0x52CD,0x52CD,0x52CD,0x52CD,0x52CD,0x52CD,0x52CD,0x52CD,0x4A8C,0x6BB0,0xA578,0x31C7,
    0xF81F,0xF81F,0xF81F,0xF81F,0xF81F,0xF81F,0xF81F,0xF81F,0xF81F,0xF81F,0xF81F,0xF81F,
    0xF81F,0x2986,0x73F1,0x9D37,0x8CD5,0x424A,0xF81F,0xF81F,0xF81F,0xF81F,0xF81F,0xF81F,
    0xF81F,0xF81F,0xF81F,0xF81F,0xF81F,0xF81F,0xF81F,0xF81F,0xF81F,0xF81F,0xF81F,0xF81F,
    0xF81F,0xF81F,0xF81F,0xF81F,
    0xF81F,0xF81F,0xF81F,0xF81F,0xF81F,0xF81F,0xF81F,0xF81F,0xF81F,0xF81F,0xF81F,0xF81F,
    0xF81F,0xF81F,0xF81F,0xF81F,0xF81F,0xF81F,0xF81F,0xF81F,0xF81F,0xF81F,0xF81F,0xF81F,
    0xF81F,0xF81F,0xF81F,0x18E4,0x426B,0x422A,0x424A,0x424A,0x424A,0x424A,0x39E9,0x52CD,
    0x9516,0x7C12,0x1082,0xF81F,0x8CD5,0x7C32,0x4A6B,0x52CD,0x52CC,0x52CC,0x52CC,0x52CC,
    0x52CC,0x52CC,0x52CC,0x52CC,0x52CC,0x52CC,0x52CC,0x52CC,0x52CC,0x52CC,0x52CC,0x52CC,
    0x52CC,0x52CC,0x52CC,0x52CC,0x52CC,0x52CC,0x52CC,0x52CC,0x52CD,0x4A6B,0x73D1,0x9516,
    0x10C3,0xF81F,0xF81F,0xF81F,0xF81F,0xF81F,0xF81F,0xF81F,0xF81F,0xF81F,0xF81F,0x31C8,
    0x7C32,0x9D57,0x8473,0x52CD,0x31E8,0x0000,0xF81F,0xF81F,0xF81F,0xF81F,0xF81F,0xF81F,
    0xF81F,0xF81F,0xF81F,0xF81F,0xF81F,0xF81F,0xF81F,0xF81F,0xF81F,0xF81F,0xF81F,0xF81F,
    0xF81F,0xF81F,0xF81F,0xF81F,
    0xF81F,0xF81F,0xF81F,0xF81F,0xF81F,0xF81F,0xF81F,0xF81F,0xF81F,0xF81F,0xF81F,0xF81F,
    0xF81F,0xF81F,0xF81F,0xF81F,0xF81F,0xF81F,0xF81F,0xF81F,0xF81F,0xF81F,0xF81F,0xF81F,
    0xF81F,0xF81F,0xF81F,0xF81F,0x39E9,0x424A,0x422A,0x422A,0x422A,0x422A,0x424A,0x3A09,
    0x3A2A,0x8473,0x8494,0x73F1,0x8494,0x4A6B,0x52CC,0x52AC,0x52AC,0x52AC,0x52AC,0x52AC,
    0x52AC,0x52AC,0x52AC,0x52AC,0x52AC,0x52AC,0x52AC,0x52AC,0x52AC,0x52AC,0x52AC,0x52AC,
    0x52AC,0x52AC,0x52AC,0x52AC,0x52AC,0x52AC,0x52AC,0x52AC,0x52AC,0x52CC,0x426B,0x8473,
    0x73F1,0xF81F,0xF81F,0xF81F,0xF81F,0xF81F,0xF81F,0xF81F,0xF81F,0x3A29,0x8473,0x9D57,
    0x7C33,0x4A8B,0x31E8,0x3A2A,0x10A3,0xF81F,0xF81F,0xF81F,0xF81F,0xF81F,0xF81F,0xF81F,
    0xF81F,0xF81F,0xF81F,0xF81F,0xF81F,0xF81F,0xF81F,0xF81F,0xF81F,0xF81F,0xF81F,0xF81F,
    0xF81F,0xF81F,0xF81F,0xF81F,
    0xF81F,0xF81F,0xF81F,0xF81F,0xF81F,0xF81F,0xF81F,0xF81F,0xF81F,0xF81F,0xF81F,0xF81F,
    0xF81F,0xF81F,0xF81F,0xF81F,0xF81F,0xF81F,0xF81F,0xF81F,0xF81F,0xF81F,0xF81F,0xF81F,
    0xF81F,0xF81F,0xF81F,0xF81F,0x1904,0x424A,0x3A09,0x3A2A,0x3A2A,0x3A2A,0x3A2A,0x422A,
    0x3A2A,0x31A8,0x6BB1,0x9D37,0x4AAC,0x4AAC,0x4AAC,0x4AAC,0x4AAC,0x4AAC,0x4AAC,0x4AAC,
    0x4AAC,0x4AAC,0x4AAC,0x4AAC,0x4AAC,0x4AAC,0x4AAC,0x4AAC,0x4AAC,0x4AAC,0x4AAC,0x4AAC,
    0x4AAC,0x4AAC,0x4AAC,0x4AAC,0x4AAC,0x4AAC,0x4AAC,0x4AAC,0x52AC,0x52CD,0x52CC,0x4A8B,
    0x94F6,0x31C8,0xF81F,0xF81F,0xF81F,0xF81F,0xF81F,0x4A6A,0x8CB5,0x9D37,0x73F1,0x426B,
    0x31C8,0x39E9,0x424B,0x2125,0xF81F,0xF81F,0xF81F,0xF81F,0xF81F,0xF81F,0xF81F,0xF81F,
    0xF81F,0xF81F,0xF81F,0xF81F,0xF81F,0xF81F,0xF81F,0xF81F,0xF81F,0xF81F,0xF81F,0xF81F,
    0xF81F,0xF81F,0xF81F,0xF81F,
    0xF81F,0xF81F,0xF81F,0xF81F,0xF81F,0xF81F,0xF81F,0xF81F,0xF81F,0xF81F,0xF81F,0xF81F,
    0xF81F,0xF81F,0xF81F,0xF81F,0xF81F,0xF81F,0xF81F,0xF81F,0xF81F,0xF81F,0xF81F,0xF81F,
    0xF81F,0xF81F,0xF81F,0xF81F,0xF81F,0x31E8,0x3A09,0x3A09,0x3A09,0x3A09,0x3A09,0x3A09,
    0x3A29,0x39E9,0x7C32,0x636F,0x4A6B,0x52CC,0x52CD,0x52CC,0x4AAC,0x4AAC,0x4AAC,0x4AAC,
    0x4AAC,0x4AAC,0x4AAC,0x4AAC,0x4AAC,0x4AAC,0x4AAC,0x4AAC,0x4AAC,0x4AAC,0x4AAC,0x4AAC,
    0x4AAC,0x4AAC,0x4AAC,0x4AAC,0x4A8C,0x4AAC,0x52AC,0x52CD,0x4A8B,0x29A7,0x2967,0x4A8B,
    0x634F,0x7C33,0xF81F,0xF81F,0x0862,0x52AC,0x94F6,0x9516,0x6BB0,0x422A,0x31C8,0x3A09,
    0x3A09,0x422A,0x31A7,0xF81F,0xF81F,0xF81F,0xF81F,0xF81F,0xF81F,0xF81F,0xF81F,0xF81F,
    0xF81F,0xF81F,0xF81F,0xF81F,0xF81F,0xF81F,0xF81F,0xF81F,0xF81F,0xF81F,0xF81F,0xF81F,
    0xF81F,0xF81F,0xF81F,0xF81F,
    0xF81F,0xF81F,0xF81F,0xF81F,0xF81F,0xF81F,0xF81F,0xF81F,0xF81F,0xF81F,0xF81F,0xF81F,
    0xF81F,0xF81F,0xF81F,0xF81F,0xF81F,0xF81F,0xF81F,0xF81F,0xF81F,0xF81F,0xF81F,0xF81F,
    0xF81F,0xF81F,0xF81F,0xF81F,0xF81F,0x1904,0x3A2A,0x39E9,0x3A09,0x3A09,0x3A09,0x3A09,
    0x31C8,0x52AC,0x8474,0x4A6B,0x52CD,0x31A8,0x2966,0x3A2A,0x4A8B,0x52AC,0x52CC,0x4AAC,
    0x4A8C,0x4A8C,0x4A8C,0x4A8C,0x4A8C,0x4A8C,0x4A8C,0x4A8C,0x4A8C,0x4A8C,0x4A8C,0x4A8C,
    0x4AAC,0x4A8C,0x4A8C,0x4AAC,0x52AC,0x4AAC,0x422A,0x2966,0x18C3,0x10A2,0x1082,0x422A,
    0x4A6B,0x7C33,0x424A,0x52CC,0x9517,0x94F6,0x636F,0x3A09,0x31A8,0x39E9,0x3A09,0x39E9,
    0x39E9,0x39E9,0x0841,0xF81F,0xF81F,0xF81F,0xF81F,0xF81F,0xF81F,0xF81F,0xF81F,0xF81F,
    0xF81F,0xF81F,0xF81F,0xF81F,0xF81F,0xF81F,0xF81F,0xF81F,0xF81F,0xF81F,0xF81F,0xF81F,
    0xF81F,0xF81F,0xF81F,0xF81F,
    0xF81F,0xF81F,0xF81F,0xF81F,0xF81F,0xF81F,0xF81F,0xF81F,0xF81F,0xF81F,0xF81F,0xF81F,
    0xF81F,0xF81F,0xF81F,0xF81F,0xF81F,0xF81F,0xF81F,0xF81F,0xF81F,0xF81F,0xF81F,0xF81F,
    0xF81F,0xF81F,0xF81F,0xF81F,0xF81F,0x0021,0x31C8,0x39E8,0x31E8,0x39E9,0x39E9,0x39E9,
    0x31A7,0x6BB0,0x634F,0x426B,0x4A8B,0x10C3,0x0862,0x10A3,0x18E4,0x2966,0x39E9,0x4A6B,
    0x4AAC,0x4AAC,0x4AAC,0x4A8B,0x4A8B,0x4A8B,0x4A8B,0x4A8C,0x4A8C,0x4A8C,0x4A8C,0x4A8B,
    0x4A8B,0x4A8C,0x52AC,0x4A8B,0x39E9,0x2125,0x10A3,0x10A2,0x0883,0x0063,0x10A3,0x31E8,
    0x4A8C,0x52CD,0x9D37,0x8CD5,0x5B2E,0x31C8,0x29A7,0x31E8,0x39E9,0x39E9,0x39E9,0x31C8,
    0x3A09,0x10C3,0xF81F,0xF81F,0xF81F,0xF81F,0xF81F,0xF81F,0xF81F,0xF81F,0xF81F,0xF81F,
    0xF81F,0xF81F,0xF81F,0xF81F,0xF81F,0xF81F,0xF81F,0xF81F,0xF81F,0xF81F,0xF81F,0xF81F,
    0xF81F,0xF81F,0xF81F,0xF81F,
    0xF81F,0xF81F,0xF81F,0xF81F,0xF81F,0xF81F,0xF81F,0xF81F,0xF81F,0xF81F,0xF81F,0xF81F,
    0xF81F,0xF81F,0xF81F,0xF81F,0xF81F,0xF81F,0xF81F,0xF81F,0xF81F,0xF81F,0xF81F,0xF81F,
    0xF81F,0xF81F,0xF81F,0xF81F,0xF81F,0xF81F,0x1904,0x39E9,0x31C8,0x31C8,0x31C8,0x31C8,
    0x39E9,0x73F1,0x4A8C,0x4A8C,0x424A,0x1904,0x10A3,0x1082,0x1082,0x1082,0x1083,0x18C4,
    0x2146,0x31C8,0x424A,0x4A8C,0x4AAC,0x428C,0x3A4C,0x426B,0x4A8B,0x4A8B,0x4A8B,0x4AAC,
    0x4AAC,0x426B,0x31A7,0x18E4,0x10A2,0x10A2,0x0863,0x0063,0x3143,0x8B23,0x5AAA,0x4A8C,
    0x4A8B,0x4A6B,0x73F2,0x3A09,0x2966,0x31C8,0x39E8,0x31C8,0x31C8,0x31C8,0x31C8,0x39E9,
    0x2145,0xF81F,0xF81F,0xF81F,0xF81F,0xF81F,0xF81F,0xF81F,0xF81F,0xF81F,0xF81F,0xF81F,
    0xF81F,0xF81F,0xF81F,0xF81F,0xF81F,0xF81F,0xF81F,0xF81F,0xF81F,0xF81F,0xF81F,0xF81F,
    0xF81F,0xF81F,0xF81F,0xF81F,
    0xF81F,0xF81F,0xF81F,0xF81F,0xF81F,0xF81F,0xF81F,0xF81F,0xF81F,0xF81F,0xF81F,0xF81F,
    0xF81F,0xF81F,0xF81F,0xF81F,0xF81F,0xF81F,0xF81F,0xF81F,0xF81F,0xF81F,0xF81F,0xF81F,
    0xF81F,0xF81F,0xF81F,0xF81F,0xF81F,0xF81F,0x0841,0x31A8,0x31A8,0x31A8,0x31C8,0x29A7,
    0x426B,0x6B90,0x424A,0x4A8B,0x4A8B,0x4A8B,0x3A2A,0x31A7,0x2105,0x10C3,0x10A2,0x1082,
    0x1082,0x10A2,0x18C3,0x2125,0x29A8,0x5AA9,0xC486,0x7B6A,0x426C,0x4A8B,0x4A8C,0x3A29,
    0x2966,0x10C3,0x1082,0x1083,0x0063,0x1083,0x49E3,0xABE3,0xF583,0xF584,0x52AB,0x426B,
    0x4A8B,0x424A,0x636F,0x4AAC,0x29A7,0x31C8,0x31C8,0x31C8,0x31C8,0x31A8,0x31C8,0x2987,
    0xF81F,0xF81F,0xF81F,0xF81F,0xF81F,0xF81F,0xF81F,0xF81F,0xF81F,0xF81F,0xF81F,0xF81F,
    0xF81F,0xF81F,0xF81F,0xF81F,0xF81F,0xF81F,0xF81F,0xF81F,0xF81F,0xF81F,0xF81F,0xF81F,
    0xF81F,0xF81F,0xF81F,0xF81F,
    0xF81F,0xF81F,0xF81F,0xF81F,0xF81F,0xF81F,0xF81F,0xF81F,0xF81F,0xF81F,0xF81F,0xF81F,
    0xF81F,0xF81F,0xF81F,0xF81F,0xF81F,0xF81F,0xF81F,0xF81F,0xF81F,0xF81F,0xF81F,0xF81F,
    0xF81F,0xF81F,0xF81F,0xF81F,0xF81F,0xF81F,0xF81F,0x1905,0x31C8,0x29A7,0x31C8,0x2987,
    0x52AC,0x5B0D,0x424B,0x4A6B,0x4A6B,0x4A6B,0x4A8B,0x4AAC,0x4A8B,0x422A,0x2988,0x10E6,
    0x10A4,0x0063,0x0063,0x10A3,0x1082,0x20E3,0x51E2,0x4A05,0x3A2A,0x3A09,0x2105,0x10A3,
    0x10A2,0x10A3,0x0882,0x18C2,0x6A83,0xC483,0xFDA4,0xFDC4,0xFDA3,0xCCA5,0x424B,0x4A6B,
    0x4A6B,0x424B,0x52ED,0x52ED,0x2987,0x31C8,0x31A8,0x31A8,0x31A7,0x31A7,0x31A8,0x0862,
    0xF81F,0xF81F,0xF81F,0xF81F,0xF81F,0xF81F,0xF81F,0xF81F,0xF81F,0xF81F,0xF81F,0xF81F,
    0xF81F,0xF81F,0xF81F,0xF81F,0xF81F,0xF81F,0xF81F,0xF81F,0xF81F,0xF81F,0xF81F,0xF81F,
    0xF81F,0xF81F,0xF81F,0xF81F,
    0xF81F,0xF81F,0xF81F,0xF81F,0xF81F,0xF81F,0xF81F,0xF81F,0xF81F,0xF81F,0xF81F,0xF81F,
    0xF81F,0xF81F,0xF81F,0xF81F,0xF81F,0xF81F,0xF81F,0xF81F,0xF81F,0xF81F,0xF81F,0xF81F,
    0xF81F,0xF81F,0xF81F,0xF81F,0xF81F,0xF81F,0xF81F,0x0841,0x2987,0x2987,0x31A7,0x2966,
    0x52CC,0x4AAC,0x424B,0x426B,0x426B,0x426B,0x426B,0x3A2B,0x3A2B,0x4A6B,0x6B2A,0x9C08,
    0xCC85,0xAC03,0x6243,0x1082,0x0862,0x0043,0x0043,0x0042,0x31C8,0x4209,0x0862,0x0063,
    0x10A3,0x0841,0x5AAA,0xEF17,0xFDC4,0xFDA3,0xFD64,0xFD44,0xFDA3,0xB446,0x3A2B,0x4A8B,
    0x426B,0x426B,0x4A8B,0x52ED,0x2987,0x31A7,0x31A7,0x31A7,0x2987,0x31A8,0x18C4,0xF81F,
    0xF81F,0xF81F,0xF81F,0xF81F,0xF81F,0xF81F,0xF81F,0xF81F,0xF81F,0xF81F,0xF81F,0xF81F,
    0xF81F,0xF81F,0xF81F,0xF81F,0xF81F,0xF81F,0xF81F,0xF81F,0xF81F,0xF81F,0xF81F,0xF81F,
    0xF81F,0xF81F,0xF81F,0xF81F,
    0xF81F,0xF81F,0xF81F,0xF81F,0xF81F,0xF81F,0xF81F,0xF81F,0xF81F,0xF81F,0xF81F,0xF81F,
    0xF81F,0xF81F,0xF81F,0xF81F,0xF81F,0xF81F,0xF81F,0xF81F,0xF81F,0xF81F,0xF81F,0xF81F,
    0xF81F,0xF81F,0xF81F,0xF81F,0xF81F,0xF81F,0xF81F,0xF81F,0x1904,0x31A7,0x2987,0x2966,
    0x4A8C,0x4A8B,0x424B,0x426B,0x426B,0x424B,0x4A6B,0x7329,0xA427,0xDCE5,0xFD83,0xFDA3,
    0xFDC3,0xFD84,0x51A0,0x948F,0xC5F3,0x6242,0x2943,0x18C3,0x320B,0x93A8,0x49C3,0x49E3,
    0x72C3,0x1020,0x49E5,0x6B6C,0x9322,0xFDC4,0xFD64,0xFD64,0xFDA3,0x9BC7,0x3A2B,0x4A6B,
    0x426B,0x426B,0x426B,0x52AC,0x2987,0x2987,0x2987,0x2967,0x2987,0x2125,0xF81F,0xF81F,
    0xF81F,0xF81F,0xF81F,0xF81F,0xF81F,0xF81F,0xF81F,0xF81F,0xF81F,0xF81F,0xF81F,0xF81F,
    0xF81F,0xF81F,0xF81F,0xF81F,0xF81F,0xF81F,0xF81F,0xF81F,0xF81F,0xF81F,0xF81F,0xF81F,
    0xF81F,0xF81F,0xF81F,0xF81F,
    0xF81F,0xF81F,0xF81F,0xF81F,0xF81F,0xF81F,0xF81F,0xF81F,0xF81F,0xF81F,0xF81F,0xF81F,
    0xF81F,0xF81F,0xF81F,0xF81F,0xF81F,0xF81F,0xF81F,0xF81F,0xF81F,0xF81F,0xF81F,0xF81F,
    0xF81F,0xF81F,0xF81F,0xF81F,0xF81F,0xF81F,0xF81F,0xF81F,0x0841,0x2987,0x2966,0x2966,
    0x426B,0x426B,0x424A,0x424B,0x424B,0x424B,0x424B,0xE505,0xFDE3,0xFD83,0xFD84,0xFD44,
    0xFDC4,0x8AE2,0x0000,0x5A67,0x62A9,0xD462,0xFDE3,0xC464,0x424B,0xAC27,0xED63,0xFDC4,
    0xCC83,0x0800,0x0800,0x0000,0xA362,0xFDE4,0xFD83,0xFDA3,0xFDE3,0x8368,0x3A2B,0x4A6A,
    0x424B,0x424B,0x424B,0x4A6B,0x2967,0x2966,0x2966,0x2966,0x2966,0x0021,0xF81F,0xF81F,
    0xF81F,0xF81F,0xF81F,0xF81F,0xF81F,0xF81F,0xF81F,0xF81F,0xF81F,0xF81F,0xF81F,0xF81F,
    0xF81F,0xF81F,0xF81F,0xF81F,0xF81F,0xF81F,0xF81F,0xF81F,0xF81F,0xF81F,0xF81F,0xF81F,
    0xF81F,0xF81F,0xF81F,0xF81F,
    0xF81F,0xF81F,0xF81F,0xF81F,0xF81F,0xF81F,0xF81F,0xF81F,0xF81F,0xF81F,0xF81F,0xF81F,
    0xF81F,0xF81F,0xF81F,0xF81F,0xF81F,0xF81F,0xF81F,0xF81F,0xF81F,0xF81F,0xF81F,0xF81F,
    0xF81F,0xF81F,0xF81F,0xF81F,0xF81F,0xF81F,0xF81F,0xF81F,0xF81F,0x1904,0x2967,0x2146,
    0x3A09,0x426B,0x424A,0x424A,0x424A,0x426A,0x320B,0x93A7,0xFDA3,0xFD64,0xFD64,0xFD64,
    0xFDC4,0xA382,0x1020,0x1020,0x0800,0x9BA5,0x93C8,0x62CA,0x3A2B,0xCCA5,0xFDC3,0xFD83,
    0xFDC3,0xAB81,0x4960,0x82E2,0xED64,0xE505,0xC485,0xAC26,0x93A7,0x528A,0x424A,0x424A,
    0x424A,0x424A,0x426B,0x3A29,0x2966,0x2966,0x2146,0x2967,0x0882,0xF81F,0xF81F,0xF81F,
    0xF81F,0xF81F,0xF81F,0xF81F,0xF81F,0xF81F,0xF81F,0xF81F,0xF81F,0xF81F,0xF81F,0xF81F,
    0xF81F,0xF81F,0xF81F,0xF81F,0xF81F,0xF81F,0xF81F,0xF81F,0xF81F,0xF81F,0xF81F,0xF81F,
    0xF81F,0xF81F,0xF81F,0xF81F,
    0xF81F,0xF81F,0xF81F,0xF81F,0xF81F,0xF81F,0xF81F,0xF81F,0xF81F,0xF81F,0xF81F,0xF81F,
    0xF81F,0xF81F,0xF81F,0xF81F,0xF81F,0xF81F,0xF81F,0xF81F,0xF81F,0xF81F,0xF81F,0xF81F,
    0xF81F,0xF81F,0xF81F,0xF81F,0xF81F,0xF81F,0xF81F,0xF81F,0xF81F,0x0861,0x2966,0x2125,
    0x31C8,0x424B,0x424A,0x424A,0x424A,0x424A,0x3A2A,0x528A,0xF564,0xFD64,0xFD84,0xFDA3,
    0xFDC3,0xF564,0x5A23,0x20C3,0x39C7,0x424B,0x320B,0x3A0B,0x4A6A,0xED24,0xED44,0xD4C5,
    0xBC66,0xAC27,0x8B88,0x7329,0x528A,0x424A,0x3A2B,0x320B,0x320B,0x422A,0x424A,0x424A,
    0x424A,0x424A,0x424B,0x39E9,0x2125,0x2146,0x2966,0x18C4,0xF81F,0xF81F,0xF81F,0xF81F,
    0xF81F,0xF81F,0xF81F,0xF81F,0xF81F,0xF81F,0xF81F,0xF81F,0xF81F,0xF81F,0xF81F,0xF81F,
    0xF81F,0xF81F,0xF81F,0xF81F,0xF81F,0xF81F,0xF81F,0xF81F,0xF81F,0xF81F,0xF81F,0xF81F,
    0xF81F,0xF81F,0xF81F,0xF81F,
    0xF81F,0xF81F,0xF81F,0xF81F,0xF81F,0xF81F,0xF81F,0xF81F,0xF81F,0xF81F,0xF81F,0xF81F,
    0xF81F,0xF81F,0xF81F,0xF81F,0xF81F,0xF81F,0xF81F,0xF81F,0xF81F,0xF81F,0xF81F,0xF81F,
    0xF81F,0xF81F,0xF81F,0xF81F,0xF81F,0xF81F,0xF81F,0xF81F,0xF81F,0xF81F,0x18E4,0x2125,
    0x29A7,0x424A,0x422A,0x424A,0x424A,0x424A,0x424A,0x320A,0xBC46,0xFDE3,0xF544,0xC4A5,
    0x8B87,0x5289,0x426B,0x424A,0x424B,0x424A,0x424A,0x424A,0x424A,0x5AA9,0x4A6A,0x3A2A,
    0x320B,0x31EB,0x320A,0x320A,0x3A2A,0x422A,0x424A,0x424A,0x424A,0x424A,0x424A,0x424A,
    0x424A,0x422A,0x424A,0x31C8,0x2105,0x2146,0x1905,0xF81F,0xF81F,0xF81F,0xF81F,0xF81F,
    0xF81F,0xF81F,0xF81F,0xF81F,0xF81F,0xF81F,0xF81F,0xF81F,0xF81F,0xF81F,0xF81F,0xF81F,
    0xF81F,0xF81F,0xF81F,0xF81F,0xF81F,0xF81F,0xF81F,0xF81F,0xF81F,0xF81F,0xF81F,0xF81F,
    0xF81F,0xF81F,0xF81F,0xF81F,
    0xF81F,0xF81F,0xF81F,0xF81F,0xF81F,0xF81F,0xF81F,0xF81F,0xF81F,0xF81F,0xF81F,0xF81F,
    0xF81F,0xF81F,0xF81F,0xF81F,0xF81F,0xF81F,0xF81F,0xF81F,0xF81F,0xF81F,0xF81F,0xF81F,
    0xF81F,0xF81F,0xF81F,0xF81F,0xF81F,0xF81F,0xF81F,0xF81F,0xF81F,0xF81F,0x0862,0x2125,
    0x2966,0x422A,0x422A,0x422A,0x422A,0x422A,0x422A,0x3A0A,0x62C9,0x8BA7,0x5289,0x3A0A,
    0x31EA,0x3A0A,0x3A2A,0x422A,0x422A,0x422A,0x422A,0x422A,0x3A2A,0x3A0A,0x3A2A,0x422A,
    0x422A,0x424A,0x422A,0x422A,0x422A,0x422A,0x422A,0x422A,0x422A,0x422A,0x422A,0x422A,
    0x422A,0x422A,0x424A,0x2987,0x1905,0x2125,0x0041,0xF81F,0xF81F,0xF81F,0xF81F,0xF81F,
    0xF81F,0xF81F,0xF81F,0xF81F,0xF81F,0xF81F,0xF81F,0xF81F,0xF81F,0xF81F,0xF81F,0xF81F,
    0xF81F,0xF81F,0xF81F,0xF81F,0xF81F,0xF81F,0xF81F,0xF81F,0xF81F,0xF81F,0xF81F,0xF81F,
    0xF81F,0xF81F,0xF81F,0xF81F,
    0xF81F,0xF81F,0xF81F,0xF81F,0xF81F,0xF81F,0xF81F,0xF81F,0xF81F,0xF81F,0xF81F,0xF81F,
    0xF81F,0xF81F,0xF81F,0xF81F,0xF81F,0xF81F,0xF81F,0xF81F,0xF81F,0xF81F,0xF81F,0xF81F,
    0xF81F,0xF81F,0xF81F,0xF81F,0xF81F,0xF81F,0xF81F,0xF81F,0xF81F,0xF81F,0xF81F,0x18E4,
    0x2125,0x3A09,0x422A,0x3A2A,0x3A2A,0x3A2A,0x3A2A,0x422A,0x3A0A,0x31EA,0x3A0A,0x422A,
    0x422A,0x422A,0x3A2A,0x3A2A,0x3A2A,0x3A2A,0x3A2A,0x3A2A,0x422A,0x422A,0x422A,0x3A2A,
    0x3A2A,0x3A2A,0x3A2A,0x3A2A,0x3A2A,0x3A2A,0x3A2A,0x3A2A,0x3A2A,0x3A2A,0x3A2A,0x3A2A,
    0x3A2A,0x422A,0x422A,0x2125,0x2125,0x0882,0xF81F,0xF81F,0xF81F,0xF81F,0xF81F,0xF81F,
    0xF81F,0xF81F,0xF81F,0xF81F,0xF81F,0xF81F,0xF81F,0xF81F,0xF81F,0xF81F,0xF81F,0xF81F,
    0xF81F,0xF81F,0xF81F,0xF81F,0xF81F,0xF81F,0xF81F,0xF81F,0xF81F,0xF81F,0xF81F,0xF81F,
    0xF81F,0xF81F,0xF81F,0xF81F,
    0xF81F,0xF81F,0xF81F,0xF81F,0xF81F,0xF81F,0xF81F,0xF81F,0xF81F,0xF81F,0xF81F,0xF81F,
    0xF81F,0xF81F,0xF81F,0xF81F,0xF81F,0xF81F,0xF81F,0xF81F,0xF81F,0xF81F,0xF81F,0xF81F,
    0xF81F,0xF81F,0xF81F,0xF81F,0xF81F,0xF81F,0xF81F,0xF81F,0xF81F,0xF81F,0xF81F,0x0862,
    0x1905,0x31C8,0x422A,0x3A09,0x3A0A,0x3A0A,0x3A2A,0x3A0A,0x422A,0x4229,0x422A,0x3A0A,
    0x3A0A,0x3A0A,0x3A0A,0x3A0A,0x3A0A,0x3A0A,0x3A0A,0x3A0A,0x3A0A,0x3A0A,0x3A0A,0x3A0A,
    0x3A0A,0x3A0A,0x3A0A,0x3A0A,0x3A2A,0x3A0A,0x3A2A,0x3A2A,0x3A2A,0x3A0A,0x3A0A,0x3A0A,
    0x3A0A,0x3A2A,0x39E9,0x2105,0x10C3,0xF81F,0xF81F,0xF81F,0xF81F,0xF81F,0xF81F,0xF81F,
    0xF81F,0xF81F,0xF81F,0xF81F,0xF81F,0xF81F,0xF81F,0xF81F,0xF81F,0xF81F,0xF81F,0xF81F,
    0xF81F,0xF81F,0xF81F,0xF81F,0xF81F,0xF81F,0xF81F,0xF81F,0xF81F,0xF81F,0xF81F,0xF81F,
    0xF81F,0xF81F,0xF81F,0xF81F,
    0xF81F,0xF81F,0xF81F,0xF81F,0xF81F,0xF81F,0xF81F,0xF81F,0xF81F,0xF81F,0xF81F,0xF81F,
    0xF81F,0xF81F,0xF81F,0xF81F,0xF81F,0xF81F,0xF81F,0xF81F,0xF81F,0xF81F,0xF81F,0xF81F,
    0xF81F,0xF81F,0xF81F,0xF81F,0xF81F,0xF81F,0xF81F,0xF81F,0xF81F,0xF81F,0xF81F,0xF81F,
    0x10A3,0x2966,0x3A2A,0x3A09,0x3A09,0x3A09,0x3A09,0x3A09,0x3A09,0x3A09,0x3A09,0x3A29,
    0x3A09,0x3A09,0x3A09,0x3A09,0x3A09,0x3A09,0x3A09,0x3A09,0x3A09,0x3A09,0x3A09,0x3A09,
    0x3A09,0x3A09,0x3A09,0x3A09,0x3A09,0x3A29,0x3A09,0x39C9,0x3A29,0x3A09,0x3A09,0x3A09,
    0x3A09,0x3A2A,0x2987,0x10C3,0x0020,0xF81F,0xF81F,0xF81F,0xF81F,0xF81F,0xF81F,0xF81F,
    0xF81F,0xF81F,0xF81F,0xF81F,0xF81F,0xF81F,0xF81F,0xF81F,0xF81F,0xF81F,0xF81F,0xF81F,
    0xF81F,0xF81F,0xF81F,0xF81F,0xF81F,0xF81F,0xF81F,0xF81F,0xF81F,0xF81F,0xF81F,0xF81F,
    0xF81F,0xF81F,0xF81F,0xF81F,
    0xF81F,0xF81F,0xF81F,0xF81F,0xF81F,0xF81F,0xF81F,0xF81F,0xF81F,0xF81F,0xF81F,0xF81F,
    0xF81F,0xF81F,0xF81F,0xF81F,0xF81F,0xF81F,0xF81F,0xF81F,0xF81F,0xF81F,0xF81F,0xF81F,
    0xF81F,0xF81F,0xF81F,0xF81F,0xF81F,0xF81F,0xF81F,0xF81F,0xF81F,0xF81F,0xF81F,0xF81F,
    0x0841,0x1905,0x3A09,0x3A09,0x3A09,0x3A09,0x3A09,0x3A09,0x3A09,0x3A09,0x3A09,0x39A9,
    0x39E9,0x3A29,0x3A09,0x3A09,0x3A09,0x3A09,0x3A09,0x3A09,0x3A09,0x3A09,0x3A09,0x3A09,
    0x3A09,0x3A09,0x3A09,0x3A09,0x3A29,0x39C9,0x3A29,0x3C0B,0x39C9,0x3A09,0x3A09,0x3A09,
    0x3A09,0x3A09,0x1905,0x0041,0xF81F,0xF81F,0xF81F,0xF81F,0xF81F,0xF81F,0xF81F,0xF81F,
    0xF81F,0xF81F,0xF81F,0xF81F,0xF81F,0xF81F,0xF81F,0xF81F,0xF81F,0xF81F,0xF81F,0xF81F,
    0xF81F,0xF81F,0xF81F,0xF81F,0xF81F,0xF81F,0xF81F,0xF81F,0xF81F,0xF81F,0xF81F,0xF81F,
    0xF81F,0xF81F,0xF81F,0xF81F,
    0xF81F,0xF81F,0xF81F,0xF81F,0xF81F,0xF81F,0xF81F,0xF81F,0xF81F,0xF81F,0xF81F,0xF81F,
    0xF81F,0xF81F,0xF81F,0xF81F,0xF81F,0xF81F,0xF81F,0xF81F,0xF81F,0xF81F,0xF81F,0xF81F,
    0xF81F,0xF81F,0xF81F,0xF81F,0xF81F,0xF81F,0xF81F,0xF81F,0xF81F,0xF81F,0xF81F,0xF81F,
    0x0000,0x1082,0x2946,0x3A29,0x39E9,0x3A09,0x3A09,0x3A09,0x3A09,0x39E9,0x39E9,0x3C6B,
    0x3A49,0x39A9,0x3A29,0x3A09,0x3A09,0x3A09,0x3A09,0x3A09,0x3A09,0x3A09,0x3A09,0x3A09,
    0x3A09,0x3A09,0x3A09,0x3A29,0x39A9,0x3A69,0x3E4C,0x3FEE,0x3CAB,0x39A9,0x3A09,0x39E9,
    0x3A2A,0x2966,0x0000,0xF81F,0xF81F,0xF81F,0xF81F,0xF81F,0xF81F,0xF81F,0xF81F,0xF81F,
    0xF81F,0xF81F,0xF81F,0xF81F,0xF81F,0xF81F,0xF81F,0xF81F,0xF81F,0xF81F,0xF81F,0xF81F,
    0xF81F,0xF81F,0xF81F,0xF81F,0xF81F,0xF81F,0xF81F,0xF81F,0xF81F,0xF81F,0xF81F,0xF81F,
    0xF81F,0xF81F,0xF81F,0xF81F,
    0xF81F,0xF81F,0xF81F,0xF81F,0xF81F,0xF81F,0xF81F,0xF81F,0xF81F,0xF81F,0xF81F,0xF81F,
    0xF81F,0xF81F,0xF81F,0xF81F,0xF81F,0xF81F,0xF81F,0xF81F,0xF81F,0xF81F,0xF81F,0xF81F,
    0xF81F,0xF81F,0xF81F,0xF81F,0xF81F,0xF81F,0xF81F,0xF81F,0xF81F,0xF81F,0xF81F,0xF81F,
    0xF81F,0xF81F,0x0021,0x31E8,0x39E9,0x39E9,0x39E9,0x39E9,0x3A09,0x39A9,0x3CEB,0x3FEE,
    0x3ECD,0x3B2A,0x3989,0x3A09,0x3A09,0x3A09,0x39E9,0x39E9,0x39E9,0x39E9,0x39E9,0x39E9,
    0x39E9,0x3A09,0x3A09,0x3988,0x3329,0x3F4D,0x3FED,0x3FEE,0x3D2B,0x39C9,0x39E9,0x39E9,
    0x39E9,0x0861,0xF81F,0xF81F,0xF81F,0xF81F,0xF81F,0xF81F,0xF81F,0xF81F,0xF81F,0xF81F,
    0xF81F,0xF81F,0xF81F,0xF81F,0xF81F,0xF81F,0xF81F,0xF81F,0xF81F,0xF81F,0xF81F,0xF81F,
    0xF81F,0xF81F,0xF81F,0xF81F,0xF81F,0xF81F,0xF81F,0xF81F,0xF81F,0xF81F,0xF81F,0xF81F,
    0xF81F,0xF81F,0xF81F,0xF81F,
    0xF81F,0xF81F,0xF81F,0xF81F,0xF81F,0xF81F,0xF81F,0xF81F,0xF81F,0xF81F,0xF81F,0xF81F,
    0xF81F,0xF81F,0xF81F,0xF81F,0xF81F,0xF81F,0xF81F,0xF81F,0xF81F,0xF81F,0xF81F,0xF81F,
    0xF81F,0xF81F,0xF81F,0xF81F,0xF81F,0xF81F,0xF81F,0xF81F,0xF81F,0xF81F,0xF81F,0xF81F,
    0xF81F,0xF81F,0xF81F,0x18E4,0x3A09,0x31C8,0x39E9,0x39E9,0x39E9,0x39C9,0x3C6B,0x3FAD,
    0x3FEE,0x3FCD,0x3C8B,0x31A8,0x31A8,0x31C8,0x3A09,0x39E9,0x39E9,0x39E9,0x39E9,0x39E9,
    0x3A09,0x39E9,0x3188,0x3C0B,0x4FAF,0x4FEF,0x4FAE,0x3C2A,0x3988,0x39E9,0x31E8,0x3A09,
    0x1905,0xF81F,0xF81F,0xF81F,0xF81F,0xF81F,0xF81F,0xF81F,0xF81F,0xF81F,0xF81F,0xF81F,
    0xF81F,0xF81F,0xF81F,0xF81F,0xF81F,0xF81F,0xF81F,0xF81F,0xF81F,0xF81F,0xF81F,0xF81F,
    0xF81F,0xF81F,0xF81F,0xF81F,0xF81F,0xF81F,0xF81F,0xF81F,0xF81F,0xF81F,0xF81F,0xF81F,
    0xF81F,0xF81F,0xF81F,0xF81F,
    0xF81F,0xF81F,0xF81F,0xF81F,0xF81F,0xF81F,0xF81F,0xF81F,0xF81F,0xF81F,0xF81F,0xF81F,
    0xF81F,0xF81F,0xF81F,0xF81F,0xF81F,0xF81F,0xF81F,0xF81F,0xF81F,0xF81F,0xF81F,0xF81F,
    0xF81F,0xF81F,0xF81F,0xF81F,0xF81F,0xF81F,0xF81F,0xF81F,0xF81F,0xF81F,0xF81F,0xF81F,
    0xF81F,0xF81F,0xF81F,0xF81F,0x2966,0x3A09,0x31C8,0x39E9,0x39E9,0x39E9,0x3968,0x3AE9,
    0x3EAC,0x3FEE,0x47EE,0x4E2E,0x4ACB,0x4A4A,0x31A8,0x39C8,0x39C9,0x39C9,0x39E9,0x31E9,
    0x39C9,0x39A9,0x3D2B,0x47EE,0xCFFA,0xEFFE,0xAE16,0x2947,0x3A09,0x31E8,0x39E9,0x31C8,
    0x0021,0xF81F,0xF81F,0xF81F,0xF81F,0xF81F,0xF81F,0xF81F,0xF81F,0xF81F,0xF81F,0xF81F,
    0xF81F,0xF81F,0xF81F,0xF81F,0xF81F,0xF81F,0xF81F,0xF81F,0xF81F,0xF81F,0xF81F,0xF81F,
    0xF81F,0xF81F,0xF81F,0xF81F,0xF81F,0xF81F,0xF81F,0xF81F,0xF81F,0xF81F,0xF81F,0xF81F,
    0xF81F,0xF81F,0xF81F,0xF81F,
    0xF81F,0xF81F,0xF81F,0xF81F,0xF81F,0xF81F,0xF81F,0xF81F,0xF81F,0xF81F,0xF81F,0xF81F,
    0xF81F,0xF81F,0xF81F,0xF81F,0xF81F,0xF81F,0xF81F,0xF81F,0xF81F,0xF81F,0xF81F,0xF81F,
    0xF81F,0xF81F,0xF81F,0xF81F,0xF81F,0xF81F,0xF81F,0xF81F,0xF81F,0xF81F,0xF81F,0xF81F,
    0xF81F,0xF81F,0xF81F,0xF81F,0x0020,0x29A7,0x39E9,0x31C8,0x31C8,0x31C8,0x31E8,0x3188,
    0x31C8,0x350B,0x47EE,0xD7FC,0xF7DE,0xA5F5,0x2A88,0x3289,0x2A48,0x2A08,0x31E8,0x3188,
    0x2A28,0x2E0B,0x37ED,0x2FEC,0xA796,0xFFFF,0x7C10,0x2967,0x39E9,0x31C8,0x31C8,0x2987,
    0x0841,0xF81F,0xF81F,0xF81F,0xF81F,0xF81F,0xF81F,0xF81F,0xF81F,0xF81F,0xF81F,0xF81F,
    0xF81F,0xF81F,0xF81F,0xF81F,0xF81F,0xF81F,0xF81F,0xF81F,0xF81F,0xF81F,0xF81F,0xF81F,
    0xF81F,0xF81F,0xF81F,0xF81F,0xF81F,0xF81F,0xF81F,0xF81F,0xF81F,0xF81F,0xF81F,0xF81F,
    0xF81F,0xF81F,0xF81F,0xF81F,
    0xF81F,0xF81F,0xF81F,0xF81F,0xF81F,0xF81F,0xF81F,0xF81F,0xF81F,0xF81F,0xF81F,0xF81F,
    0xF81F,0xF81F,0xF81F,0xF81F,0xF81F,0xF81F,0xF81F,0xF81F,0xF81F,0xF81F,0xF81F,0xF81F,
    0xF81F,0xF81F,0xF81F,0xF81F,0xF81F,0xF81F,0xF81F,0xF81F,0xF81F,0xF81F,0xF81F,0xF81F,
    0xF81F,0xF81F,0xF81F,0xF81F,0xF81F,0x0841,0x31A8,0x31E8,0x31C8,0x31C8,0x31C8,0x31E8,
    0x31C8,0x3168,0x2B89,0xAF57,0xFFFF,0x6FF2,0x2FCC,0x576F,0x6751,0x6710,0x4EEE,0x366B,
    0x8F34,0xB7F9,0xAFF8,0x3D0B,0x638E,0xEFBD,0x424A,0x31A8,0x31E8,0x31C8,0x2966,0x2966,
    0x10A3,0xF81F,0xF81F,0xF81F,0xF81F,0xF81F,0xF81F,0xF81F,0xF81F,0xF81F,0xF81F,0xF81F,
    0xF81F,0xF81F,0xF81F,0xF81F,0xF81F,0xF81F,0xF81F,0xF81F,0xF81F,0xF81F,0xF81F,0xF81F,
    0xF81F,0xF81F,0xF81F,0xF81F,0xF81F,0xF81F,0xF81F,0xF81F,0xF81F,0xF81F,0xF81F,0xF81F,
    0xF81F,0xF81F,0xF81F,0xF81F,
    0xF81F,0xF81F,0xF81F,0xF81F,0xF81F,0xF81F,0xF81F,0xF81F,0xF81F,0xF81F,0xF81F,0xF81F,
    0xF81F,0xF81F,0xF81F,0xF81F,0xF81F,0xF81F,0xF81F,0xF81F,0xF81F,0xF81F,0xF81F,0xF81F,
    0xF81F,0xF81F,0xF81F,0xF81F,0xF81F,0xF81F,0xF81F,0xF81F,0xF81F,0xF81F,0xF81F,0xF81F,
    0xF81F,0xF81F,0xF81F,0xF81F,0xF81F,0xF81F,0x0841,0x2987,0x31E9,0x31A8,0x31A8,0x31C8,
    0x31C8,0x31E8,0x2906,0x6BAF,0xE7FD,0x478E,0x37AC,0x77F2,0xF7FF,0xF7FE,0x6FF2,0x27EC,
    0x97F6,0xFFFF,0xC679,0x2927,0x422A,0x9D54,0x2987,0x31C8,0x31C8,0x2966,0x2125,0x2146,
    0x18C4,0xF81F,0xF81F,0xF81F,0xF81F,0xF81F,0xF81F,0xF81F,0xF81F,0xF81F,0xF81F,0xF81F,
    0xF81F,0xF81F,0xF81F,0xF81F,0xF81F,0xF81F,0xF81F,0xF81F,0xF81F,0xF81F,0xF81F,0xF81F,
    0xF81F,0xF81F,0xF81F,0xF81F,0xF81F,0xF81F,0xF81F,0xF81F,0xF81F,0xF81F,0xF81F,0xF81F,
    0xF81F,0xF81F,0xF81F,0xF81F,
    0xF81F,0xF81F,0xF81F,0xF81F,0xF81F,0xF81F,0xF81F,0xF81F,0xF81F,0xF81F,0xF81F,0xF81F,
    0xF81F,0xF81F,0xF81F,0xF81F,0xF81F,0xF81F,0xF81F,0xF81F,0xF81F,0xF81F,0xF81F,0xF81F,
    0xF81F,0xF81F,0xF81F,0xF81F,0xF81F,0xF81F,0xF81F,0xF81F,0xF81F,0xF81F,0xF81F,0xF81F,
    0xF81F,0xF81F,0xF81F,0xF81F,0xF81F,0xF81F,0xF81F,0x0020,0x2146,0x31E8,0x31C8,0x31A8,
    0x31A8,0x31C8,0x29A7,0x4A6A,0x94F3,0x2A28,0x3289,0x3309,0xDF5B,0xD73B,0x33CA,0x344A,
    0x4CAC,0xF7FE,0x7C31,0x2146,0x31E8,0x39E9,0x31C8,0x31A7,0x2146,0x2125,0x2125,0x2145,
    0x18E4,0xF81F,0xF81F,0xF81F,0xF81F,0xF81F,0xF81F,0xF81F,0xF81F,0xF81F,0xF81F,0xF81F,
    0xF81F,0xF81F,0xF81F,0xF81F,0xF81F,0xF81F,0xF81F,0xF81F,0xF81F,0xF81F,0xF81F,0xF81F,
    0xF81F,0xF81F,0xF81F,0xF81F,0xF81F,0xF81F,0xF81F,0xF81F,0xF81F,0xF81F,0xF81F,0xF81F,
    0xF81F,0xF81F,0xF81F,0xF81F,
    0xF81F,0xF81F,0xF81F,0xF81F,0xF81F,0xF81F,0xF81F,0xF81F,0xF81F,0xF81F,0xF81F,0xF81F,
    0xF81F,0xF81F,0xF81F,0xF81F,0xF81F,0xF81F,0xF81F,0xF81F,0xF81F,0xF81F,0xF81F,0xF81F,
    0xF81F,0xF81F,0xF81F,0xF81F,0xF81F,0xF81F,0xF81F,0xF81F,0xF81F,0xF81F,0xF81F,0xF81F,
    0xF81F,0xF81F,0xF81F,0xF81F,0xF81F,0xF81F,0xF81F,0xF81F,0xF81F,0x10A3,0x2987,0x31C8,
    0x31A8,0x31A7,0x31A8,0x31C8,0x31C8,0x3167,0x3188,0x20E5,0xADB6,0xADB6,0x20C5,0x3148,
    0x2907,0xBE58,0x52CB,0x2967,0x31C8,0x31A7,0x2966,0x2125,0x2105,0x2125,0x2105,0x2105,
    0x1905,0x0020,0xF81F,0xF81F,0xF81F,0xF81F,0xF81F,0xF81F,0xF81F,0xF81F,0xF81F,0xF81F,
    0xF81F,0xF81F,0xF81F,0xF81F,0xF81F,0xF81F,0xF81F,0xF81F,0xF81F,0xF81F,0xF81F,0xF81F,
    0xF81F,0xF81F,0xF81F,0xF81F,0xF81F,0xF81F,0xF81F,0xF81F,0xF81F,0xF81F,0xF81F,0xF81F,
    0xF81F,0xF81F,0xF81F,0xF81F,
    0xF81F,0xF81F,0xF81F,0xF81F,0xF81F,0xF81F,0xF81F,0xF81F,0xF81F,0xF81F,0xF81F,0xF81F,
    0xF81F,0xF81F,0xF81F,0xF81F,0xF81F,0xF81F,0xF81F,0xF81F,0xF81F,0xF81F,0xF81F,0xF81F,
    0xF81F,0xF81F,0xF81F,0xF81F,0xF81F,0xF81F,0xF81F,0xF81F,0xF81F,0xF81F,0xF81F,0xF81F,
    0xF81F,0xF81F,0xF81F,0xF81F,0xF81F,0xF81F,0xF81F,0xF81F,0xF81F,0xF81F,0x0020,0x18E4,
    0x2987,0x31A8,0x31A7,0x31A7,0x31A7,0x31A8,0x31C8,0x2146,0x636E,0x636D,0x2146,0x31C8,
    0x29A7,0x52AB,0x31C8,0x31A7,0x2966,0x1905,0x1905,0x1905,0x1905,0x1905,0x1905,0x1905,
    0x2105,0x0841,0xF81F,0xF81F,0xF81F,0xF81F,0xF81F,0xF81F,0xF81F,0xF81F,0xF81F,0xF81F,
    0xF81F,0xF81F,0xF81F,0xF81F,0xF81F,0xF81F,0xF81F,0xF81F,0xF81F,0xF81F,0xF81F,0xF81F,
    0xF81F,0xF81F,0xF81F,0xF81F,0xF81F,0xF81F,0xF81F,0xF81F,0xF81F,0xF81F,0xF81F,0xF81F,
    0xF81F,0xF81F,0xF81F,0xF81F,
    0xF81F,0xF81F,0xF81F,0xF81F,0xF81F,0xF81F,0xF81F,0xF81F,0xF81F,0xF81F,0xF81F,0xF81F,
    0xF81F,0xF81F,0xF81F,0xF81F,0xF81F,0xF81F,0xF81F,0xF81F,0xF81F,0xF81F,0xF81F,0xF81F,
    0xF81F,0xF81F,0xF81F,0xF81F,0xF81F,0xF81F,0xF81F,0xF81F,0xF81F,0xF81F,0xF81F,0xF81F,
    0xF81F,0xF81F,0xF81F,0xF81F,0xF81F,0xF81F,0xF81F,0xF81F,0xF81F,0xF81F,0xF81F,0xF81F,
    0x0020,0x2125,0x31A7,0x2987,0x31A7,0x31A7,0x31A7,0x31A7,0x31A7,0x31A7,0x31A7,0x31A7,
    0x31A7,0x2967,0x2967,0x2987,0x2125,0x18C4,0x1905,0x18E4,0x1904,0x1904,0x1904,0x18E4,
    0x1905,0x0862,0xF81F,0xF81F,0xF81F,0xF81F,0xF81F,0xF81F,0xF81F,0xF81F,0xF81F,0xF81F,
    0xF81F,0xF81F,0xF81F,0xF81F,0xF81F,0xF81F,0xF81F,0xF81F,0xF81F,0xF81F,0xF81F,0xF81F,
    0xF81F,0xF81F,0xF81F,0xF81F,0xF81F,0xF81F,0xF81F,0xF81F,0xF81F,0xF81F,0xF81F,0xF81F,
    0xF81F,0xF81F,0xF81F,0xF81F,
    0xF81F,0xF81F,0xF81F,0xF81F,0xF81F,0xF81F,0xF81F,0xF81F,0xF81F,0xF81F,0xF81F,0xF81F,
    0xF81F,0xF81F,0xF81F,0xF81F,0xF81F,0xF81F,0xF81F,0xF81F,0xF81F,0xF81F,0xF81F,0xF81F,
    0xF81F,0xF81F,0xF81F,0xF81F,0xF81F,0xF81F,0xF81F,0xF81F,0xF81F,0xF81F,0xF81F,0xF81F,
    0xF81F,0xF81F,0xF81F,0xF81F,0xF81F,0xF81F,0xF81F,0xF81F,0xF81F,0xF81F,0xF81F,0xF81F,
    0xF81F,0x1905,0x2987,0x2966,0x2967,0x2967,0x2987,0x2987,0x2987,0x2987,0x2987,0x2967,
    0x2967,0x2967,0x2966,0x2987,0x2126,0x10C4,0x18E4,0x18E4,0x18E4,0x18E4,0x18E4,0x18E4,
    0x1904,0x10A3,0xF81F,0xF81F,0xF81F,0xF81F,0xF81F,0xF81F,0xF81F,0xF81F,0xF81F,0xF81F,
    0xF81F,0xF81F,0xF81F,0xF81F,0xF81F,0xF81F,0xF81F,0xF81F,0xF81F,0xF81F,0xF81F,0xF81F,
    0xF81F,0xF81F,0xF81F,0xF81F,0xF81F,0xF81F,0xF81F,0xF81F,0xF81F,0xF81F,0xF81F,0xF81F,
    0xF81F,0xF81F,0xF81F,0xF81F,
    0xF81F,0xF81F,0xF81F,0xF81F,0xF81F,0xF81F,0xF81F,0xF81F,0xF81F,0xF81F,0xF81F,0xF81F,
    0xF81F,0xF81F,0xF81F,0xF81F,0xF81F,0xF81F,0xF81F,0xF81F,0xF81F,0xF81F,0xF81F,0xF81F,
    0xF81F,0xF81F,0xF81F,0xF81F,0xF81F,0xF81F,0xF81F,0xF81F,0xF81F,0xF81F,0xF81F,0xF81F,
    0xF81F,0xF81F,0xF81F,0xF81F,0xF81F,0xF81F,0xF81F,0xF81F,0xF81F,0xF81F,0xF81F,0xF81F,
    0xF81F,0x2125,0x2967,0x2966,0x2966,0x2966,0x2966,0x2966,0x2966,0x2966,0x2966,0x2966,
    0x2966,0x2966,0x2966,0x2967,0x2146,0x10C3,0x18E4,0x18E4,0x18E4,0x18E4,0x18C4,0x10A3,
    0x1082,0x0841,0xF81F,0xF81F,0xF81F,0xF81F,0xF81F,0xF81F,0xF81F,0xF81F,0xF81F,0xF81F,
    0xF81F,0xF81F,0xF81F,0xF81F,0xF81F,0xF81F,0xF81F,0xF81F,0xF81F,0xF81F,0xF81F,0xF81F,
    0xF81F,0xF81F,0xF81F,0xF81F,0xF81F,0xF81F,0xF81F,0xF81F,0xF81F,0xF81F,0xF81F,0xF81F,
    0xF81F,0xF81F,0xF81F,0xF81F,
    0xF81F,0xF81F,0xF81F,0xF81F,0xF81F,0xF81F,0xF81F,0xF81F,0xF81F,0xF81F,0xF81F,0xF81F,
    0xF81F,0xF81F,0xF81F,0xF81F,0xF81F,0xF81F,0xF81F,0xF81F,0xF81F,0xF81F,0xF81F,0xF81F,
    0xF81F,0xF81F,0xF81F,0xF81F,0xF81F,0xF81F,0xF81F,0xF81F,0xF81F,0xF81F,0xF81F,0xF81F,
    0xF81F,0xF81F,0xF81F,0xF81F,0xF81F,0x0862,0x1905,0x1905,0x2105,0x10A3,0xF81F,0xF81F,
    0x0020,0x2146,0x2966,0x2966,0x2966,0x2966,0x2966,0x2966,0x2966,0x2966,0x2966,0x2966,
    0x2966,0x2966,0x2966,0x2966,0x2146,0x10C3,0x10A3,0x1083,0x0862,0x0841,0x0000,0xF81F,
    0xF81F,0xF81F,0xF81F,0xF81F,0xF81F,0xF81F,0xF81F,0xF81F,0xF81F,0xF81F,0xF81F,0xF81F,
    0xF81F,0xF81F,0xF81F,0xF81F,0xF81F,0xF81F,0xF81F,0xF81F,0xF81F,0xF81F,0xF81F,0xF81F,
    0xF81F,0xF81F,0xF81F,0xF81F,0xF81F,0xF81F,0xF81F,0xF81F,0xF81F,0xF81F,0xF81F,0xF81F,
    0xF81F,0xF81F,0xF81F,0xF81F,
    0xF81F,0xF81F,0xF81F,0xF81F,0xF81F,0xF81F,0xF81F,0xF81F,0xF81F,0xF81F,0xF81F,0xF81F,
    0xF81F,0xF81F,0xF81F,0xF81F,0xF81F,0xF81F,0xF81F,0xF81F,0xF81F,0xF81F,0xF81F,0xF81F,
    0xF81F,0xF81F,0xF81F,0xF81F,0xF81F,0xF81F,0xF81F,0xF81F,0xF81F,0xF81F,0xF81F,0xF81F,
    0xF81F,0xF81F,0xF81F,0xF81F,0x0862,0x2987,0x2987,0x2987,0x2987,0x29A7,0x1904,0xF81F,
    0x0021,0x2146,0x2966,0x2146,0x2966,0x2966,0x2966,0x2966,0x2966,0x2966,0x2966,0x2966,
    0x2966,0x2966,0x2966,0x2146,0x2966,0x0862,0x0000,0xF81F,0xF81F,0xF81F,0xF81F,0xF81F,
    0xF81F,0xF81F,0xF81F,0xF81F,0xF81F,0xF81F,0xF81F,0xF81F,0xF81F,0xF81F,0xF81F,0xF81F,
    0xF81F,0xF81F,0xF81F,0xF81F,0xF81F,0xF81F,0xF81F,0xF81F,0xF81F,0xF81F,0xF81F,0xF81F,
    0xF81F,0xF81F,0xF81F,0xF81F,0xF81F,0xF81F,0xF81F,0xF81F,0xF81F,0xF81F,0xF81F,0xF81F,
    0xF81F,0xF81F,0xF81F,0xF81F,
    0xF81F,0xF81F,0xF81F,0xF81F,0xF81F,0xF81F,0xF81F,0xF81F,0xF81F,0xF81F,0xF81F,0xF81F,
    0xF81F,0xF81F,0xF81F,0xF81F,0xF81F,0xF81F,0xF81F,0xF81F,0xF81F,0xF81F,0xF81F,0xF81F,
    0xF81F,0xF81F,0xF81F,0xF81F,0xF81F,0xF81F,0xF81F,0xF81F,0xF81F,0xF81F,0xF81F,0xF81F,
    0xF81F,0xF81F,0xF81F,0xF81F,0x2125,0x2987,0x2946,0x2966,0x2966,0x2966,0x2987,0x0021,
    0x0021,0x2146,0x2146,0x2146,0x2146,0x2146,0x2146,0x2146,0x2146,0x2146,0x2146,0x2146,
    0x2146,0x2146,0x2146,0x2146,0x2966,0x0862,0xF81F,0xF81F,0xF81F,0xF81F,0xF81F,0xF81F,
    0xF81F,0xF81F,0xF81F,0xF81F,0xF81F,0xF81F,0xF81F,0xF81F,0xF81F,0xF81F,0xF81F,0xF81F,
    0xF81F,0xF81F,0xF81F,0xF81F,0xF81F,0xF81F,0xF81F,0xF81F,0xF81F,0xF81F,0xF81F,0xF81F,
    0xF81F,0xF81F,0xF81F,0xF81F,0xF81F,0xF81F,0xF81F,0xF81F,0xF81F,0xF81F,0xF81F,0xF81F,
    0xF81F,0xF81F,0xF81F,0xF81F,
    0xF81F,0xF81F,0xF81F,0xF81F,0xF81F,0xF81F,0xF81F,0xF81F,0xF81F,0xF81F,0xF81F,0xF81F,
    0xF81F,0xF81F,0xF81F,0xF81F,0xF81F,0xF81F,0xF81F,0xF81F,0xF81F,0xF81F,0xF81F,0xF81F,
    0xF81F,0xF81F,0xF81F,0xF81F,0xF81F,0xF81F,0xF81F,0xF81F,0xF81F,0xF81F,0xF81F,0xF81F,
    0xF81F,0xF81F,0xF81F,0xF81F,0x2125,0x2966,0x2946,0x2966,0x2966,0x2146,0x2966,0x0841,
    0x0041,0x2966,0x2146,0x2146,0x2146,0x2146,0x2146,0x2146,0x2146,0x2146,0x2146,0x2146,
    0x2146,0x2146,0x2146,0x2146,0x2966,0x1082,0xF81F,0xF81F,0xF81F,0xF81F,0xF81F,0xF81F,
    0xF81F,0xF81F,0xF81F,0xF81F,0xF81F,0xF81F,0xF81F,0xF81F,0xF81F,0xF81F,0xF81F,0xF81F,
    0xF81F,0xF81F,0xF81F,0xF81F,0xF81F,0xF81F,0xF81F,0xF81F,0xF81F,0xF81F,0xF81F,0xF81F,
    0xF81F,0xF81F,0xF81F,0xF81F,0xF81F,0xF81F,0xF81F,0xF81F,0xF81F,0xF81F,0xF81F,0xF81F,
    0xF81F,0xF81F,0xF81F,0xF81F,
    0xF81F,0xF81F,0xF81F,0xF81F,0xF81F,0xF81F,0xF81F,0xF81F,0xF81F,0xF81F,0xF81F,0xF81F,
    0xF81F,0xF81F,0xF81F,0xF81F,0xF81F,0xF81F,0xF81F,0xF81F,0xF81F,0xF81F,0xF81F,0xF81F,
    0xF81F,0xF81F,0xF81F,0xF81F,0xF81F,0xF81F,0xF81F,0xF81F,0xF81F,0xF81F,0xF81F,0xF81F,
    0xF81F,0xF81F,0xF81F,0xF81F,0x2125,0x2966,0x2146,0x2146,0x2146,0x2146,0x2966,0x0841,
    0x0861,0x2966,0x2126,0x2146,0x2146,0x2146,0x2146,0x2146,0x2146,0x2146,0x2146,0x2146,
    0x2146,0x2146,0x2146,0x2126,0x2966,0x10C3,0xF81F,0xF81F,0xF81F,0xF81F,0xF81F,0xF81F,
    0xF81F,0xF81F,0xF81F,0xF81F,0xF81F,0xF81F,0xF81F,0xF81F,0xF81F,0xF81F,0xF81F,0xF81F,
    0xF81F,0xF81F,0xF81F,0xF81F,0xF81F,0xF81F,0xF81F,0xF81F,0xF81F,0xF81F,0xF81F,0xF81F,
    0xF81F,0xF81F,0xF81F,0xF81F,0xF81F,0xF81F,0xF81F,0xF81F,0xF81F,0xF81F,0xF81F,0xF81F,
    0xF81F,0xF81F,0xF81F,0xF81F,
    0xF81F,0xF81F,0xF81F,0xF81F,0xF81F,0xF81F,0xF81F,0xF81F,0xF81F,0xF81F,0xF81F,0xF81F,
    0xF81F,0xF81F,0xF81F,0xF81F,0xF81F,0xF81F,0xF81F,0xF81F,0xF81F,0xF81F,0xF81F,0xF81F,
    0xF81F,0xF81F,0xF81F,0xF81F,0xF81F,0xF81F,0xF81F,0xF81F,0xF81F,0xF81F,0xF81F,0xF81F,
    0xF81F,0xF81F,0xF81F,0xF81F,0x1905,0x2146,0x2146,0x2146,0x2146,0x2146,0x2966,0x0841,
    0x0882,0x2146,0x2125,0x2146,0x2146,0x2146,0x2146,0x2146,0x2146,0x2146,0x2146,0x2146,
    0x2146,0x2146,0x2146,0x2125,0x2146,0x18E4,0xF81F,0xF81F,0xF81F,0xF81F,0xF81F,0xF81F,
    0xF81F,0xF81F,0xF81F,0xF81F,0xF81F,0xF81F,0xF81F,0xF81F,0xF81F,0xF81F,0xF81F,0xF81F,
    0xF81F,0xF81F,0xF81F,0xF81F,0xF81F,0xF81F,0xF81F,0xF81F,0xF81F,0xF81F,0xF81F,0xF81F,
    0xF81F,0xF81F,0xF81F,0xF81F,0xF81F,0xF81F,0xF81F,0xF81F,0xF81F,0xF81F,0xF81F,0xF81F,
    0xF81F,0xF81F,0xF81F,0xF81F,
    0xF81F,0xF81F,0xF81F,0xF81F,0xF81F,0xF81F,0xF81F,0xF81F,0xF81F,0xF81F,0xF81F,0xF81F,
    0xF81F,0xF81F,0xF81F,0xF81F,0xF81F,0xF81F,0xF81F,0xF81F,0xF81F,0xF81F,0xF81F,0xF81F,
    0xF81F,0xF81F,0xF81F,0xF81F,0xF81F,0xF81F,0xF81F,0xF81F,0xF81F,0xF81F,0xF81F,0xF81F,
    0xF81F,0xF81F,0xF81F,0xF81F,0x1905,0x2146,0x2146,0x2146,0x2146,0x2125,0x2146,0x0841,
    0x10A3,0x2146,0x2125,0x2125,0x2125,0x2125,0x2125,0x2125,0x2125,0x2125,0x2125,0x2125,
    0x2125,0x2125,0x2125,0x2125,0x2146,0x1904,0xF81F,0xF81F,0xF81F,0xF81F,0xF81F,0xF81F,
    0xF81F,0xF81F,0xF81F,0xF81F,0xF81F,0xF81F,0xF81F,0xF81F,0xF81F,0xF81F,0xF81F,0xF81F,
    0xF81F,0xF81F,0xF81F,0xF81F,0xF81F,0xF81F,0xF81F,0xF81F,0xF81F,0xF81F,0xF81F,0xF81F,
    0xF81F,0xF81F,0xF81F,0xF81F,0xF81F,0xF81F,0xF81F,0xF81F,0xF81F,0xF81F,0xF81F,0xF81F,
    0xF81F,0xF81F,0xF81F,0xF81F,
    0xF81F,0xF81F,0xF81F,0xF81F,0xF81F,0xF81F,0xF81F,0xF81F,0xF81F,0xF81F,0xF81F,0xF81F,
    0xF81F,0xF81F,0xF81F,0xF81F,0xF81F,0xF81F,0xF81F,0xF81F,0xF81F,0xF81F,0xF81F,0xF81F,
    0xF81F,0xF81F,0xF81F,0xF81F,0xF81F,0xF81F,0xF81F,0xF81F,0xF81F,0xF81F,0xF81F,0xF81F,
    0xF81F,0xF81F,0xF81F,0xF81F,0x18E4,0x2146,0x2125,0x2125,0x2125,0x2125,0x2146,0x0841,
    0x10A3,0x2146,0x2125,0x2125,0x2125,0x2125,0x2125,0x2125,0x2125,0x2125,0x2125,0x2125,
    0x2125,0x2125,0x2125,0x2125,0x2125,0x2105,0xF81F,0xF81F,0xF81F,0xF81F,0xF81F,0xF81F,
    0xF81F,0xF81F,0xF81F,0xF81F,0xF81F,0xF81F,0xF81F,0xF81F,0xF81F,0xF81F,0xF81F,0xF81F,
    0xF81F,0xF81F,0xF81F,0xF81F,0xF81F,0xF81F,0xF81F,0xF81F,0xF81F,0xF81F,0xF81F,0xF81F,
    0xF81F,0xF81F,0xF81F,0xF81F,0xF81F,0xF81F,0xF81F,0xF81F,0xF81F,0xF81F,0xF81F,0xF81F,
    0xF81F,0xF81F,0xF81F,0xF81F,
    0xF81F,0xF81F,0xF81F,0xF81F,0xF81F,0xF81F,0xF81F,0xF81F,0xF81F,0xF81F,0xF81F,0xF81F,
    0xF81F,0xF81F,0xF81F,0xF81F,0xF81F,0xF81F,0xF81F,0xF81F,0xF81F,0xF81F,0xF81F,0xF81F,
    0xF81F,0xF81F,0xF81F,0xF81F,0xF81F,0xF81F,0xF81F,0xF81F,0xF81F,0xF81F,0xF81F,0xF81F,
    0xF81F,0xF81F,0xF81F,0xF81F,0x18E4,0x2125,0x2125,0x2125,0x2125,0x2125,0x2126,0x0841,
    0x10C3,0x2145,0x2125,0x2125,0x2125,0x2125,0x2125,0x2125,0x2125,0x2125,0x2125,0x2125,
    0x2125,0x2125,0x2125,0x2125,0x2125,0x2125,0x0020,0xF81F,0xF81F,0xF81F,0xF81F,0xF81F,
    0xF81F,0xF81F,0xF81F,0xF81F,0xF81F,0xF81F,0xF81F,0xF81F,0xF81F,0xF81F,0xF81F,0xF81F,
    0xF81F,0xF81F,0xF81F,0xF81F,0xF81F,0xF81F,0xF81F,0xF81F,0xF81F,0xF81F,0xF81F,0xF81F,
    0xF81F,0xF81F,0xF81F,0xF81F,0xF81F,0xF81F,0xF81F,0xF81F,0xF81F,0xF81F,0xF81F,0xF81F,
    0xF81F,0xF81F,0xF81F,0xF81F,
    0xF81F,0xF81F,0xF81F,0xF81F,0xF81F,0xF81F,0xF81F,0xF81F,0xF81F,0xF81F,0xF81F,0xF81F,
    0xF81F,0xF81F,0xF81F,0xF81F,0xF81F,0xF81F,0xF81F,0xF81F,0xF81F,0xF81F,0xF81F,0xF81F,
    0xF81F,0xF81F,0xF81F,0xF81F,0xF81F,0xF81F,0xF81F,0xF81F,0xF81F,0xF81F,0xF81F,0xF81F,
    0xF81F,0xF81F,0xF81F,0xF81F,0x18E4,0x2125,0x2125,0x2125,0x2125,0x2105,0x2125,0x0041,
    0x18C4,0x2125,0x2125,0x2125,0x2125,0x2125,0x2125,0x2125,0x2125,0x2125,0x2125,0x2125,
    0x2125,0x2125,0x2125,0x2125,0x2125,0x2125,0x0841,0xF81F,0xF81F,0xF81F,0xF81F,0xF81F,
    0xF81F,0xF81F,0xF81F,0xF81F,0xF81F,0xF81F,0xF81F,0xF81F,0xF81F,0xF81F,0xF81F,0xF81F,
    0xF81F,0xF81F,0xF81F,0xF81F,0xF81F,0xF81F,0xF81F,0xF81F,0xF81F,0xF81F,0xF81F,0xF81F,
    0xF81F,0xF81F,0xF81F,0xF81F,0xF81F,0xF81F,0xF81F,0xF81F,0xF81F,0xF81F,0xF81F,0xF81F,
    0xF81F,0xF81F,0xF81F,0xF81F,
    0xF81F,0xF81F,0xF81F,0xF81F,0xF81F,0xF81F,0xF81F,0xF81F,0xF81F,0xF81F,0xF81F,0xF81F,
    0xF81F,0xF81F,0xF81F,0xF81F,0xF81F,0xF81F,0xF81F,0xF81F,0xF81F,0xF81F,0xF81F,0xF81F,
    0xF81F,0xF81F,0xF81F,0xF81F,0xF81F,0xF81F,0xF81F,0xF81F,0xF81F,0xF81F,0xF81F,0xF81F,
    0xF81F,0xF81F,0xF81F,0xF81F,0x18E4,0x2125,0x2105,0x2125,0x2125,0x2105,0x2125,0x0841,
    0x18E4,0x2125,0x2105,0x2125,0x2125,0x2125,0x2125,0x2125,0x2125,0x2125,0x2125,0x2125,
    0x2125,0x2125,0x2125,0x2125,0x1905,0x2125,0x0862,0xF81F,0xF81F,0xF81F,0xF81F,0xF81F,
    0xF81F,0xF81F,0xF81F,0xF81F,0xF81F,0xF81F,0xF81F,0xF81F,0xF81F,0xF81F,0xF81F,0xF81F,
    0xF81F,0xF81F,0xF81F,0xF81F,0xF81F,0xF81F,0xF81F,0xF81F,0xF81F,0xF81F,0xF81F,0xF81F,
    0xF81F,0xF81F,0xF81F,0xF81F,0xF81F,0xF81F,0xF81F,0xF81F,0xF81F,0xF81F,0xF81F,0xF81F,
    0xF81F,0xF81F,0xF81F,0xF81F,
    0xF81F,0xF81F,0xF81F,0xF81F,0xF81F,0xF81F,0xF81F,0xF81F,0xF81F,0xF81F,0xF81F,0xF81F,
    0xF81F,0xF81F,0xF81F,0xF81F,0xF81F,0xF81F,0xF81F,0xF81F,0xF81F,0xF81F,0xF81F,0xF81F,
    0xF81F,0xF81F,0xF81F,0xF81F,0xF81F,0xF81F,0xF81F,0xF81F,0xF81F,0xF81F,0xF81F,0xF81F,
    0xF81F,0xF81F,0xF81F,0xF81F,0x18C4,0x2105,0x1905,0x1905,0x1905,0x1905,0x1905,0x0841,
    0x18E4,0x2105,0x1905,0x2105,0x2105,0x2105,0x2105,0x2105,0x2105,0x2105,0x2105,0x2105,
    0x2105,0x2105,0x2105,0x2105,0x1905,0x2125,0x0882,0xF81F,0xF81F,0xF81F,0xF81F,0xF81F,
    0xF81F,0xF81F,0xF81F,0xF81F,0xF81F,0xF81F,0xF81F,0xF81F,0xF81F,0xF81F,0xF81F,0xF81F,
    0xF81F,0xF81F,0xF81F,0xF81F,0xF81F,0xF81F,0xF81F,0xF81F,0xF81F,0xF81F,0xF81F,0xF81F,
    0xF81F,0xF81F,0xF81F,0xF81F,0xF81F,0xF81F,0xF81F,0xF81F,0xF81F,0xF81F,0xF81F,0xF81F,
    0xF81F,0xF81F,0xF81F,0xF81F,
    0xF81F,0xF81F,0xF81F,0xF81F,0xF81F,0xF81F,0xF81F,0xF81F,0xF81F,0xF81F,0xF81F,0xF81F,
    0xF81F,0xF81F,0xF81F,0xF81F,0xF81F,0xF81F,0xF81F,0xF81F,0xF81F,0xF81F,0xF81F,0xF81F,
    0xF81F,0xF81F,0xF81F,0xF81F,0xF81F,0xF81F,0xF81F,0xF81F,0xF81F,0xF81F,0xF81F,0xF81F,
    0xF81F,0xF81F,0xF81F,0xF81F,0x18C4,0x1905,0x1904,0x1905,0x1905,0x1905,0x1904,0x0861,
    0x18E4,0x1905,0x1905,0x1905,0x1905,0x1905,0x1905,0x1905,0x1905,0x1905,0x1905,0x1905,
    0x1905,0x1905,0x1905,0x1905,0x1904,0x2125,0x1083,0xF81F,0xF81F,0xF81F,0xF81F,0xF81F,
    0xF81F,0xF81F,0xF81F,0xF81F,0xF81F,0xF81F,0xF81F,0xF81F,0xF81F,0xF81F,0xF81F,0xF81F,
    0xF81F,0xF81F,0xF81F,0xF81F,0xF81F,0xF81F,0xF81F,0xF81F,0xF81F,0xF81F,0xF81F,0xF81F,
    0xF81F,0xF81F,0xF81F,0xF81F,0xF81F,0xF81F,0xF81F,0xF81F,0xF81F,0xF81F,0xF81F,0xF81F,
    0xF81F,0xF81F,0xF81F,0xF81F,
    0xF81F,0xF81F,0xF81F,0xF81F,0xF81F,0xF81F,0xF81F,0xF81F,0xF81F,0xF81F,0xF81F,0xF81F,
    0xF81F,0xF81F,0xF81F,0xF81F,0xF81F,0xF81F,0xF81F,0xF81F,0xF81F,0xF81F,0xF81F,0xF81F,
    0xF81F,0xF81F,0xF81F,0xF81F,0xF81F,0xF81F,0xF81F,0xF81F,0xF81F,0xF81F,0xF81F,0xF81F,
    0xF81F,0xF81F,0xF81F,0xF81F,0x18C3,0x1904,0x18E4,0x1904,0x1904,0x1904,0x18E4,0x0862,
    0x18E4,0x1905,0x1904,0x1905,0x1905,0x1905,0x1905,0x1905,0x1905,0x1905,0x1905,0x1905,
    0x1905,0x1905,0x1905,0x1905,0x1904,0x2105,0x10A3,0xF81F,0xF81F,0xF81F,0xF81F,0xF81F,
    0xF81F,0xF81F,0xF81F,0xF81F,0xF81F,0xF81F,0xF81F,0xF81F,0xF81F,0xF81F,0xF81F,0xF81F,
    0xF81F,0xF81F,0xF81F,0xF81F,0xF81F,0xF81F,0xF81F,0xF81F,0xF81F,0xF81F,0xF81F,0xF81F,
    0xF81F,0xF81F,0xF81F,0xF81F,0xF81F,0xF81F,0xF81F,0xF81F,0xF81F,0xF81F,0xF81F,0xF81F,
    0xF81F,0xF81F,0xF81F,0xF81F,
    0xF81F,0xF81F,0xF81F,0xF81F,0xF81F,0xF81F,0xF81F,0xF81F,0xF81F,0xF81F,0xF81F,0xF81F,
    0xF81F,0xF81F,0xF81F,0xF81F,0xF81F,0xF81F,0xF81F,0xF81F,0xF81F,0xF81F,0xF81F,0xF81F,
    0xF81F,0xF81F,0xF81F,0xF81F,0xF81F,0xF81F,0xF81F,0xF81F,0xF81F,0xF81F,0xF81F,0xF81F,
    0xF81F,0xF81F,0xF81F,0xF81F,0x10C3,0x1904,0x18E4,0x18E4,0x18E4,0x18E4,0x18E4,0x0882,
    0x18E4,0x1904,0x1904,0x1904,0x1904,0x1904,0x1904,0x1904,0x1904,0x1904,0x1904,0x1904,
    0x1904,0x1904,0x1904,0x1904,0x18E4,0x1905,0x18C4,0xF81F,0xF81F,0xF81F,0xF81F,0xF81F,
    0xF81F,0xF81F,0xF81F,0xF81F,0xF81F,0xF81F,0xF81F,0xF81F,0xF81F,0xF81F,0xF81F,0xF81F,
    0xF81F,0xF81F,0xF81F,0xF81F,0xF81F,0xF81F,0xF81F,0xF81F,0xF81F,0xF81F,0xF81F,0xF81F,
    0xF81F,0xF81F,0xF81F,0xF81F,0xF81F,0xF81F,0xF81F,0xF81F,0xF81F,0xF81F,0xF81F,0xF81F,
    0xF81F,0xF81F,0xF81F,0xF81F,
    0xF81F,0xF81F,0xF81F,0xF81F,0xF81F,0xF81F,0xF81F,0xF81F,0xF81F,0xF81F,0xF81F,0xF81F,
    0xF81F,0xF81F,0xF81F,0xF81F,0xF81F,0xF81F,0xF81F,0xF81F,0xF81F,0xF81F,0xF81F,0xF81F,
    0xF81F,0xF81F,0xF81F,0xF81F,0xF81F,0xF81F,0xF81F,0xF81F,0xF81F,0xF81F,0xF81F,0xF81F,
    0xF81F,0xF81F,0xF81F,0xF81F,0x10C3,0x18E4,0x18E4,0x18E4,0x18E4,0x18E4,0x18E4,0x1082,
    0x18E4,0x18E4,0x18E4,0x18E4,0x18E4,0x18E4,0x18E4,0x18E4,0x18E4,0x18E4,0x18E4,0x18E4,
    0x18E4,0x18E4,0x18E4,0x18E4,0x18E4,0x1904,0x18C4,0x0000,0xF81F,0xF81F,0xF81F,0xF81F,
    0xF81F,0xF81F,0xF81F,0xF81F,0xF81F,0xF81F,0xF81F,0xF81F,0xF81F,0xF81F,0xF81F,0xF81F,
    0xF81F,0xF81F,0xF81F,0xF81F,0xF81F,0xF81F,0xF81F,0xF81F,0xF81F,0xF81F,0xF81F,0xF81F,
    0xF81F,0xF81F,0xF81F,0xF81F,0xF81F,0xF81F,0xF81F,0xF81F,0xF81F,0xF81F,0xF81F,0xF81F,
    0xF81F,0xF81F,0xF81F,0xF81F,
    0xF81F,0xF81F,0xF81F,0xF81F,0xF81F,0xF81F,0xF81F,0xF81F,0xF81F,0xF81F,0xF81F,0xF81F,
    0xF81F,0xF81F,0xF81F,0xF81F,0xF81F,0xF81F,0xF81F,0xF81F,0xF81F,0xF81F,0xF81F,0xF81F,
    0xF81F,0xF81F,0xF81F,0xF81F,0xF81F,0xF81F,0xF81F,0xF81F,0xF81F,0xF81F,0xF81F,0xF81F,
    0xF81F,0xF81F,0xF81F,0xF81F,0x10A3,0x18E4,0x18C4,0x18E4,0x18E4,0x18E4,0x10C4,0x10A3,
    0x18E4,0x18E4,0x18E4,0x18E4,0x18E4,0x18E4,0x18E4,0x18E4,0x18E4,0x18E4,0x18E4,0x18E4,
    0x18E4,0x18E4,0x18E4,0x18E4,0x18E4,0x18E4,0x18E4,0x0020,0xF81F,0xF81F,0xF81F,0xF81F,
    0xF81F,0xF81F,0xF81F,0xF81F,0xF81F,0xF81F,0xF81F,0xF81F,0xF81F,0xF81F,0xF81F,0xF81F,
    0xF81F,0xF81F,0xF81F,0xF81F,0xF81F,0xF81F,0xF81F,0xF81F,0xF81F,0xF81F,0xF81F,0xF81F,
    0xF81F,0xF81F,0xF81F,0xF81F,0xF81F,0xF81F,0xF81F,0xF81F,0xF81F,0xF81F,0xF81F,0xF81F,
    0xF81F,0xF81F,0xF81F,0xF81F,
    0xF81F,0xF81F,0xF81F,0xF81F,0xF81F,0xF81F,0xF81F,0xF81F,0xF81F,0xF81F,0xF81F,0xF81F,
    0xF81F,0xF81F,0xF81F,0xF81F,0xF81F,0xF81F,0xF81F,0xF81F,0xF81F,0xF81F,0xF81F,0xF81F,
    0xF81F,0xF81F,0xF81F,0xF81F,0xF81F,0xF81F,0xF81F,0xF81F,0xF81F,0xF81F,0xF81F,0xF81F,
    0xF81F,0xF81F,0xF81F,0xF81F,0x10A3,0x18E4,0x10C4,0x18C4,0x18C4,0x18C4,0x10C3,0x10A3,
    0x18E4,0x18E4,0x18E4,0x18E4,0x18E4,0x18E4,0x18E4,0x18E4,0x18E4,0x18E4,0x18E4,0x18E4,
    0x18E4,0x18E4,0x18E4,0x18E4,0x18E4,0x18E4,0x18E4,0x0021,0xF81F,0xF81F,0xF81F,0xF81F,
    0xF81F,0xF81F,0xF81F,0xF81F,0xF81F,0xF81F,0xF81F,0xF81F,0xF81F,0xF81F,0xF81F,0xF81F,
    0xF81F,0xF81F,0xF81F,0xF81F,0xF81F,0xF81F,0xF81F,0xF81F,0xF81F,0xF81F,0xF81F,0xF81F,
    0xF81F,0xF81F,0xF81F,0xF81F,0xF81F,0xF81F,0xF81F,0xF81F,0xF81F,0xF81F,0xF81F,0xF81F,
    0xF81F,0xF81F,0xF81F,0xF81F,
    0xF81F,0xF81F,0xF81F,0xF81F,0xF81F,0xF81F,0xF81F,0xF81F,0xF81F,0xF81F,0xF81F,0xF81F,
    0xF81F,0xF81F,0xF81F,0xF81F,0xF81F,0xF81F,0xF81F,0xF81F,0xF81F,0xF81F,0xF81F,0xF81F,
    0xF81F,0xF81F,0xF81F,0xF81F,0xF81F,0xF81F,0xF81F,0xF81F,0xF81F,0xF81F,0xF81F,0xF81F,
    0xF81F,0xF81F,0xF81F,0xF81F,0x10A3,0x10C4,0x10C3,0x10C3,0x10C3,0x10C3,0x10C3,0x10C3,
    0x18E4,0x18E4,0x18E4,0x18E4,0x18E4,0x18E4,0x18E4,0x18E4,0x18E4,0x18E4,0x18E4,0x18E4,
    0x18E4,0x18E4,0x18E4,0x18E4,0x18E4,0x18E4,0x18E4,0x0841,0xF81F,0xF81F,0xF81F,0xF81F,
    0xF81F,0xF81F,0xF81F,0xF81F,0xF81F,0xF81F,0xF81F,0xF81F,0xF81F,0xF81F,0xF81F,0xF81F,
    0xF81F,0xF81F,0xF81F,0xF81F,0xF81F,0xF81F,0xF81F,0xF81F,0xF81F,0xF81F,0xF81F,0xF81F,
    0xF81F,0xF81F,0xF81F,0xF81F,0xF81F,0xF81F,0xF81F,0xF81F,0xF81F,0xF81F,0xF81F,0xF81F,
    0xF81F,0xF81F,0xF81F,0xF81F,
    0xF81F,0xF81F,0xF81F,0xF81F,0xF81F,0xF81F,0xF81F,0xF81F,0xF81F,0xF81F,0xF81F,0xF81F,
    0xF81F,0xF81F,0xF81F,0xF81F,0xF81F,0xF81F,0xF81F,0xF81F,0xF81F,0xF81F,0xF81F,0xF81F,
    0xF81F,0xF81F,0xF81F,0xF81F,0xF81F,0xF81F,0xF81F,0xF81F,0xF81F,0xF81F,0xF81F,0xF81F,
    0xF81F,0xF81F,0xF81F,0xF81F,0x0841,0x18C4,0x10C3,0x10C3,0x10C3,0x18C4,0x0882,0x10A3,
    0x18E4,0x10C3,0x18E4,0x18E4,0x18E4,0x18E4,0x18E4,0x18C4,0x18E4,0x18E4,0x18C4,0x18E4,
    0x18E4,0x18E4,0x18E4,0x18E4,0x18C4,0x18C3,0x18E4,0x0862,0xF81F,0xF81F,0xF81F,0xF81F,
    0xF81F,0xF81F,0xF81F,0xF81F,0xF81F,0xF81F,0xF81F,0xF81F,0xF81F,0xF81F,0xF81F,0xF81F,
    0xF81F,0xF81F,0xF81F,0xF81F,0xF81F,0xF81F,0xF81F,0xF81F,0xF81F,0xF81F,0xF81F,0xF81F,
    0xF81F,0xF81F,0xF81F,0xF81F,0xF81F,0xF81F,0xF81F,0xF81F,0xF81F,0xF81F,0xF81F,0xF81F,
    0xF81F,0xF81F,0xF81F,0xF81F,
    0xF81F,0xF81F,0xF81F,0xF81F,0xF81F,0xF81F,0xF81F,0xF81F,0xF81F,0xF81F,0xF81F,0xF81F,
    0xF81F,0xF81F,0xF81F,0xF81F,0xF81F,0xF81F,0xF81F,0xF81F,0xF81F,0xF81F,0xF81F,0xF81F,
    0xF81F,0xF81F,0xF81F,0xF81F,0xF81F,0xF81F,0xF81F,0xF81F,0xF81F,0xF81F,0xF81F,0xF81F,
    0xF81F,0xF81F,0xF81F,0xF81F,0xF81F,0x0841,0x1082,0x10A3,0x10A3,0x0862,0x0000,0x10A3,
    0x18E4,0x2126,0x2967,0x2967,0x2967,0x2967,0x2967,0x2105,0x10C4,0x10C4,0x2125,0x2967,
    0x2967,0x2967,0x2967,0x2967,0x2146,0x18C4,0x18E4,0x0862,0xF81F,0xF81F,0xF81F,0xF81F,
    0xF81F,0xF81F,0xF81F,0xF81F,0xF81F,0xF81F,0xF81F,0xF81F,0xF81F,0xF81F,0xF81F,0xF81F,
    0xF81F,0xF81F,0xF81F,0xF81F,0xF81F,0xF81F,0xF81F,0xF81F,0xF81F,0xF81F,0xF81F,0xF81F,
    0xF81F,0xF81F,0xF81F,0xF81F,0xF81F,0xF81F,0xF81F,0xF81F,0xF81F,0xF81F,0xF81F,0xF81F,
    0xF81F,0xF81F,0xF81F,0xF81F,
    0xF81F,0xF81F,0xF81F,0xF81F,0xF81F,0xF81F,0xF81F,0xF81F,0xF81F,0xF81F,0xF81F,0xF81F,
    0xF81F,0xF81F,0xF81F,0xF81F,0xF81F,0xF81F,0xF81F,0xF81F,0xF81F,0xF81F,0xF81F,0xF81F,
    0xF81F,0xF81F,0xF81F,0xF81F,0xF81F,0xF81F,0xF81F,0xF81F,0xF81F,0xF81F,0xF81F,0xF81F,
    0xF81F,0xF81F,0xF81F,0xF81F,0xF81F,0xF81F,0xF81F,0xF81F,0xF81F,0xF81F,0xF81F,0x10A3,
    0x2125,0x2967,0x2966,0x2966,0x2966,0x2966,0x2966,0x2967,0x18E4,0x18E4,0x2987,0x2966,
    0x2966,0x2966,0x2966,0x2966,0x2987,0x2125,0x10C4,0x1082,0xF81F,0xF81F,0xF81F,0xF81F,
    0xF81F,0xF81F,0xF81F,0xF81F,0xF81F,0xF81F,0xF81F,0xF81F,0xF81F,0xF81F,0xF81F,0xF81F,
    0xF81F,0xF81F,0xF81F,0xF81F,0xF81F,0xF81F,0xF81F,0xF81F,0xF81F,0xF81F,0xF81F,0xF81F,
    0xF81F,0xF81F,0xF81F,0xF81F,0xF81F,0xF81F,0xF81F,0xF81F,0xF81F,0xF81F,0xF81F,0xF81F,
    0xF81F,0xF81F,0xF81F,0xF81F,
    0xF81F,0xF81F,0xF81F,0xF81F,0xF81F,0xF81F,0xF81F,0xF81F,0xF81F,0xF81F,0xF81F,0xF81F,
    0xF81F,0xF81F,0xF81F,0xF81F,0xF81F,0xF81F,0xF81F,0xF81F,0xF81F,0xF81F,0xF81F,0xF81F,
    0xF81F,0xF81F,0xF81F,0xF81F,0xF81F,0xF81F,0xF81F,0xF81F,0xF81F,0xF81F,0xF81F,0xF81F,
    0xF81F,0xF81F,0xF81F,0xF81F,0xF81F,0xF81F,0xF81F,0xF81F,0xF81F,0xF81F,0x0000,0x10A3,
    0x2146,0x2146,0x2146,0x2146,0x2146,0x2146,0x2146,0x2966,0x1905,0x1905,0x2966,0x2146,
    0x2146,0x2146,0x2146,0x2146,0x2966,0x2146,0x18C4,0x10A3,0xF81F,0xF81F,0xF81F,0xF81F,
    0xF81F,0xF81F,0xF81F,0xF81F,0xF81F,0xF81F,0xF81F,0xF81F,0xF81F,0xF81F,0xF81F,0xF81F,
    0xF81F,0xF81F,0xF81F,0xF81F,0xF81F,0xF81F,0xF81F,0xF81F,0xF81F,0xF81F,0xF81F,0xF81F,
    0xF81F,0xF81F,0xF81F,0xF81F,0xF81F,0xF81F,0xF81F,0xF81F,0xF81F,0xF81F,0xF81F,0xF81F,
    0xF81F,0xF81F,0xF81F,0xF81F,
    0xF81F,0xF81F,0xF81F,0xF81F,0xF81F,0xF81F,0xF81F,0xF81F,0xF81F,0xF81F,0xF81F,0xF81F,
    0xF81F,0xF81F,0xF81F,0xF81F,0xF81F,0xF81F,0xF81F,0xF81F,0xF81F,0xF81F,0xF81F,0xF81F,
    0xF81F,0xF81F,0xF81F,0xF81F,0xF81F,0xF81F,0xF81F,0xF81F,0xF81F,0xF81F,0xF81F,0xF81F,
    0xF81F,0xF81F,0xF81F,0xF81F,0xF81F,0xF81F,0xF81F,0xF81F,0xF81F,0xF81F,0x0000,0x10A3,
    0x2146,0x2146,0x2146,0x2146,0x2146,0x2146,0x2146,0x2166,0x1904,0x1905,0x2166,0x2146,
    0x2146,0x2146,0x2146,0x2146,0x2146,0x2125,0x10C3,0x10A3,0x0000,0xF81F,0xF81F,0xF81F,
    0xF81F,0xF81F,0xF81F,0xF81F,0xF81F,0xF81F,0xF81F,0xF81F,0xF81F,0xF81F,0xF81F,0xF81F,
    0xF81F,0xF81F,0xF81F,0xF81F,0xF81F,0xF81F,0xF81F,0xF81F,0xF81F,0xF81F,0xF81F,0xF81F,
    0xF81F,0xF81F,0xF81F,0xF81F,0xF81F,0xF81F,0xF81F,0xF81F,0xF81F,0xF81F,0xF81F,0xF81F,
    0xF81F,0xF81F,0xF81F,0xF81F,
    0xF81F,0xF81F,0xF81F,0xF81F,0xF81F,0xF81F,0xF81F,0xF81F,0xF81F,0xF81F,0xF81F,0xF81F,
    0xF81F,0xF81F,0xF81F,0xF81F,0xF81F,0xF81F,0xF81F,0xF81F,0xF81F,0xF81F,0xF81F,0xF81F,
    0xF81F,0xF81F,0xF81F,0xF81F,0xF81F,0xF81F,0xF81F,0xF81F,0xF81F,0xF81F,0xF81F,0xF81F,
    0xF81F,0xF81F,0xF81F,0xF81F,0xF81F,0xF81F,0xF81F,0xF81F,0xF81F,0xF81F,0x0021,0x10C3,
    0x2125,0x2146,0x2146,0x2146,0x2146,0x2146,0x2146,0x2146,0x1904,0x1905,0x2146,0x2146,
    0x2146,0x2146,0x2146,0x2146,0x2146,0x2125,0x10C3,0x10C3,0x0000,0xF81F,0xF81F,0xF81F,
    0xF81F,0xF81F,0xF81F,0xF81F,0xF81F,0xF81F,0xF81F,0xF81F,0xF81F,0xF81F,0xF81F,0xF81F,
    0xF81F,0xF81F,0xF81F,0xF81F,0xF81F,0xF81F,0xF81F,0xF81F,0xF81F,0xF81F,0xF81F,0xF81F,
    0xF81F,0xF81F,0xF81F,0xF81F,0xF81F,0xF81F,0xF81F,0xF81F,0xF81F,0xF81F,0xF81F,0xF81F,
    0xF81F,0xF81F,0xF81F,0xF81F,
    0xF81F,0xF81F,0xF81F,0xF81F,0xF81F,0xF81F,0xF81F,0xF81F,0xF81F,0xF81F,0xF81F,0xF81F,
    0xF81F,0xF81F,0xF81F,0xF81F,0xF81F,0xF81F,0xF81F,0xF81F,0xF81F,0xF81F,0xF81F,0xF81F,
    0xF81F,0xF81F,0xF81F,0xF81F,0xF81F,0xF81F,0xF81F,0xF81F,0xF81F,0xF81F,0xF81F,0xF81F,
    0xF81F,0xF81F,0xF81F,0xF81F,0xF81F,0xF81F,0xF81F,0xF81F,0xF81F,0xF81F,0x0020,0x0862,
    0x2105,0x2125,0x2125,0x2125,0x2125,0x2125,0x2125,0x2146,0x10C3,0x10C3,0x2146,0x2125,
    0x2125,0x2125,0x2125,0x2125,0x2125,0x1905,0x0862,0x0862,0x0000,0xF81F,0xF81F,0xF81F,
    0xF81F,0xF81F,0xF81F,0xF81F,0xF81F,0xF81F,0xF81F,0xF81F,0xF81F,0xF81F,0xF81F,0xF81F,
    0xF81F,0xF81F,0xF81F,0xF81F,0xF81F,0xF81F,0xF81F,0xF81F,0xF81F,0xF81F,0xF81F,0xF81F,
    0xF81F,0xF81F,0xF81F,0xF81F,0xF81F,0xF81F,0xF81F,0xF81F,0xF81F,0xF81F,0xF81F,0xF81F,
    0xF81F,0xF81F,0xF81F,0xF81F,
    0xF81F,0xF81F,0xF81F,0xF81F,0xF81F,0xF81F,0xF81F,0xF81F,0xF81F,0xF81F,0xF81F,0xF81F,
    0xF81F,0xF81F,0xF81F,0xF81F,0xF81F,0xF81F,0xF81F,0xF81F,0xF81F,0xF81F,0xF81F,0xF81F,
    0xF81F,0xF81F,0xF81F,0xF81F,0xF81F,0xF81F,0xF81F,0xF81F,0xF81F,0xF81F,0xF81F,0xF81F,
    0xF81F,0xF81F,0xF81F,0xF81F,0xF81F,0xF81F,0xF81F,0xF81F,0xF81F,0xF81F,0xF81F,0xF81F,
    0x18E4,0x2125,0x2105,0x2125,0x2125,0x2125,0x1905,0x2126,0x0882,0x1082,0x2125,0x1905,
    0x2125,0x2125,0x2125,0x2105,0x2125,0x18E4,0xF81F,0xF81F,0xF81F,0xF81F,0xF81F,0xF81F,
    0xF81F,0xF81F,0xF81F,0xF81F,0xF81F,0xF81F,0xF81F,0xF81F,0xF81F,0xF81F,0xF81F,0xF81F,
    0xF81F,0xF81F,0xF81F,0xF81F,0xF81F,0xF81F,0xF81F,0xF81F,0xF81F,0xF81F,0xF81F,0xF81F,
    0xF81F,0xF81F,0xF81F,0xF81F,0xF81F,0xF81F,0xF81F,0xF81F,0xF81F,0xF81F,0xF81F,0xF81F,
    0xF81F,0xF81F,0xF81F,0xF81F,
    0xF81F,0xF81F,0xF81F,0xF81F,0xF81F,0xF81F,0xF81F,0xF81F,0xF81F,0xF81F,0xF81F,0xF81F,
    0xF81F,0xF81F,0xF81F,0xF81F,0xF81F,0xF81F,0xF81F,0xF81F,0xF81F,0xF81F,0xF81F,0xF81F,
    0xF81F,0xF81F,0xF81F,0xF81F,0xF81F,0xF81F,0xF81F,0xF81F,0xF81F,0xF81F,0xF81F,0xF81F,
    0xF81F,0xF81F,0xF81F,0xF81F,0xF81F,0xF81F,0xF81F,0xF81F,0xF81F,0xF81F,0xF81F,0xF81F,
    0x18E4,0x2125,0x1905,0x2105,0x2105,0x2105,0x1904,0x2125,0x0882,0x1082,0x2125,0x1904,
    0x2105,0x2105,0x2105,0x1905,0x2125,0x18E4,0xF81F,0xF81F,0xF81F,0xF81F,0xF81F,0xF81F,
    0xF81F,0xF81F,0xF81F,0xF81F,0xF81F,0xF81F,0xF81F,0xF81F,0xF81F,0xF81F,0xF81F,0xF81F,
    0xF81F,0xF81F,0xF81F,0xF81F,0xF81F,0xF81F,0xF81F,0xF81F,0xF81F,0xF81F,0xF81F,0xF81F,
    0xF81F,0xF81F,0xF81F,0xF81F,0xF81F,0xF81F,0xF81F,0xF81F,0xF81F,0xF81F,0xF81F,0xF81F,
    0xF81F,0xF81F,0xF81F,0xF81F,
    0xF81F,0xF81F,0xF81F,0xF81F,0xF81F,0xF81F,0xF81F,0xF81F,0xF81F,0xF81F,0xF81F,0xF81F,
    0xF81F,0xF81F,0xF81F,0xF81F,0xF81F,0xF81F,0xF81F,0xF81F,0xF81F,0xF81F,0xF81F,0xF81F,
    0xF81F,0xF81F,0xF81F,0xF81F,0xF81F,0xF81F,0xF81F,0xF81F,0xF81F,0xF81F,0xF81F,0xF81F,
    0xF81F,0xF81F,0xF81F,0xF81F,0xF81F,0xF81F,0xF81F,0xF81F,0xF81F,0xF81F,0xF81F,0xF81F,
    0x18E4,0x1905,0x1904,0x1905,0x1905,0x1905,0x18E4,0x2125,0x0862,0x0882,0x2105,0x18E4,
    0x1905,0x1905,0x1905,0x1904,0x1905,0x18E4,0xF81F,0xF81F,0xF81F,0xF81F,0xF81F,0xF81F,
    0xF81F,0xF81F,0xF81F,0xF81F,0xF81F,0xF81F,0xF81F,0xF81F,0xF81F,0xF81F,0xF81F,0xF81F,
    0xF81F,0xF81F,0xF81F,0xF81F,0xF81F,0xF81F,0xF81F,0xF81F,0xF81F,0xF81F,0xF81F,0xF81F,
    0xF81F,0xF81F,0xF81F,0xF81F,0xF81F,0xF81F,0xF81F,0xF81F,0xF81F,0xF81F,0xF81F,0xF81F,
    0xF81F,0xF81F,0xF81F,0xF81F,
    0xF81F,0xF81F,0xF81F,0xF81F,0xF81F,0xF81F,0xF81F,0xF81F,0xF81F,0xF81F,0xF81F,0xF81F,
    0xF81F,0xF81F,0xF81F,0xF81F,0xF81F,0xF81F,0xF81F,0xF81F,0xF81F,0xF81F,0xF81F,0xF81F,
    0xF81F,0xF81F,0xF81F,0xF81F,0xF81F,0xF81F,0xF81F,0xF81F,0xF81F,0xF81F,0xF81F,0xF81F,
    0xF81F,0xF81F,0xF81F,0xF81F,0xF81F,0xF81F,0xF81F,0xF81F,0xF81F,0xF81F,0xF81F,0xF81F,
    0x18C4,0x1904,0x18E4,0x18E4,0x18E4,0x18E4,0x18E4,0x1905,0x0862,0x0862,0x1905,0x18E4,
    0x18E4,0x18E4,0x18E4,0x18E4,0x1904,0x18C4,0xF81F,0xF81F,0xF81F,0xF81F,0xF81F,0xF81F,
    0xF81F,0xF81F,0xF81F,0xF81F,0xF81F,0xF81F,0xF81F,0xF81F,0xF81F,0xF81F,0xF81F,0xF81F,
    0xF81F,0xF81F,0xF81F,0xF81F,0xF81F,0xF81F,0xF81F,0xF81F,0xF81F,0xF81F,0xF81F,0xF81F,
    0xF81F,0xF81F,0xF81F,0xF81F,0xF81F,0xF81F,0xF81F,0xF81F,0xF81F,0xF81F,0xF81F,0xF81F,
    0xF81F,0xF81F,0xF81F,0xF81F,
    0xF81F,0xF81F,0xF81F,0xF81F,0xF81F,0xF81F,0xF81F,0xF81F,0xF81F,0xF81F,0xF81F,0xF81F,
    0xF81F,0xF81F,0xF81F,0xF81F,0xF81F,0xF81F,0xF81F,0xF81F,0xF81F,0xF81F,0xF81F,0xF81F,
    0xF81F,0xF81F,0xF81F,0xF81F,0xF81F,0xF81F,0xF81F,0xF81F,0xF81F,0xF81F,0xF81F,0xF81F,
    0xF81F,0xF81F,0xF81F,0xF81F,0xF81F,0xF81F,0xF81F,0xF81F,0xF81F,0xF81F,0xF81F,0xF81F,
    0x10C3,0x18E4,0x18E4,0x18E4,0x18E4,0x18E4,0x18E4,0x18E4,0x0862,0x0862,0x18E4,0x18E4,
    0x18E4,0x18E4,0x18E4,0x18E4,0x18E4,0x10C3,0xF81F,0xF81F,0xF81F,0xF81F,0xF81F,0xF81F,
    0xF81F,0xF81F,0xF81F,0xF81F,0xF81F,0xF81F,0xF81F,0xF81F,0xF81F,0xF81F,0xF81F,0xF81F,
    0xF81F,0xF81F,0xF81F,0xF81F,0xF81F,0xF81F,0xF81F,0xF81F,0xF81F,0xF81F,0xF81F,0xF81F,
    0xF81F,0xF81F,0xF81F,0xF81F,0xF81F,0xF81F,0xF81F,0xF81F,0xF81F,0xF81F,0xF81F,0xF81F,
    0xF81F,0xF81F,0xF81F,0xF81F,
    0xF81F,0xF81F,0xF81F,0xF81F,0xF81F,0xF81F,0xF81F,0xF81F,0xF81F,0xF81F,0xF81F,0xF81F,
    0xF81F,0xF81F,0xF81F,0xF81F,0xF81F,0xF81F,0xF81F,0xF81F,0xF81F,0xF81F,0xF81F,0xF81F,
    0xF81F,0xF81F,0xF81F,0xF81F,0xF81F,0xF81F,0xF81F,0xF81F,0xF81F,0xF81F,0xF81F,0xF81F,
    0xF81F,0xF81F,0xF81F,0xF81F,0xF81F,0xF81F,0xF81F,0xF81F,0xF81F,0xF81F,0xF81F,0xF81F,
    0x10A3,0x18C4,0x18C4,0x18C4,0x18C4,0x18C4,0x18C3,0x18E4,0x0861,0x0862,0x18E4,0x18C3,
    0x18C4,0x18C4,0x18C4,0x18C4,0x18C4,0x10A3,0xF81F,0xF81F,0xF81F,0xF81F,0xF81F,0xF81F,
    0xF81F,0xF81F,0xF81F,0xF81F,0xF81F,0xF81F,0xF81F,0xF81F,0xF81F,0xF81F,0xF81F,0xF81F,
    0xF81F,0xF81F,0xF81F,0xF81F,0xF81F,0xF81F,0xF81F,0xF81F,0xF81F,0xF81F,0xF81F,0xF81F,
    0xF81F,0xF81F,0xF81F,0xF81F,0xF81F,0xF81F,0xF81F,0xF81F,0xF81F,0xF81F,0xF81F,0xF81F,
    0xF81F,0xF81F,0xF81F,0xF81F,
    0xF81F,0xF81F,0xF81F,0xF81F,0xF81F,0xF81F,0xF81F,0xF81F,0xF81F,0xF81F,0xF81F,0xF81F,
    0xF81F,0xF81F,0xF81F,0xF81F,0xF81F,0xF81F,0xF81F,0xF81F,0xF81F,0xF81F,0xF81F,0xF81F,
    0xF81F,0xF81F,0xF81F,0xF81F,0xF81F,0xF81F,0xF81F,0xF81F,0xF81F,0xF81F,0xF81F,0xF81F,
    0xF81F,0xF81F,0xF81F,0xF81F,0xF81F,0xF81F,0xF81F,0xF81F,0xF81F,0xF81F,0xF81F,0xF81F,
    0x0862,0x18E4,0x18C4,0x18C4,0x18C4,0x18C4,0x18C4,0x10C3,0x0020,0x0020,0x18C4,0x18C4,
    0x18C4,0x18C4,0x18C4,0x18C4,0x18E4,0x0862,0xF81F,0xF81F,0xF81F,0xF81F,0xF81F,0xF81F,
    0xF81F,0xF81F,0xF81F,0xF81F,0xF81F,0xF81F,0xF81F,0xF81F,0xF81F,0xF81F,0xF81F,0xF81F,
    0xF81F,0xF81F,0xF81F,0xF81F,0xF81F,0xF81F,0xF81F,0xF81F,0xF81F,0xF81F,0xF81F,0xF81F,
    0xF81F,0xF81F,0xF81F,0xF81F,0xF81F,0xF81F,0xF81F,0xF81F,0xF81F,0xF81F,0xF81F,0xF81F,
    0xF81F,0xF81F,0xF81F,0xF81F,
    0xF81F,0xF81F,0xF81F,0xF81F,0xF81F,0xF81F,0xF81F,0xF81F,0xF81F,0xF81F,0xF81F,0xF81F,
    0xF81F,0xF81F,0xF81F,0xF81F,0xF81F,0xF81F,0xF81F,0xF81F,0xF81F,0xF81F,0xF81F,0xF81F,
    0xF81F,0xF81F,0xF81F,0xF81F,0xF81F,0xF81F,0xF81F,0xF81F,0xF81F,0xF81F,0xF81F,0xF81F,
    0xF81F,0xF81F,0xF81F,0xF81F,0xF81F,0xF81F,0xF81F,0xF81F,0xF81F,0xF81F,0xF81F,0xF81F,
    0xF81F,0x0861,0x10A3,0x10A3,0x10A3,0x10A3,0x10A3,0x0021,0xF81F,0xF81F,0x0041,0x10A3,
    0x10A3,0x10A3,0x10A3,0x10A3,0x0862,0xF81F,0xF81F,0xF81F,0xF81F,0xF81F,0xF81F,0xF81F,
    0xF81F,0xF81F,0xF81F,0xF81F,0xF81F,0xF81F,0xF81F,0xF81F,0xF81F,0xF81F,0xF81F,0xF81F,
    0xF81F,0xF81F,0xF81F,0xF81F,0xF81F,0xF81F,0xF81F,0xF81F,0xF81F,0xF81F,0xF81F,0xF81F,
    0xF81F,0xF81F,0xF81F,0xF81F,0xF81F,0xF81F,0xF81F,0xF81F,0xF81F,0xF81F,0xF81F,0xF81F,
    0xF81F,0xF81F,0xF81F,0xF81F,
    0xF81F,0xF81F,0xF81F,0xF81F,0xF81F,0xF81F,0xF81F,0xF81F,0xF81F,0xF81F,0xF81F,0xF81F,
    0xF81F,0xF81F,0xF81F,0xF81F,0xF81F,0xF81F,0xF81F,0xF81F,0xF81F,0xF81F,0xF81F,0xF81F,
    0xF81F,0xF81F,0xF81F,0xF81F,0xF81F,0xF81F,0xF81F,0xF81F,0xF81F,0xF81F,0xF81F,0xF81F,
    0xF81F,0xF81F,0xF81F,0xF81F,0xF81F,0xF81F,0xF81F,0xF81F,0xF81F,0xF81F,0xF81F,0xF81F,
    0xF81F,0xF81F,0xF81F,0x0000,0x0000,0x0000,0xF81F,0xF81F,0xF81F,0xF81F,0xF81F,0xF81F,
    0x0000,0x0000,0x0000,0xF81F,0xF81F,0xF81F,0xF81F,0xF81F,0xF81F,0xF81F,0xF81F,0xF81F,
    0xF81F,0xF81F,0xF81F,0xF81F,0xF81F,0xF81F,0xF81F,0xF81F,0xF81F,0xF81F,0xF81F,0xF81F,
    0xF81F,0xF81F,0xF81F,0xF81F,0xF81F,0xF81F,0xF81F,0xF81F,0xF81F,0xF81F,0xF81F,0xF81F,
    0xF81F,0xF81F,0xF81F,0xF81F,0xF81F,0xF81F,0xF81F,0xF81F,0xF81F,0xF81F,0xF81F,0xF81F,
    0xF81F,0xF81F,0xF81F,0xF81F,
    0xF81F,0xF81F,0xF81F,0xF81F,0xF81F,0xF81F,0xF81F,0xF81F,0xF81F,0xF81F,0xF81F,0xF81F,
    0xF81F,0xF81F,0xF81F,0xF81F,0xF81F,0xF81F,0xF81F,0xF81F,0xF81F,0xF81F,0xF81F,0xF81F,
    0xF81F,0xF81F,0xF81F,0xF81F,0xF81F,0xF81F,0xF81F,0xF81F,0xF81F,0xF81F,0xF81F,0xF81F,
    0xF81F,0xF81F,0xF81F,0xF81F,0xF81F,0xF81F,0xF81F,0xF81F,0xF81F,0xF81F,0xF81F,0xF81F,
    0xF81F,0xF81F,0xF81F,0xF81F,0xF81F,0xF81F,0xF81F,0xF81F,0xF81F,0xF81F,0xF81F,0xF81F,
    0xF81F,0xF81F,0xF81F,0xF81F,0xF81F,0xF81F,0xF81F,0xF81F,0xF81F,0xF81F,0xF81F,0xF81F,
    0xF81F,0xF81F,0xF81F,0xF81F,0xF81F,0xF81F,0xF81F,0xF81F,0xF81F,0xF81F,0xF81F,0xF81F,
    0xF81F,0xF81F,0xF81F,0xF81F,0xF81F,0xF81F,0xF81F,0xF81F,0xF81F,0xF81F,0xF81F,0xF81F,
    0xF81F,0xF81F,0xF81F,0xF81F,0xF81F,0xF81F,0xF81F,0xF81F,0xF81F,0xF81F,0xF81F,0xF81F,
    0xF81F,0xF81F,0xF81F,0xF81F,
    0xF81F,0xF81F,0xF81F,0xF81F,0xF81F,0xF81F,0xF81F,0xF81F,0xF81F,0xF81F,0xF81F,0xF81F,
    0xF81F,0xF81F,0xF81F,0xF81F,0xF81F,0xF81F,0xF81F,0xF81F,0xF81F,0xF81F,0xF81F,0xF81F,
    0xF81F,0xF81F,0xF81F,0xF81F,0xF81F,0xF81F,0xF81F,0xF81F,0xF81F,0xF81F,0xF81F,0xF81F,
    0xF81F,0xF81F,0xF81F,0xF81F,0xF81F,0xF81F,0xF81F,0xF81F,0xF81F,0xF81F,0xF81F,0xF81F,
    0xF81F,0xF81F,0xF81F,0xF81F,0xF81F,0xF81F,0xF81F,0xF81F,0xF81F,0xF81F,0xF81F,0xF81F,
    0xF81F,0xF81F,0xF81F,0xF81F,0xF81F,0xF81F,0xF81F,0xF81F,0xF81F,0xF81F,0xF81F,0xF81F,
    0xF81F,0xF81F,0xF81F,0xF81F,0xF81F,0xF81F,0xF81F,0xF81F,0xF81F,0xF81F,0xF81F,0xF81F,
    0xF81F,0xF81F,0xF81F,0xF81F,0xF81F,0xF81F,0xF81F,0xF81F,0xF81F,0xF81F,0xF81F,0xF81F,
    0xF81F,0xF81F,0xF81F,0xF81F,0xF81F,0xF81F,0xF81F,0xF81F,0xF81F,0xF81F,0xF81F,0xF81F,
    0xF81F,0xF81F,0xF81F,0xF81F,
    0xF81F,0xF81F,0xF81F,0xF81F,0xF81F,0xF81F,0xF81F,0xF81F,0xF81F,0xF81F,0xF81F,0xF81F,
    0xF81F,0xF81F,0xF81F,0xF81F,0xF81F,0xF81F,0xF81F,0xF81F,0xF81F,0xF81F,0xF81F,0xF81F,
    0xF81F,0xF81F,0xF81F,0xF81F,0xF81F,0xF81F,0xF81F,0xF81F,0xF81F,0xF81F,0xF81F,0xF81F,
    0xF81F,0xF81F,0xF81F,0xF81F,0xF81F,0xF81F,0xF81F,0xF81F,0xF81F,0xF81F,0xF81F,0xF81F,
    0xF81F,0xF81F,0xF81F,0xF81F,0xF81F,0xF81F,0xF81F,0xF81F,0xF81F,0xF81F,0xF81F,0xF81F,
    0xF81F,0xF81F,0xF81F,0xF81F,0xF81F,0xF81F,0xF81F,0xF81F,0xF81F,0xF81F,0xF81F,0xF81F,
    0xF81F,0xF81F,0xF81F,0xF81F,0xF81F,0xF81F,0xF81F,0xF81F,0xF81F,0xF81F,0xF81F,0xF81F,
    0xF81F,0xF81F,0xF81F,0xF81F,0xF81F,0xF81F,0xF81F,0xF81F,0xF81F,0xF81F,0xF81F,0xF81F,
    0xF81F,0xF81F,0xF81F,0xF81F,0xF81F,0xF81F,0xF81F,0xF81F,0xF81F,0xF81F,0xF81F,0xF81F,
    0xF81F,0xF81F,0xF81F,0xF81F,
    0xF81F,0xF81F,0xF81F,0xF81F,0xF81F,0xF81F,0xF81F,0xF81F,0xF81F,0xF81F,0xF81F,0xF81F,
    0xF81F,0xF81F,0xF81F,0xF81F,0xF81F,0xF81F,0xF81F,0xF81F,0xF81F,0xF81F,0xF81F,0xF81F,
    0xF81F,0xF81F,0xF81F,0xF81F,0xF81F,0xF81F,0xF81F,0xF81F,0xF81F,0xF81F,0xF81F,0xF81F,
    0xF81F,0xF81F,0xF81F,0xF81F,0xF81F,0xF81F,0xF81F,0xF81F,0xF81F,0xF81F,0xF81F,0xF81F,
    0xF81F,0xF81F,0xF81F,0xF81F,0xF81F,0xF81F,0xF81F,0xF81F,0xF81F,0xF81F,0xF81F,0xF81F,
    0xF81F,0xF81F,0xF81F,0xF81F,0xF81F,0xF81F,0xF81F,0xF81F,0xF81F,0xF81F,0xF81F,0xF81F,
    0xF81F,0xF81F,0xF81F,0xF81F,0xF81F,0xF81F,0xF81F,0xF81F,0xF81F,0xF81F,0xF81F,0xF81F,
    0xF81F,0xF81F,0xF81F,0xF81F,0xF81F,0xF81F,0xF81F,0xF81F,0xF81F,0xF81F,0xF81F,0xF81F,
    0xF81F,0xF81F,0xF81F,0xF81F,0xF81F,0xF81F,0xF81F,0xF81F,0xF81F,0xF81F,0xF81F,0xF81F,
    0xF81F,0xF81F,0xF81F,0xF81F,
    0xF81F,0xF81F,0xF81F,0xF81F,0xF81F,0xF81F,0xF81F,0xF81F,0xF81F,0xF81F,0xF81F,0xF81F,
    0xF81F,0xF81F,0xF81F,0xF81F,0xF81F,0xF81F,0xF81F,0xF81F,0xF81F,0xF81F,0xF81F,0xF81F,
    0xF81F,0xF81F,0xF81F,0xF81F,0xF81F,0xF81F,0xF81F,0xF81F,0xF81F,0xF81F,0xF81F,0xF81F,
    0xF81F,0xF81F,0xF81F,0xF81F,0xF81F,0xF81F,0xF81F,0xF81F,0xF81F,0xF81F,0xF81F,0xF81F,
    0xF81F,0xF81F,0xF81F,0xF81F,0xF81F,0xF81F,0xF81F,0xF81F,0xF81F,0xF81F,0xF81F,0xF81F,
    0xF81F,0xF81F,0xF81F,0xF81F,0xF81F,0xF81F,0xF81F,0xF81F,0xF81F,0xF81F,0xF81F,0xF81F,
    0xF81F,0xF81F,0xF81F,0xF81F,0xF81F,0xF81F,0xF81F,0xF81F,0xF81F,0xF81F,0xF81F,0xF81F,
    0xF81F,0xF81F,0xF81F,0xF81F,0xF81F,0xF81F,0xF81F,0xF81F,0xF81F,0xF81F,0xF81F,0xF81F,
    0xF81F,0xF81F,0xF81F,0xF81F,0xF81F,0xF81F,0xF81F,0xF81F,0xF81F,0xF81F,0xF81F,0xF81F,
    0xF81F,0xF81F,0xF81F,0xF81F,
    0xF81F,0xF81F,0xF81F,0xF81F,0xF81F,0xF81F,0xF81F,0xF81F,0xF81F,0xF81F,0xF81F,0xF81F,
    0xF81F,0xF81F,0xF81F,0xF81F,0xF81F,0xF81F,0xF81F,0xF81F,0xF81F,0xF81F,0xF81F,0xF81F,
    0xF81F,0xF81F,0xF81F,0xF81F,0xF81F,0xF81F,0xF81F,0xF81F,0xF81F,0xF81F,0xF81F,0xF81F,
    0xF81F,0xF81F,0xF81F,0xF81F,0xF81F,0xF81F,0xF81F,0xF81F,0xF81F,0xF81F,0xF81F,0xF81F,
    0xF81F,0xF81F,0xF81F,0xF81F,0xF81F,0xF81F,0xF81F,0xF81F,0xF81F,0xF81F,0xF81F,0xF81F,
    0xF81F,0xF81F,0xF81F,0xF81F,0xF81F,0xF81F,0xF81F,0xF81F,0xF81F,0xF81F,0xF81F,0xF81F,
    0xF81F,0xF81F,0xF81F,0xF81F,0xF81F,0xF81F,0xF81F,0xF81F,0xF81F,0xF81F,0xF81F,0xF81F,
    0xF81F,0xF81F,0xF81F,0xF81F,0xF81F,0xF81F,0xF81F,0xF81F,0xF81F,0xF81F,0xF81F,0xF81F,
    0xF81F,0xF81F,0xF81F,0xF81F,0xF81F,0xF81F,0xF81F,0xF81F,0xF81F,0xF81F,0xF81F,0xF81F,
    0xF81F,0xF81F,0xF81F,0xF81F,
    0xF81F,0xF81F,0xF81F,0xF81F,0xF81F,0xF81F,0xF81F,0xF81F,0xF81F,0xF81F,0xF81F,0xF81F,
    0xF81F,0xF81F,0xF81F,0xF81F,0xF81F,0xF81F,0xF81F,0xF81F,0xF81F,0xF81F,0xF81F,0xF81F,
    0xF81F,0xF81F,0xF81F,0xF81F,0xF81F,0xF81F,0xF81F,0xF81F,0xF81F,0xF81F,0xF81F,0xF81F,
    0xF81F,0xF81F,0xF81F,0xF81F,0xF81F,0xF81F,0xF81F,0xF81F,0xF81F,0xF81F,0xF81F,0xF81F,
    0xF81F,0xF81F,0xF81F,0xF81F,0xF81F,0xF81F,0xF81F,0xF81F,0xF81F,0xF81F,0xF81F,0xF81F,
    0xF81F,0xF81F,0xF81F,0xF81F,0xF81F,0xF81F,0xF81F,0xF81F,0xF81F,0xF81F,0xF81F,0xF81F,
    0xF81F,0xF81F,0xF81F,0xF81F,0xF81F,0xF81F,0xF81F,0xF81F,0xF81F,0xF81F,0xF81F,0xF81F,
    0xF81F,0xF81F,0xF81F,0xF81F,0xF81F,0xF81F,0xF81F,0xF81F,0xF81F,0xF81F,0xF81F,0xF81F,
    0xF81F,0xF81F,0xF81F,0xF81F,0xF81F,0xF81F,0xF81F,0xF81F,0xF81F,0xF81F,0xF81F,0xF81F,
    0xF81F,0xF81F,0xF81F,0xF81F,
    0xF81F,0xF81F,0xF81F,0xF81F,0xF81F,0xF81F,0xF81F,0xF81F,0xF81F,0xF81F,0xF81F,0xF81F,
    0xF81F,0xF81F,0xF81F,0xF81F,0xF81F,0xF81F,0xF81F,0xF81F,0xF81F,0xF81F,0xF81F,0xF81F,
    0xF81F,0xF81F,0xF81F,0xF81F,0xF81F,0xF81F,0xF81F,0xF81F,0xF81F,0xF81F,0xF81F,0xF81F,
    0xF81F,0xF81F,0xF81F,0xF81F,0xF81F,0xF81F,0xF81F,0xF81F,0xF81F,0xF81F,0xF81F,0xF81F,
    0xF81F,0xF81F,0xF81F,0xF81F,0xF81F,0xF81F,0xF81F,0xF81F,0xF81F,0xF81F,0xF81F,0xF81F,
    0xF81F,0xF81F,0xF81F,0xF81F,0xF81F,0xF81F,0xF81F,0xF81F,0xF81F,0xF81F,0xF81F,0xF81F,
    0xF81F,0xF81F,0xF81F,0xF81F,0xF81F,0xF81F,0xF81F,0xF81F,0xF81F,0xF81F,0xF81F,0xF81F,
    0xF81F,0xF81F,0xF81F,0xF81F,0xF81F,0xF81F,0xF81F,0xF81F,0xF81F,0xF81F,0xF81F,0xF81F,
    0xF81F,0xF81F,0xF81F,0xF81F,0xF81F,0xF81F,0xF81F,0xF81F,0xF81F,0xF81F,0xF81F,0xF81F,
    0xF81F,0xF81F,0xF81F,0xF81F,
    0xF81F,0xF81F,0xF81F,0xF81F,0xF81F,0xF81F,0xF81F,0xF81F,0xF81F,0xF81F,0xF81F,0xF81F,
    0xF81F,0xF81F,0xF81F,0xF81F,0xF81F,0xF81F,0xF81F,0xF81F,0xF81F,0xF81F,0xF81F,0xF81F,
    0xF81F,0xF81F,0xF81F,0xF81F,0xF81F,0xF81F,0xF81F,0xF81F,0xF81F,0xF81F,0xF81F,0xF81F,
    0xF81F,0xF81F,0xF81F,0xF81F,0xF81F,0xF81F,0xF81F,0xF81F,0xF81F,0xF81F,0xF81F,0xF81F,
    0xF81F,0xF81F,0xF81F,0xF81F,0xF81F,0xF81F,0xF81F,0xF81F,0xF81F,0xF81F,0xF81F,0xF81F,
    0xF81F,0xF81F,0xF81F,0xF81F,0xF81F,0xF81F,0xF81F,0xF81F,0xF81F,0xF81F,0xF81F,0xF81F,
    0xF81F,0xF81F,0xF81F,0xF81F,0xF81F,0xF81F,0xF81F,0xF81F,0xF81F,0xF81F,0xF81F,0xF81F,
    0xF81F,0xF81F,0xF81F,0xF81F,0xF81F,0xF81F,0xF81F,0xF81F,0xF81F,0xF81F,0xF81F,0xF81F,
    0xF81F,0xF81F,0xF81F,0xF81F,0xF81F,0xF81F,0xF81F,0xF81F,0xF81F,0xF81F,0xF81F,0xF81F,
    0xF81F,0xF81F,0xF81F,0xF81F,
    0xF81F,0xF81F,0xF81F,0xF81F,0xF81F,0xF81F,0xF81F,0xF81F,0xF81F,0xF81F,0xF81F,0xF81F,
    0xF81F,0xF81F,0xF81F,0xF81F,0xF81F,0xF81F,0xF81F,0xF81F,0xF81F,0xF81F,0xF81F,0xF81F,
    0xF81F,0xF81F,0xF81F,0xF81F,0xF81F,0xF81F,0xF81F,0xF81F,0xF81F,0xF81F,0xF81F,0xF81F,
    0xF81F,0xF81F,0xF81F,0xF81F,0xF81F,0xF81F,0xF81F,0xF81F,0xF81F,0xF81F,0xF81F,0xF81F,
    0xF81F,0xF81F,0xF81F,0xF81F,0xF81F,0xF81F,0xF81F,0xF81F,0xF81F,0xF81F,0xF81F,0xF81F,
    0xF81F,0xF81F,0xF81F,0xF81F,0xF81F,0xF81F,0xF81F,0xF81F,0xF81F,0xF81F,0xF81F,0xF81F,
    0xF81F,0xF81F,0xF81F,0xF81F,0xF81F,0xF81F,0xF81F,0xF81F,0xF81F,0xF81F,0xF81F,0xF81F,
    0xF81F,0xF81F,0xF81F,0xF81F,0xF81F,0xF81F,0xF81F,0xF81F,0xF81F,0xF81F,0xF81F,0xF81F,
    0xF81F,0xF81F,0xF81F,0xF81F,0xF81F,0xF81F,0xF81F,0xF81F,0xF81F,0xF81F,0xF81F,0xF81F,
    0xF81F,0xF81F,0xF81F,0xF81F,
    0xF81F,0xF81F,0xF81F,0xF81F,0xF81F,0xF81F,0xF81F,0xF81F,0xF81F,0xF81F,0xF81F,0xF81F,
    0xF81F,0xF81F,0xF81F,0xF81F,0xF81F,0xF81F,0xF81F,0xF81F,0xF81F,0xF81F,0xF81F,0xF81F,
    0xF81F,0xF81F,0xF81F,0xF81F,0xF81F,0xF81F,0xF81F,0xF81F,0xF81F,0xF81F,0xF81F,0xF81F,
    0xF81F,0xF81F,0xF81F,0xF81F,0xF81F,0xF81F,0xF81F,0xF81F,0xF81F,0xF81F,0xF81F,0xF81F,
    0xF81F,0xF81F,0xF81F,0xF81F,0xF81F,0xF81F,0xF81F,0xF81F,0xF81F,0xF81F,0xF81F,0xF81F,
    0xF81F,0xF81F,0xF81F,0xF81F,0xF81F,0xF81F,0xF81F,0xF81F,0xF81F,0xF81F,0xF81F,0xF81F,
    0xF81F,0xF81F,0xF81F,0xF81F,0xF81F,0xF81F,0xF81F,0xF81F,0xF81F,0xF81F,0xF81F,0xF81F,
    0xF81F,0xF81F,0xF81F,0xF81F,0xF81F,0xF81F,0xF81F,0xF81F,0xF81F,0xF81F,0xF81F,0xF81F,
    0xF81F,0xF81F,0xF81F,0xF81F,0xF81F,0xF81F,0xF81F,0xF81F,0xF81F,0xF81F,0xF81F,0xF81F,
    0xF81F,0xF81F,0xF81F,0xF81F,
};

static const uint16_t hd_sentinel_home[64 * 64] PROGMEM = {
    0xF81F,0xF81F,0xF81F,0xF81F,0xF81F,0xF81F,0xF81F,0xF81F,0xF81F,0xF81F,0xF81F,0xF81F,
    0xF81F,0xF81F,0xF81F,0xF81F,0xF81F,0xF81F,0xF81F,0xF81F,0xF81F,0xF81F,0xF81F,0xF81F,
    0xF81F,0xF81F,0xF81F,0xF81F,0xF81F,0xF81F,0xF81F,0xF81F,0xF81F,0xF81F,0xF81F,0xF81F,
    0xF81F,0xF81F,0xF81F,0xF81F,0xF81F,0xF81F,0xF81F,0xF81F,0xF81F,0xF81F,0xF81F,0xF81F,
    0xF81F,0xF81F,0xF81F,0xF81F,0xF81F,0xF81F,0xF81F,0xF81F,0xF81F,0xF81F,0xF81F,0xF81F,
    0xF81F,0xF81F,0xF81F,0xF81F,
    0xF81F,0xF81F,0xF81F,0xF81F,0xF81F,0xF81F,0xF81F,0xF81F,0xF81F,0xF81F,0xF81F,0xF81F,
    0xF81F,0xF81F,0xF81F,0xF81F,0xF81F,0xF81F,0xF81F,0xF81F,0xF81F,0xF81F,0xF81F,0xF81F,
    0xF81F,0xF81F,0xF81F,0xF81F,0xF81F,0xF81F,0xF81F,0xF81F,0xF81F,0xF81F,0xF81F,0xF81F,
    0xF81F,0xF81F,0xF81F,0xF81F,0xF81F,0xF81F,0xF81F,0xF81F,0xF81F,0xF81F,0xF81F,0xF81F,
    0xF81F,0xF81F,0xF81F,0xF81F,0xF81F,0xF81F,0xF81F,0xF81F,0xF81F,0xF81F,0xF81F,0xF81F,
    0xF81F,0xF81F,0xF81F,0xF81F,
    0xF81F,0xF81F,0xF81F,0xF81F,0xF81F,0xF81F,0xF81F,0xF81F,0xF81F,0xF81F,0xF81F,0xF81F,
    0xF81F,0xF81F,0xF81F,0xF81F,0xF81F,0xF81F,0xF81F,0xF81F,0xF81F,0xF81F,0xF81F,0xF81F,
    0xF81F,0xF81F,0xF81F,0xF81F,0xF81F,0xF81F,0xF81F,0xF81F,0xF81F,0xF81F,0xF81F,0xF81F,
    0xF81F,0xF81F,0xF81F,0xF81F,0xF81F,0xF81F,0xF81F,0xF81F,0xF81F,0xF81F,0xF81F,0xF81F,
    0xF81F,0xF81F,0xF81F,0xF81F,0xF81F,0xF81F,0xF81F,0xF81F,0xF81F,0xF81F,0xF81F,0xF81F,
    0xF81F,0xF81F,0xF81F,0xF81F,
    0xF81F,0xF81F,0xF81F,0xF81F,0xF81F,0xF81F,0xF81F,0xF81F,0xF81F,0xF81F,0xF81F,0xF81F,
    0xF81F,0xF81F,0xF81F,0xF81F,0xF81F,0xF81F,0xF81F,0xF81F,0xF81F,0xF81F,0xF81F,0xF81F,
    0xF81F,0xF81F,0xF81F,0xF81F,0xF81F,0xF81F,0xF81F,0xF81F,0xF81F,0xF81F,0xF81F,0xF81F,
    0xF81F,0xF81F,0xF81F,0xF81F,0xF81F,0xF81F,0xF81F,0xF81F,0xF81F,0xF81F,0xF81F,0xF81F,
    0xF81F,0xF81F,0xF81F,0xF81F,0xF81F,0xF81F,0xF81F,0xF81F,0xF81F,0xF81F,0xF81F,0xF81F,
    0xF81F,0xF81F,0xF81F,0xF81F,
    0xF81F,0xF81F,0xF81F,0xF81F,0xF81F,0xF81F,0xF81F,0xF81F,0xF81F,0xF81F,0xF81F,0xF81F,
    0xF81F,0xF81F,0xF81F,0xF81F,0xF81F,0xF81F,0xF81F,0xF81F,0xF81F,0xF81F,0xF81F,0xF81F,
    0xF81F,0xF81F,0xF81F,0xF81F,0xF81F,0xF81F,0xF81F,0xF81F,0xF81F,0xF81F,0xF81F,0xF81F,
    0xF81F,0xF81F,0xF81F,0xF81F,0xF81F,0xF81F,0xF81F,0xF81F,0xF81F,0xF81F,0xF81F,0xF81F,
    0xF81F,0xF81F,0xF81F,0xF81F,0xF81F,0xF81F,0xF81F,0xF81F,0xF81F,0xF81F,0xF81F,0xF81F,
    0xF81F,0xF81F,0xF81F,0xF81F,
    0xF81F,0xF81F,0xF81F,0xF81F,0xF81F,0xF81F,0xF81F,0xF81F,0xF81F,0xF81F,0xF81F,0xF81F,
    0xF81F,0xF81F,0xF81F,0xF81F,0xF81F,0xF81F,0xF81F,0xF81F,0xF81F,0xF81F,0xF81F,0xF81F,
    0xF81F,0xF81F,0xF81F,0xF81F,0xF81F,0xF81F,0xF81F,0xF81F,0xF81F,0xF81F,0xF81F,0xF81F,
    0xF81F,0xF81F,0xF81F,0xF81F,0xF81F,0xF81F,0xF81F,0xF81F,0xF81F,0xF81F,0xF81F,0xF81F,
    0xF81F,0xF81F,0xF81F,0xF81F,0xF81F,0xF81F,0xF81F,0xF81F,0xF81F,0xF81F,0xF81F,0xF81F,
    0xF81F,0xF81F,0xF81F,0xF81F,
    0xF81F,0xF81F,0xF81F,0xF81F,0xF81F,0xF81F,0xF81F,0xF81F,0xF81F,0xF81F,0xF81F,0xF81F,
    0xF81F,0xF81F,0xF81F,0xF81F,0xF81F,0xF81F,0xF81F,0xF81F,0xF81F,0xF81F,0xF81F,0xF81F,
    0xF81F,0xF81F,0xF81F,0xF81F,0xF81F,0xF81F,0xF81F,0xF81F,0xF81F,0xF81F,0xF81F,0xF81F,
    0xF81F,0xF81F,0xF81F,0xF81F,0xF81F,0xF81F,0xF81F,0xF81F,0xF81F,0xF81F,0xF81F,0xF81F,
    0xF81F,0xF81F,0xF81F,0xF81F,0xF81F,0xF81F,0xF81F,0xF81F,0xF81F,0xF81F,0xF81F,0xF81F,
    0xF81F,0xF81F,0xF81F,0xF81F,
    0xF81F,0xF81F,0xF81F,0xF81F,0xF81F,0xF81F,0xF81F,0xF81F,0xF81F,0xF81F,0xF81F,0xF81F,
    0xF81F,0xF81F,0xF81F,0xF81F,0xF81F,0xF81F,0xF81F,0xF81F,0xF81F,0xF81F,0xF81F,0xF81F,
    0xF81F,0xF81F,0xF81F,0xF81F,0xF81F,0xF81F,0xF81F,0xF81F,0xF81F,0xF81F,0xF81F,0xF81F,
    0xF81F,0xF81F,0xF81F,0xF81F,0xF81F,0xF81F,0xF81F,0xF81F,0xF81F,0xF81F,0xF81F,0xF81F,
    0xF81F,0xF81F,0xF81F,0xF81F,0xF81F,0xF81F,0xF81F,0xF81F,0xF81F,0xF81F,0xF81F,0xF81F,
    0xF81F,0xF81F,0xF81F,0xF81F,
    0xF81F,0xF81F,0xF81F,0xF81F,0xF81F,0xF81F,0xF81F,0xF81F,0xF81F,0xF81F,0xF81F,0xF81F,
    0xF81F,0xF81F,0xF81F,0xF81F,0xF81F,0xF81F,0xF81F,0xF81F,0xF81F,0xF81F,0xF81F,0xF81F,
    0xF81F,0xF81F,0xF81F,0xF81F,0xF81F,0xF81F,0xF81F,0xF81F,0xF81F,0xF81F,0xF81F,0xF81F,
    0xF81F,0xF81F,0xF81F,0xF81F,0xF81F,0xF81F,0xF81F,0xF81F,0xF81F,0xF81F,0xF81F,0xF81F,
    0xF81F,0xF81F,0xF81F,0xF81F,0xF81F,0xF81F,0xF81F,0xF81F,0xF81F,0xF81F,0xF81F,0xF81F,
    0xF81F,0xF81F,0xF81F,0xF81F,
    0xF81F,0xF81F,0xF81F,0xF81F,0xF81F,0xF81F,0xF81F,0xF81F,0xF81F,0xF81F,0xF81F,0xF81F,
    0xF81F,0xF81F,0xF81F,0xF81F,0xF81F,0xF81F,0xF81F,0xF81F,0xF81F,0xF81F,0xF81F,0xF81F,
    0xF81F,0xF81F,0xF81F,0xF81F,0xF81F,0xF81F,0xF81F,0xF81F,0xF81F,0xF81F,0xF81F,0xF81F,
    0xF81F,0xF81F,0xF81F,0xF81F,0xF81F,0xF81F,0xF81F,0xF81F,0xF81F,0xF81F,0xF81F,0xF81F,
    0xF81F,0xF81F,0xF81F,0xF81F,0xF81F,0xF81F,0xF81F,0xF81F,0xF81F,0xF81F,0xF81F,0xF81F,
    0xF81F,0xF81F,0xF81F,0xF81F,
    0xF81F,0xF81F,0xF81F,0xF81F,0xF81F,0xF81F,0xF81F,0xF81F,0xF81F,0xF81F,0xF81F,0xF81F,
    0xF81F,0xF81F,0xF81F,0xF81F,0xF81F,0xF81F,0xF81F,0xF81F,0xF81F,0xF81F,0xF81F,0xF81F,
    0xF81F,0xF81F,0xF81F,0xF81F,0xF81F,0xF81F,0xF81F,0x2145,0x2966,0xF81F,0xF81F,0xF81F,
    0xF81F,0xF81F,0xF81F,0xF81F,0xF81F,0xF81F,0xF81F,0xF81F,0xF81F,0xF81F,0xF81F,0xF81F,
    0xF81F,0xF81F,0xF81F,0xF81F,0xF81F,0xF81F,0xF81F,0xF81F,0xF81F,0xF81F,0xF81F,0xF81F,
    0xF81F,0xF81F,0xF81F,0xF81F,
    0xF81F,0xF81F,0xF81F,0xF81F,0xF81F,0xF81F,0xF81F,0xF81F,0xF81F,0xF81F,0xF81F,0xF81F,
    0xF81F,0xF81F,0xF81F,0xF81F,0xF81F,0xF81F,0xF81F,0xF81F,0xF81F,0xF81F,0xF81F,0xF81F,
    0xF81F,0xF81F,0xF81F,0xF81F,0xF81F,0xF81F,0xF81F,0x7C53,0x8494,0x0882,0xF81F,0xF81F,
    0xF81F,0xF81F,0xF81F,0xF81F,0xF81F,0xF81F,0xF81F,0xF81F,0xF81F,0xF81F,0xF81F,0xF81F,
    0xF81F,0xF81F,0xF81F,0xF81F,0xF81F,0xF81F,0xF81F,0xF81F,0xF81F,0xF81F,0xF81F,0xF81F,
    0xF81F,0xF81F,0xF81F,0xF81F,
    0xF81F,0xF81F,0xF81F,0xF81F,0xF81F,0xF81F,0xF81F,0xF81F,0xF81F,0xF81F,0xF81F,0xF81F,
    0xF81F,0xF81F,0xF81F,0xF81F,0xF81F,0xF81F,0xF81F,0xF81F,0xF81F,0xF81F,0xF81F,0xF81F,
    0x0882,0x1082,0x1082,0x1082,0x1082,0x1082,0x18E4,0x5B2E,0x634E,0x1904,0x1082,0x1082,
    0x1082,0x1082,0x1082,0x1082,0xF81F,0xF81F,0xF81F,0xF81F,0xF81F,0xF81F,0xF81F,0xF81F,
    0xF81F,0xF81F,0xF81F,0xF81F,0xF81F,0xF81F,0xF81F,0xF81F,0xF81F,0xF81F,0xF81F,0xF81F,
    0xF81F,0xF81F,0xF81F,0xF81F,
    0xF81F,0xF81F,0xF81F,0xF81F,0xF81F,0xF81F,0xF81F,0xF81F,0xF81F,0xF81F,0xF81F,0xF81F,
    0xF81F,0xF81F,0xF81F,0xF81F,0xF81F,0xF81F,0xF81F,0xF81F,0xF81F,0xF81F,0xF81F,0xF81F,
    0x426B,0x52CD,0x52CC,0x52CC,0x52CC,0x52CC,0x4AAC,0x422A,0x422A,0x4AAC,0x52CC,0x52CC,
    0x52CC,0x52CC,0x52CD,0x4A8C,0xF81F,0xF81F,0xF81F,0xF81F,0xF81F,0xF81F,0xF81F,0xF81F,
    0xF81F,0xF81F,0xF81F,0xF81F,0xF81F,0xF81F,0xF81F,0xF81F,0xF81F,0xF81F,0xF81F,0xF81F,
    0xF81F,0xF81F,0xF81F,0xF81F,
    0xF81F,0xF81F,0xF81F,0xF81F,0xF81F,0xF81F,0xF81F,0xF81F,0xF81F,0xF81F,0xF81F,0xF81F,
    0xF81F,0xF81F,0xF81F,0xF81F,0xF81F,0xF81F,0xF81F,0xF81F,0xF81F,0xF81F,0xF81F,0xF81F,
    0x3A2A,0x4AAC,0x4A8B,0x4A8B,0x4A8B,0x4A8B,0x4A8B,0x424A,0x422A,0x4A8B,0x4A8B,0x4A8B,
    0x4A8B,0x4A8B,0x4A8C,0x422A,0xF81F,0xF81F,0xF81F,0xF81F,0xF81F,0xF81F,0xF81F,0xF81F,
    0xF81F,0xF81F,0xF81F,0xF81F,0xF81F,0xF81F,0xF81F,0xF81F,0xF81F,0xF81F,0xF81F,0xF81F,
    0xF81F,0xF81F,0xF81F,0xF81F,
    0xF81F,0xF81F,0xF81F,0xF81F,0xF81F,0xF81F,0xF81F,0xF81F,0xF81F,0xF81F,0xF81F,0xF81F,
    0xF81F,0xF81F,0xF81F,0xF81F,0xF81F,0xF81F,0xF81F,0xF81F,0xF81F,0xF81F,0xF81F,0xF81F,
    0x31E8,0x4A8C,0x426B,0x428B,0x428C,0x428B,0x428C,0x4A8C,0x4A8C,0x428C,0x428B,0x428C,
    0x428B,0x426B,0x4A8C,0x3A09,0xF81F,0xF81F,0xF81F,0xF81F,0xF81F,0xF81F,0xF81F,0xF81F,
    0xF81F,0xF81F,0xF81F,0xF81F,0xF81F,0xF81F,0xF81F,0xF81F,0xF81F,0xF81F,0xF81F,0xF81F,
    0xF81F,0xF81F,0xF81F,0xF81F,
    0xF81F,0xF81F,0xF81F,0xF81F,0xF81F,0xF81F,0xF81F,0xF81F,0xF81F,0xF81F,0xF81F,0xF81F,
    0xF81F,0xF81F,0xF81F,0xF81F,0xF81F,0xF81F,0xF81F,0xF81F,0xF81F,0xF81F,0xF81F,0xF81F,
    0x31A7,0x4A8B,0x424A,0x4A29,0x4A29,0x4A29,0x4A29,0x4A29,0x4A29,0x4A29,0x4A29,0x4A29,
    0x4A29,0x424A,0x4A8B,0x31C8,0xF81F,0xF81F,0xF81F,0xF81F,0xF81F,0xF81F,0xF81F,0xF81F,
    0xF81F,0xF81F,0xF81F,0xF81F,0xF81F,0xF81F,0xF81F,0xF81F,0xF81F,0xF81F,0xF81F,0xF81F,
    0xF81F,0xF81F,0xF81F,0xF81F,
    0xF81F,0xF81F,0xF81F,0xF81F,0xF81F,0xF81F,0xF81F,0xF81F,0xF81F,0xF81F,0xF81F,0xF81F,
    0xF81F,0xF81F,0xF81F,0xF81F,0xF81F,0xF81F,0xF81F,0xF81F,0xF81F,0xF81F,0xF81F,0xF81F,
    0x2146,0x4A6B,0x3A2A,0x1B32,0x1B73,0x1B53,0x1B53,0x1B53,0x1B53,0x1B53,0x1B53,0x1B73,
    0x1B52,0x3A4B,0x4A6B,0x2166,0xF81F,0xF81F,0xF81F,0xF81F,0xF81F,0xF81F,0xF81F,0xF81F,
    0xF81F,0xF81F,0xF81F,0xF81F,0xF81F,0xF81F,0xF81F,0xF81F,0xF81F,0xF81F,0xF81F,0xF81F,
    0xF81F,0xF81F,0xF81F,0xF81F,
    0xF81F,0xF81F,0xF81F,0xF81F,0xF81F,0xF81F,0xF81F,0xF81F,0xF81F,0xF81F,0xF81F,0xF81F,
    0xF81F,0xF81F,0xF81F,0xF81F,0xF81F,0xF81F,0xF81F,0xF81F,0xF81F,0x0882,0x10A3,0x2125,
    0x31E8,0x3A09,0x2C77,0x6EFF,0x76DF,0x76DF,0x76DF,0x76DF,0x76DF,0x76DF,0x76DF,0x76DF,
    0x76FF,0x2CB8,0x3A09,0x39E9,0x2125,0x10C3,0x0882,0xF81F,0xF81F,0xF81F,0xF81F,0xF81F,
    0xF81F,0xF81F,0xF81F,0xF81F,0xF81F,0xF81F,0xF81F,0xF81F,0xF81F,0xF81F,0xF81F,0xF81F,
    0xF81F,0xF81F,0xF81F,0xF81F,
    0xF81F,0xF81F,0xF81F,0xF81F,0xF81F,0xF81F,0xF81F,0xF81F,0xF81F,0xF81F,0xF81F,0x2125,
    0x39E8,0x3A29,0x4A8B,0x52ED,0x634E,0x6BB0,0x73F1,0x7C32,0x8473,0x8CB5,0x8CB5,0x9516,
    0x6BB0,0x29A8,0x3D7C,0xC7FF,0xC79F,0xC7BF,0xC7BF,0xC7BF,0xC7BF,0xC7BF,0xC7BF,0xC7BF,
    0xCFFF,0x45DD,0x29C9,0x6B8F,0x9537,0x8CB5,0x8CB4,0x8474,0x7C32,0x73F1,0x6BB0,0x634F,
    0x52ED,0x4A8B,0x4229,0x39E8,0x2145,0xF81F,0xF81F,0xF81F,0xF81F,0xF81F,0xF81F,0xF81F,
    0xF81F,0xF81F,0xF81F,0xF81F,
    0xF81F,0xF81F,0xF81F,0xF81F,0xF81F,0xF81F,0xF81F,0xF81F,0xF81F,0xF81F,0xF81F,0x634E,
    0x9D37,0x8CD5,0x8CD5,0x8CB5,0x8CB4,0x8494,0x8474,0x8453,0x7C53,0x7C33,0x7C32,0x7C33,
    0x634F,0x31A7,0x2ACF,0x1CFB,0x1D1C,0x1CFC,0x1CFC,0x1CFC,0x1CFC,0x1CFC,0x1CFC,0x1D1B,
    0x1CFB,0x2310,0x31A7,0x5B2E,0x7C33,0x7C32,0x7C33,0x7C53,0x8453,0x8474,0x8494,0x8C94,
    0x8CB5,0x8CD5,0x8CD5,0x9516,0x6B90,0xF81F,0xF81F,0xF81F,0xF81F,0xF81F,0xF81F,0xF81F,
    0xF81F,0xF81F,0xF81F,0xF81F,
    0xF81F,0xF81F,0xF81F,0xF81F,0xF81F,0xF81F,0xF81F,0xF81F,0xF81F,0xF81F,0xF81F,0x31A7,
    0x73F1,0x6BB0,0x6BB0,0x6BB0,0x6BB0,0x6BB0,0x6BD0,0x6BD1,0x73D1,0x73D1,0x73D1,0x73F1,
    0x634F,0x31C8,0x39C8,0x31C8,0x31C8,0x31C8,0x31C8,0x31C8,0x31C8,0x31C8,0x31C8,0x31C8,
    0x31C8,0x39C8,0x31C8,0x5B2E,0x73F1,0x73D1,0x73D1,0x73D1,0x6BD1,0x6BD0,0x6BB0,0x6BB0,
    0x6BB0,0x6BB0,0x6BB0,0x73F1,0x39E8,0xF81F,0xF81F,0xF81F,0xF81F,0xF81F,0xF81F,0xF81F,
    0xF81F,0xF81F,0xF81F,0xF81F,
    0xF81F,0xF81F,0xF81F,0xF81F,0xF81F,0xF81F,0xF81F,0xF81F,0xF81F,0xF81F,0xF81F,0x1904,
    0x6BB0,0x636F,0x6B90,0x6B90,0x6B90,0x6B90,0x6B90,0x6B90,0x6B90,0x6B90,0x6B8F,0x6BB0,
    0x52ED,0x29A7,0x31C8,0x31C8,0x31C8,0x31C8,0x31C8,0x31C8,0x31C8,0x31C8,0x31C8,0x31C8,
    0x31C8,0x31C8,0x2987,0x52CD,0x6BB0,0x6B8F,0x6B90,0x6B90,0x6B90,0x6B90,0x6B90,0x6B90,
    0x6B90,0x6B90,0x636F,0x6BD1,0x2145,0xF81F,0xF81F,0xF81F,0xF81F,0xF81F,0xF81F,0xF81F,
    0xF81F,0xF81F,0xF81F,0xF81F,
    0xF81F,0xF81F,0xF81F,0xF81F,0xF81F,0xF81F,0xF81F,0xF81F,0xF81F,0xF81F,0xF81F,0x0861,
    0x5B2E,0x634E,0x5B2E,0x5B2E,0x5B2E,0x5B2E,0x5B2E,0x5B2E,0x5B2E,0x5B2E,0x5B2E,0x636F,
    0x424A,0x2967,0x31A8,0x29A7,0x31A8,0x31A8,0x31A8,0x31A8,0x31A8,0x31A8,0x31A8,0x31A8,
    0x31A8,0x31A8,0x2967,0x422A,0x636F,0x5B2E,0x5B2E,0x5B2E,0x5B2E,0x5B2E,0x5B2E,0x5B2E,
    0x5B2E,0x5B2E,0x5B2E,0x5B2E,0x1082,0xF81F,0xF81F,0xF81F,0xF81F,0xF81F,0xF81F,0xF81F,
    0xF81F,0xF81F,0xF81F,0xF81F,
    0xF81F,0xF81F,0xF81F,0xF81F,0xF81F,0xF81F,0xF81F,0xF81F,0xF81F,0xF81F,0xF81F,0xF81F,
    0x4A6B,0x5B0D,0x52CD,0x52ED,0x52ED,0x52ED,0x52ED,0x52ED,0x52ED,0x52ED,0x52CC,0x5B0D,
    0x29A7,0x2125,0x2987,0x2967,0x2967,0x2967,0x2967,0x2967,0x2967,0x2967,0x2967,0x2967,
    0x2967,0x2987,0x2125,0x2966,0x5B0D,0x52CC,0x52ED,0x52ED,0x52ED,0x52ED,0x52ED,0x52ED,
    0x52ED,0x52ED,0x5AED,0x4AAB,0xF81F,0xF81F,0xF81F,0xF81F,0xF81F,0xF81F,0xF81F,0xF81F,
    0xF81F,0xF81F,0xF81F,0xF81F,
    0xF81F,0xF81F,0xF81F,0xF81F,0xF81F,0xF81F,0xF81F,0xF81F,0xF81F,0xF81F,0xF81F,0xF81F,
    0x31C8,0x52CC,0x4A8B,0x4A8B,0x4A8B,0x4A8B,0x4A8B,0x4AAC,0x4AAC,0x4AAC,0x4AAC,0x52CC,
    0x31E8,0x31A8,0x39E9,0x31E8,0x31E9,0x31E9,0x31E8,0x39E9,0x39E9,0x31E8,0x31E9,0x31E9,
    0x31E8,0x39E9,0x31A8,0x31C8,0x52CC,0x4AAC,0x4AAC,0x4AAC,0x4AAC,0x4A8B,0x4A8B,0x4A8B,
    0x4A8B,0x4A8B,0x52AC,0x39E8,0xF81F,0xF81F,0xF81F,0xF81F,0xF81F,0xF81F,0xF81F,0xF81F,
    0xF81F,0xF81F,0xF81F,0xF81F,
    0xF81F,0xF81F,0xF81F,0xF81F,0xF81F,0xF81F,0xF81F,0xF81F,0xF81F,0xF81F,0xF81F,0xF81F,
    0x2125,0x4A6B,0x422A,0x424A,0x424A,0x424A,0x424A,0x426A,0x4AAC,0x4AAC,0x4AAC,0x4AAC,
    0x52CC,0x52CC,0x4AAC,0x52AC,0x52AC,0x4AAC,0x52CC,0x4A8B,0x4A6B,0x52CD,0x4AAC,0x52AC,
    0x52AC,0x4AAC,0x52CC,0x52CC,0x4AAC,0x4AAC,0x4AAC,0x4AAC,0x426B,0x424A,0x424A,0x424A,
    0x424A,0x422A,0x426B,0x2146,0xF81F,0xF81F,0xF81F,0xF81F,0xF81F,0xF81F,0xF81F,0xF81F,
    0xF81F,0xF81F,0xF81F,0xF81F,
    0xF81F,0xF81F,0xF81F,0xF81F,0xF81F,0xF81F,0xF81F,0xF81F,0xF81F,0xF81F,0xF81F,0xF81F,
    0x10A3,0x3A09,0x39E8,0x39E9,0x39E9,0x39E9,0x39E9,0x3A09,0x4A8B,0x4A8B,0x4A8B,0x4A8B,
    0x4A6B,0x4A6B,0x4A8B,0x4A8B,0x4A8B,0x4A8B,0x4AAC,0x39E9,0x31C8,0x4AAC,0x4A6B,0x4A8B,
    0x4A8B,0x4A8B,0x4A8B,0x4A6B,0x4A8B,0x4A8B,0x4A8B,0x4A8B,0x3A09,0x39E9,0x39E9,0x39E9,
    0x39E9,0x39E8,0x3A09,0x10C3,0xF81F,0xF81F,0xF81F,0xF81F,0xF81F,0xF81F,0xF81F,0xF81F,
    0xF81F,0xF81F,0xF81F,0xF81F,
    0xF81F,0xF81F,0xF81F,0xF81F,0xF81F,0xF81F,0xF81F,0xF81F,0xF81F,0xF81F,0xF81F,0xF81F,
    0x0021,0x2987,0x29A7,0x2987,0x29A7,0x29A7,0x29A7,0x31A8,0x426B,0x426B,0x426B,0x426B,
    0x426B,0x426B,0x426B,0x426B,0x426B,0x426B,0x4A8B,0x39E9,0x31C8,0x4A8B,0x426B,0x426B,
    0x426B,0x426B,0x426B,0x426B,0x426B,0x426B,0x426B,0x426B,0x31C8,0x29A7,0x29A7,0x29A7,
    0x29A7,0x2987,0x31A7,0x0841,0xF81F,0xF81F,0xF81F,0xF81F,0xF81F,0xF81F,0xF81F,0xF81F,
    0xF81F,0xF81F,0xF81F,0xF81F,
    0xF81F,0xF81F,0xF81F,0xF81F,0xF81F,0xF81F,0xF81F,0xF81F,0xF81F,0xF81F,0xF81F,0xF81F,
    0x0020,0x2146,0x2146,0x2146,0x2146,0x2146,0x2146,0x2146,0x3A2A,0x424B,0x424A,0x424A,
    0x424A,0x424A,0x424A,0x424A,0x424A,0x424A,0x426B,0x31C8,0x31A7,0x426B,0x424A,0x424A,
    0x424A,0x424A,0x424A,0x424A,0x424A,0x424A,0x424A,0x422A,0x2146,0x2146,0x2146,0x2146,
    0x2146,0x2146,0x2146,0x0041,0xF81F,0xF81F,0xF81F,0xF81F,0xF81F,0xF81F,0xF81F,0xF81F,
    0xF81F,0xF81F,0xF81F,0xF81F,
    0xF81F,0xF81F,0xF81F,0xF81F,0xF81F,0xF81F,0xF81F,0xF81F,0xF81F,0xF81F,0xF81F,0xF81F,
    0x10C3,0x2166,0x2125,0x2146,0x2146,0x2146,0x2146,0x18C4,0x31C8,0x424A,0x3A2A,0x422A,
    0x424A,0x424A,0x424A,0x424A,0x424A,0x424A,0x426B,0x31C8,0x31A7,0x426B,0x424A,0x424A,
    0x424A,0x424A,0x424A,0x424A,0x422A,0x3A2A,0x424A,0x31C8,0x18C4,0x2146,0x2146,0x2146,
    0x2146,0x2146,0x2166,0x10C4,0xF81F,0xF81F,0xF81F,0xF81F,0xF81F,0xF81F,0xF81F,0xF81F,
    0xF81F,0xF81F,0xF81F,0xF81F,
    0xF81F,0xF81F,0xF81F,0xF81F,0xF81F,0xF81F,0xF81F,0xF81F,0xF81F,0xF81F,0xF81F,0xF81F,
    0x18E4,0x2146,0x2125,0x2125,0x2125,0x2125,0x2146,0x18E4,0x2987,0x422A,0x3A09,0x3A09,
    0x31A8,0x31A7,0x31A8,0x31A8,0x31A8,0x31A7,0x31C8,0x2167,0x2166,0x31C8,0x31A8,0x31A8,
    0x31A8,0x31A8,0x31A8,0x31A8,0x3A09,0x3A09,0x422A,0x29A7,0x10C4,0x2146,0x2125,0x2125,
    0x2125,0x2125,0x2146,0x18E4,0xF81F,0xF81F,0xF81F,0xF81F,0xF81F,0xF81F,0xF81F,0xF81F,
    0xF81F,0xF81F,0xF81F,0xF81F,
    0xF81F,0xF81F,0xF81F,0xF81F,0xF81F,0xF81F,0xF81F,0xF81F,0xF81F,0xF81F,0xF81F,0xF81F,
    0x10C4,0x2125,0x2125,0x2125,0x2125,0x2125,0x2126,0x10C4,0x2146,0x3A09,0x39E9,0x39E9,
    0x2967,0x2966,0x2966,0x2966,0x2967,0x2966,0x2925,0x20C4,0x20A3,0x3125,0x2966,0x2967,
    0x2966,0x2966,0x2966,0x2967,0x39E9,0x39E9,0x3A09,0x2966,0x10C3,0x2126,0x2125,0x2125,
    0x2125,0x2125,0x2125,0x18E4,0xF81F,0xF81F,0xF81F,0xF81F,0xF81F,0xF81F,0xF81F,0xF81F,
    0xF81F,0xF81F,0xF81F,0xF81F,
    0xF81F,0xF81F,0xF81F,0xF81F,0xF81F,0xF81F,0xF81F,0xF81F,0xF81F,0xF81F,0xF81F,0xF81F,
    0x10C3,0x2125,0x1905,0x1905,0x1905,0x1905,0x2125,0x10A3,0x2105,0x3A09,0x31C8,0x31E8,
    0x39E9,0x39E9,0x39E9,0x39E9,0x39E9,0x3A09,0x2BD1,0x1BF1,0x1BD1,0x2BF1,0x3209,0x39E9,
    0x3A09,0x39E9,0x39E9,0x39E9,0x31E8,0x31C8,0x3A09,0x2125,0x10A3,0x2125,0x1905,0x1905,
    0x1905,0x1905,0x2125,0x10C4,0xF81F,0xF81F,0xF81F,0xF81F,0xF81F,0xF81F,0xF81F,0xF81F,
    0xF81F,0xF81F,0xF81F,0xF81F,
    0xF81F,0xF81F,0xF81F,0xF81F,0xF81F,0xF81F,0xF81F,0xF81F,0xF81F,0xF81F,0xF81F,0xF81F,
    0x10A3,0x1905,0x1904,0x1905,0x1905,0x1904,0x1925,0x10A3,0x18E4,0x31E9,0x31A8,0x31C8,
    0x31A8,0x31A8,0x31A8,0x31C8,0x3166,0x238F,0x07BF,0x077F,0x077F,0x07DF,0x1BF1,0x3166,
    0x31C8,0x31A8,0x31A8,0x31A8,0x31C8,0x31A8,0x31E8,0x18E4,0x10A3,0x1905,0x1904,0x1905,
    0x1905,0x1904,0x1905,0x10C3,0xF81F,0xF81F,0xF81F,0xF81F,0xF81F,0xF81F,0xF81F,0xF81F,
    0xF81F,0xF81F,0xF81F,0xF81F,
    0xF81F,0xF81F,0xF81F,0xF81F,0xF81F,0xF81F,0xF81F,0xF81F,0xF81F,0xF81F,0xF81F,0xF81F,
    0x10A3,0x1905,0x18E4,0x18E4,0x18E4,0x18E4,0x1905,0x1083,0x10A3,0x31C8,0x2987,0x31A7,
    0x31A7,0x31A7,0x31A7,0x29C8,0x3146,0x1BF1,0x077F,0x06FE,0x06FE,0x077F,0x1C53,0x3126,
    0x29C8,0x31A7,0x31A7,0x31A7,0x31A7,0x2987,0x31C8,0x10C3,0x1082,0x1905,0x18E4,0x18E4,
    0x18E4,0x18E4,0x1905,0x10A3,0xF81F,0xF81F,0xF81F,0xF81F,0xF81F,0xF81F,0xF81F,0xF81F,
    0xF81F,0xF81F,0xF81F,0xF81F,
    0xF81F,0xF81F,0xF81F,0xF81F,0xF81F,0xF81F,0xF81F,0xF81F,0xF81F,0xF81F,0xF81F,0xF81F,
    0x10A3,0x18E4,0x18E4,0x18E4,0x18E4,0x18E4,0x18E4,0x1082,0x0882,0x29A7,0x2967,0x2987,
    0x2987,0x2987,0x2987,0x29A7,0x2925,0x1B6F,0x07DF,0x079F,0x079F,0x07DF,0x1BD0,0x2925,
    0x29A7,0x2987,0x2987,0x2987,0x2987,0x2967,0x31A7,0x1082,0x0882,0x18E4,0x18E4,0x18E4,
    0x18E4,0x18E4,0x18E4,0x10A3,0xF81F,0xF81F,0xF81F,0xF81F,0xF81F,0xF81F,0xF81F,0xF81F,
    0xF81F,0xF81F,0xF81F,0xF81F,
    0xF81F,0xF81F,0xF81F,0xF81F,0xF81F,0xF81F,0xF81F,0xF81F,0xF81F,0xF81F,0xF81F,0xF81F,
    0x1082,0x18E4,0x10C4,0x18C4,0x18C4,0x10C4,0x18E4,0x0882,0x0861,0x2987,0x2966,0x2966,
    0x2966,0x2966,0x2966,0x2966,0x2966,0x2967,0x1B6F,0x13B0,0x1390,0x1B6F,0x2987,0x2966,
    0x2966,0x2966,0x2966,0x2966,0x2966,0x2966,0x2987,0x0862,0x0882,0x18E4,0x10C4,0x18C4,
    0x18C4,0x10C4,0x18E4,0x10A3,0xF81F,0xF81F,0xF81F,0xF81F,0xF81F,0xF81F,0xF81F,0xF81F,
    0xF81F,0xF81F,0xF81F,0xF81F,
    0xF81F,0xF81F,0xF81F,0xF81F,0xF81F,0xF81F,0xF81F,0xF81F,0xF81F,0xF81F,0xF81F,0xF81F,
    0x0882,0x10C4,0x10C3,0x10C3,0x10C3,0x10C3,0x18C4,0x0882,0x0041,0x2146,0x2146,0x2146,
    0x2146,0x2146,0x2146,0x2146,0x2946,0x2946,0x2905,0x10A3,0x1083,0x2905,0x2946,0x2946,
    0x2146,0x2146,0x2146,0x2146,0x2146,0x2146,0x2966,0x0841,0x0862,0x18C4,0x10C3,0x10C3,
    0x10C3,0x10C3,0x10C4,0x1082,0xF81F,0xF81F,0xF81F,0xF81F,0xF81F,0xF81F,0xF81F,0xF81F,
    0xF81F,0xF81F,0xF81F,0xF81F,
    0xF81F,0xF81F,0xF81F,0xF81F,0xF81F,0xF81F,0xF81F,0xF81F,0xF81F,0xF81F,0xF81F,0xF81F,
    0x0882,0x10A3,0x10A3,0x10A3,0x10A3,0x10A3,0x10A3,0x0882,0x0000,0x2125,0x2125,0x2125,
    0x2125,0x2125,0x2125,0x2125,0x1125,0x1125,0x2146,0x5966,0x5966,0x2146,0x1125,0x1125,
    0x2125,0x2125,0x2125,0x2125,0x2125,0x2125,0x2125,0x0020,0x0862,0x10A3,0x10A3,0x10A3,
    0x10A3,0x10A3,0x10A3,0x0882,0xF81F,0xF81F,0xF81F,0xF81F,0xF81F,0xF81F,0xF81F,0xF81F,
    0xF81F,0xF81F,0xF81F,0xF81F,
    0xF81F,0xF81F,0xF81F,0xF81F,0xF81F,0xF81F,0xF81F,0xF81F,0xF81F,0xF81F,0xF81F,0xF81F,
    0x0861,0x10A3,0x10A3,0x10A3,0x10A3,0x10A3,0x10A3,0x0861,0x0841,0x1905,0x1905,0x1905,
    0x2105,0x1905,0x08E5,0x2105,0x5145,0x99A6,0xB9C6,0xA9A6,0xA9A6,0xB9C6,0x99A6,0x5965,
    0x2105,0x08E5,0x1105,0x2105,0x1905,0x1905,0x2125,0x0861,0x0841,0x10C3,0x10A3,0x10A3,
    0x10A3,0x10A3,0x10A3,0x0862,0xF81F,0xF81F,0xF81F,0xF81F,0xF81F,0xF81F,0xF81F,0xF81F,
    0xF81F,0xF81F,0xF81F,0xF81F,
    0xF81F,0xF81F,0xF81F,0xF81F,0xF81F,0xF81F,0xF81F,0xF81F,0xF81F,0xF81F,0xF81F,0xF81F,
    0x0000,0x0862,0x1082,0x1082,0x1082,0x1083,0x0862,0x0020,0x2125,0x1905,0x18E4,0x18E4,
    0x10E4,0x3925,0x99A6,0xB9C6,0xA9A6,0x7165,0x3105,0x08E4,0x08E4,0x3105,0x6965,0xA9A6,
    0xB9C6,0x99A6,0x4125,0x10E4,0x18E4,0x18E4,0x1905,0x2125,0x0020,0x0862,0x1083,0x1082,
    0x1082,0x1083,0x0862,0x0000,0xF81F,0xF81F,0xF81F,0xF81F,0xF81F,0xF81F,0xF81F,0xF81F,
    0xF81F,0xF81F,0xF81F,0xF81F,
    0xF81F,0xF81F,0xF81F,0xF81F,0xF81F,0xF81F,0xF81F,0xF81F,0xF81F,0xF81F,0xF81F,0xF81F,
    0xF81F,0xF81F,0x0000,0x0000,0x0000,0x0000,0xF81F,0x0841,0x2146,0x18E4,0x18C4,0x18E4,
    0x10C4,0x4925,0x7965,0x28E4,0x08C4,0x00C3,0x10C4,0x18C4,0x18C4,0x10C4,0x00C3,0x08C4,
    0x28E4,0x7165,0x5125,0x08C4,0x18E4,0x18E4,0x18E4,0x2146,0x0862,0xF81F,0x0000,0x0000,
    0x0000,0x0000,0xF81F,0xF81F,0xF81F,0xF81F,0xF81F,0xF81F,0xF81F,0xF81F,0xF81F,0xF81F,
    0xF81F,0xF81F,0xF81F,0xF81F,
    0xF81F,0xF81F,0xF81F,0xF81F,0xF81F,0xF81F,0xF81F,0xF81F,0xF81F,0xF81F,0xF81F,0xF81F,
    0xF81F,0xF81F,0xF81F,0xF81F,0xF81F,0xF81F,0xF81F,0x0841,0x2146,0x10C4,0x10A3,0x10A3,
    0x10C3,0x08A3,0x00A3,0x08A3,0x18C3,0x18C3,0x10C3,0x10C3,0x10C3,0x10C3,0x18C3,0x18C3,
    0x10A3,0x00A3,0x08A3,0x10C3,0x10A3,0x10A3,0x10C3,0x2146,0x0862,0xF81F,0xF81F,0xF81F,
    0xF81F,0xF81F,0xF81F,0xF81F,0xF81F,0xF81F,0xF81F,0xF81F,0xF81F,0xF81F,0xF81F,0xF81F,
    0xF81F,0xF81F,0xF81F,0xF81F,
    0xF81F,0xF81F,0xF81F,0xF81F,0xF81F,0xF81F,0xF81F,0xF81F,0xF81F,0xF81F,0xF81F,0xF81F,
    0xF81F,0xF81F,0xF81F,0xF81F,0xF81F,0xF81F,0xF81F,0x0841,0x2126,0x18C4,0x10A3,0x10C3,
    0x10A3,0x18C3,0x18C3,0x10C3,0x1083,0x0882,0x0882,0x0882,0x0882,0x0882,0x0882,0x1082,
    0x10C3,0x18C3,0x18C3,0x10A3,0x10C3,0x10A3,0x10C4,0x2146,0x0861,0xF81F,0xF81F,0xF81F,
    0xF81F,0xF81F,0xF81F,0xF81F,0xF81F,0xF81F,0xF81F,0xF81F,0xF81F,0xF81F,0xF81F,0xF81F,
    0xF81F,0xF81F,0xF81F,0xF81F,
    0xF81F,0xF81F,0xF81F,0xF81F,0xF81F,0xF81F,0xF81F,0xF81F,0xF81F,0xF81F,0xF81F,0xF81F,
    0xF81F,0xF81F,0xF81F,0xF81F,0xF81F,0xF81F,0xF81F,0x0841,0x2125,0x1905,0x1905,0x1905,
    0x1905,0x1905,0x1905,0x2125,0x0861,0xF81F,0xF81F,0xF81F,0xF81F,0xF81F,0xF81F,0x0841,
    0x2125,0x1905,0x1905,0x1905,0x1905,0x1905,0x1905,0x2125,0x0861,0xF81F,0xF81F,0xF81F,
    0xF81F,0xF81F,0xF81F,0xF81F,0xF81F,0xF81F,0xF81F,0xF81F,0xF81F,0xF81F,0xF81F,0xF81F,
    0xF81F,0xF81F,0xF81F,0xF81F,
    0xF81F,0xF81F,0xF81F,0xF81F,0xF81F,0xF81F,0xF81F,0xF81F,0xF81F,0xF81F,0xF81F,0xF81F,
    0xF81F,0xF81F,0xF81F,0xF81F,0xF81F,0xF81F,0xF81F,0x0841,0x1905,0x2905,0x3125,0x3125,
    0x3125,0x3125,0x2905,0x1905,0x0861,0xF81F,0xF81F,0xF81F,0xF81F,0xF81F,0xF81F,0x0841,
    0x1905,0x2905,0x3125,0x3125,0x3125,0x3125,0x2905,0x1905,0x0841,0xF81F,0xF81F,0xF81F,
    0xF81F,0xF81F,0xF81F,0xF81F,0xF81F,0xF81F,0xF81F,0xF81F,0xF81F,0xF81F,0xF81F,0xF81F,
    0xF81F,0xF81F,0xF81F,0xF81F,
    0xF81F,0xF81F,0xF81F,0xF81F,0xF81F,0xF81F,0xF81F,0xF81F,0xF81F,0xF81F,0xF81F,0xF81F,
    0xF81F,0xF81F,0xF81F,0xF81F,0xF81F,0xF81F,0xF81F,0x0041,0x4945,0xE1E6,0xF207,0xF207,
    0xF207,0xF207,0xE1E7,0x5145,0x0041,0xF81F,0xF81F,0xF81F,0xF81F,0xF81F,0xF81F,0x0041,
    0x4945,0xE1E6,0xF207,0xF207,0xF207,0xF207,0xE1E7,0x5145,0x0041,0xF81F,0xF81F,0xF81F,
    0xF81F,0xF81F,0xF81F,0xF81F,0xF81F,0xF81F,0xF81F,0xF81F,0xF81F,0xF81F,0xF81F,0xF81F,
    0xF81F,0xF81F,0xF81F,0xF81F,
    0xF81F,0xF81F,0xF81F,0xF81F,0xF81F,0xF81F,0xF81F,0xF81F,0xF81F,0xF81F,0xF81F,0xF81F,
    0xF81F,0xF81F,0xF81F,0xF81F,0xF81F,0xF81F,0xF81F,0x0021,0x7986,0xFA27,0xFA27,0xFA27,
    0xFA27,0xFA27,0xFA27,0x9186,0x0041,0xF81F,0xF81F,0xF81F,0xF81F,0xF81F,0xF81F,0x0021,
    0x7986,0xFA27,0xFA27,0xFA27,0xFA27,0xFA27,0xFA27,0x9186,0x0041,0xF81F,0xF81F,0xF81F,
    0xF81F,0xF81F,0xF81F,0xF81F,0xF81F,0xF81F,0xF81F,0xF81F,0xF81F,0xF81F,0xF81F,0xF81F,
    0xF81F,0xF81F,0xF81F,0xF81F,
    0xF81F,0xF81F,0xF81F,0xF81F,0xF81F,0xF81F,0xF81F,0xF81F,0xF81F,0xF81F,0xF81F,0xF81F,
    0xF81F,0xF81F,0xF81F,0xF81F,0xF81F,0xF81F,0xF81F,0x0041,0x2104,0x9185,0xB1A6,0xA9A6,
    0xA9A6,0xB1A6,0x9985,0x2905,0x0041,0xF81F,0xF81F,0xF81F,0xF81F,0xF81F,0xF81F,0x0041,
    0x2104,0x9185,0xB1A6,0xA9A6,0xA9A6,0xB1A6,0x9985,0x2905,0x0041,0xF81F,0xF81F,0xF81F,
    0xF81F,0xF81F,0xF81F,0xF81F,0xF81F,0xF81F,0xF81F,0xF81F,0xF81F,0xF81F,0xF81F,0xF81F,
    0xF81F,0xF81F,0xF81F,0xF81F,
    0xF81F,0xF81F,0xF81F,0xF81F,0xF81F,0xF81F,0xF81F,0xF81F,0xF81F,0xF81F,0xF81F,0xF81F,
    0xF81F,0xF81F,0xF81F,0xF81F,0xF81F,0xF81F,0xF81F,0x0021,0x10E4,0x08C4,0x08C4,0x08C4,
    0x08C4,0x08C4,0x08C4,0x10E4,0x0841,0xF81F,0xF81F,0xF81F,0xF81F,0xF81F,0xF81F,0x0021,
    0x10E4,0x08C4,0x08C4,0x08C4,0x08C4,0x08C4,0x08C4,0x10E4,0x0841,0xF81F,0xF81F,0xF81F,
    0xF81F,0xF81F,0xF81F,0xF81F,0xF81F,0xF81F,0xF81F,0xF81F,0xF81F,0xF81F,0xF81F,0xF81F,
    0xF81F,0xF81F,0xF81F,0xF81F,
    0xF81F,0xF81F,0xF81F,0xF81F,0xF81F,0xF81F,0xF81F,0xF81F,0xF81F,0xF81F,0xF81F,0xF81F,
    0xF81F,0xF81F,0xF81F,0xF81F,0xF81F,0xF81F,0xF81F,0x0021,0x18E4,0x18C4,0x18C4,0x18C4,
    0x18C4,0x18C4,0x18C4,0x18E4,0x0841,0xF81F,0xF81F,0xF81F,0xF81F,0xF81F,0xF81F,0x0021,
    0x18E4,0x18C4,0x18C4,0x18C4,0x18C4,0x18C4,0x18C4,0x18E4,0x0841,0xF81F,0xF81F,0xF81F,
    0xF81F,0xF81F,0xF81F,0xF81F,0xF81F,0xF81F,0xF81F,0xF81F,0xF81F,0xF81F,0xF81F,0xF81F,
    0xF81F,0xF81F,0xF81F,0xF81F,
    0xF81F,0xF81F,0xF81F,0xF81F,0xF81F,0xF81F,0xF81F,0xF81F,0xF81F,0xF81F,0xF81F,0xF81F,
    0xF81F,0xF81F,0xF81F,0xF81F,0xF81F,0xF81F,0xF81F,0x0021,0x18C4,0x10C3,0x10C4,0x10C4,
    0x10C4,0x10C4,0x10C3,0x18E4,0x0041,0xF81F,0xF81F,0xF81F,0xF81F,0xF81F,0xF81F,0x0021,
    0x18C4,0x10C3,0x10C4,0x10C4,0x10C4,0x10C4,0x10C3,0x18E4,0x0041,0xF81F,0xF81F,0xF81F,
    0xF81F,0xF81F,0xF81F,0xF81F,0xF81F,0xF81F,0xF81F,0xF81F,0xF81F,0xF81F,0xF81F,0xF81F,
    0xF81F,0xF81F,0xF81F,0xF81F,
    0xF81F,0xF81F,0xF81F,0xF81F,0xF81F,0xF81F,0xF81F,0xF81F,0xF81F,0xF81F,0xF81F,0xF81F,
    0xF81F,0xF81F,0xF81F,0xF81F,0xF81F,0xF81F,0xF81F,0x0000,0x10A3,0x0882,0x1083,0x1083,
    0x1083,0x1083,0x0882,0x10A3,0x0020,0xF81F,0xF81F,0xF81F,0xF81F,0xF81F,0xF81F,0x0000,
    0x10A3,0x0882,0x1083,0x1083,0x1083,0x1083,0x0882,0x10A3,0x0020,0xF81F,0xF81F,0xF81F,
    0xF81F,0xF81F,0xF81F,0xF81F,0xF81F,0xF81F,0xF81F,0xF81F,0xF81F,0xF81F,0xF81F,0xF81F,
    0xF81F,0xF81F,0xF81F,0xF81F,
    0xF81F,0xF81F,0xF81F,0xF81F,0xF81F,0xF81F,0xF81F,0xF81F,0xF81F,0xF81F,0xF81F,0xF81F,
    0xF81F,0xF81F,0xF81F,0xF81F,0xF81F,0xF81F,0xF81F,0x18E4,0x2966,0x2966,0x2966,0x2966,
    0x2966,0x2966,0x2966,0x2967,0x10A2,0xF81F,0xF81F,0xF81F,0xF81F,0xF81F,0xF81F,0x18E4,
    0x2966,0x2966,0x2966,0x2966,0x2966,0x2966,0x2966,0x2967,0x10A2,0xF81F,0xF81F,0xF81F,
    0xF81F,0xF81F,0xF81F,0xF81F,0xF81F,0xF81F,0xF81F,0xF81F,0xF81F,0xF81F,0xF81F,0xF81F,
    0xF81F,0xF81F,0xF81F,0xF81F,
    0xF81F,0xF81F,0xF81F,0xF81F,0xF81F,0xF81F,0xF81F,0xF81F,0xF81F,0xF81F,0xF81F,0xF81F,
    0xF81F,0xF81F,0xF81F,0xF81F,0xF81F,0xF81F,0x2987,0x52CD,0x4AAC,0x4AAC,0x4AAC,0x4AAC,
    0x4AAC,0x4AAC,0x4AAC,0x4AAC,0x4A8B,0x0862,0xF81F,0xF81F,0xF81F,0xF81F,0x2987,0x52CD,
    0x4AAC,0x4AAC,0x4AAC,0x4AAC,0x4AAC,0x4AAC,0x4AAC,0x4AAC,0x4A8B,0x0862,0xF81F,0xF81F,
    0xF81F,0xF81F,0xF81F,0xF81F,0xF81F,0xF81F,0xF81F,0xF81F,0xF81F,0xF81F,0xF81F,0xF81F,
    0xF81F,0xF81F,0xF81F,0xF81F,
    0xF81F,0xF81F,0xF81F,0xF81F,0xF81F,0xF81F,0xF81F,0xF81F,0xF81F,0xF81F,0xF81F,0xF81F,
    0xF81F,0xF81F,0xF81F,0xF81F,0xF81F,0xF81F,0x31E9,0x3A2A,0x3A09,0x3A2A,0x3A2A,0x3A2A,
    0x3A2A,0x3A2A,0x3A2A,0x3A09,0x424B,0x18E4,0xF81F,0xF81F,0xF81F,0xF81F,0x31E9,0x3A2A,
    0x3A09,0x3A2A,0x3A2A,0x3A2A,0x3A2A,0x3A2A,0x3A2A,0x3A09,0x424B,0x18E4,0xF81F,0xF81F,
    0xF81F,0xF81F,0xF81F,0xF81F,0xF81F,0xF81F,0xF81F,0xF81F,0xF81F,0xF81F,0xF81F,0xF81F,
    0xF81F,0xF81F,0xF81F,0xF81F,
    0xF81F,0xF81F,0xF81F,0xF81F,0xF81F,0xF81F,0xF81F,0xF81F,0xF81F,0xF81F,0xF81F,0xF81F,
    0xF81F,0xF81F,0xF81F,0xF81F,0xF81F,0xF81F,0x2966,0x3A09,0x31E8,0x31E9,0x31E9,0x31E9,
    0x31E9,0x31E9,0x31E9,0x31E9,0x39E9,0x1082,0xF81F,0xF81F,0xF81F,0xF81F,0x2966,0x3A09,
    0x31E8,0x31E9,0x31E9,0x31E9,0x31E9,0x31E9,0x31E9,0x31E9,0x39E9,0x1082,0xF81F,0xF81F,
    0xF81F,0xF81F,0xF81F,0xF81F,0xF81F,0xF81F,0xF81F,0xF81F,0xF81F,0xF81F,0xF81F,0xF81F,
    0xF81F,0xF81F,0xF81F,0xF81F,
    0xF81F,0xF81F,0xF81F,0xF81F,0xF81F,0xF81F,0xF81F,0xF81F,0xF81F,0xF81F,0xF81F,0xF81F,
    0xF81F,0xF81F,0xF81F,0xF81F,0xF81F,0xF81F,0x0841,0x1904,0x18E4,0x18E4,0x18E4,0x18E4,
    0x18E4,0x18E4,0x18E4,0x1905,0x10C3,0xF81F,0xF81F,0xF81F,0xF81F,0xF81F,0x0841,0x1904,
    0x18E4,0x18E4,0x18E4,0x18E4,0x18E4,0x18E4,0x18E4,0x1905,0x10C3,0xF81F,0xF81F,0xF81F,
    0xF81F,0xF81F,0xF81F,0xF81F,0xF81F,0xF81F,0xF81F,0xF81F,0xF81F,0xF81F,0xF81F,0xF81F,
    0xF81F,0xF81F,0xF81F,0xF81F,
    0xF81F,0xF81F,0xF81F,0xF81F,0xF81F,0xF81F,0xF81F,0xF81F,0xF81F,0xF81F,0xF81F,0xF81F,
    0xF81F,0xF81F,0xF81F,0xF81F,0xF81F,0xF81F,0xF81F,0xF81F,0xF81F,0xF81F,0xF81F,0xF81F,
    0xF81F,0xF81F,0xF81F,0xF81F,0xF81F,0xF81F,0xF81F,0xF81F,0xF81F,0xF81F,0xF81F,0xF81F,
    0xF81F,0xF81F,0xF81F,0xF81F,0xF81F,0xF81F,0xF81F,0xF81F,0xF81F,0xF81F,0xF81F,0xF81F,
    0xF81F,0xF81F,0xF81F,0xF81F,0xF81F,0xF81F,0xF81F,0xF81F,0xF81F,0xF81F,0xF81F,0xF81F,
    0xF81F,0xF81F,0xF81F,0xF81F,
    0xF81F,0xF81F,0xF81F,0xF81F,0xF81F,0xF81F,0xF81F,0xF81F,0xF81F,0xF81F,0xF81F,0xF81F,
    0xF81F,0xF81F,0xF81F,0xF81F,0xF81F,0xF81F,0xF81F,0xF81F,0xF81F,0xF81F,0xF81F,0xF81F,
    0xF81F,0xF81F,0xF81F,0xF81F,0xF81F,0xF81F,0xF81F,0xF81F,0xF81F,0xF81F,0xF81F,0xF81F,
    0xF81F,0xF81F,0xF81F,0xF81F,0xF81F,0xF81F,0xF81F,0xF81F,0xF81F,0xF81F,0xF81F,0xF81F,
    0xF81F,0xF81F,0xF81F,0xF81F,0xF81F,0xF81F,0xF81F,0xF81F,0xF81F,0xF81F,0xF81F,0xF81F,
    0xF81F,0xF81F,0xF81F,0xF81F,
    0xF81F,0xF81F,0xF81F,0xF81F,0xF81F,0xF81F,0xF81F,0xF81F,0xF81F,0xF81F,0xF81F,0xF81F,
    0xF81F,0xF81F,0xF81F,0xF81F,0xF81F,0xF81F,0xF81F,0xF81F,0xF81F,0xF81F,0xF81F,0xF81F,
    0xF81F,0xF81F,0xF81F,0xF81F,0xF81F,0xF81F,0xF81F,0xF81F,0xF81F,0xF81F,0xF81F,0xF81F,
    0xF81F,0xF81F,0xF81F,0xF81F,0xF81F,0xF81F,0xF81F,0xF81F,0xF81F,0xF81F,0xF81F,0xF81F,
    0xF81F,0xF81F,0xF81F,0xF81F,0xF81F,0xF81F,0xF81F,0xF81F,0xF81F,0xF81F,0xF81F,0xF81F,
    0xF81F,0xF81F,0xF81F,0xF81F,
    0xF81F,0xF81F,0xF81F,0xF81F,0xF81F,0xF81F,0xF81F,0xF81F,0xF81F,0xF81F,0xF81F,0xF81F,
    0xF81F,0xF81F,0xF81F,0xF81F,0xF81F,0xF81F,0xF81F,0xF81F,0xF81F,0xF81F,0xF81F,0xF81F,
    0xF81F,0xF81F,0xF81F,0xF81F,0xF81F,0xF81F,0xF81F,0xF81F,0xF81F,0xF81F,0xF81F,0xF81F,
    0xF81F,0xF81F,0xF81F,0xF81F,0xF81F,0xF81F,0xF81F,0xF81F,0xF81F,0xF81F,0xF81F,0xF81F,
    0xF81F,0xF81F,0xF81F,0xF81F,0xF81F,0xF81F,0xF81F,0xF81F,0xF81F,0xF81F,0xF81F,0xF81F,
    0xF81F,0xF81F,0xF81F,0xF81F,
    0xF81F,0xF81F,0xF81F,0xF81F,0xF81F,0xF81F,0xF81F,0xF81F,0xF81F,0xF81F,0xF81F,0xF81F,
    0xF81F,0xF81F,0xF81F,0xF81F,0xF81F,0xF81F,0xF81F,0xF81F,0xF81F,0xF81F,0xF81F,0xF81F,
    0xF81F,0xF81F,0xF81F,0xF81F,0xF81F,0xF81F,0xF81F,0xF81F,0xF81F,0xF81F,0xF81F,0xF81F,
    0xF81F,0xF81F,0xF81F,0xF81F,0xF81F,0xF81F,0xF81F,0xF81F,0xF81F,0xF81F,0xF81F,0xF81F,
    0xF81F,0xF81F,0xF81F,0xF81F,0xF81F,0xF81F,0xF81F,0xF81F,0xF81F,0xF81F,0xF81F,0xF81F,
    0xF81F,0xF81F,0xF81F,0xF81F,
};

static const uint16_t hd_sentinel_hero[112 * 112] PROGMEM = {
    0xF81F,0xF81F,0xF81F,0xF81F,0xF81F,0xF81F,0xF81F,0xF81F,0xF81F,0xF81F,0xF81F,0xF81F,
    0xF81F,0xF81F,0xF81F,0xF81F,0xF81F,0xF81F,0xF81F,0xF81F,0xF81F,0xF81F,0xF81F,0xF81F,
    0xF81F,0xF81F,0xF81F,0xF81F,0xF81F,0xF81F,0xF81F,0xF81F,0xF81F,0xF81F,0xF81F,0xF81F,
    0xF81F,0xF81F,0xF81F,0xF81F,0xF81F,0xF81F,0xF81F,0xF81F,0xF81F,0xF81F,0xF81F,0xF81F,
    0xF81F,0xF81F,0xF81F,0xF81F,0xF81F,0xF81F,0xF81F,0xF81F,0xF81F,0xF81F,0xF81F,0xF81F,
    0xF81F,0xF81F,0xF81F,0xF81F,0xF81F,0xF81F,0xF81F,0xF81F,0xF81F,0xF81F,0xF81F,0xF81F,
    0xF81F,0xF81F,0xF81F,0xF81F,0xF81F,0xF81F,0xF81F,0xF81F,0xF81F,0xF81F,0xF81F,0xF81F,
    0xF81F,0xF81F,0xF81F,0xF81F,0xF81F,0xF81F,0xF81F,0xF81F,0xF81F,0xF81F,0xF81F,0xF81F,
    0xF81F,0xF81F,0xF81F,0xF81F,0xF81F,0xF81F,0xF81F,0xF81F,0xF81F,0xF81F,0xF81F,0xF81F,
    0xF81F,0xF81F,0xF81F,0xF81F,
    0xF81F,0xF81F,0xF81F,0xF81F,0xF81F,0xF81F,0xF81F,0xF81F,0xF81F,0xF81F,0xF81F,0xF81F,
    0xF81F,0xF81F,0xF81F,0xF81F,0xF81F,0xF81F,0xF81F,0xF81F,0xF81F,0xF81F,0xF81F,0xF81F,
    0xF81F,0xF81F,0xF81F,0xF81F,0xF81F,0xF81F,0xF81F,0xF81F,0xF81F,0xF81F,0xF81F,0xF81F,
    0xF81F,0xF81F,0xF81F,0xF81F,0xF81F,0xF81F,0xF81F,0xF81F,0xF81F,0xF81F,0xF81F,0xF81F,
    0xF81F,0xF81F,0xF81F,0xF81F,0xF81F,0xF81F,0xF81F,0xF81F,0xF81F,0xF81F,0xF81F,0xF81F,
    0xF81F,0xF81F,0xF81F,0xF81F,0xF81F,0xF81F,0xF81F,0xF81F,0xF81F,0xF81F,0xF81F,0xF81F,
    0xF81F,0xF81F,0xF81F,0xF81F,0xF81F,0xF81F,0xF81F,0xF81F,0xF81F,0xF81F,0xF81F,0xF81F,
    0xF81F,0xF81F,0xF81F,0xF81F,0xF81F,0xF81F,0xF81F,0xF81F,0xF81F,0xF81F,0xF81F,0xF81F,
    0xF81F,0xF81F,0xF81F,0xF81F,0xF81F,0xF81F,0xF81F,0xF81F,0xF81F,0xF81F,0xF81F,0xF81F,
    0xF81F,0xF81F,0xF81F,0xF81F,
    0xF81F,0xF81F,0xF81F,0xF81F,0xF81F,0xF81F,0xF81F,0xF81F,0xF81F,0xF81F,0xF81F,0xF81F,
    0xF81F,0xF81F,0xF81F,0xF81F,0xF81F,0xF81F,0xF81F,0xF81F,0xF81F,0xF81F,0xF81F,0xF81F,
    0xF81F,0xF81F,0xF81F,0xF81F,0xF81F,0xF81F,0xF81F,0xF81F,0xF81F,0xF81F,0xF81F,0xF81F,
    0xF81F,0xF81F,0xF81F,0xF81F,0xF81F,0xF81F,0xF81F,0xF81F,0xF81F,0xF81F,0xF81F,0xF81F,
    0xF81F,0xF81F,0xF81F,0xF81F,0xF81F,0xF81F,0xF81F,0xF81F,0xF81F,0xF81F,0xF81F,0xF81F,
    0xF81F,0xF81F,0xF81F,0xF81F,0xF81F,0xF81F,0xF81F,0xF81F,0xF81F,0xF81F,0xF81F,0xF81F,
    0xF81F,0xF81F,0xF81F,0xF81F,0xF81F,0xF81F,0xF81F,0xF81F,0xF81F,0xF81F,0xF81F,0xF81F,
    0xF81F,0xF81F,0xF81F,0xF81F,0xF81F,0xF81F,0xF81F,0xF81F,0xF81F,0xF81F,0xF81F,0xF81F,
    0xF81F,0xF81F,0xF81F,0xF81F,0xF81F,0xF81F,0xF81F,0xF81F,0xF81F,0xF81F,0xF81F,0xF81F,
    0xF81F,0xF81F,0xF81F,0xF81F,
    0xF81F,0xF81F,0xF81F,0xF81F,0xF81F,0xF81F,0xF81F,0xF81F,0xF81F,0xF81F,0xF81F,0xF81F,
    0xF81F,0xF81F,0xF81F,0xF81F,0xF81F,0xF81F,0xF81F,0xF81F,0xF81F,0xF81F,0xF81F,0xF81F,
    0xF81F,0xF81F,0xF81F,0xF81F,0xF81F,0xF81F,0xF81F,0xF81F,0xF81F,0xF81F,0xF81F,0xF81F,
    0xF81F,0xF81F,0xF81F,0xF81F,0xF81F,0xF81F,0xF81F,0xF81F,0xF81F,0xF81F,0xF81F,0xF81F,
    0xF81F,0xF81F,0xF81F,0xF81F,0xF81F,0xF81F,0xF81F,0xF81F,0xF81F,0xF81F,0xF81F,0xF81F,
    0xF81F,0xF81F,0xF81F,0xF81F,0xF81F,0xF81F,0xF81F,0xF81F,0xF81F,0xF81F,0xF81F,0xF81F,
    0xF81F,0xF81F,0xF81F,0xF81F,0xF81F,0xF81F,0xF81F,0xF81F,0xF81F,0xF81F,0xF81F,0xF81F,
    0xF81F,0xF81F,0xF81F,0xF81F,0xF81F,0xF81F,0xF81F,0xF81F,0xF81F,0xF81F,0xF81F,0xF81F,
    0xF81F,0xF81F,0xF81F,0xF81F,0xF81F,0xF81F,0xF81F,0xF81F,0xF81F,0xF81F,0xF81F,0xF81F,
    0xF81F,0xF81F,0xF81F,0xF81F,
    0xF81F,0xF81F,0xF81F,0xF81F,0xF81F,0xF81F,0xF81F,0xF81F,0xF81F,0xF81F,0xF81F,0xF81F,
    0xF81F,0xF81F,0xF81F,0xF81F,0xF81F,0xF81F,0xF81F,0xF81F,0xF81F,0xF81F,0xF81F,0xF81F,
    0xF81F,0xF81F,0xF81F,0xF81F,0xF81F,0xF81F,0xF81F,0xF81F,0xF81F,0xF81F,0xF81F,0xF81F,
    0xF81F,0xF81F,0xF81F,0xF81F,0xF81F,0xF81F,0xF81F,0xF81F,0xF81F,0xF81F,0xF81F,0xF81F,
    0xF81F,0xF81F,0xF81F,0xF81F,0xF81F,0xF81F,0xF81F,0xF81F,0xF81F,0xF81F,0xF81F,0xF81F,
    0xF81F,0xF81F,0xF81F,0xF81F,0xF81F,0xF81F,0xF81F,0xF81F,0xF81F,0xF81F,0xF81F,0xF81F,
    0xF81F,0xF81F,0xF81F,0xF81F,0xF81F,0xF81F,0xF81F,0xF81F,0xF81F,0xF81F,0xF81F,0xF81F,
    0xF81F,0xF81F,0xF81F,0xF81F,0xF81F,0xF81F,0xF81F,0xF81F,0xF81F,0xF81F,0xF81F,0xF81F,
    0xF81F,0xF81F,0xF81F,0xF81F,0xF81F,0xF81F,0xF81F,0xF81F,0xF81F,0xF81F,0xF81F,0xF81F,
    0xF81F,0xF81F,0xF81F,0xF81F,
    0xF81F,0xF81F,0xF81F,0xF81F,0xF81F,0xF81F,0xF81F,0xF81F,0xF81F,0xF81F,0xF81F,0xF81F,
    0xF81F,0xF81F,0xF81F,0xF81F,0xF81F,0xF81F,0xF81F,0xF81F,0xF81F,0xF81F,0xF81F,0xF81F,
    0xF81F,0xF81F,0xF81F,0xF81F,0xF81F,0xF81F,0xF81F,0xF81F,0xF81F,0xF81F,0xF81F,0xF81F,
    0xF81F,0xF81F,0xF81F,0xF81F,0xF81F,0xF81F,0xF81F,0xF81F,0xF81F,0xF81F,0xF81F,0xF81F,
    0xF81F,0xF81F,0xF81F,0xF81F,0xF81F,0xF81F,0xF81F,0xF81F,0xF81F,0xF81F,0xF81F,0xF81F,
    0xF81F,0xF81F,0xF81F,0xF81F,0xF81F,0xF81F,0xF81F,0xF81F,0xF81F,0xF81F,0xF81F,0xF81F,
    0xF81F,0xF81F,0xF81F,0xF81F,0xF81F,0xF81F,0xF81F,0xF81F,0xF81F,0xF81F,0xF81F,0xF81F,
    0xF81F,0xF81F,0xF81F,0xF81F,0xF81F,0xF81F,0xF81F,0xF81F,0xF81F,0xF81F,0xF81F,0xF81F,
    0xF81F,0xF81F,0xF81F,0xF81F,0xF81F,0xF81F,0xF81F,0xF81F,0xF81F,0xF81F,0xF81F,0xF81F,
    0xF81F,0xF81F,0xF81F,0xF81F,
    0xF81F,0xF81F,0xF81F,0xF81F,0xF81F,0xF81F,0xF81F,0xF81F,0xF81F,0xF81F,0xF81F,0xF81F,
    0xF81F,0xF81F,0xF81F,0xF81F,0xF81F,0xF81F,0xF81F,0xF81F,0xF81F,0xF81F,0xF81F,0xF81F,
    0xF81F,0xF81F,0xF81F,0xF81F,0xF81F,0xF81F,0xF81F,0xF81F,0xF81F,0xF81F,0xF81F,0xF81F,
    0xF81F,0xF81F,0xF81F,0xF81F,0xF81F,0xF81F,0xF81F,0xF81F,0xF81F,0xF81F,0xF81F,0xF81F,
    0xF81F,0xF81F,0xF81F,0xF81F,0xF81F,0xF81F,0xF81F,0xF81F,0xF81F,0xF81F,0xF81F,0xF81F,
    0xF81F,0xF81F,0xF81F,0xF81F,0xF81F,0xF81F,0xF81F,0xF81F,0xF81F,0xF81F,0xF81F,0xF81F,
    0xF81F,0xF81F,0xF81F,0xF81F,0xF81F,0xF81F,0xF81F,0xF81F,0xF81F,0xF81F,0xF81F,0xF81F,
    0xF81F,0xF81F,0xF81F,0xF81F,0xF81F,0xF81F,0xF81F,0xF81F,0xF81F,0xF81F,0xF81F,0xF81F,
    0xF81F,0xF81F,0xF81F,0xF81F,0xF81F,0xF81F,0xF81F,0xF81F,0xF81F,0xF81F,0xF81F,0xF81F,
    0xF81F,0xF81F,0xF81F,0xF81F,
    0xF81F,0xF81F,0xF81F,0xF81F,0xF81F,0xF81F,0xF81F,0xF81F,0xF81F,0xF81F,0xF81F,0xF81F,
    0xF81F,0xF81F,0xF81F,0xF81F,0xF81F,0xF81F,0xF81F,0xF81F,0xF81F,0xF81F,0xF81F,0xF81F,
    0xF81F,0xF81F,0xF81F,0xF81F,0xF81F,0xF81F,0xF81F,0xF81F,0xF81F,0xF81F,0xF81F,0xF81F,
    0xF81F,0xF81F,0xF81F,0xF81F,0xF81F,0xF81F,0xF81F,0xF81F,0xF81F,0xF81F,0xF81F,0xF81F,
    0xF81F,0xF81F,0xF81F,0xF81F,0xF81F,0xF81F,0xF81F,0xF81F,0xF81F,0xF81F,0xF81F,0xF81F,
    0xF81F,0xF81F,0xF81F,0xF81F,0xF81F,0xF81F,0xF81F,0xF81F,0xF81F,0xF81F,0xF81F,0xF81F,
    0xF81F,0xF81F,0xF81F,0xF81F,0xF81F,0xF81F,0xF81F,0xF81F,0xF81F,0xF81F,0xF81F,0xF81F,
    0xF81F,0xF81F,0xF81F,0xF81F,0xF81F,0xF81F,0xF81F,0xF81F,0xF81F,0xF81F,0xF81F,0xF81F,
    0xF81F,0xF81F,0xF81F,0xF81F,0xF81F,0xF81F,0xF81F,0xF81F,0xF81F,0xF81F,0xF81F,0xF81F,
    0xF81F,0xF81F,0xF81F,0xF81F,
    0xF81F,0xF81F,0xF81F,0xF81F,0xF81F,0xF81F,0xF81F,0xF81F,0xF81F,0xF81F,0xF81F,0xF81F,
    0xF81F,0xF81F,0xF81F,0xF81F,0xF81F,0xF81F,0xF81F,0xF81F,0xF81F,0xF81F,0xF81F,0xF81F,
    0xF81F,0xF81F,0xF81F,0xF81F,0xF81F,0xF81F,0xF81F,0xF81F,0xF81F,0xF81F,0xF81F,0xF81F,
    0xF81F,0xF81F,0xF81F,0xF81F,0xF81F,0xF81F,0xF81F,0xF81F,0xF81F,0xF81F,0xF81F,0xF81F,
    0xF81F,0xF81F,0xF81F,0xF81F,0xF81F,0xF81F,0xF81F,0xF81F,0xF81F,0xF81F,0xF81F,0xF81F,
    0xF81F,0xF81F,0xF81F,0xF81F,0xF81F,0xF81F,0xF81F,0xF81F,0xF81F,0xF81F,0xF81F,0xF81F,
    0xF81F,0xF81F,0xF81F,0xF81F,0xF81F,0xF81F,0xF81F,0xF81F,0xF81F,0xF81F,0xF81F,0xF81F,
    0xF81F,0xF81F,0xF81F,0xF81F,0xF81F,0xF81F,0xF81F,0xF81F,0xF81F,0xF81F,0xF81F,0xF81F,
    0xF81F,0xF81F,0xF81F,0xF81F,0xF81F,0xF81F,0xF81F,0xF81F,0xF81F,0xF81F,0xF81F,0xF81F,
    0xF81F,0xF81F,0xF81F,0xF81F,
    0xF81F,0xF81F,0xF81F,0xF81F,0xF81F,0xF81F,0xF81F,0xF81F,0xF81F,0xF81F,0xF81F,0xF81F,
    0xF81F,0xF81F,0xF81F,0xF81F,0xF81F,0xF81F,0xF81F,0xF81F,0xF81F,0xF81F,0xF81F,0xF81F,
    0xF81F,0xF81F,0xF81F,0xF81F,0xF81F,0xF81F,0xF81F,0xF81F,0xF81F,0xF81F,0xF81F,0xF81F,
    0xF81F,0xF81F,0xF81F,0xF81F,0xF81F,0xF81F,0xF81F,0xF81F,0xF81F,0xF81F,0xF81F,0xF81F,
    0xF81F,0xF81F,0xF81F,0xF81F,0xF81F,0xF81F,0xF81F,0xF81F,0xF81F,0xF81F,0xF81F,0xF81F,
    0xF81F,0xF81F,0xF81F,0xF81F,0xF81F,0xF81F,0xF81F,0xF81F,0xF81F,0xF81F,0xF81F,0xF81F,
    0xF81F,0xF81F,0xF81F,0xF81F,0xF81F,0xF81F,0xF81F,0xF81F,0xF81F,0xF81F,0xF81F,0xF81F,
    0xF81F,0xF81F,0xF81F,0xF81F,0xF81F,0xF81F,0xF81F,0xF81F,0xF81F,0xF81F,0xF81F,0xF81F,
    0xF81F,0xF81F,0xF81F,0xF81F,0xF81F,0xF81F,0xF81F,0xF81F,0xF81F,0xF81F,0xF81F,0xF81F,
    0xF81F,0xF81F,0xF81F,0xF81F,
    0xF81F,0xF81F,0xF81F,0xF81F,0xF81F,0xF81F,0xF81F,0xF81F,0xF81F,0xF81F,0xF81F,0xF81F,
    0xF81F,0xF81F,0xF81F,0xF81F,0xF81F,0xF81F,0xF81F,0xF81F,0xF81F,0xF81F,0xF81F,0xF81F,
    0xF81F,0xF81F,0xF81F,0xF81F,0xF81F,0xF81F,0xF81F,0xF81F,0xF81F,0xF81F,0xF81F,0xF81F,
    0xF81F,0xF81F,0xF81F,0xF81F,0xF81F,0xF81F,0xF81F,0xF81F,0xF81F,0xF81F,0xF81F,0xF81F,
    0xF81F,0xF81F,0xF81F,0xF81F,0xF81F,0xF81F,0xF81F,0xF81F,0xF81F,0xF81F,0xF81F,0xF81F,
    0xF81F,0xF81F,0xF81F,0xF81F,0xF81F,0xF81F,0xF81F,0xF81F,0xF81F,0xF81F,0xF81F,0xF81F,
    0xF81F,0xF81F,0xF81F,0xF81F,0xF81F,0xF81F,0xF81F,0xF81F,0xF81F,0xF81F,0xF81F,0xF81F,
    0xF81F,0xF81F,0xF81F,0xF81F,0xF81F,0xF81F,0xF81F,0xF81F,0xF81F,0xF81F,0xF81F,0xF81F,
    0xF81F,0xF81F,0xF81F,0xF81F,0xF81F,0xF81F,0xF81F,0xF81F,0xF81F,0xF81F,0xF81F,0xF81F,
    0xF81F,0xF81F,0xF81F,0xF81F,
    0xF81F,0xF81F,0xF81F,0xF81F,0xF81F,0xF81F,0xF81F,0xF81F,0xF81F,0xF81F,0xF81F,0xF81F,
    0xF81F,0xF81F,0xF81F,0xF81F,0xF81F,0xF81F,0xF81F,0xF81F,0xF81F,0xF81F,0xF81F,0xF81F,
    0xF81F,0xF81F,0xF81F,0xF81F,0xF81F,0xF81F,0xF81F,0xF81F,0xF81F,0xF81F,0xF81F,0xF81F,
    0xF81F,0xF81F,0xF81F,0xF81F,0xF81F,0xF81F,0xF81F,0xF81F,0xF81F,0xF81F,0xF81F,0xF81F,
    0xF81F,0xF81F,0xF81F,0xF81F,0xF81F,0xF81F,0xF81F,0xF81F,0xF81F,0xF81F,0xF81F,0xF81F,
    0xF81F,0xF81F,0xF81F,0xF81F,0xF81F,0xF81F,0xF81F,0xF81F,0xF81F,0xF81F,0xF81F,0xF81F,
    0xF81F,0xF81F,0xF81F,0xF81F,0xF81F,0xF81F,0xF81F,0xF81F,0xF81F,0xF81F,0xF81F,0xF81F,
    0xF81F,0xF81F,0xF81F,0xF81F,0xF81F,0xF81F,0xF81F,0xF81F,0xF81F,0xF81F,0xF81F,0xF81F,
    0xF81F,0xF81F,0xF81F,0xF81F,0xF81F,0xF81F,0xF81F,0xF81F,0xF81F,0xF81F,0xF81F,0xF81F,
    0xF81F,0xF81F,0xF81F,0xF81F,
    0xF81F,0xF81F,0xF81F,0xF81F,0xF81F,0xF81F,0xF81F,0xF81F,0xF81F,0xF81F,0xF81F,0xF81F,
    0xF81F,0xF81F,0xF81F,0xF81F,0xF81F,0xF81F,0xF81F,0xF81F,0xF81F,0xF81F,0xF81F,0xF81F,
    0xF81F,0xF81F,0xF81F,0xF81F,0xF81F,0xF81F,0xF81F,0xF81F,0xF81F,0xF81F,0xF81F,0xF81F,
    0xF81F,0xF81F,0xF81F,0xF81F,0xF81F,0xF81F,0xF81F,0xF81F,0xF81F,0xF81F,0xF81F,0xF81F,
    0xF81F,0xF81F,0xF81F,0xF81F,0xF81F,0xF81F,0xF81F,0xF81F,0xF81F,0xF81F,0xF81F,0xF81F,
    0xF81F,0xF81F,0xF81F,0xF81F,0xF81F,0xF81F,0xF81F,0xF81F,0xF81F,0xF81F,0xF81F,0xF81F,
    0xF81F,0xF81F,0xF81F,0xF81F,0xF81F,0xF81F,0xF81F,0xF81F,0xF81F,0xF81F,0xF81F,0xF81F,
    0xF81F,0xF81F,0xF81F,0xF81F,0xF81F,0xF81F,0xF81F,0xF81F,0xF81F,0xF81F,0xF81F,0xF81F,
    0xF81F,0xF81F,0xF81F,0xF81F,0xF81F,0xF81F,0xF81F,0xF81F,0xF81F,0xF81F,0xF81F,0xF81F,
    0xF81F,0xF81F,0xF81F,0xF81F,
    0xF81F,0xF81F,0xF81F,0xF81F,0xF81F,0xF81F,0xF81F,0xF81F,0xF81F,0xF81F,0xF81F,0xF81F,
    0xF81F,0xF81F,0xF81F,0xF81F,0xF81F,0xF81F,0xF81F,0xF81F,0xF81F,0xF81F,0xF81F,0xF81F,
    0xF81F,0xF81F,0xF81F,0xF81F,0xF81F,0xF81F,0xF81F,0xF81F,0xF81F,0xF81F,0xF81F,0xF81F,
    0xF81F,0xF81F,0xF81F,0xF81F,0xF81F,0xF81F,0xF81F,0xF81F,0xF81F,0xF81F,0xF81F,0xF81F,
    0xF81F,0xF81F,0xF81F,0xF81F,0xF81F,0xF81F,0xF81F,0xF81F,0xF81F,0xF81F,0xF81F,0xF81F,
    0xF81F,0xF81F,0xF81F,0xF81F,0xF81F,0xF81F,0xF81F,0xF81F,0xF81F,0xF81F,0xF81F,0xF81F,
    0xF81F,0xF81F,0xF81F,0xF81F,0xF81F,0xF81F,0xF81F,0xF81F,0xF81F,0xF81F,0xF81F,0xF81F,
    0xF81F,0xF81F,0xF81F,0xF81F,0xF81F,0xF81F,0xF81F,0xF81F,0xF81F,0xF81F,0xF81F,0xF81F,
    0xF81F,0xF81F,0xF81F,0xF81F,0xF81F,0xF81F,0xF81F,0xF81F,0xF81F,0xF81F,0xF81F,0xF81F,
    0xF81F,0xF81F,0xF81F,0xF81F,
    0xF81F,0xF81F,0xF81F,0xF81F,0xF81F,0xF81F,0xF81F,0xF81F,0xF81F,0xF81F,0xF81F,0xF81F,
    0xF81F,0xF81F,0xF81F,0xF81F,0xF81F,0xF81F,0xF81F,0xF81F,0xF81F,0xF81F,0xF81F,0xF81F,
    0xF81F,0xF81F,0xF81F,0xF81F,0xF81F,0xF81F,0xF81F,0xF81F,0xF81F,0xF81F,0xF81F,0xF81F,
    0xF81F,0xF81F,0xF81F,0xF81F,0xF81F,0xF81F,0xF81F,0xF81F,0xF81F,0xF81F,0xF81F,0xF81F,
    0xF81F,0xF81F,0xF81F,0xF81F,0xF81F,0xF81F,0xF81F,0xF81F,0xF81F,0xF81F,0xF81F,0xF81F,
    0xF81F,0xF81F,0xF81F,0xF81F,0xF81F,0xF81F,0xF81F,0xF81F,0xF81F,0xF81F,0xF81F,0xF81F,
    0xF81F,0xF81F,0xF81F,0xF81F,0xF81F,0xF81F,0xF81F,0xF81F,0xF81F,0xF81F,0xF81F,0xF81F,
    0xF81F,0xF81F,0xF81F,0xF81F,0xF81F,0xF81F,0xF81F,0xF81F,0xF81F,0xF81F,0xF81F,0xF81F,
    0xF81F,0xF81F,0xF81F,0xF81F,0xF81F,0xF81F,0xF81F,0xF81F,0xF81F,0xF81F,0xF81F,0xF81F,
    0xF81F,0xF81F,0xF81F,0xF81F,
    0xF81F,0xF81F,0xF81F,0xF81F,0xF81F,0xF81F,0xF81F,0xF81F,0xF81F,0xF81F,0xF81F,0xF81F,
    0xF81F,0xF81F,0xF81F,0xF81F,0xF81F,0xF81F,0xF81F,0xF81F,0xF81F,0xF81F,0xF81F,0xF81F,
    0xF81F,0xF81F,0xF81F,0xF81F,0xF81F,0xF81F,0xF81F,0xF81F,0xF81F,0xF81F,0xF81F,0xF81F,
    0xF81F,0xF81F,0xF81F,0xF81F,0xF81F,0xF81F,0xF81F,0xF81F,0xF81F,0xF81F,0xF81F,0xF81F,
    0xF81F,0xF81F,0xF81F,0xF81F,0xF81F,0xF81F,0xF81F,0xF81F,0xF81F,0xF81F,0xF81F,0xF81F,
    0xF81F,0xF81F,0xF81F,0xF81F,0xF81F,0xF81F,0xF81F,0xF81F,0xF81F,0xF81F,0xF81F,0xF81F,
    0xF81F,0xF81F,0xF81F,0xF81F,0xF81F,0xF81F,0xF81F,0xF81F,0xF81F,0xF81F,0xF81F,0xF81F,
    0xF81F,0xF81F,0xF81F,0xF81F,0xF81F,0xF81F,0xF81F,0xF81F,0xF81F,0xF81F,0xF81F,0xF81F,
    0xF81F,0xF81F,0xF81F,0xF81F,0xF81F,0xF81F,0xF81F,0xF81F,0xF81F,0xF81F,0xF81F,0xF81F,
    0xF81F,0xF81F,0xF81F,0xF81F,
    0xF81F,0xF81F,0xF81F,0xF81F,0xF81F,0xF81F,0xF81F,0xF81F,0xF81F,0xF81F,0xF81F,0xF81F,
    0xF81F,0xF81F,0xF81F,0xF81F,0xF81F,0xF81F,0xF81F,0xF81F,0xF81F,0xF81F,0xF81F,0xF81F,
    0xF81F,0xF81F,0xF81F,0xF81F,0xF81F,0xF81F,0xF81F,0xF81F,0xF81F,0xF81F,0xF81F,0xF81F,
    0xF81F,0xF81F,0xF81F,0xF81F,0xF81F,0xF81F,0xF81F,0xF81F,0xF81F,0xF81F,0xF81F,0xF81F,
    0xF81F,0xF81F,0xF81F,0xF81F,0xF81F,0xF81F,0xF81F,0xF81F,0xF81F,0xF81F,0xF81F,0xF81F,
    0xF81F,0xF81F,0xF81F,0xF81F,0xF81F,0xF81F,0xF81F,0xF81F,0xF81F,0xF81F,0xF81F,0xF81F,
    0xF81F,0xF81F,0xF81F,0xF81F,0xF81F,0xF81F,0xF81F,0xF81F,0xF81F,0xF81F,0xF81F,0xF81F,
    0xF81F,0xF81F,0xF81F,0xF81F,0xF81F,0xF81F,0xF81F,0xF81F,0xF81F,0xF81F,0xF81F,0xF81F,
    0xF81F,0xF81F,0xF81F,0xF81F,0xF81F,0xF81F,0xF81F,0xF81F,0xF81F,0xF81F,0xF81F,0xF81F,
    0xF81F,0xF81F,0xF81F,0xF81F,
    0xF81F,0xF81F,0xF81F,0xF81F,0xF81F,0xF81F,0xF81F,0xF81F,0xF81F,0xF81F,0xF81F,0xF81F,
    0xF81F,0xF81F,0xF81F,0xF81F,0xF81F,0xF81F,0xF81F,0xF81F,0xF81F,0xF81F,0xF81F,0xF81F,
    0xF81F,0xF81F,0xF81F,0xF81F,0xF81F,0xF81F,0xF81F,0xF81F,0xF81F,0xF81F,0xF81F,0xF81F,
    0xF81F,0xF81F,0xF81F,0xF81F,0xF81F,0xF81F,0xF81F,0xF81F,0xF81F,0xF81F,0xF81F,0xF81F,
    0xF81F,0xF81F,0xF81F,0xF81F,0xF81F,0xF81F,0xF81F,0xF81F,0xF81F,0xF81F,0xF81F,0xF81F,
    0xF81F,0xF81F,0xF81F,0xF81F,0xF81F,0xF81F,0xF81F,0xF81F,0xF81F,0xF81F,0xF81F,0xF81F,
    0xF81F,0xF81F,0xF81F,0xF81F,0xF81F,0xF81F,0xF81F,0xF81F,0xF81F,0xF81F,0xF81F,0xF81F,
    0xF81F,0xF81F,0xF81F,0xF81F,0xF81F,0xF81F,0xF81F,0xF81F,0xF81F,0xF81F,0xF81F,0xF81F,
    0xF81F,0xF81F,0xF81F,0xF81F,0xF81F,0xF81F,0xF81F,0xF81F,0xF81F,0xF81F,0xF81F,0xF81F,
    0xF81F,0xF81F,0xF81F,0xF81F,
    0xF81F,0xF81F,0xF81F,0xF81F,0xF81F,0xF81F,0xF81F,0xF81F,0xF81F,0xF81F,0xF81F,0xF81F,
    0xF81F,0xF81F,0xF81F,0xF81F,0xF81F,0xF81F,0xF81F,0xF81F,0xF81F,0xF81F,0xF81F,0xF81F,
    0xF81F,0xF81F,0xF81F,0xF81F,0xF81F,0xF81F,0xF81F,0xF81F,0xF81F,0xF81F,0xF81F,0xF81F,
    0xF81F,0xF81F,0xF81F,0xF81F,0xF81F,0xF81F,0xF81F,0xF81F,0xF81F,0xF81F,0xF81F,0xF81F,
    0xF81F,0xF81F,0xF81F,0xF81F,0xF81F,0xF81F,0xF81F,0x31C7,0x31C8,0xF81F,0xF81F,0xF81F,
    0xF81F,0xF81F,0xF81F,0xF81F,0xF81F,0xF81F,0xF81F,0xF81F,0xF81F,0xF81F,0xF81F,0xF81F,
    0xF81F,0xF81F,0xF81F,0xF81F,0xF81F,0xF81F,0xF81F,0xF81F,0xF81F,0xF81F,0xF81F,0xF81F,
    0xF81F,0xF81F,0xF81F,0xF81F,0xF81F,0xF81F,0xF81F,0xF81F,0xF81F,0xF81F,0xF81F,0xF81F,
    0xF81F,0xF81F,0xF81F,0xF81F,0xF81F,0xF81F,0xF81F,0xF81F,0xF81F,0xF81F,0xF81F,0xF81F,
    0xF81F,0xF81F,0xF81F,0xF81F,
    0xF81F,0xF81F,0xF81F,0xF81F,0xF81F,0xF81F,0xF81F,0xF81F,0xF81F,0xF81F,0xF81F,0xF81F,
    0xF81F,0xF81F,0xF81F,0xF81F,0xF81F,0xF81F,0xF81F,0xF81F,0xF81F,0xF81F,0xF81F,0xF81F,
    0xF81F,0xF81F,0xF81F,0xF81F,0xF81F,0xF81F,0xF81F,0xF81F,0xF81F,0xF81F,0xF81F,0xF81F,
    0xF81F,0xF81F,0xF81F,0xF81F,0xF81F,0xF81F,0xF81F,0xF81F,0xF81F,0xF81F,0xF81F,0xF81F,
    0xF81F,0xF81F,0xF81F,0xF81F,0xF81F,0xF81F,0x5B0D,0x9516,0x9516,0x6B8F,0xF81F,0xF81F,
    0xF81F,0xF81F,0xF81F,0xF81F,0xF81F,0xF81F,0xF81F,0xF81F,0xF81F,0xF81F,0xF81F,0xF81F,
    0xF81F,0xF81F,0xF81F,0xF81F,0xF81F,0xF81F,0xF81F,0xF81F,0xF81F,0xF81F,0xF81F,0xF81F,
    0xF81F,0xF81F,0xF81F,0xF81F,0xF81F,0xF81F,0xF81F,0xF81F,0xF81F,0xF81F,0xF81F,0xF81F,
    0xF81F,0xF81F,0xF81F,0xF81F,0xF81F,0xF81F,0xF81F,0xF81F,0xF81F,0xF81F,0xF81F,0xF81F,
    0xF81F,0xF81F,0xF81F,0xF81F,
    0xF81F,0xF81F,0xF81F,0xF81F,0xF81F,0xF81F,0xF81F,0xF81F,0xF81F,0xF81F,0xF81F,0xF81F,
    0xF81F,0xF81F,0xF81F,0xF81F,0xF81F,0xF81F,0xF81F,0xF81F,0xF81F,0xF81F,0xF81F,0xF81F,
    0xF81F,0xF81F,0xF81F,0xF81F,0xF81F,0xF81F,0xF81F,0xF81F,0xF81F,0xF81F,0xF81F,0xF81F,
    0xF81F,0xF81F,0xF81F,0xF81F,0xF81F,0xF81F,0xF81F,0xF81F,0xF81F,0xF81F,0xF81F,0xF81F,
    0xF81F,0xF81F,0xF81F,0xF81F,0xF81F,0xF81F,0x6390,0x7C12,0x73F2,0x73D1,0x0862,0xF81F,
    0xF81F,0xF81F,0xF81F,0xF81F,0xF81F,0xF81F,0xF81F,0xF81F,0xF81F,0xF81F,0xF81F,0xF81F,
    0xF81F,0xF81F,0xF81F,0xF81F,0xF81F,0xF81F,0xF81F,0xF81F,0xF81F,0xF81F,0xF81F,0xF81F,
    0xF81F,0xF81F,0xF81F,0xF81F,0xF81F,0xF81F,0xF81F,0xF81F,0xF81F,0xF81F,0xF81F,0xF81F,
    0xF81F,0xF81F,0xF81F,0xF81F,0xF81F,0xF81F,0xF81F,0xF81F,0xF81F,0xF81F,0xF81F,0xF81F,
    0xF81F,0xF81F,0xF81F,0xF81F,
    0xF81F,0xF81F,0xF81F,0xF81F,0xF81F,0xF81F,0xF81F,0xF81F,0xF81F,0xF81F,0xF81F,0xF81F,
    0xF81F,0xF81F,0xF81F,0xF81F,0xF81F,0xF81F,0xF81F,0xF81F,0xF81F,0xF81F,0xF81F,0xF81F,
    0xF81F,0xF81F,0xF81F,0xF81F,0xF81F,0xF81F,0xF81F,0xF81F,0xF81F,0xF81F,0xF81F,0xF81F,
    0xF81F,0xF81F,0xF81F,0xF81F,0xF81F,0xF81F,0xF81F,0xF81F,0xF81F,0xF81F,0xF81F,0xF81F,
    0xF81F,0xF81F,0xF81F,0xF81F,0xF81F,0xF81F,0x52CD,0x6BB0,0x6390,0x5B2E,0xF81F,0xF81F,
    0xF81F,0xF81F,0xF81F,0xF81F,0xF81F,0xF81F,0xF81F,0xF81F,0xF81F,0xF81F,0xF81F,0xF81F,
    0xF81F,0xF81F,0xF81F,0xF81F,0xF81F,0xF81F,0xF81F,0xF81F,0xF81F,0xF81F,0xF81F,0xF81F,
    0xF81F,0xF81F,0xF81F,0xF81F,0xF81F,0xF81F,0xF81F,0xF81F,0xF81F,0xF81F,0xF81F,0xF81F,
    0xF81F,0xF81F,0xF81F,0xF81F,0xF81F,0xF81F,0xF81F,0xF81F,0xF81F,0xF81F,0xF81F,0xF81F,
    0xF81F,0xF81F,0xF81F,0xF81F,
    0xF81F,0xF81F,0xF81F,0xF81F,0xF81F,0xF81F,0xF81F,0xF81F,0xF81F,0xF81F,0xF81F,0xF81F,
    0xF81F,0xF81F,0xF81F,0xF81F,0xF81F,0xF81F,0xF81F,0xF81F,0xF81F,0xF81F,0xF81F,0xF81F,
    0xF81F,0xF81F,0xF81F,0xF81F,0xF81F,0xF81F,0xF81F,0xF81F,0xF81F,0xF81F,0xF81F,0xF81F,
    0xF81F,0xF81F,0xF81F,0xF81F,0xF81F,0xF81F,0x2967,0x31A7,0x2987,0x3187,0x3187,0x3187,
    0x3187,0x29A7,0x29A7,0x29A7,0x29A7,0x31A7,0x52AC,0x5AED,0x52ED,0x52CC,0x31A8,0x3187,
    0x29A7,0x29A7,0x29A7,0x3187,0x3187,0x3187,0x3187,0x3187,0x3187,0x2987,0x0041,0xF81F,
    0xF81F,0xF81F,0xF81F,0xF81F,0xF81F,0xF81F,0xF81F,0xF81F,0xF81F,0xF81F,0xF81F,0xF81F,
    0xF81F,0xF81F,0xF81F,0xF81F,0xF81F,0xF81F,0xF81F,0xF81F,0xF81F,0xF81F,0xF81F,0xF81F,
    0xF81F,0xF81F,0xF81F,0xF81F,0xF81F,0xF81F,0xF81F,0xF81F,0xF81F,0xF81F,0xF81F,0xF81F,
    0xF81F,0xF81F,0xF81F,0xF81F,
    0xF81F,0xF81F,0xF81F,0xF81F,0xF81F,0xF81F,0xF81F,0xF81F,0xF81F,0xF81F,0xF81F,0xF81F,
    0xF81F,0xF81F,0xF81F,0xF81F,0xF81F,0xF81F,0xF81F,0xF81F,0xF81F,0xF81F,0xF81F,0xF81F,
    0xF81F,0xF81F,0xF81F,0xF81F,0xF81F,0xF81F,0xF81F,0xF81F,0xF81F,0xF81F,0xF81F,0xF81F,
    0xF81F,0xF81F,0xF81F,0xF81F,0xF81F,0xF81F,0x4A8B,0x52ED,0x52CD,0x52ED,0x52ED,0x52ED,
    0x52ED,0x52ED,0x52ED,0x52ED,0x52ED,0x52ED,0x426B,0x426A,0x426B,0x426B,0x52CD,0x52ED,
    0x52ED,0x52ED,0x52ED,0x52ED,0x52ED,0x52ED,0x52ED,0x52ED,0x52ED,0x4AAC,0x0041,0xF81F,
    0xF81F,0xF81F,0xF81F,0xF81F,0xF81F,0xF81F,0xF81F,0xF81F,0xF81F,0xF81F,0xF81F,0xF81F,
    0xF81F,0xF81F,0xF81F,0xF81F,0xF81F,0xF81F,0xF81F,0xF81F,0xF81F,0xF81F,0xF81F,0xF81F,
    0xF81F,0xF81F,0xF81F,0xF81F,0xF81F,0xF81F,0xF81F,0xF81F,0xF81F,0xF81F,0xF81F,0xF81F,
    0xF81F,0xF81F,0xF81F,0xF81F,
    0xF81F,0xF81F,0xF81F,0xF81F,0xF81F,0xF81F,0xF81F,0xF81F,0xF81F,0xF81F,0xF81F,0xF81F,
    0xF81F,0xF81F,0xF81F,0xF81F,0xF81F,0xF81F,0xF81F,0xF81F,0xF81F,0xF81F,0xF81F,0xF81F,
    0xF81F,0xF81F,0xF81F,0xF81F,0xF81F,0xF81F,0xF81F,0xF81F,0xF81F,0xF81F,0xF81F,0xF81F,
    0xF81F,0xF81F,0xF81F,0xF81F,0xF81F,0xF81F,0x3A09,0x4AAC,0x4A8B,0x4A8C,0x4A8C,0x4A8C,
    0x4A8C,0x4A8C,0x4A8C,0x4A8C,0x4A8B,0x4A8C,0x3A09,0x31A8,0x31A8,0x3A09,0x4AAC,0x4A8B,
    0x4A8C,0x4A8C,0x4A8C,0x4A8C,0x4A8C,0x4A8C,0x4A8C,0x4A8B,0x4AAC,0x424A,0xF81F,0xF81F,
    0xF81F,0xF81F,0xF81F,0xF81F,0xF81F,0xF81F,0xF81F,0xF81F,0xF81F,0xF81F,0xF81F,0xF81F,
    0xF81F,0xF81F,0xF81F,0xF81F,0xF81F,0xF81F,0xF81F,0xF81F,0xF81F,0xF81F,0xF81F,0xF81F,
    0xF81F,0xF81F,0xF81F,0xF81F,0xF81F,0xF81F,0xF81F,0xF81F,0xF81F,0xF81F,0xF81F,0xF81F,
    0xF81F,0xF81F,0xF81F,0xF81F,
    0xF81F,0xF81F,0xF81F,0xF81F,0xF81F,0xF81F,0xF81F,0xF81F,0xF81F,0xF81F,0xF81F,0xF81F,
    0xF81F,0xF81F,0xF81F,0xF81F,0xF81F,0xF81F,0xF81F,0xF81F,0xF81F,0xF81F,0xF81F,0xF81F,
    0xF81F,0xF81F,0xF81F,0xF81F,0xF81F,0xF81F,0xF81F,0xF81F,0xF81F,0xF81F,0xF81F,0xF81F,
    0xF81F,0xF81F,0xF81F,0xF81F,0xF81F,0xF81F,0x31E8,0x4AAC,0x4A8B,0x4A8C,0x4A8C,0x4A8C,
    0x4A8C,0x4A8C,0x4A8C,0x4A8C,0x4A8C,0x4A8C,0x4A8B,0x424B,0x424A,0x4A8B,0x4A8C,0x4A8C,
    0x4A8C,0x4A8C,0x4A8C,0x4A8C,0x4A8C,0x4A8C,0x4A8C,0x4A8B,0x4AAC,0x3A29,0xF81F,0xF81F,
    0xF81F,0xF81F,0xF81F,0xF81F,0xF81F,0xF81F,0xF81F,0xF81F,0xF81F,0xF81F,0xF81F,0xF81F,
    0xF81F,0xF81F,0xF81F,0xF81F,0xF81F,0xF81F,0xF81F,0xF81F,0xF81F,0xF81F,0xF81F,0xF81F,
    0xF81F,0xF81F,0xF81F,0xF81F,0xF81F,0xF81F,0xF81F,0xF81F,0xF81F,0xF81F,0xF81F,0xF81F,
    0xF81F,0xF81F,0xF81F,0xF81F,
    0xF81F,0xF81F,0xF81F,0xF81F,0xF81F,0xF81F,0xF81F,0xF81F,0xF81F,0xF81F,0xF81F,0xF81F,
    0xF81F,0xF81F,0xF81F,0xF81F,0xF81F,0xF81F,0xF81F,0xF81F,0xF81F,0xF81F,0xF81F,0xF81F,
    0xF81F,0xF81F,0xF81F,0xF81F,0xF81F,0xF81F,0xF81F,0xF81F,0xF81F,0xF81F,0xF81F,0xF81F,
    0xF81F,0xF81F,0xF81F,0xF81F,0xF81F,0xF81F,0x31A7,0x4AAC,0x426B,0x4A8B,0x4A8B,0x4A8B,
    0x4A8B,0x4A8B,0x4A8B,0x4A8B,0x4A8B,0x4A8B,0x4A8B,0x4A8C,0x4A8C,0x4A8B,0x4A8B,0x4A8B,
    0x4A8B,0x4A8B,0x4A8B,0x4A8B,0x4A8B,0x4A8B,0x4A8B,0x426B,0x4AAC,0x39E8,0xF81F,0xF81F,
    0xF81F,0xF81F,0xF81F,0xF81F,0xF81F,0xF81F,0xF81F,0xF81F,0xF81F,0xF81F,0xF81F,0xF81F,
    0xF81F,0xF81F,0xF81F,0xF81F,0xF81F,0xF81F,0xF81F,0xF81F,0xF81F,0xF81F,0xF81F,0xF81F,
    0xF81F,0xF81F,0xF81F,0xF81F,0xF81F,0xF81F,0xF81F,0xF81F,0xF81F,0xF81F,0xF81F,0xF81F,
    0xF81F,0xF81F,0xF81F,0xF81F,
    0xF81F,0xF81F,0xF81F,0xF81F,0xF81F,0xF81F,0xF81F,0xF81F,0xF81F,0xF81F,0xF81F,0xF81F,
    0xF81F,0xF81F,0xF81F,0xF81F,0xF81F,0xF81F,0xF81F,0xF81F,0xF81F,0xF81F,0xF81F,0xF81F,
    0xF81F,0xF81F,0xF81F,0xF81F,0xF81F,0xF81F,0xF81F,0xF81F,0xF81F,0xF81F,0xF81F,0xF81F,
    0xF81F,0xF81F,0xF81F,0xF81F,0xF81F,0xF81F,0x2966,0x4AAC,0x426B,0x426B,0x426B,0x426B,
    0x426B,0x426B,0x426B,0x426B,0x426B,0x426B,0x426B,0x426B,0x426B,0x426B,0x426B,0x426B,
    0x426B,0x426B,0x426B,0x426B,0x426B,0x426B,0x426B,0x426B,0x4A8C,0x31A7,0xF81F,0xF81F,
    0xF81F,0xF81F,0xF81F,0xF81F,0xF81F,0xF81F,0xF81F,0xF81F,0xF81F,0xF81F,0xF81F,0xF81F,
    0xF81F,0xF81F,0xF81F,0xF81F,0xF81F,0xF81F,0xF81F,0xF81F,0xF81F,0xF81F,0xF81F,0xF81F,
    0xF81F,0xF81F,0xF81F,0xF81F,0xF81F,0xF81F,0xF81F,0xF81F,0xF81F,0xF81F,0xF81F,0xF81F,
    0xF81F,0xF81F,0xF81F,0xF81F,
    0xF81F,0xF81F,0xF81F,0xF81F,0xF81F,0xF81F,0xF81F,0xF81F,0xF81F,0xF81F,0xF81F,0xF81F,
    0xF81F,0xF81F,0xF81F,0xF81F,0xF81F,0xF81F,0xF81F,0xF81F,0xF81F,0xF81F,0xF81F,0xF81F,
    0xF81F,0xF81F,0xF81F,0xF81F,0xF81F,0xF81F,0xF81F,0xF81F,0xF81F,0xF81F,0xF81F,0xF81F,
    0xF81F,0xF81F,0xF81F,0xF81F,0xF81F,0xF81F,0x2125,0x4A8C,0x424A,0x426B,0x426B,0x426B,
    0x426B,0x426B,0x426B,0x426B,0x426B,0x426B,0x426B,0x426B,0x426B,0x426B,0x426B,0x426B,
    0x426B,0x426B,0x426B,0x426B,0x426B,0x426B,0x426B,0x424A,0x4A8C,0x2966,0xF81F,0xF81F,
    0xF81F,0xF81F,0xF81F,0xF81F,0xF81F,0xF81F,0xF81F,0xF81F,0xF81F,0xF81F,0xF81F,0xF81F,
    0xF81F,0xF81F,0xF81F,0xF81F,0xF81F,0xF81F,0xF81F,0xF81F,0xF81F,0xF81F,0xF81F,0xF81F,
    0xF81F,0xF81F,0xF81F,0xF81F,0xF81F,0xF81F,0xF81F,0xF81F,0xF81F,0xF81F,0xF81F,0xF81F,
    0xF81F,0xF81F,0xF81F,0xF81F,
    0xF81F,0xF81F,0xF81F,0xF81F,0xF81F,0xF81F,0xF81F,0xF81F,0xF81F,0xF81F,0xF81F,0xF81F,
    0xF81F,0xF81F,0xF81F,0xF81F,0xF81F,0xF81F,0xF81F,0xF81F,0xF81F,0xF81F,0xF81F,0xF81F,
    0xF81F,0xF81F,0xF81F,0xF81F,0xF81F,0xF81F,0xF81F,0xF81F,0xF81F,0xF81F,0xF81F,0xF81F,
    0xF81F,0xF81F,0xF81F,0xF81F,0xF81F,0xF81F,0x18E4,0x4A8B,0x424A,0x424B,0x426B,0x424A,
    0x422A,0x422A,0x422A,0x422A,0x422A,0x422A,0x422A,0x422A,0x422A,0x422A,0x422A,0x422A,
    0x422A,0x422A,0x422A,0x4A2A,0x424A,0x426B,0x424B,0x424A,0x4A8B,0x2125,0xF81F,0xF81F,
    0xF81F,0xF81F,0xF81F,0xF81F,0xF81F,0xF81F,0xF81F,0xF81F,0xF81F,0xF81F,0xF81F,0xF81F,
    0xF81F,0xF81F,0xF81F,0xF81F,0xF81F,0xF81F,0xF81F,0xF81F,0xF81F,0xF81F,0xF81F,0xF81F,
    0xF81F,0xF81F,0xF81F,0xF81F,0xF81F,0xF81F,0xF81F,0xF81F,0xF81F,0xF81F,0xF81F,0xF81F,
    0xF81F,0xF81F,0xF81F,0xF81F,
    0xF81F,0xF81F,0xF81F,0xF81F,0xF81F,0xF81F,0xF81F,0xF81F,0xF81F,0xF81F,0xF81F,0xF81F,
    0xF81F,0xF81F,0xF81F,0xF81F,0xF81F,0xF81F,0xF81F,0xF81F,0xF81F,0xF81F,0xF81F,0xF81F,
    0xF81F,0xF81F,0xF81F,0xF81F,0xF81F,0xF81F,0xF81F,0xF81F,0xF81F,0xF81F,0xF81F,0xF81F,
    0xF81F,0xF81F,0xF81F,0xF81F,0xF81F,0xF81F,0x10C3,0x426B,0x422A,0x424A,0x4229,0x426B,
    0x32EF,0x32EF,0x32EF,0x32EF,0x32EF,0x32EF,0x32EF,0x32EF,0x32EF,0x32EF,0x32EF,0x32EF,
    0x32EF,0x32EF,0x32EF,0x32EF,0x3A8C,0x4229,0x424A,0x422A,0x426B,0x1904,0xF81F,0xF81F,
    0xF81F,0xF81F,0xF81F,0xF81F,0xF81F,0xF81F,0xF81F,0xF81F,0xF81F,0xF81F,0xF81F,0xF81F,
    0xF81F,0xF81F,0xF81F,0xF81F,0xF81F,0xF81F,0xF81F,0xF81F,0xF81F,0xF81F,0xF81F,0xF81F,
    0xF81F,0xF81F,0xF81F,0xF81F,0xF81F,0xF81F,0xF81F,0xF81F,0xF81F,0xF81F,0xF81F,0xF81F,
    0xF81F,0xF81F,0xF81F,0xF81F,
    0xF81F,0xF81F,0xF81F,0xF81F,0xF81F,0xF81F,0xF81F,0xF81F,0xF81F,0xF81F,0xF81F,0xF81F,
    0xF81F,0xF81F,0xF81F,0xF81F,0xF81F,0xF81F,0xF81F,0xF81F,0xF81F,0xF81F,0xF81F,0xF81F,
    0xF81F,0xF81F,0xF81F,0xF81F,0xF81F,0xF81F,0xF81F,0xF81F,0xF81F,0xF81F,0xF81F,0xF81F,
    0xF81F,0xF81F,0xF81F,0xF81F,0xF81F,0xF81F,0x0862,0x424A,0x3A2A,0x4209,0x2B10,0x04FC,
    0x055F,0x055F,0x055F,0x055F,0x055F,0x055F,0x055F,0x055F,0x055F,0x055F,0x055F,0x055F,
    0x055F,0x055F,0x055F,0x055F,0x051D,0x2352,0x4209,0x3A2A,0x426B,0x10A3,0xF81F,0xF81F,
    0xF81F,0xF81F,0xF81F,0xF81F,0xF81F,0xF81F,0xF81F,0xF81F,0xF81F,0xF81F,0xF81F,0xF81F,
    0xF81F,0xF81F,0xF81F,0xF81F,0xF81F,0xF81F,0xF81F,0xF81F,0xF81F,0xF81F,0xF81F,0xF81F,
    0xF81F,0xF81F,0xF81F,0xF81F,0xF81F,0xF81F,0xF81F,0xF81F,0xF81F,0xF81F,0xF81F,0xF81F,
    0xF81F,0xF81F,0xF81F,0xF81F,
    0xF81F,0xF81F,0xF81F,0xF81F,0xF81F,0xF81F,0xF81F,0xF81F,0xF81F,0xF81F,0xF81F,0xF81F,
    0xF81F,0xF81F,0xF81F,0xF81F,0xF81F,0xF81F,0xF81F,0xF81F,0xF81F,0xF81F,0xF81F,0xF81F,
    0xF81F,0xF81F,0xF81F,0xF81F,0xF81F,0xF81F,0xF81F,0xF81F,0xF81F,0xF81F,0xF81F,0xF81F,
    0xF81F,0xF81F,0xF81F,0xF81F,0x0862,0x10C3,0x2146,0x3A2A,0x4209,0x3A6B,0x0D3E,0x6EDF,
    0x9F1F,0x96FF,0x971F,0x971F,0x971F,0x971F,0x971F,0x971F,0x971F,0x971F,0x971F,0x971F,
    0x971F,0x971F,0x971F,0x9F1F,0x7EDF,0x159F,0x328D,0x3A09,0x424A,0x2966,0x18C3,0x0882,
    0xF81F,0xF81F,0xF81F,0xF81F,0xF81F,0xF81F,0xF81F,0xF81F,0xF81F,0xF81F,0xF81F,0xF81F,
    0xF81F,0xF81F,0xF81F,0xF81F,0xF81F,0xF81F,0xF81F,0xF81F,0xF81F,0xF81F,0xF81F,0xF81F,
    0xF81F,0xF81F,0xF81F,0xF81F,0xF81F,0xF81F,0xF81F,0xF81F,0xF81F,0xF81F,0xF81F,0xF81F,
    0xF81F,0xF81F,0xF81F,0xF81F,
    0xF81F,0xF81F,0xF81F,0xF81F,0xF81F,0xF81F,0xF81F,0xF81F,0xF81F,0xF81F,0xF81F,0xF81F,
    0xF81F,0xF81F,0xF81F,0xF81F,0xF81F,0xF81F,0xF81F,0xF81F,0xF81F,0xF81F,0xF81F,0xF81F,
    0xF81F,0xF81F,0xF81F,0x0882,0x18C3,0x2105,0x2966,0x31A7,0x3A09,0x4A6B,0x52EC,0x634E,
    0x6BB0,0x73F1,0x7C53,0x8494,0x8CD5,0x9536,0x8CD5,0x3A2A,0x41E8,0x22F0,0x463F,0xDFBF,
    0xC79F,0xC7BF,0xC7BF,0xC7BF,0xC7BF,0xC7BF,0xC7BF,0xC7BF,0xC7BF,0xC7BF,0xC7BF,0xC7BF,
    0xC7BF,0xC7BF,0xC7BF,0xC79F,0xDFDF,0x569F,0x1B32,0x41E8,0x3A0A,0x8494,0x9D37,0x8CD5,
    0x8C94,0x8453,0x7412,0x6BB0,0x634E,0x52ED,0x4A8B,0x3A09,0x31A7,0x2966,0x2125,0x18C3,
    0x1082,0xF81F,0xF81F,0xF81F,0xF81F,0xF81F,0xF81F,0xF81F,0xF81F,0xF81F,0xF81F,0xF81F,
    0xF81F,0xF81F,0xF81F,0xF81F,0xF81F,0xF81F,0xF81F,0xF81F,0xF81F,0xF81F,0xF81F,0xF81F,
    0xF81F,0xF81F,0xF81F,0xF81F,
    0xF81F,0xF81F,0xF81F,0xF81F,0xF81F,0xF81F,0xF81F,0xF81F,0xF81F,0xF81F,0xF81F,0xF81F,
    0xF81F,0xF81F,0xF81F,0xF81F,0xF81F,0xF81F,0xF81F,0x18E4,0x4AAB,0x52ED,0x634E,0x6BB0,
    0x73F1,0x7C53,0x8494,0x8CD5,0x9516,0x9D37,0x9D57,0x9D58,0x9D78,0x9D58,0x9D57,0x9D37,
    0x9D36,0x9516,0x94F6,0x8CD5,0x8CB5,0x8CB5,0x8473,0x3A4A,0x39E8,0x2A8D,0x1DBF,0xA73F,
    0xC77F,0xBF7F,0xBF7F,0xBF7F,0xBF7F,0xBF7F,0xBF7F,0xBF7F,0xBF7F,0xBF7F,0xBF7F,0xBF7F,
    0xBF7F,0xBF7F,0xBF7F,0xBF7F,0xAF5F,0x25FF,0x22CF,0x39E8,0x3A2A,0x7C32,0x8CB5,0x8CB5,
    0x8CD5,0x94F6,0x9516,0x9536,0x9D37,0x9D57,0x9D58,0x9D58,0x9D58,0x9D57,0x9D37,0x9516,
    0x8CD5,0x8C94,0x7C53,0x7412,0x6BB0,0x634F,0x52ED,0x52AC,0x2125,0xF81F,0xF81F,0xF81F,
    0xF81F,0xF81F,0xF81F,0xF81F,0xF81F,0xF81F,0xF81F,0xF81F,0xF81F,0xF81F,0xF81F,0xF81F,
    0xF81F,0xF81F,0xF81F,0xF81F,
    0xF81F,0xF81F,0xF81F,0xF81F,0xF81F,0xF81F,0xF81F,0xF81F,0xF81F,0xF81F,0xF81F,0xF81F,
    0xF81F,0xF81F,0xF81F,0xF81F,0xF81F,0xF81F,0xF81F,0x2966,0xA598,0x9D37,0x9D37,0x9516,
    0x94F6,0x94D5,0x8CB5,0x8C94,0x8494,0x8473,0x7C53,0x7C33,0x7C32,0x7C32,0x7C12,0x7C12,
    0x7C12,0x7C12,0x7C12,0x7C32,0x7C32,0x7C32,0x7C32,0x424A,0x31E9,0x39C8,0x13B4,0x0DBF,
    0x25FF,0x1DFF,0x1DFF,0x1DFF,0x1DFF,0x1DFF,0x1DFF,0x1DFF,0x1DFF,0x1DFF,0x1DFF,0x1DFF,
    0x1DFF,0x1DFF,0x1DFF,0x25FF,0x15DF,0x1417,0x39E8,0x3A09,0x3A29,0x7412,0x7C32,0x7C32,
    0x7C32,0x7C12,0x7C12,0x7C12,0x7C12,0x7C12,0x7C32,0x7C32,0x7C33,0x7C53,0x8473,0x8494,
    0x8C94,0x8CB5,0x8CD5,0x94F6,0x9516,0x9D37,0x9D37,0xA5B9,0x39E8,0xF81F,0xF81F,0xF81F,
    0xF81F,0xF81F,0xF81F,0xF81F,0xF81F,0xF81F,0xF81F,0xF81F,0xF81F,0xF81F,0xF81F,0xF81F,
    0xF81F,0xF81F,0xF81F,0xF81F,
    0xF81F,0xF81F,0xF81F,0xF81F,0xF81F,0xF81F,0xF81F,0xF81F,0xF81F,0xF81F,0xF81F,0xF81F,
    0xF81F,0xF81F,0xF81F,0xF81F,0xF81F,0xF81F,0xF81F,0x0862,0x6BD1,0x73F1,0x73F1,0x73F1,
    0x73F1,0x73F1,0x73F1,0x73F1,0x73F1,0x73F1,0x7412,0x7412,0x7412,0x7412,0x7412,0x7C12,
    0x7C12,0x7C12,0x7C12,0x7C12,0x7C12,0x7C12,0x7C12,0x424A,0x31C8,0x39E9,0x39C8,0x22CF,
    0x13B4,0x1394,0x1394,0x1394,0x1394,0x1394,0x1394,0x1394,0x1394,0x1394,0x1394,0x1394,
    0x1394,0x1394,0x1394,0x1394,0x2310,0x39E8,0x39E9,0x31E9,0x3A2A,0x73F2,0x7C12,0x7C12,
    0x7C12,0x7C12,0x7C12,0x7C12,0x7C12,0x7412,0x7412,0x7412,0x7412,0x7412,0x73F1,0x73F1,
    0x73F1,0x73F1,0x73F1,0x73F1,0x73F1,0x73F1,0x73F1,0x73F2,0x10C3,0xF81F,0xF81F,0xF81F,
    0xF81F,0xF81F,0xF81F,0xF81F,0xF81F,0xF81F,0xF81F,0xF81F,0xF81F,0xF81F,0xF81F,0xF81F,
    0xF81F,0xF81F,0xF81F,0xF81F,
    0xF81F,0xF81F,0xF81F,0xF81F,0xF81F,0xF81F,0xF81F,0xF81F,0xF81F,0xF81F,0xF81F,0xF81F,
    0xF81F,0xF81F,0xF81F,0xF81F,0xF81F,0xF81F,0xF81F,0xF81F,0x5B2E,0x7412,0x73D1,0x73F1,
    0x73F1,0x73F1,0x73F1,0x73F1,0x73F1,0x73F1,0x73F1,0x73F1,0x73F1,0x73F1,0x73F1,0x73F1,
    0x73F1,0x73F1,0x73F1,0x73F1,0x73D1,0x73D1,0x73F1,0x426B,0x31C8,0x31E9,0x31E9,0x39A7,
    0x39A7,0x39A7,0x39A7,0x39A7,0x39A7,0x39A7,0x39A7,0x39A7,0x39A7,0x39A7,0x39A7,0x39A7,
    0x39A7,0x39A7,0x39A7,0x39A7,0x39A7,0x31E9,0x31E9,0x31C8,0x422A,0x73F1,0x73D1,0x73D1,
    0x73F1,0x73F1,0x73F1,0x73F1,0x73F1,0x73F1,0x73F1,0x73F1,0x73F1,0x73F1,0x73F1,0x73F1,
    0x73F1,0x73F1,0x73F1,0x73F1,0x73F1,0x73D1,0x73F1,0x636F,0xF81F,0xF81F,0xF81F,0xF81F,
    0xF81F,0xF81F,0xF81F,0xF81F,0xF81F,0xF81F,0xF81F,0xF81F,0xF81F,0xF81F,0xF81F,0xF81F,
    0xF81F,0xF81F,0xF81F,0xF81F,
    0xF81F,0xF81F,0xF81F,0xF81F,0xF81F,0xF81F,0xF81F,0xF81F,0xF81F,0xF81F,0xF81F,0xF81F,
    0xF81F,0xF81F,0xF81F,0xF81F,0xF81F,0xF81F,0xF81F,0xF81F,0x4A6B,0x73F1,0x6B90,0x6BB0,
    0x6BB0,0x6BB0,0x6BB0,0x6BB0,0x6BB0,0x6BB0,0x6BB0,0x6BB0,0x6BB0,0x6BB0,0x6BB0,0x6BB0,
    0x6BB0,0x6BB0,0x6BB0,0x6BB0,0x6BB0,0x6BB0,0x73D1,0x426B,0x31A8,0x31C8,0x31C8,0x31C8,
    0x31E9,0x31E9,0x31E9,0x31E9,0x31E9,0x31E9,0x31E9,0x31E9,0x31E9,0x31E9,0x31E9,0x31E9,
    0x31E9,0x31E9,0x31E9,0x31E9,0x31C8,0x31C8,0x31C8,0x31A8,0x424A,0x6BB1,0x6BB0,0x6BB0,
    0x6BB0,0x6BB0,0x6BB0,0x6BB0,0x6BB0,0x6BB0,0x6BB0,0x6BB0,0x6BB0,0x6BB0,0x6BB0,0x6BB0,
    0x6BB0,0x6BB0,0x6BB0,0x6BB0,0x6BB0,0x6BB0,0x73F1,0x52CC,0xF81F,0xF81F,0xF81F,0xF81F,
    0xF81F,0xF81F,0xF81F,0xF81F,0xF81F,0xF81F,0xF81F,0xF81F,0xF81F,0xF81F,0xF81F,0xF81F,
    0xF81F,0xF81F,0xF81F,0xF81F,
    0xF81F,0xF81F,0xF81F,0xF81F,0xF81F,0xF81F,0xF81F,0xF81F,0xF81F,0xF81F,0xF81F,0xF81F,
    0xF81F,0xF81F,0xF81F,0xF81F,0xF81F,0xF81F,0xF81F,0xF81F,0x31A7,0x6BB1,0x636F,0x6B8F,
    0x6B8F,0x6B8F,0x6B8F,0x6B8F,0x6B8F,0x6B8F,0x6B8F,0x6B8F,0x6B8F,0x6B8F,0x6B8F,0x6B8F,
    0x6B8F,0x6B8F,0x6B8F,0x6B8F,0x6B8F,0x6B8F,0x6B90,0x3A09,0x31A8,0x31C8,0x31C8,0x31C8,
    0x31C8,0x31C8,0x31C8,0x31C8,0x31C8,0x31C8,0x31C8,0x31C8,0x31C8,0x31C8,0x31C8,0x31C8,
    0x31C8,0x31C8,0x31C8,0x31C8,0x31C8,0x31C8,0x31A8,0x31A8,0x31E8,0x636F,0x6B90,0x6B8F,
    0x6B8F,0x6B8F,0x6B8F,0x6B8F,0x6B8F,0x6B8F,0x6B8F,0x6B8F,0x6B8F,0x6B8F,0x6B8F,0x6B8F,
    0x6B8F,0x6B8F,0x6B8F,0x6B8F,0x6B8F,0x636F,0x6BD0,0x3A09,0xF81F,0xF81F,0xF81F,0xF81F,
    0xF81F,0xF81F,0xF81F,0xF81F,0xF81F,0xF81F,0xF81F,0xF81F,0xF81F,0xF81F,0xF81F,0xF81F,
    0xF81F,0xF81F,0xF81F,0xF81F,
    0xF81F,0xF81F,0xF81F,0xF81F,0xF81F,0xF81F,0xF81F,0xF81F,0xF81F,0xF81F,0xF81F,0xF81F,
    0xF81F,0xF81F,0xF81F,0xF81F,0xF81F,0xF81F,0xF81F,0xF81F,0x18E4,0x638F,0x634E,0x634F,
    0x634F,0x634F,0x634F,0x634F,0x634F,0x634F,0x634F,0x634F,0x634F,0x634F,0x634F,0x634F,
    0x634F,0x634F,0x634F,0x634F,0x634F,0x634F,0x634E,0x2987,0x31A8,0x29A8,0x31A8,0x31A8,
    0x31A8,0x31A8,0x31A8,0x31A8,0x31A8,0x31A8,0x31A8,0x31A8,0x31A8,0x31A8,0x31A8,0x31A8,
    0x31A8,0x31A8,0x31A8,0x31A8,0x31A8,0x31A8,0x29A7,0x31A8,0x2966,0x5B0E,0x636F,0x634F,
    0x634F,0x634F,0x634F,0x634F,0x634F,0x634F,0x634F,0x634F,0x634F,0x634F,0x634F,0x634F,
    0x634F,0x634F,0x634F,0x634F,0x634F,0x634E,0x6B90,0x2145,0xF81F,0xF81F,0xF81F,0xF81F,
    0xF81F,0xF81F,0xF81F,0xF81F,0xF81F,0xF81F,0xF81F,0xF81F,0xF81F,0xF81F,0xF81F,0xF81F,
    0xF81F,0xF81F,0xF81F,0xF81F,
    0xF81F,0xF81F,0xF81F,0xF81F,0xF81F,0xF81F,0xF81F,0xF81F,0xF81F,0xF81F,0xF81F,0xF81F,
    0xF81F,0xF81F,0xF81F,0xF81F,0xF81F,0xF81F,0xF81F,0xF81F,0x0862,0x5B0D,0x5B2E,0x5B2E,
    0x5B2E,0x5B2E,0x5B2E,0x5B2E,0x5B2E,0x5B2E,0x5B2E,0x5B2E,0x5B2E,0x5B2E,0x5B2E,0x5B2E,
    0x5B2E,0x5B2E,0x5B2E,0x5B2E,0x5B2E,0x5B2E,0x52ED,0x1905,0x29A8,0x2987,0x29A7,0x29A7,
    0x29A7,0x29A7,0x29A7,0x29A7,0x29A7,0x29A7,0x29A7,0x29A7,0x29A7,0x29A7,0x29A7,0x29A7,
    0x29A7,0x29A7,0x29A7,0x29A7,0x29A7,0x29A7,0x2987,0x31A8,0x1904,0x52CC,0x5B4E,0x5B2E,
    0x5B2E,0x5B2E,0x5B2E,0x5B2E,0x5B2E,0x5B2E,0x5B2E,0x5B2E,0x5B2E,0x5B2E,0x5B2E,0x5B2E,
    0x5B2E,0x5B2E,0x5B2E,0x5B2E,0x5B2E,0x5B2E,0x5B2E,0x10A3,0xF81F,0xF81F,0xF81F,0xF81F,
    0xF81F,0xF81F,0xF81F,0xF81F,0xF81F,0xF81F,0xF81F,0xF81F,0xF81F,0xF81F,0xF81F,0xF81F,
    0xF81F,0xF81F,0xF81F,0xF81F,
    0xF81F,0xF81F,0xF81F,0xF81F,0xF81F,0xF81F,0xF81F,0xF81F,0xF81F,0xF81F,0xF81F,0xF81F,
    0xF81F,0xF81F,0xF81F,0xF81F,0xF81F,0xF81F,0xF81F,0xF81F,0xF81F,0x4A8B,0x5B0E,0x52ED,
    0x5AED,0x5AED,0x5AED,0x5AED,0x5AED,0x5AED,0x5AED,0x5AED,0x5AED,0x5AED,0x5AED,0x5AED,
    0x5AED,0x5AED,0x5AED,0x5AED,0x52ED,0x5B0D,0x4AAC,0x10A3,0x29A7,0x2987,0x2987,0x2987,
    0x2987,0x2987,0x2987,0x2987,0x2987,0x2987,0x2987,0x2987,0x2987,0x2987,0x2987,0x2987,
    0x2987,0x2987,0x2987,0x2987,0x2987,0x2987,0x2987,0x31A8,0x10A3,0x426A,0x5B0E,0x52ED,
    0x5AED,0x5AED,0x5AED,0x5AED,0x5AED,0x5AED,0x5AED,0x5AED,0x5AED,0x5AED,0x5AED,0x5AED,
    0x5AED,0x5AED,0x5AED,0x5AED,0x52ED,0x5B0D,0x52CC,0x0841,0xF81F,0xF81F,0xF81F,0xF81F,
    0xF81F,0xF81F,0xF81F,0xF81F,0xF81F,0xF81F,0xF81F,0xF81F,0xF81F,0xF81F,0xF81F,0xF81F,
    0xF81F,0xF81F,0xF81F,0xF81F,
    0xF81F,0xF81F,0xF81F,0xF81F,0xF81F,0xF81F,0xF81F,0xF81F,0xF81F,0xF81F,0xF81F,0xF81F,
    0xF81F,0xF81F,0xF81F,0xF81F,0xF81F,0xF81F,0xF81F,0xF81F,0xF81F,0x39E8,0x52ED,0x52AC,
    0x52CC,0x52CC,0x52CC,0x52CC,0x52CC,0x52CC,0x52CC,0x52CC,0x52CC,0x52CC,0x52CC,0x52CC,
    0x52CC,0x52CC,0x52CC,0x52CC,0x52AC,0x52ED,0x424A,0x0861,0x2987,0x2967,0x2967,0x2967,
    0x2967,0x2967,0x2967,0x2967,0x2967,0x2967,0x2967,0x2967,0x2967,0x2967,0x2967,0x2967,
    0x2967,0x2967,0x2967,0x2967,0x2967,0x2967,0x2966,0x29A7,0x0841,0x39E8,0x5AED,0x52AC,
    0x52CC,0x52CC,0x52CC,0x52CC,0x52CC,0x52CC,0x52CC,0x52CC,0x52CC,0x52CC,0x52CC,0x52CC,
    0x52CC,0x52CC,0x52CC,0x52CC,0x52AC,0x52ED,0x422A,0xF81F,0xF81F,0xF81F,0xF81F,0xF81F,
    0xF81F,0xF81F,0xF81F,0xF81F,0xF81F,0xF81F,0xF81F,0xF81F,0xF81F,0xF81F,0xF81F,0xF81F,
    0xF81F,0xF81F,0xF81F,0xF81F,
    0xF81F,0xF81F,0xF81F,0xF81F,0xF81F,0xF81F,0xF81F,0xF81F,0xF81F,0xF81F,0xF81F,0xF81F,
    0xF81F,0xF81F,0xF81F,0xF81F,0xF81F,0xF81F,0xF81F,0xF81F,0xF81F,0x2946,0x52CC,0x4A8B,
    0x4AAB,0x4AAB,0x4AAB,0x4AAB,0x4AAB,0x4AAB,0x4AAB,0x4AAB,0x4AAB,0x4AAB,0x4AAC,0x4AAC,
    0x4AAC,0x4AAC,0x4AAC,0x4AAC,0x4A8C,0x52CC,0x422A,0x18C3,0x2987,0x29A7,0x2987,0x29A7,
    0x29A7,0x29A7,0x29A7,0x29A7,0x29A7,0x29A7,0x29A7,0x29A7,0x2987,0x29A7,0x29A7,0x29A7,
    0x29A7,0x29A7,0x29A7,0x29A7,0x29A7,0x29A7,0x2987,0x31A8,0x10C3,0x39E8,0x52CC,0x4A8C,
    0x4AAC,0x4AAC,0x4AAC,0x4AAC,0x4AAC,0x4AAC,0x4AAB,0x4AAB,0x4AAB,0x4AAB,0x4AAB,0x4AAB,
    0x4AAB,0x4AAB,0x4AAB,0x4AAB,0x4A8B,0x52CC,0x29A7,0xF81F,0xF81F,0xF81F,0xF81F,0xF81F,
    0xF81F,0xF81F,0xF81F,0xF81F,0xF81F,0xF81F,0xF81F,0xF81F,0xF81F,0xF81F,0xF81F,0xF81F,
    0xF81F,0xF81F,0xF81F,0xF81F,
    0xF81F,0xF81F,0xF81F,0xF81F,0xF81F,0xF81F,0xF81F,0xF81F,0xF81F,0xF81F,0xF81F,0xF81F,
    0xF81F,0xF81F,0xF81F,0xF81F,0xF81F,0xF81F,0xF81F,0xF81F,0xF81F,0x18C3,0x4A8B,0x426A,
    0x4A6B,0x4A6B,0x4A6B,0x4A6B,0x4A6B,0x4A6B,0x4A6B,0x4A6B,0x4A6B,0x4A6B,0x4A8B,0x52AC,
    0x4AAC,0x4AAC,0x4AAC,0x4AAC,0x4AAC,0x4AAC,0x4AAC,0x52CC,0x4AAC,0x4AAC,0x4AAC,0x4AAC,
    0x4AAC,0x4AAC,0x4AAC,0x4AAC,0x4AAC,0x4AAC,0x4AAC,0x52AC,0x52CC,0x4AAC,0x4AAC,0x4AAC,
    0x4AAC,0x4AAC,0x4AAC,0x4AAC,0x4AAC,0x4AAC,0x4AAC,0x4AAC,0x52CC,0x4AAC,0x4AAC,0x4AAC,
    0x4AAC,0x4AAC,0x4AAC,0x4AAC,0x4AAC,0x4A8B,0x426B,0x4A6B,0x4A6B,0x4A6B,0x4A6B,0x4A6B,
    0x4A6B,0x4A6B,0x4A6B,0x4A6B,0x426A,0x4A8B,0x2105,0xF81F,0xF81F,0xF81F,0xF81F,0xF81F,
    0xF81F,0xF81F,0xF81F,0xF81F,0xF81F,0xF81F,0xF81F,0xF81F,0xF81F,0xF81F,0xF81F,0xF81F,
    0xF81F,0xF81F,0xF81F,0xF81F,
    0xF81F,0xF81F,0xF81F,0xF81F,0xF81F,0xF81F,0xF81F,0xF81F,0xF81F,0xF81F,0xF81F,0xF81F,
    0xF81F,0xF81F,0xF81F,0xF81F,0xF81F,0xF81F,0xF81F,0xF81F,0xF81F,0x0861,0x422A,0x424A,
    0x424A,0x424A,0x424A,0x424A,0x424A,0x424A,0x424A,0x424A,0x424A,0x422A,0x426B,0x4AAC,
    0x4AAC,0x4AAC,0x4AAC,0x4AAC,0x4AAC,0x4AAC,0x4A8C,0x4A8C,0x4AAC,0x4AAC,0x4AAC,0x4AAC,
    0x4AAC,0x4AAC,0x4AAC,0x4AAC,0x4AAC,0x4AAC,0x4AAC,0x424B,0x422A,0x4AAC,0x4AAC,0x4AAC,
    0x4AAC,0x4AAC,0x4AAC,0x4AAC,0x4AAC,0x4AAC,0x4AAC,0x4AAC,0x4AAC,0x4A8C,0x4AAC,0x4AAC,
    0x4AAC,0x4AAC,0x4AAC,0x4AAC,0x4AAC,0x426B,0x422A,0x424A,0x424A,0x424A,0x424A,0x424A,
    0x424A,0x424A,0x424A,0x424A,0x422A,0x424A,0x10A2,0xF81F,0xF81F,0xF81F,0xF81F,0xF81F,
    0xF81F,0xF81F,0xF81F,0xF81F,0xF81F,0xF81F,0xF81F,0xF81F,0xF81F,0xF81F,0xF81F,0xF81F,
    0xF81F,0xF81F,0xF81F,0xF81F,
    0xF81F,0xF81F,0xF81F,0xF81F,0xF81F,0xF81F,0xF81F,0xF81F,0xF81F,0xF81F,0xF81F,0xF81F,
    0xF81F,0xF81F,0xF81F,0xF81F,0xF81F,0xF81F,0xF81F,0xF81F,0xF81F,0xF81F,0x31C8,0x3A29,
    0x3A09,0x3A09,0x3A09,0x3A09,0x3A09,0x3A09,0x3A09,0x3A09,0x3A09,0x3A09,0x422A,0x4A8C,
    0x4A8C,0x4A8C,0x4A8C,0x4A8C,0x4A8C,0x4A8C,0x4A8C,0x4A8C,0x4A8C,0x4A8C,0x4A8C,0x4A8C,
    0x4A8C,0x4A8C,0x4A8C,0x4A8C,0x4A8C,0x4A8B,0x52CC,0x31A7,0x2125,0x52CC,0x4A8B,0x4A8C,
    0x4A8C,0x4A8C,0x4A8C,0x4A8C,0x4A8C,0x4A8C,0x4A8C,0x4A8C,0x4A8C,0x4A8C,0x4A8C,0x4A8C,
    0x4A8C,0x4A8C,0x4A8C,0x4A8C,0x4AAC,0x424A,0x3A09,0x3A09,0x3A09,0x3A09,0x3A09,0x3A09,
    0x3A09,0x3A09,0x3A09,0x3A09,0x3A09,0x3A09,0x0021,0xF81F,0xF81F,0xF81F,0xF81F,0xF81F,
    0xF81F,0xF81F,0xF81F,0xF81F,0xF81F,0xF81F,0xF81F,0xF81F,0xF81F,0xF81F,0xF81F,0xF81F,
    0xF81F,0xF81F,0xF81F,0xF81F,
    0xF81F,0xF81F,0xF81F,0xF81F,0xF81F,0xF81F,0xF81F,0xF81F,0xF81F,0xF81F,0xF81F,0xF81F,
    0xF81F,0xF81F,0xF81F,0xF81F,0xF81F,0xF81F,0xF81F,0xF81F,0xF81F,0xF81F,0x2966,0x3A09,
    0x31C8,0x39E8,0x39E8,0x39E8,0x39E8,0x39E8,0x39E8,0x39E8,0x39E8,0x31E8,0x3A09,0x4A8B,
    0x4A8B,0x4A8B,0x4A8B,0x4A8B,0x4A8B,0x4A8B,0x4A8B,0x4A8B,0x4A8B,0x4A8B,0x4A8B,0x4A8B,
    0x4A8B,0x4A8B,0x4A8B,0x4A8B,0x4A8B,0x4A6B,0x4AAC,0x31A8,0x2146,0x4AAC,0x4A6B,0x4A8B,
    0x4A8B,0x4A8B,0x4A8B,0x4A8B,0x4A8B,0x4A8B,0x4A8B,0x4A8B,0x4A8B,0x4A8B,0x4A8B,0x4A8B,
    0x4A8B,0x4A8B,0x4A8B,0x4A8B,0x4A8B,0x3A09,0x31E8,0x39E8,0x39E8,0x39E8,0x39E8,0x39E8,
    0x39E8,0x39E8,0x39E8,0x31C8,0x39E9,0x2987,0xF81F,0xF81F,0xF81F,0xF81F,0xF81F,0xF81F,
    0xF81F,0xF81F,0xF81F,0xF81F,0xF81F,0xF81F,0xF81F,0xF81F,0xF81F,0xF81F,0xF81F,0xF81F,
    0xF81F,0xF81F,0xF81F,0xF81F,
    0xF81F,0xF81F,0xF81F,0xF81F,0xF81F,0xF81F,0xF81F,0xF81F,0xF81F,0xF81F,0xF81F,0xF81F,
    0xF81F,0xF81F,0xF81F,0xF81F,0xF81F,0xF81F,0xF81F,0xF81F,0xF81F,0xF81F,0x18E4,0x31E8,
    0x31A7,0x31A8,0x31A8,0x31A8,0x31A8,0x31A8,0x31A8,0x31C8,0x31A8,0x31A7,0x31C8,0x426B,
    0x426B,0x426B,0x426B,0x426B,0x426B,0x426B,0x426B,0x426B,0x426B,0x426B,0x426B,0x426B,
    0x426B,0x426B,0x426B,0x426B,0x426B,0x426B,0x4A8C,0x31A7,0x2125,0x4A8C,0x426B,0x426B,
    0x426B,0x426B,0x426B,0x426B,0x426B,0x426B,0x426B,0x426B,0x426B,0x426B,0x426B,0x426B,
    0x426B,0x426B,0x426B,0x426B,0x4A6B,0x31E8,0x31A7,0x31A8,0x31C8,0x31A8,0x31A8,0x31A8,
    0x31A8,0x31A8,0x31A8,0x31A7,0x31C8,0x2125,0xF81F,0xF81F,0xF81F,0xF81F,0xF81F,0xF81F,
    0xF81F,0xF81F,0xF81F,0xF81F,0xF81F,0xF81F,0xF81F,0xF81F,0xF81F,0xF81F,0xF81F,0xF81F,
    0xF81F,0xF81F,0xF81F,0xF81F,
    0xF81F,0xF81F,0xF81F,0xF81F,0xF81F,0xF81F,0xF81F,0xF81F,0xF81F,0xF81F,0xF81F,0xF81F,
    0xF81F,0xF81F,0xF81F,0xF81F,0xF81F,0xF81F,0xF81F,0xF81F,0xF81F,0xF81F,0x1082,0x2987,
    0x2966,0x2966,0x2966,0x2966,0x2966,0x2966,0x2966,0x2987,0x2987,0x2987,0x2987,0x424A,
    0x426B,0x426B,0x426B,0x426B,0x426B,0x426B,0x426B,0x426B,0x426B,0x426B,0x426B,0x426B,
    0x426B,0x426B,0x426B,0x426B,0x426B,0x424B,0x4A8B,0x2987,0x2125,0x4A8B,0x424B,0x426B,
    0x426B,0x426B,0x426B,0x426B,0x426B,0x426B,0x426B,0x426B,0x426B,0x426B,0x426B,0x426B,
    0x426B,0x426B,0x426B,0x426B,0x424B,0x29A7,0x2987,0x2987,0x2987,0x2966,0x2966,0x2966,
    0x2966,0x2966,0x2966,0x2966,0x31A7,0x10A3,0xF81F,0xF81F,0xF81F,0xF81F,0xF81F,0xF81F,
    0xF81F,0xF81F,0xF81F,0xF81F,0xF81F,0xF81F,0xF81F,0xF81F,0xF81F,0xF81F,0xF81F,0xF81F,
    0xF81F,0xF81F,0xF81F,0xF81F,
    0xF81F,0xF81F,0xF81F,0xF81F,0xF81F,0xF81F,0xF81F,0xF81F,0xF81F,0xF81F,0xF81F,0xF81F,
    0xF81F,0xF81F,0xF81F,0xF81F,0xF81F,0xF81F,0xF81F,0xF81F,0xF81F,0xF81F,0x0862,0x2966,
    0x2146,0x2146,0x2146,0x2146,0x2146,0x2146,0x2146,0x2146,0x2146,0x2146,0x2966,0x422A,
    0x424A,0x424A,0x424A,0x424A,0x424A,0x424A,0x424A,0x424A,0x424A,0x424A,0x424A,0x424A,
    0x424A,0x424A,0x424A,0x424A,0x424A,0x424A,0x4A8B,0x2987,0x2125,0x4A8B,0x424A,0x424A,
    0x424A,0x424A,0x424A,0x424A,0x424A,0x424A,0x424A,0x424A,0x424A,0x424A,0x424A,0x424A,
    0x424A,0x424A,0x424A,0x424A,0x424A,0x2987,0x2146,0x2146,0x2146,0x2146,0x2146,0x2146,
    0x2146,0x2146,0x2146,0x2146,0x2966,0x1082,0xF81F,0xF81F,0xF81F,0xF81F,0xF81F,0xF81F,
    0xF81F,0xF81F,0xF81F,0xF81F,0xF81F,0xF81F,0xF81F,0xF81F,0xF81F,0xF81F,0xF81F,0xF81F,
    0xF81F,0xF81F,0xF81F,0xF81F,
    0xF81F,0xF81F,0xF81F,0xF81F,0xF81F,0xF81F,0xF81F,0xF81F,0xF81F,0xF81F,0xF81F,0xF81F,
    0xF81F,0xF81F,0xF81F,0xF81F,0xF81F,0xF81F,0xF81F,0xF81F,0xF81F,0xF81F,0x1905,0x2166,
    0x2146,0x2146,0x2146,0x2146,0x2146,0x2146,0x2146,0x2146,0x2146,0x2146,0x10A3,0x31C8,
    0x424B,0x422A,0x424A,0x424A,0x424A,0x424A,0x424A,0x424A,0x424A,0x424A,0x424A,0x424A,
    0x424A,0x424A,0x424A,0x424A,0x424A,0x422A,0x426B,0x2987,0x2125,0x426B,0x422A,0x424A,
    0x424A,0x424A,0x424A,0x424A,0x424A,0x424A,0x424A,0x424A,0x424A,0x424A,0x424A,0x424A,
    0x424A,0x424A,0x422A,0x424A,0x3A09,0x10C3,0x2146,0x2146,0x2146,0x2146,0x2146,0x2146,
    0x2146,0x2146,0x2146,0x2146,0x2146,0x2125,0x0020,0xF81F,0xF81F,0xF81F,0xF81F,0xF81F,
    0xF81F,0xF81F,0xF81F,0xF81F,0xF81F,0xF81F,0xF81F,0xF81F,0xF81F,0xF81F,0xF81F,0xF81F,
    0xF81F,0xF81F,0xF81F,0xF81F,
    0xF81F,0xF81F,0xF81F,0xF81F,0xF81F,0xF81F,0xF81F,0xF81F,0xF81F,0xF81F,0xF81F,0xF81F,
    0xF81F,0xF81F,0xF81F,0xF81F,0xF81F,0xF81F,0xF81F,0xF81F,0xF81F,0x0882,0x2966,0x2125,
    0x2146,0x2146,0x2146,0x2146,0x2146,0x2146,0x2146,0x2146,0x2125,0x2166,0x0862,0x2966,
    0x424B,0x3A2A,0x422A,0x422A,0x422A,0x422A,0x3A2A,0x3A2A,0x3A2A,0x3A2A,0x3A2A,0x3A2A,
    0x3A2A,0x3A2A,0x3A2A,0x3A2A,0x3A2A,0x3A2A,0x424A,0x2987,0x2125,0x424A,0x3A2A,0x3A2A,
    0x3A2A,0x3A2A,0x3A2A,0x3A2A,0x3A2A,0x3A2A,0x3A2A,0x3A2A,0x3A2A,0x3A2A,0x422A,0x422A,
    0x422A,0x422A,0x3A2A,0x424A,0x31A8,0x0841,0x2146,0x2125,0x2146,0x2146,0x2146,0x2146,
    0x2146,0x2146,0x2146,0x2146,0x2125,0x2166,0x10A3,0xF81F,0xF81F,0xF81F,0xF81F,0xF81F,
    0xF81F,0xF81F,0xF81F,0xF81F,0xF81F,0xF81F,0xF81F,0xF81F,0xF81F,0xF81F,0xF81F,0xF81F,
    0xF81F,0xF81F,0xF81F,0xF81F,
    0xF81F,0xF81F,0xF81F,0xF81F,0xF81F,0xF81F,0xF81F,0xF81F,0xF81F,0xF81F,0xF81F,0xF81F,
    0xF81F,0xF81F,0xF81F,0xF81F,0xF81F,0xF81F,0xF81F,0xF81F,0xF81F,0x10A3,0x2146,0x2125,
    0x2146,0x2146,0x2146,0x2146,0x2146,0x2146,0x2146,0x2146,0x2125,0x2166,0x10A3,0x2146,
    0x424A,0x3A09,0x3A2A,0x3A2A,0x3A2A,0x3A2A,0x424A,0x424A,0x424A,0x424A,0x424A,0x424A,
    0x424A,0x424A,0x424A,0x424A,0x424A,0x422A,0x426B,0x2987,0x2125,0x426B,0x422A,0x424A,
    0x424A,0x424A,0x424A,0x424A,0x424A,0x424A,0x424A,0x424A,0x424A,0x424A,0x3A2A,0x3A2A,
    0x3A2A,0x3A2A,0x3A09,0x424A,0x2987,0x1082,0x2146,0x2125,0x2146,0x2146,0x2146,0x2146,
    0x2146,0x2146,0x2146,0x2146,0x2125,0x2146,0x10C3,0xF81F,0xF81F,0xF81F,0xF81F,0xF81F,
    0xF81F,0xF81F,0xF81F,0xF81F,0xF81F,0xF81F,0xF81F,0xF81F,0xF81F,0xF81F,0xF81F,0xF81F,
    0xF81F,0xF81F,0xF81F,0xF81F,
    0xF81F,0xF81F,0xF81F,0xF81F,0xF81F,0xF81F,0xF81F,0xF81F,0xF81F,0xF81F,0xF81F,0xF81F,
    0xF81F,0xF81F,0xF81F,0xF81F,0xF81F,0xF81F,0xF81F,0xF81F,0xF81F,0x10A3,0x2146,0x2125,
    0x2125,0x2125,0x2125,0x2125,0x2125,0x2125,0x2125,0x2125,0x2125,0x2146,0x10A3,0x2125,
    0x422A,0x3A09,0x3A09,0x3A09,0x3A09,0x3A09,0x2967,0x2966,0x2966,0x2966,0x2966,0x2966,
    0x2966,0x2966,0x2966,0x2966,0x2966,0x2966,0x2987,0x1905,0x18E4,0x2987,0x2966,0x2966,
    0x2966,0x2966,0x2966,0x2966,0x2966,0x2966,0x2966,0x2966,0x2966,0x2966,0x39E9,0x3A09,
    0x3A09,0x3A09,0x3A09,0x422A,0x2146,0x0882,0x2146,0x2125,0x2125,0x2125,0x2125,0x2125,
    0x2125,0x2125,0x2125,0x2125,0x2125,0x2146,0x10A3,0xF81F,0xF81F,0xF81F,0xF81F,0xF81F,
    0xF81F,0xF81F,0xF81F,0xF81F,0xF81F,0xF81F,0xF81F,0xF81F,0xF81F,0xF81F,0xF81F,0xF81F,
    0xF81F,0xF81F,0xF81F,0xF81F,
    0xF81F,0xF81F,0xF81F,0xF81F,0xF81F,0xF81F,0xF81F,0xF81F,0xF81F,0xF81F,0xF81F,0xF81F,
    0xF81F,0xF81F,0xF81F,0xF81F,0xF81F,0xF81F,0xF81F,0xF81F,0xF81F,0x10A3,0x2146,0x1925,
    0x2125,0x2125,0x2125,0x2125,0x2125,0x2125,0x2125,0x2125,0x2125,0x2146,0x10A3,0x18E4,
    0x3A2A,0x39E9,0x3A09,0x3A09,0x3A09,0x39E9,0x2125,0x1905,0x1905,0x1905,0x1905,0x1905,
    0x1905,0x1905,0x1905,0x1905,0x1905,0x1905,0x1925,0x18E4,0x10C4,0x1925,0x1925,0x1905,
    0x1905,0x1905,0x1905,0x1905,0x1905,0x1905,0x1905,0x1905,0x1905,0x1905,0x31C8,0x3A09,
    0x3A09,0x3A09,0x39E9,0x3A2A,0x2125,0x0882,0x2146,0x1925,0x2125,0x2125,0x2125,0x2125,
    0x2125,0x2125,0x2125,0x2125,0x2125,0x2146,0x10A3,0xF81F,0xF81F,0xF81F,0xF81F,0xF81F,
    0xF81F,0xF81F,0xF81F,0xF81F,0xF81F,0xF81F,0xF81F,0xF81F,0xF81F,0xF81F,0xF81F,0xF81F,
    0xF81F,0xF81F,0xF81F,0xF81F,
    0xF81F,0xF81F,0xF81F,0xF81F,0xF81F,0xF81F,0xF81F,0xF81F,0xF81F,0xF81F,0xF81F,0xF81F,
    0xF81F,0xF81F,0xF81F,0xF81F,0xF81F,0xF81F,0xF81F,0xF81F,0xF81F,0x10A2,0x2125,0x1905,
    0x2125,0x2125,0x2125,0x2125,0x2125,0x2125,0x2125,0x2125,0x1905,0x2146,0x10A3,0x10C3,
    0x3A09,0x31E8,0x39E9,0x39E9,0x39E9,0x39E9,0x3A09,0x3A09,0x3A09,0x3A09,0x3A09,0x3A09,
    0x3A09,0x3A09,0x3A09,0x3A09,0x3A09,0x39C8,0x41E9,0x2925,0x20C4,0x41E9,0x39C8,0x3A09,
    0x3A09,0x3A09,0x3A09,0x3A09,0x3A09,0x3A09,0x3A09,0x3A09,0x3A09,0x3A09,0x39E9,0x39E9,
    0x39E9,0x39E9,0x31E8,0x3A09,0x18E4,0x0862,0x2125,0x1905,0x2125,0x2125,0x2125,0x2125,
    0x2125,0x2125,0x2125,0x2125,0x1905,0x2125,0x10A3,0xF81F,0xF81F,0xF81F,0xF81F,0xF81F,
    0xF81F,0xF81F,0xF81F,0xF81F,0xF81F,0xF81F,0xF81F,0xF81F,0xF81F,0xF81F,0xF81F,0xF81F,
    0xF81F,0xF81F,0xF81F,0xF81F,
    0xF81F,0xF81F,0xF81F,0xF81F,0xF81F,0xF81F,0xF81F,0xF81F,0xF81F,0xF81F,0xF81F,0xF81F,
    0xF81F,0xF81F,0xF81F,0xF81F,0xF81F,0xF81F,0xF81F,0xF81F,0xF81F,0x1082,0x2125,0x1905,
    0x1905,0x1905,0x1905,0x1905,0x1905,0x1905,0x1905,0x1905,0x1905,0x2125,0x1083,0x1082,
    0x3A09,0x31C8,0x31E8,0x31E8,0x31E8,0x31E8,0x31C8,0x31C8,0x31C8,0x31C8,0x31C8,0x31C8,
    0x31C8,0x31C8,0x31E8,0x31C8,0x31A8,0x2ACC,0x2B0E,0x1A8B,0x124A,0x2B0E,0x2AED,0x31C8,
    0x31C8,0x31E8,0x31C8,0x31C8,0x31C8,0x31C8,0x31C8,0x31C8,0x31C8,0x31C8,0x31E8,0x31E8,
    0x31E8,0x31E8,0x31C8,0x3A09,0x10C3,0x0862,0x2125,0x1905,0x1905,0x1905,0x1905,0x1905,
    0x1905,0x1905,0x1905,0x1905,0x1905,0x2125,0x10A3,0xF81F,0xF81F,0xF81F,0xF81F,0xF81F,
    0xF81F,0xF81F,0xF81F,0xF81F,0xF81F,0xF81F,0xF81F,0xF81F,0xF81F,0xF81F,0xF81F,0xF81F,
    0xF81F,0xF81F,0xF81F,0xF81F,
    0xF81F,0xF81F,0xF81F,0xF81F,0xF81F,0xF81F,0xF81F,0xF81F,0xF81F,0xF81F,0xF81F,0xF81F,
    0xF81F,0xF81F,0xF81F,0xF81F,0xF81F,0xF81F,0xF81F,0xF81F,0xF81F,0x1082,0x2125,0x1904,
    0x1905,0x1905,0x1905,0x1905,0x1905,0x1905,0x1905,0x1905,0x1904,0x2125,0x1082,0x0861,
    0x31E9,0x31C8,0x31C8,0x31C8,0x31C8,0x31C8,0x31C8,0x31C8,0x31C8,0x31C8,0x31C8,0x31C8,
    0x31C8,0x31C8,0x31C8,0x31A8,0x1557,0x077F,0x075F,0x075F,0x075F,0x075F,0x077F,0x0DD9,
    0x31E9,0x31C8,0x31C8,0x31C8,0x31C8,0x31C8,0x31C8,0x31C8,0x31C8,0x31C8,0x31C8,0x31C8,
    0x31C8,0x31C8,0x31C8,0x39E9,0x1082,0x0862,0x2125,0x1904,0x1905,0x1905,0x1905,0x1905,
    0x1905,0x1905,0x1905,0x1905,0x1904,0x2125,0x10A3,0xF81F,0xF81F,0xF81F,0xF81F,0xF81F,
    0xF81F,0xF81F,0xF81F,0xF81F,0xF81F,0xF81F,0xF81F,0xF81F,0xF81F,0xF81F,0xF81F,0xF81F,
    0xF81F,0xF81F,0xF81F,0xF81F,
    0xF81F,0xF81F,0xF81F,0xF81F,0xF81F,0xF81F,0xF81F,0xF81F,0xF81F,0xF81F,0xF81F,0xF81F,
    0xF81F,0xF81F,0xF81F,0xF81F,0xF81F,0xF81F,0xF81F,0xF81F,0xF81F,0x0882,0x1905,0x18E4,
    0x1905,0x1905,0x1905,0x1905,0x1905,0x1905,0x1905,0x1905,0x1904,0x2125,0x1082,0x0021,
    0x31C8,0x31A8,0x31A8,0x31A8,0x31A8,0x31A8,0x31A8,0x31A8,0x31A8,0x31A8,0x31A8,0x31A8,
    0x31A8,0x31C8,0x3187,0x2ACC,0x077F,0x073F,0x073F,0x073F,0x073F,0x073F,0x071F,0x07BF,
    0x234F,0x3166,0x31C8,0x31A8,0x31A8,0x31A8,0x31A8,0x31A8,0x31A8,0x31A8,0x31A8,0x31A8,
    0x31A8,0x31A8,0x31A8,0x31C8,0x0862,0x0862,0x2125,0x18E4,0x1905,0x1905,0x1905,0x1905,
    0x1905,0x1905,0x1905,0x1905,0x1904,0x1905,0x10A3,0xF81F,0xF81F,0xF81F,0xF81F,0xF81F,
    0xF81F,0xF81F,0xF81F,0xF81F,0xF81F,0xF81F,0xF81F,0xF81F,0xF81F,0xF81F,0xF81F,0xF81F,
    0xF81F,0xF81F,0xF81F,0xF81F,
    0xF81F,0xF81F,0xF81F,0xF81F,0xF81F,0xF81F,0xF81F,0xF81F,0xF81F,0xF81F,0xF81F,0xF81F,
    0xF81F,0xF81F,0xF81F,0xF81F,0xF81F,0xF81F,0xF81F,0xF81F,0xF81F,0x0882,0x1905,0x18E4,
    0x1904,0x1904,0x1904,0x1904,0x1904,0x1904,0x1904,0x1904,0x18E4,0x1905,0x1082,0xF81F,
    0x29A7,0x31A8,0x31A7,0x31A8,0x31A8,0x31A8,0x31A8,0x31A8,0x31A8,0x31A8,0x31A8,0x31A8,
    0x31A8,0x31C8,0x3166,0x22ED,0x075F,0x071F,0x073F,0x073F,0x073F,0x073F,0x071F,0x077F,
    0x236F,0x3146,0x31C8,0x31A8,0x31A8,0x31A8,0x31A8,0x31A8,0x31A8,0x31A8,0x31A8,0x31A8,
    0x31A8,0x31A8,0x31A7,0x31A8,0x0841,0x0862,0x1905,0x18E4,0x1904,0x1904,0x1904,0x1904,
    0x1904,0x1904,0x1904,0x1904,0x18E4,0x1905,0x1083,0xF81F,0xF81F,0xF81F,0xF81F,0xF81F,
    0xF81F,0xF81F,0xF81F,0xF81F,0xF81F,0xF81F,0xF81F,0xF81F,0xF81F,0xF81F,0xF81F,0xF81F,
    0xF81F,0xF81F,0xF81F,0xF81F,
    0xF81F,0xF81F,0xF81F,0xF81F,0xF81F,0xF81F,0xF81F,0xF81F,0xF81F,0xF81F,0xF81F,0xF81F,
    0xF81F,0xF81F,0xF81F,0xF81F,0xF81F,0xF81F,0xF81F,0xF81F,0xF81F,0x0882,0x1905,0x18E4,
    0x18E4,0x18E4,0x18E4,0x18E4,0x18E4,0x18E4,0x18E4,0x18E4,0x18E4,0x1905,0x1082,0xF81F,
    0x2967,0x29A7,0x2987,0x29A7,0x29A7,0x29A7,0x29A7,0x29A7,0x29A7,0x29A7,0x29A7,0x29A7,
    0x29A7,0x29A8,0x3166,0x22CC,0x075F,0x073F,0x073F,0x073F,0x073F,0x073F,0x071F,0x077F,
    0x234F,0x3146,0x29A8,0x29A7,0x29A7,0x29A7,0x29A7,0x29A7,0x29A7,0x29A7,0x29A7,0x29A7,
    0x29A7,0x2987,0x29A7,0x2987,0x0020,0x0862,0x1905,0x18E4,0x18E4,0x18E4,0x18E4,0x18E4,
    0x18E4,0x18E4,0x18E4,0x18E4,0x18E4,0x1905,0x1082,0xF81F,0xF81F,0xF81F,0xF81F,0xF81F,
    0xF81F,0xF81F,0xF81F,0xF81F,0xF81F,0xF81F,0xF81F,0xF81F,0xF81F,0xF81F,0xF81F,0xF81F,
    0xF81F,0xF81F,0xF81F,0xF81F,
    0xF81F,0xF81F,0xF81F,0xF81F,0xF81F,0xF81F,0xF81F,0xF81F,0xF81F,0xF81F,0xF81F,0xF81F,
    0xF81F,0xF81F,0xF81F,0xF81F,0xF81F,0xF81F,0xF81F,0xF81F,0xF81F,0x0862,0x18E4,0x18E4,
    0x18E4,0x18E4,0x18E4,0x18E4,0x18E4,0x18E4,0x18E4,0x18E4,0x18E4,0x18E4,0x0882,0xF81F,
    0x2146,0x2987,0x2987,0x2987,0x2987,0x2987,0x2987,0x2987,0x2987,0x2987,0x2987,0x2987,
    0x2987,0x29A7,0x2946,0x22CC,0x077F,0x071F,0x071F,0x071F,0x071F,0x071F,0x06FF,0x079F,
    0x1B6F,0x3125,0x29A7,0x2987,0x2987,0x2987,0x2987,0x2987,0x2987,0x2987,0x2987,0x2987,
    0x2987,0x2987,0x2987,0x2967,0xF81F,0x0862,0x1904,0x18E4,0x18E4,0x18E4,0x18E4,0x18E4,
    0x18E4,0x18E4,0x18E4,0x18E4,0x18E4,0x18E4,0x1082,0xF81F,0xF81F,0xF81F,0xF81F,0xF81F,
    0xF81F,0xF81F,0xF81F,0xF81F,0xF81F,0xF81F,0xF81F,0xF81F,0xF81F,0xF81F,0xF81F,0xF81F,
    0xF81F,0xF81F,0xF81F,0xF81F,
    0xF81F,0xF81F,0xF81F,0xF81F,0xF81F,0xF81F,0xF81F,0xF81F,0xF81F,0xF81F,0xF81F,0xF81F,
    0xF81F,0xF81F,0xF81F,0xF81F,0xF81F,0xF81F,0xF81F,0xF81F,0xF81F,0x0862,0x18E4,0x18C4,
    0x18E4,0x18E4,0x18E4,0x18E4,0x18E4,0x18E4,0x18E4,0x18E4,0x18C4,0x18E4,0x0882,0xF81F,
    0x2125,0x2987,0x2966,0x2987,0x2987,0x2987,0x2987,0x2987,0x2987,0x2987,0x2987,0x2987,
    0x2987,0x2987,0x2966,0x29A7,0x0E3A,0x07DF,0x079F,0x079F,0x07BF,0x079F,0x07BF,0x06BC,
    0x29E9,0x2966,0x2987,0x2987,0x2987,0x2987,0x2987,0x2987,0x2987,0x2987,0x2987,0x2987,
    0x2987,0x2967,0x2987,0x2146,0xF81F,0x0862,0x18E4,0x18C4,0x18E4,0x18E4,0x18E4,0x18E4,
    0x18E4,0x18E4,0x18E4,0x18E4,0x18C4,0x18E4,0x0882,0xF81F,0xF81F,0xF81F,0xF81F,0xF81F,
    0xF81F,0xF81F,0xF81F,0xF81F,0xF81F,0xF81F,0xF81F,0xF81F,0xF81F,0xF81F,0xF81F,0xF81F,
    0xF81F,0xF81F,0xF81F,0xF81F,
    0xF81F,0xF81F,0xF81F,0xF81F,0xF81F,0xF81F,0xF81F,0xF81F,0xF81F,0xF81F,0xF81F,0xF81F,
    0xF81F,0xF81F,0xF81F,0xF81F,0xF81F,0xF81F,0xF81F,0xF81F,0xF81F,0x0862,0x18E4,0x10C4,
    0x18C4,0x18C4,0x18C4,0x18C4,0x18C4,0x18C4,0x18C4,0x18C4,0x10C4,0x18E4,0x0882,0xF81F,
    0x1905,0x2987,0x2946,0x2966,0x2966,0x2966,0x2966,0x2966,0x2966,0x2966,0x2966,0x2966,
    0x2966,0x2966,0x2967,0x2946,0x21E8,0x1BD0,0x1C12,0x13D1,0x0BB0,0x1C12,0x13F1,0x2209,
    0x2946,0x2967,0x2966,0x2966,0x2966,0x2966,0x2966,0x2966,0x2966,0x2966,0x2966,0x2966,
    0x2966,0x2966,0x2967,0x2125,0xF81F,0x0862,0x18E4,0x10C4,0x18C4,0x18C4,0x18C4,0x18C4,
    0x18C4,0x18C4,0x18C4,0x18C4,0x10C4,0x18E4,0x0882,0xF81F,0xF81F,0xF81F,0xF81F,0xF81F,
    0xF81F,0xF81F,0xF81F,0xF81F,0xF81F,0xF81F,0xF81F,0xF81F,0xF81F,0xF81F,0xF81F,0xF81F,
    0xF81F,0xF81F,0xF81F,0xF81F,
    0xF81F,0xF81F,0xF81F,0xF81F,0xF81F,0xF81F,0xF81F,0xF81F,0xF81F,0xF81F,0xF81F,0xF81F,
    0xF81F,0xF81F,0xF81F,0xF81F,0xF81F,0xF81F,0xF81F,0xF81F,0xF81F,0x0862,0x18E4,0x10C3,
    0x10C4,0x10C4,0x10C4,0x10C4,0x10C4,0x10C4,0x10C4,0x10C4,0x10C3,0x18E4,0x0882,0xF81F,
    0x18E4,0x2967,0x2146,0x2966,0x2966,0x2966,0x2966,0x2966,0x2966,0x2966,0x2966,0x2966,
    0x2966,0x2966,0x2946,0x2966,0x2946,0x28E4,0x2905,0x2083,0x1862,0x2905,0x28E4,0x2925,
    0x2166,0x2946,0x2966,0x2966,0x2966,0x2966,0x2966,0x2966,0x2966,0x2966,0x2966,0x2966,
    0x2966,0x2146,0x2966,0x1904,0xF81F,0x0862,0x18E4,0x10C3,0x10C4,0x10C4,0x10C4,0x10C4,
    0x10C4,0x10C4,0x10C4,0x10C4,0x10C3,0x18E4,0x0862,0xF81F,0xF81F,0xF81F,0xF81F,0xF81F,
    0xF81F,0xF81F,0xF81F,0xF81F,0xF81F,0xF81F,0xF81F,0xF81F,0xF81F,0xF81F,0xF81F,0xF81F,
    0xF81F,0xF81F,0xF81F,0xF81F,
    0xF81F,0xF81F,0xF81F,0xF81F,0xF81F,0xF81F,0xF81F,0xF81F,0xF81F,0xF81F,0xF81F,0xF81F,
    0xF81F,0xF81F,0xF81F,0xF81F,0xF81F,0xF81F,0xF81F,0xF81F,0xF81F,0x0862,0x18C4,0x10C3,
    0x10C3,0x10C3,0x10C3,0x10C3,0x10C3,0x10C3,0x10C3,0x10C3,0x10C3,0x18C4,0x0862,0xF81F,
    0x10C3,0x2966,0x2146,0x2146,0x2146,0x2146,0x2146,0x2146,0x2146,0x2146,0x2146,0x2146,
    0x2146,0x2146,0x2146,0x2146,0x2146,0x2166,0x2967,0x2125,0x18E4,0x2967,0x2166,0x2146,
    0x2146,0x2146,0x2146,0x2146,0x2146,0x2146,0x2146,0x2146,0x2146,0x2146,0x2146,0x2146,
    0x2146,0x2146,0x2966,0x18E4,0xF81F,0x0862,0x18C4,0x10C3,0x10C3,0x10C3,0x10C3,0x10C3,
    0x10C3,0x10C3,0x10C3,0x10C3,0x10C3,0x18C4,0x0862,0xF81F,0xF81F,0xF81F,0xF81F,0xF81F,
    0xF81F,0xF81F,0xF81F,0xF81F,0xF81F,0xF81F,0xF81F,0xF81F,0xF81F,0xF81F,0xF81F,0xF81F,
    0xF81F,0xF81F,0xF81F,0xF81F,
    0xF81F,0xF81F,0xF81F,0xF81F,0xF81F,0xF81F,0xF81F,0xF81F,0xF81F,0xF81F,0xF81F,0xF81F,
    0xF81F,0xF81F,0xF81F,0xF81F,0xF81F,0xF81F,0xF81F,0xF81F,0xF81F,0x0861,0x10C3,0x10A3,
    0x10A3,0x10A3,0x10A3,0x10A3,0x10A3,0x10A3,0x10A3,0x10A3,0x10A3,0x10C3,0x0862,0xF81F,
    0x1083,0x2146,0x2125,0x2145,0x2145,0x2145,0x2145,0x2145,0x2145,0x2145,0x2145,0x2145,
    0x2146,0x2145,0x2145,0x2146,0x2946,0x2145,0x1946,0x08E4,0x00A3,0x1946,0x2146,0x2946,
    0x2146,0x2146,0x2145,0x2145,0x2145,0x2145,0x2145,0x2145,0x2145,0x2145,0x2145,0x2145,
    0x2145,0x2125,0x2146,0x10C3,0xF81F,0x0862,0x10C3,0x10A3,0x10A3,0x10A3,0x10A3,0x10A3,
    0x10A3,0x10A3,0x10A3,0x10A3,0x10A3,0x10C3,0x0862,0xF81F,0xF81F,0xF81F,0xF81F,0xF81F,
    0xF81F,0xF81F,0xF81F,0xF81F,0xF81F,0xF81F,0xF81F,0xF81F,0xF81F,0xF81F,0xF81F,0xF81F,
    0xF81F,0xF81F,0xF81F,0xF81F,
    0xF81F,0xF81F,0xF81F,0xF81F,0xF81F,0xF81F,0xF81F,0xF81F,0xF81F,0xF81F,0xF81F,0xF81F,
    0xF81F,0xF81F,0xF81F,0xF81F,0xF81F,0xF81F,0xF81F,0xF81F,0xF81F,0x0841,0x10A3,0x10A3,
    0x10A3,0x10A3,0x10A3,0x10A3,0x10A3,0x10A3,0x10A3,0x10A3,0x10A3,0x10A3,0x0862,0xF81F,
    0x0862,0x2146,0x2105,0x2125,0x2125,0x2125,0x2125,0x2125,0x2125,0x2125,0x2125,0x2125,
    0x2125,0x2125,0x2125,0x1925,0x1105,0x1125,0x3946,0x8185,0x8965,0x4146,0x1925,0x1105,
    0x1925,0x2125,0x2125,0x2125,0x2125,0x2125,0x2125,0x2125,0x2125,0x2125,0x2125,0x2125,
    0x2125,0x2105,0x2146,0x1082,0xF81F,0x0862,0x10A3,0x10A3,0x10A3,0x10A3,0x10A3,0x10A3,
    0x10A3,0x10A3,0x10A3,0x10A3,0x10A3,0x10A3,0x0862,0xF81F,0xF81F,0xF81F,0xF81F,0xF81F,
    0xF81F,0xF81F,0xF81F,0xF81F,0xF81F,0xF81F,0xF81F,0xF81F,0xF81F,0xF81F,0xF81F,0xF81F,
    0xF81F,0xF81F,0xF81F,0xF81F,
    0xF81F,0xF81F,0xF81F,0xF81F,0xF81F,0xF81F,0xF81F,0xF81F,0xF81F,0xF81F,0xF81F,0xF81F,
    0xF81F,0xF81F,0xF81F,0xF81F,0xF81F,0xF81F,0xF81F,0xF81F,0xF81F,0x0841,0x10A3,0x10A3,
    0x10A3,0x10A3,0x10A3,0x10A3,0x10A3,0x10A3,0x10A3,0x10A3,0x10A3,0x10A3,0x0861,0xF81F,
    0x0862,0x2125,0x1905,0x2125,0x2125,0x2125,0x2125,0x2125,0x2125,0x2125,0x2125,0x2125,
    0x1905,0x0905,0x1105,0x3945,0x8186,0xC9E7,0xFA27,0xF207,0xF207,0xFA27,0xD1E7,0x8986,
    0x4145,0x1905,0x0905,0x1905,0x2125,0x2125,0x2125,0x2125,0x2125,0x2125,0x2125,0x2125,
    0x2125,0x1905,0x2125,0x1082,0xF81F,0x0841,0x10A3,0x10A3,0x10A3,0x10A3,0x10A3,0x10A3,
    0x10A3,0x10A3,0x10A3,0x10A3,0x10A3,0x10A3,0x0841,0xF81F,0xF81F,0xF81F,0xF81F,0xF81F,
    0xF81F,0xF81F,0xF81F,0xF81F,0xF81F,0xF81F,0xF81F,0xF81F,0xF81F,0xF81F,0xF81F,0xF81F,
    0xF81F,0xF81F,0xF81F,0xF81F,
    0xF81F,0xF81F,0xF81F,0xF81F,0xF81F,0xF81F,0xF81F,0xF81F,0xF81F,0xF81F,0xF81F,0xF81F,
    0xF81F,0xF81F,0xF81F,0xF81F,0xF81F,0xF81F,0xF81F,0xF81F,0xF81F,0x0000,0x1083,0x10A3,
    0x1083,0x1083,0x1083,0x1083,0x1083,0x1083,0x1083,0x1083,0x1083,0x10A3,0x0000,0x0041,
    0x2125,0x1905,0x1905,0x1905,0x1905,0x1905,0x1905,0x1905,0x1905,0x1105,0x08E4,0x10E5,
    0x3925,0x8186,0xC9E6,0xFA27,0xFA07,0xC1C6,0x7165,0x2905,0x2905,0x6165,0xB9C6,0xF207,
    0xFA27,0xD1E7,0x8986,0x4125,0x1105,0x08E4,0x1105,0x1905,0x1905,0x1905,0x1905,0x1905,
    0x1905,0x1905,0x1904,0x2125,0x0862,0x0000,0x1083,0x10A3,0x1083,0x1083,0x1083,0x1083,
    0x1083,0x1083,0x1083,0x1083,0x1083,0x10A3,0x0020,0xF81F,0xF81F,0xF81F,0xF81F,0xF81F,
    0xF81F,0xF81F,0xF81F,0xF81F,0xF81F,0xF81F,0xF81F,0xF81F,0xF81F,0xF81F,0xF81F,0xF81F,
    0xF81F,0xF81F,0xF81F,0xF81F,
    0xF81F,0xF81F,0xF81F,0xF81F,0xF81F,0xF81F,0xF81F,0xF81F,0xF81F,0xF81F,0xF81F,0xF81F,
    0xF81F,0xF81F,0xF81F,0xF81F,0xF81F,0xF81F,0xF81F,0xF81F,0xF81F,0xF81F,0x0021,0x1083,
    0x10A3,0x10A3,0x10A3,0x10A3,0x10A3,0x10A3,0x10A3,0x10A3,0x10A3,0x0041,0xF81F,0x1925,
    0x2146,0x18E4,0x18E4,0x18E4,0x18E4,0x18E4,0x18E4,0x1904,0x1904,0x3925,0x7965,0xC9E6,
    0xFA27,0xFA07,0xC1C6,0x6965,0x2905,0x08E4,0x08E4,0x18E4,0x18E4,0x08E4,0x08E4,0x2904,
    0x6145,0xB1C6,0xF207,0xFA27,0xD1E7,0x8186,0x3925,0x1904,0x1904,0x18E4,0x18E4,0x18E4,
    0x18E4,0x18E4,0x18E4,0x2146,0x2126,0xF81F,0x0021,0x1083,0x10A3,0x10A3,0x10A3,0x10A3,
    0x10A3,0x10A3,0x10A3,0x10A3,0x10A3,0x0041,0xF81F,0xF81F,0xF81F,0xF81F,0xF81F,0xF81F,
    0xF81F,0xF81F,0xF81F,0xF81F,0xF81F,0xF81F,0xF81F,0xF81F,0xF81F,0xF81F,0xF81F,0xF81F,
    0xF81F,0xF81F,0xF81F,0xF81F,
    0xF81F,0xF81F,0xF81F,0xF81F,0xF81F,0xF81F,0xF81F,0xF81F,0xF81F,0xF81F,0xF81F,0xF81F,
    0xF81F,0xF81F,0xF81F,0xF81F,0xF81F,0xF81F,0xF81F,0xF81F,0xF81F,0xF81F,0xF81F,0x0020,
    0x0861,0x0862,0x0862,0x0862,0x0862,0x0862,0x0862,0x0862,0x0020,0xF81F,0x0841,0x2166,
    0x2125,0x18E4,0x18E4,0x18E4,0x18E4,0x18E4,0x18E4,0x08C4,0x5125,0xFA27,0xFA07,0xB9C6,
    0x6945,0x2904,0x08C4,0x08C4,0x10E4,0x18E4,0x18E4,0x18E4,0x18E4,0x18E4,0x18E4,0x10E4,
    0x08C4,0x08C4,0x20E4,0x6145,0xB1A6,0xF207,0xFA27,0x6945,0x08C4,0x18E4,0x18E4,0x18E4,
    0x18E4,0x18E4,0x18E4,0x2125,0x2966,0x0882,0xF81F,0x0020,0x0841,0x0862,0x0862,0x0862,
    0x0862,0x0862,0x0862,0x0862,0x0020,0xF81F,0xF81F,0xF81F,0xF81F,0xF81F,0xF81F,0xF81F,
    0xF81F,0xF81F,0xF81F,0xF81F,0xF81F,0xF81F,0xF81F,0xF81F,0xF81F,0xF81F,0xF81F,0xF81F,
    0xF81F,0xF81F,0xF81F,0xF81F,
    0xF81F,0xF81F,0xF81F,0xF81F,0xF81F,0xF81F,0xF81F,0xF81F,0xF81F,0xF81F,0xF81F,0xF81F,
    0xF81F,0xF81F,0xF81F,0xF81F,0xF81F,0xF81F,0xF81F,0xF81F,0xF81F,0xF81F,0xF81F,0xF81F,
    0xF81F,0xF81F,0xF81F,0xF81F,0xF81F,0xF81F,0xF81F,0xF81F,0xF81F,0xF81F,0x1082,0x2146,
    0x2125,0x18E4,0x18C4,0x18C4,0x18C4,0x18C4,0x18E4,0x10C4,0x28E4,0x6945,0x28E4,0x08C4,
    0x08C4,0x10C4,0x18E4,0x18E4,0x18E4,0x18C4,0x18C4,0x18C4,0x18C4,0x18C4,0x18C4,0x18E4,
    0x18E4,0x18E4,0x10C4,0x08C4,0x08C4,0x20E4,0x6945,0x3104,0x10C4,0x18E4,0x18C4,0x18C4,
    0x18C4,0x18C4,0x18E4,0x2125,0x2146,0x10C3,0xF81F,0xF81F,0xF81F,0xF81F,0xF81F,0xF81F,
    0xF81F,0xF81F,0xF81F,0xF81F,0xF81F,0xF81F,0xF81F,0xF81F,0xF81F,0xF81F,0xF81F,0xF81F,
    0xF81F,0xF81F,0xF81F,0xF81F,0xF81F,0xF81F,0xF81F,0xF81F,0xF81F,0xF81F,0xF81F,0xF81F,
    0xF81F,0xF81F,0xF81F,0xF81F,
    0xF81F,0xF81F,0xF81F,0xF81F,0xF81F,0xF81F,0xF81F,0xF81F,0xF81F,0xF81F,0xF81F,0xF81F,
    0xF81F,0xF81F,0xF81F,0xF81F,0xF81F,0xF81F,0xF81F,0xF81F,0xF81F,0xF81F,0xF81F,0xF81F,
    0xF81F,0xF81F,0xF81F,0xF81F,0xF81F,0xF81F,0xF81F,0xF81F,0xF81F,0xF81F,0x1082,0x2146,
    0x2125,0x18E4,0x10C3,0x10C4,0x10C4,0x10C4,0x10C4,0x10C4,0x10C3,0x00A3,0x10C3,0x18C4,
    0x18C4,0x18C4,0x10C4,0x10C4,0x10C4,0x10C4,0x10C4,0x10C4,0x10C4,0x10C4,0x10C4,0x10C4,
    0x10C4,0x10C4,0x18C4,0x18C4,0x18C4,0x10C3,0x00A3,0x10C3,0x18C4,0x10C4,0x10C4,0x10C4,
    0x10C4,0x10C4,0x18C4,0x2125,0x2146,0x10A3,0xF81F,0xF81F,0xF81F,0xF81F,0xF81F,0xF81F,
    0xF81F,0xF81F,0xF81F,0xF81F,0xF81F,0xF81F,0xF81F,0xF81F,0xF81F,0xF81F,0xF81F,0xF81F,
    0xF81F,0xF81F,0xF81F,0xF81F,0xF81F,0xF81F,0xF81F,0xF81F,0xF81F,0xF81F,0xF81F,0xF81F,
    0xF81F,0xF81F,0xF81F,0xF81F,
    0xF81F,0xF81F,0xF81F,0xF81F,0xF81F,0xF81F,0xF81F,0xF81F,0xF81F,0xF81F,0xF81F,0xF81F,
    0xF81F,0xF81F,0xF81F,0xF81F,0xF81F,0xF81F,0xF81F,0xF81F,0xF81F,0xF81F,0xF81F,0xF81F,
    0xF81F,0xF81F,0xF81F,0xF81F,0xF81F,0xF81F,0xF81F,0xF81F,0xF81F,0xF81F,0x1082,0x2146,
    0x2125,0x10C4,0x10A3,0x10A3,0x10A3,0x10A3,0x10A3,0x10A3,0x10A3,0x18C3,0x10C3,0x10A3,
    0x10A3,0x10A3,0x10A3,0x10A3,0x10A3,0x10A3,0x10A3,0x10A3,0x10A3,0x10A3,0x10A3,0x10A3,
    0x10A3,0x10A3,0x10A3,0x10A3,0x10A3,0x10C3,0x18C3,0x10A3,0x10A3,0x10A3,0x10A3,0x10A3,
    0x10A3,0x10A3,0x10C4,0x2125,0x2146,0x10A3,0xF81F,0xF81F,0xF81F,0xF81F,0xF81F,0xF81F,
    0xF81F,0xF81F,0xF81F,0xF81F,0xF81F,0xF81F,0xF81F,0xF81F,0xF81F,0xF81F,0xF81F,0xF81F,
    0xF81F,0xF81F,0xF81F,0xF81F,0xF81F,0xF81F,0xF81F,0xF81F,0xF81F,0xF81F,0xF81F,0xF81F,
    0xF81F,0xF81F,0xF81F,0xF81F,
    0xF81F,0xF81F,0xF81F,0xF81F,0xF81F,0xF81F,0xF81F,0xF81F,0xF81F,0xF81F,0xF81F,0xF81F,
    0xF81F,0xF81F,0xF81F,0xF81F,0xF81F,0xF81F,0xF81F,0xF81F,0xF81F,0xF81F,0xF81F,0xF81F,
    0xF81F,0xF81F,0xF81F,0xF81F,0xF81F,0xF81F,0xF81F,0xF81F,0xF81F,0xF81F,0x0882,0x2146,
    0x2125,0x10C3,0x1083,0x10A3,0x10A3,0x10A3,0x10A3,0x10A3,0x10A3,0x10A3,0x10A3,0x10A3,
    0x10A3,0x10A3,0x10A3,0x10A3,0x10A3,0x10A3,0x10A3,0x10A3,0x10A3,0x10A3,0x10A3,0x10A3,
    0x10A3,0x10A3,0x10A3,0x10A3,0x10A3,0x10A3,0x10A3,0x10A3,0x10A3,0x10A3,0x10A3,0x10A3,
    0x10A3,0x1083,0x10A3,0x2125,0x2146,0x10A3,0xF81F,0xF81F,0xF81F,0xF81F,0xF81F,0xF81F,
    0xF81F,0xF81F,0xF81F,0xF81F,0xF81F,0xF81F,0xF81F,0xF81F,0xF81F,0xF81F,0xF81F,0xF81F,
    0xF81F,0xF81F,0xF81F,0xF81F,0xF81F,0xF81F,0xF81F,0xF81F,0xF81F,0xF81F,0xF81F,0xF81F,
    0xF81F,0xF81F,0xF81F,0xF81F,
    0xF81F,0xF81F,0xF81F,0xF81F,0xF81F,0xF81F,0xF81F,0xF81F,0xF81F,0xF81F,0xF81F,0xF81F,
    0xF81F,0xF81F,0xF81F,0xF81F,0xF81F,0xF81F,0xF81F,0xF81F,0xF81F,0xF81F,0xF81F,0xF81F,
    0xF81F,0xF81F,0xF81F,0xF81F,0xF81F,0xF81F,0xF81F,0xF81F,0xF81F,0xF81F,0x0882,0x2125,
    0x2105,0x18E4,0x18E4,0x18E4,0x18E4,0x18E4,0x18E4,0x18E4,0x18E4,0x18E4,0x18E4,0x10C4,
    0x18E4,0x10A3,0x0841,0x0841,0x0841,0x0841,0x0841,0x0841,0x0841,0x0841,0x0841,0x0841,
    0x0841,0x0841,0x1082,0x18E4,0x10C4,0x18E4,0x18E4,0x18E4,0x18E4,0x18E4,0x18E4,0x18E4,
    0x18E4,0x18E4,0x18E4,0x1905,0x2125,0x10A3,0xF81F,0xF81F,0xF81F,0xF81F,0xF81F,0xF81F,
    0xF81F,0xF81F,0xF81F,0xF81F,0xF81F,0xF81F,0xF81F,0xF81F,0xF81F,0xF81F,0xF81F,0xF81F,
    0xF81F,0xF81F,0xF81F,0xF81F,0xF81F,0xF81F,0xF81F,0xF81F,0xF81F,0xF81F,0xF81F,0xF81F,
    0xF81F,0xF81F,0xF81F,0xF81F,
    0xF81F,0xF81F,0xF81F,0xF81F,0xF81F,0xF81F,0xF81F,0xF81F,0xF81F,0xF81F,0xF81F,0xF81F,
    0xF81F,0xF81F,0xF81F,0xF81F,0xF81F,0xF81F,0xF81F,0xF81F,0xF81F,0xF81F,0xF81F,0xF81F,
    0xF81F,0xF81F,0xF81F,0xF81F,0xF81F,0xF81F,0xF81F,0xF81F,0xF81F,0xF81F,0x0882,0x2125,
    0x1905,0x2125,0x2125,0x2125,0x2125,0x2125,0x2125,0x2125,0x2125,0x2125,0x2125,0x1905,
    0x2145,0x10A3,0xF81F,0xF81F,0xF81F,0xF81F,0xF81F,0xF81F,0xF81F,0xF81F,0xF81F,0xF81F,
    0xF81F,0xF81F,0x1082,0x2146,0x1905,0x2125,0x2125,0x2125,0x2125,0x2125,0x2125,0x2125,
    0x2125,0x2125,0x2125,0x1905,0x2125,0x10A3,0xF81F,0xF81F,0xF81F,0xF81F,0xF81F,0xF81F,
    0xF81F,0xF81F,0xF81F,0xF81F,0xF81F,0xF81F,0xF81F,0xF81F,0xF81F,0xF81F,0xF81F,0xF81F,
    0xF81F,0xF81F,0xF81F,0xF81F,0xF81F,0xF81F,0xF81F,0xF81F,0xF81F,0xF81F,0xF81F,0xF81F,
    0xF81F,0xF81F,0xF81F,0xF81F,
    0xF81F,0xF81F,0xF81F,0xF81F,0xF81F,0xF81F,0xF81F,0xF81F,0xF81F,0xF81F,0xF81F,0xF81F,
    0xF81F,0xF81F,0xF81F,0xF81F,0xF81F,0xF81F,0xF81F,0xF81F,0xF81F,0xF81F,0xF81F,0xF81F,
    0xF81F,0xF81F,0xF81F,0xF81F,0xF81F,0xF81F,0xF81F,0xF81F,0xF81F,0xF81F,0x0882,0x2125,
    0x1905,0x2105,0x1905,0x1905,0x1905,0x1905,0x1905,0x1905,0x1905,0x1905,0x2105,0x1905,
    0x2125,0x10A3,0xF81F,0x0000,0xF81F,0xF81F,0xF81F,0xF81F,0xF81F,0xF81F,0xF81F,0xF81F,
    0x0000,0xF81F,0x1082,0x2125,0x1905,0x2105,0x1905,0x1905,0x1905,0x1905,0x1905,0x1905,
    0x1905,0x1905,0x2105,0x1905,0x2125,0x10A3,0xF81F,0xF81F,0xF81F,0xF81F,0xF81F,0xF81F,
    0xF81F,0xF81F,0xF81F,0xF81F,0xF81F,0xF81F,0xF81F,0xF81F,0xF81F,0xF81F,0xF81F,0xF81F,
    0xF81F,0xF81F,0xF81F,0xF81F,0xF81F,0xF81F,0xF81F,0xF81F,0xF81F,0xF81F,0xF81F,0xF81F,
    0xF81F,0xF81F,0xF81F,0xF81F,
    0xF81F,0xF81F,0xF81F,0xF81F,0xF81F,0xF81F,0xF81F,0xF81F,0xF81F,0xF81F,0xF81F,0xF81F,
    0xF81F,0xF81F,0xF81F,0xF81F,0xF81F,0xF81F,0xF81F,0xF81F,0xF81F,0xF81F,0xF81F,0xF81F,
    0xF81F,0xF81F,0xF81F,0xF81F,0xF81F,0xF81F,0xF81F,0xF81F,0xF81F,0xF81F,0x0882,0x2125,
    0x1104,0x1105,0x1905,0x1905,0x1905,0x1905,0x1905,0x1905,0x1905,0x1905,0x1105,0x1104,
    0x2125,0x10A3,0xF81F,0xF81F,0xF81F,0xF81F,0xF81F,0xF81F,0xF81F,0xF81F,0xF81F,0xF81F,
    0xF81F,0xF81F,0x0882,0x2125,0x1104,0x1105,0x1905,0x1905,0x1905,0x1905,0x1905,0x1905,
    0x1905,0x1905,0x1105,0x1104,0x2125,0x10A3,0xF81F,0xF81F,0xF81F,0xF81F,0xF81F,0xF81F,
    0xF81F,0xF81F,0xF81F,0xF81F,0xF81F,0xF81F,0xF81F,0xF81F,0xF81F,0xF81F,0xF81F,0xF81F,
    0xF81F,0xF81F,0xF81F,0xF81F,0xF81F,0xF81F,0xF81F,0xF81F,0xF81F,0xF81F,0xF81F,0xF81F,
    0xF81F,0xF81F,0xF81F,0xF81F,
    0xF81F,0xF81F,0xF81F,0xF81F,0xF81F,0xF81F,0xF81F,0xF81F,0xF81F,0xF81F,0xF81F,0xF81F,
    0xF81F,0xF81F,0xF81F,0xF81F,0xF81F,0xF81F,0xF81F,0xF81F,0xF81F,0xF81F,0xF81F,0xF81F,
    0xF81F,0xF81F,0xF81F,0xF81F,0xF81F,0xF81F,0xF81F,0xF81F,0xF81F,0xF81F,0x1082,0x1905,
    0x3105,0xB1C6,0xD1E6,0xD1E6,0xD1E6,0xD1E6,0xD1E6,0xD1E6,0xD1E6,0xD1E6,0xB9C6,0x4125,
    0x1105,0x1082,0xF81F,0x0000,0xF81F,0xF81F,0xF81F,0xF81F,0xF81F,0xF81F,0xF81F,0xF81F,
    0xF81F,0xF81F,0x1082,0x1905,0x3105,0xB1C6,0xD1E6,0xD1E6,0xD1E6,0xD1E6,0xD1E6,0xD1E6,
    0xD1E6,0xD1E6,0xB9C6,0x4125,0x1105,0x1082,0xF81F,0xF81F,0xF81F,0xF81F,0xF81F,0xF81F,
    0xF81F,0xF81F,0xF81F,0xF81F,0xF81F,0xF81F,0xF81F,0xF81F,0xF81F,0xF81F,0xF81F,0xF81F,
    0xF81F,0xF81F,0xF81F,0xF81F,0xF81F,0xF81F,0xF81F,0xF81F,0xF81F,0xF81F,0xF81F,0xF81F,
    0xF81F,0xF81F,0xF81F,0xF81F,
    0xF81F,0xF81F,0xF81F,0xF81F,0xF81F,0xF81F,0xF81F,0xF81F,0xF81F,0xF81F,0xF81F,0xF81F,
    0xF81F,0xF81F,0xF81F,0xF81F,0xF81F,0xF81F,0xF81F,0xF81F,0xF81F,0xF81F,0xF81F,0xF81F,
    0xF81F,0xF81F,0xF81F,0xF81F,0xF81F,0xF81F,0xF81F,0xF81F,0xF81F,0xF81F,0x0862,0x1905,
    0xC1C6,0xFA27,0xFA07,0xFA07,0xFA07,0xFA07,0xFA07,0xFA07,0xFA07,0xFA07,0xFA27,0xD9E6,
    0x2125,0x1082,0xF81F,0x0000,0xF81F,0xF81F,0xF81F,0xF81F,0xF81F,0xF81F,0xF81F,0xF81F,
    0xF81F,0xF81F,0x0862,0x1905,0xC1C6,0xFA27,0xFA07,0xFA07,0xFA07,0xFA07,0xFA07,0xFA07,
    0xFA07,0xFA07,0xFA27,0xD9E6,0x2125,0x1082,0xF81F,0x0000,0xF81F,0xF81F,0xF81F,0xF81F,
    0xF81F,0xF81F,0xF81F,0xF81F,0xF81F,0xF81F,0xF81F,0xF81F,0xF81F,0xF81F,0xF81F,0xF81F,
    0xF81F,0xF81F,0xF81F,0xF81F,0xF81F,0xF81F,0xF81F,0xF81F,0xF81F,0xF81F,0xF81F,0xF81F,
    0xF81F,0xF81F,0xF81F,0xF81F,
    0xF81F,0xF81F,0xF81F,0xF81F,0xF81F,0xF81F,0xF81F,0xF81F,0xF81F,0xF81F,0xF81F,0xF81F,
    0xF81F,0xF81F,0xF81F,0xF81F,0xF81F,0xF81F,0xF81F,0xF81F,0xF81F,0xF81F,0xF81F,0xF81F,
    0xF81F,0xF81F,0xF81F,0xF81F,0xF81F,0xF81F,0xF81F,0xF81F,0xF81F,0xF81F,0x0062,0x3925,
    0xF207,0xFA07,0xFA07,0xFA07,0xFA07,0xFA07,0xFA07,0xFA07,0xFA07,0xFA07,0xFA07,0xFA07,
    0x4945,0x0082,0xF81F,0x0000,0xF81F,0xF81F,0xF81F,0xF81F,0xF81F,0xF81F,0xF81F,0xF81F,
    0xF81F,0xF81F,0x0062,0x3925,0xF207,0xFA07,0xFA07,0xFA07,0xFA07,0xFA07,0xFA07,0xFA07,
    0xFA07,0xFA07,0xFA07,0xFA07,0x4945,0x0082,0xF81F,0x0000,0xF81F,0xF81F,0xF81F,0xF81F,
    0xF81F,0xF81F,0xF81F,0xF81F,0xF81F,0xF81F,0xF81F,0xF81F,0xF81F,0xF81F,0xF81F,0xF81F,
    0xF81F,0xF81F,0xF81F,0xF81F,0xF81F,0xF81F,0xF81F,0xF81F,0xF81F,0xF81F,0xF81F,0xF81F,
    0xF81F,0xF81F,0xF81F,0xF81F,
    0xF81F,0xF81F,0xF81F,0xF81F,0xF81F,0xF81F,0xF81F,0xF81F,0xF81F,0xF81F,0xF81F,0xF81F,
    0xF81F,0xF81F,0xF81F,0xF81F,0xF81F,0xF81F,0xF81F,0xF81F,0xF81F,0xF81F,0xF81F,0xF81F,
    0xF81F,0xF81F,0xF81F,0xF81F,0xF81F,0xF81F,0xF81F,0xF81F,0xF81F,0xF81F,0x0862,0x1905,
    0xC9C6,0xFA27,0xFA07,0xFA07,0xFA07,0xFA07,0xFA07,0xFA07,0xFA07,0xFA07,0xFA27,0xE1E6,
    0x2105,0x0882,0xF81F,0x0000,0xF81F,0xF81F,0xF81F,0xF81F,0xF81F,0xF81F,0xF81F,0xF81F,
    0xF81F,0xF81F,0x0862,0x1905,0xC9C6,0xFA27,0xFA07,0xFA07,0xFA07,0xFA07,0xFA07,0xFA07,
    0xFA07,0xFA07,0xFA27,0xE1E6,0x2105,0x0882,0xF81F,0x0000,0xF81F,0xF81F,0xF81F,0xF81F,
    0xF81F,0xF81F,0xF81F,0xF81F,0xF81F,0xF81F,0xF81F,0xF81F,0xF81F,0xF81F,0xF81F,0xF81F,
    0xF81F,0xF81F,0xF81F,0xF81F,0xF81F,0xF81F,0xF81F,0xF81F,0xF81F,0xF81F,0xF81F,0xF81F,
    0xF81F,0xF81F,0xF81F,0xF81F,
    0xF81F,0xF81F,0xF81F,0xF81F,0xF81F,0xF81F,0xF81F,0xF81F,0xF81F,0xF81F,0xF81F,0xF81F,
    0xF81F,0xF81F,0xF81F,0xF81F,0xF81F,0xF81F,0xF81F,0xF81F,0xF81F,0xF81F,0xF81F,0xF81F,
    0xF81F,0xF81F,0xF81F,0xF81F,0xF81F,0xF81F,0xF81F,0xF81F,0xF81F,0xF81F,0x0862,0x10E4,
    0x3104,0xB9C6,0xD9E7,0xD9E7,0xE1E7,0xE1E7,0xE1E7,0xE1E7,0xD9E7,0xD9E7,0xC1C6,0x4104,
    0x10E4,0x1082,0xF81F,0xF81F,0xF81F,0xF81F,0xF81F,0xF81F,0xF81F,0xF81F,0xF81F,0xF81F,
    0xF81F,0xF81F,0x0862,0x10E4,0x3104,0xB9C6,0xD9E7,0xD9E7,0xE1E7,0xE1E7,0xE1E7,0xE1E7,
    0xD9E7,0xD9E7,0xC1C6,0x4104,0x10E4,0x1082,0xF81F,0xF81F,0xF81F,0xF81F,0xF81F,0xF81F,
    0xF81F,0xF81F,0xF81F,0xF81F,0xF81F,0xF81F,0xF81F,0xF81F,0xF81F,0xF81F,0xF81F,0xF81F,
    0xF81F,0xF81F,0xF81F,0xF81F,0xF81F,0xF81F,0xF81F,0xF81F,0xF81F,0xF81F,0xF81F,0xF81F,
    0xF81F,0xF81F,0xF81F,0xF81F,
    0xF81F,0xF81F,0xF81F,0xF81F,0xF81F,0xF81F,0xF81F,0xF81F,0xF81F,0xF81F,0xF81F,0xF81F,
    0xF81F,0xF81F,0xF81F,0xF81F,0xF81F,0xF81F,0xF81F,0xF81F,0xF81F,0xF81F,0xF81F,0xF81F,
    0xF81F,0xF81F,0xF81F,0xF81F,0xF81F,0xF81F,0xF81F,0xF81F,0xF81F,0xF81F,0x0862,0x18E4,
    0x10C4,0x10C4,0x18E4,0x18E4,0x18E4,0x18E4,0x18E4,0x18E4,0x18E4,0x18E4,0x10E4,0x08C4,
    0x18E4,0x0882,0xF81F,0xF81F,0xF81F,0xF81F,0xF81F,0xF81F,0xF81F,0xF81F,0xF81F,0xF81F,
    0xF81F,0xF81F,0x0862,0x18E4,0x10C4,0x10C4,0x18E4,0x18E4,0x18E4,0x18E4,0x18E4,0x18E4,
    0x18E4,0x18E4,0x10E4,0x08C4,0x18E4,0x0882,0xF81F,0xF81F,0xF81F,0xF81F,0xF81F,0xF81F,
    0xF81F,0xF81F,0xF81F,0xF81F,0xF81F,0xF81F,0xF81F,0xF81F,0xF81F,0xF81F,0xF81F,0xF81F,
    0xF81F,0xF81F,0xF81F,0xF81F,0xF81F,0xF81F,0xF81F,0xF81F,0xF81F,0xF81F,0xF81F,0xF81F,
    0xF81F,0xF81F,0xF81F,0xF81F,
    0xF81F,0xF81F,0xF81F,0xF81F,0xF81F,0xF81F,0xF81F,0xF81F,0xF81F,0xF81F,0xF81F,0xF81F,
    0xF81F,0xF81F,0xF81F,0xF81F,0xF81F,0xF81F,0xF81F,0xF81F,0xF81F,0xF81F,0xF81F,0xF81F,
    0xF81F,0xF81F,0xF81F,0xF81F,0xF81F,0xF81F,0xF81F,0xF81F,0xF81F,0xF81F,0x0861,0x18E4,
    0x18C4,0x18E4,0x10C4,0x10E4,0x10E4,0x10E4,0x10E4,0x10E4,0x10E4,0x10C4,0x18E4,0x18C4,
    0x18E4,0x0882,0xF81F,0xF81F,0xF81F,0xF81F,0xF81F,0xF81F,0xF81F,0xF81F,0xF81F,0xF81F,
    0xF81F,0xF81F,0x0861,0x18E4,0x18C4,0x18E4,0x10C4,0x10E4,0x10E4,0x10E4,0x10E4,0x10E4,
    0x10E4,0x10C4,0x18E4,0x18C4,0x18E4,0x0882,0xF81F,0xF81F,0xF81F,0xF81F,0xF81F,0xF81F,
    0xF81F,0xF81F,0xF81F,0xF81F,0xF81F,0xF81F,0xF81F,0xF81F,0xF81F,0xF81F,0xF81F,0xF81F,
    0xF81F,0xF81F,0xF81F,0xF81F,0xF81F,0xF81F,0xF81F,0xF81F,0xF81F,0xF81F,0xF81F,0xF81F,
    0xF81F,0xF81F,0xF81F,0xF81F,
    0xF81F,0xF81F,0xF81F,0xF81F,0xF81F,0xF81F,0xF81F,0xF81F,0xF81F,0xF81F,0xF81F,0xF81F,
    0xF81F,0xF81F,0xF81F,0xF81F,0xF81F,0xF81F,0xF81F,0xF81F,0xF81F,0xF81F,0xF81F,0xF81F,
    0xF81F,0xF81F,0xF81F,0xF81F,0xF81F,0xF81F,0xF81F,0xF81F,0xF81F,0xF81F,0x0861,0x18E4,
    0x10C4,0x18C4,0x18C4,0x18C4,0x18C4,0x18C4,0x18C4,0x18C4,0x18C4,0x18C4,0x18C4,0x10C4,
    0x18E4,0x0862,0xF81F,0xF81F,0xF81F,0xF81F,0xF81F,0xF81F,0xF81F,0xF81F,0xF81F,0xF81F,
    0xF81F,0xF81F,0x0861,0x18E4,0x10C4,0x18C4,0x18C4,0x18C4,0x18C4,0x18C4,0x18C4,0x18C4,
    0x18C4,0x18C4,0x18C4,0x10C4,0x18E4,0x0862,0xF81F,0xF81F,0xF81F,0xF81F,0xF81F,0xF81F,
    0xF81F,0xF81F,0xF81F,0xF81F,0xF81F,0xF81F,0xF81F,0xF81F,0xF81F,0xF81F,0xF81F,0xF81F,
    0xF81F,0xF81F,0xF81F,0xF81F,0xF81F,0xF81F,0xF81F,0xF81F,0xF81F,0xF81F,0xF81F,0xF81F,
    0xF81F,0xF81F,0xF81F,0xF81F,
    0xF81F,0xF81F,0xF81F,0xF81F,0xF81F,0xF81F,0xF81F,0xF81F,0xF81F,0xF81F,0xF81F,0xF81F,
    0xF81F,0xF81F,0xF81F,0xF81F,0xF81F,0xF81F,0xF81F,0xF81F,0xF81F,0xF81F,0xF81F,0xF81F,
    0xF81F,0xF81F,0xF81F,0xF81F,0xF81F,0xF81F,0xF81F,0xF81F,0xF81F,0xF81F,0x0861,0x18E4,
    0x10C3,0x10C4,0x10C4,0x10C4,0x10C4,0x10C4,0x10C4,0x10C4,0x10C4,0x10C4,0x10C4,0x10C3,
    0x18E4,0x0862,0xF81F,0xF81F,0xF81F,0xF81F,0xF81F,0xF81F,0xF81F,0xF81F,0xF81F,0xF81F,
    0xF81F,0xF81F,0x0861,0x18E4,0x10C3,0x10C4,0x10C4,0x10C4,0x10C4,0x10C4,0x10C4,0x10C4,
    0x10C4,0x10C4,0x10C4,0x10C3,0x18E4,0x0862,0xF81F,0xF81F,0xF81F,0xF81F,0xF81F,0xF81F,
    0xF81F,0xF81F,0xF81F,0xF81F,0xF81F,0xF81F,0xF81F,0xF81F,0xF81F,0xF81F,0xF81F,0xF81F,
    0xF81F,0xF81F,0xF81F,0xF81F,0xF81F,0xF81F,0xF81F,0xF81F,0xF81F,0xF81F,0xF81F,0xF81F,
    0xF81F,0xF81F,0xF81F,0xF81F,
    0xF81F,0xF81F,0xF81F,0xF81F,0xF81F,0xF81F,0xF81F,0xF81F,0xF81F,0xF81F,0xF81F,0xF81F,
    0xF81F,0xF81F,0xF81F,0xF81F,0xF81F,0xF81F,0xF81F,0xF81F,0xF81F,0xF81F,0xF81F,0xF81F,
    0xF81F,0xF81F,0xF81F,0xF81F,0xF81F,0xF81F,0xF81F,0xF81F,0xF81F,0xF81F,0x0841,0x18C4,
    0x10C3,0x10C3,0x10C3,0x10C3,0x10C3,0x10C3,0x10C3,0x10C3,0x10C3,0x10C3,0x10C3,0x10C3,
    0x18C4,0x0862,0xF81F,0xF81F,0xF81F,0xF81F,0xF81F,0xF81F,0xF81F,0xF81F,0xF81F,0xF81F,
    0xF81F,0xF81F,0x0841,0x18C4,0x10C3,0x10C3,0x10C3,0x10C3,0x10C3,0x10C3,0x10C3,0x10C3,
    0x10C3,0x10C3,0x10C3,0x10C3,0x18C4,0x0862,0xF81F,0xF81F,0xF81F,0xF81F,0xF81F,0xF81F,
    0xF81F,0xF81F,0xF81F,0xF81F,0xF81F,0xF81F,0xF81F,0xF81F,0xF81F,0xF81F,0xF81F,0xF81F,
    0xF81F,0xF81F,0xF81F,0xF81F,0xF81F,0xF81F,0xF81F,0xF81F,0xF81F,0xF81F,0xF81F,0xF81F,
    0xF81F,0xF81F,0xF81F,0xF81F,
    0xF81F,0xF81F,0xF81F,0xF81F,0xF81F,0xF81F,0xF81F,0xF81F,0xF81F,0xF81F,0xF81F,0xF81F,
    0xF81F,0xF81F,0xF81F,0xF81F,0xF81F,0xF81F,0xF81F,0xF81F,0xF81F,0xF81F,0xF81F,0xF81F,
    0xF81F,0xF81F,0xF81F,0xF81F,0xF81F,0xF81F,0xF81F,0xF81F,0xF81F,0xF81F,0x0841,0x10C4,
    0x10A3,0x10C3,0x10C3,0x10C3,0x10C3,0x10C3,0x10C3,0x10C3,0x10C3,0x10C3,0x10C3,0x10A3,
    0x10C4,0x0862,0xF81F,0xF81F,0xF81F,0xF81F,0xF81F,0xF81F,0xF81F,0xF81F,0xF81F,0xF81F,
    0xF81F,0xF81F,0x0841,0x10C4,0x10A3,0x10C3,0x10C3,0x10C3,0x10C3,0x10C3,0x10C3,0x10C3,
    0x10C3,0x10C3,0x10C3,0x10A3,0x10C4,0x0862,0xF81F,0xF81F,0xF81F,0xF81F,0xF81F,0xF81F,
    0xF81F,0xF81F,0xF81F,0xF81F,0xF81F,0xF81F,0xF81F,0xF81F,0xF81F,0xF81F,0xF81F,0xF81F,
    0xF81F,0xF81F,0xF81F,0xF81F,0xF81F,0xF81F,0xF81F,0xF81F,0xF81F,0xF81F,0xF81F,0xF81F,
    0xF81F,0xF81F,0xF81F,0xF81F,
    0xF81F,0xF81F,0xF81F,0xF81F,0xF81F,0xF81F,0xF81F,0xF81F,0xF81F,0xF81F,0xF81F,0xF81F,
    0xF81F,0xF81F,0xF81F,0xF81F,0xF81F,0xF81F,0xF81F,0xF81F,0xF81F,0xF81F,0xF81F,0xF81F,
    0xF81F,0xF81F,0xF81F,0xF81F,0xF81F,0xF81F,0xF81F,0xF81F,0xF81F,0xF81F,0x0841,0x10C4,
    0x10C3,0x10C3,0x10C3,0x10C3,0x10C3,0x10C3,0x10C3,0x10C3,0x10C3,0x10C3,0x10C3,0x10C3,
    0x18C4,0x0862,0xF81F,0xF81F,0xF81F,0xF81F,0xF81F,0xF81F,0xF81F,0xF81F,0xF81F,0xF81F,
    0xF81F,0xF81F,0x0841,0x10C4,0x10C3,0x10C3,0x10C3,0x10C3,0x10C3,0x10C3,0x10C3,0x10C3,
    0x10C3,0x10C3,0x10C3,0x10C3,0x18C4,0x0862,0xF81F,0xF81F,0xF81F,0xF81F,0xF81F,0xF81F,
    0xF81F,0xF81F,0xF81F,0xF81F,0xF81F,0xF81F,0xF81F,0xF81F,0xF81F,0xF81F,0xF81F,0xF81F,
    0xF81F,0xF81F,0xF81F,0xF81F,0xF81F,0xF81F,0xF81F,0xF81F,0xF81F,0xF81F,0xF81F,0xF81F,
    0xF81F,0xF81F,0xF81F,0xF81F,
    0xF81F,0xF81F,0xF81F,0xF81F,0xF81F,0xF81F,0xF81F,0xF81F,0xF81F,0xF81F,0xF81F,0xF81F,
    0xF81F,0xF81F,0xF81F,0xF81F,0xF81F,0xF81F,0xF81F,0xF81F,0xF81F,0xF81F,0xF81F,0xF81F,
    0xF81F,0xF81F,0xF81F,0xF81F,0xF81F,0xF81F,0xF81F,0xF81F,0xF81F,0xF81F,0x0020,0x10A3,
    0x0882,0x1082,0x1082,0x1082,0x1082,0x1082,0x1082,0x1082,0x1082,0x1082,0x1082,0x0882,
    0x10A3,0x0841,0xF81F,0xF81F,0xF81F,0xF81F,0xF81F,0xF81F,0xF81F,0xF81F,0xF81F,0xF81F,
    0xF81F,0xF81F,0x0020,0x10A3,0x0882,0x1082,0x1082,0x1082,0x1082,0x1082,0x1082,0x1082,
    0x1082,0x1082,0x1082,0x0882,0x10A3,0x0841,0xF81F,0xF81F,0xF81F,0xF81F,0xF81F,0xF81F,
    0xF81F,0xF81F,0xF81F,0xF81F,0xF81F,0xF81F,0xF81F,0xF81F,0xF81F,0xF81F,0xF81F,0xF81F,
    0xF81F,0xF81F,0xF81F,0xF81F,0xF81F,0xF81F,0xF81F,0xF81F,0xF81F,0xF81F,0xF81F,0xF81F,
    0xF81F,0xF81F,0xF81F,0xF81F,
    0xF81F,0xF81F,0xF81F,0xF81F,0xF81F,0xF81F,0xF81F,0xF81F,0xF81F,0xF81F,0xF81F,0xF81F,
    0xF81F,0xF81F,0xF81F,0xF81F,0xF81F,0xF81F,0xF81F,0xF81F,0xF81F,0xF81F,0xF81F,0xF81F,
    0xF81F,0xF81F,0xF81F,0xF81F,0xF81F,0xF81F,0xF81F,0xF81F,0xF81F,0x0861,0x2125,0x2966,
    0x2966,0x2966,0x2966,0x2966,0x2966,0x2966,0x2966,0x2966,0x2966,0x2966,0x2966,0x2966,
    0x2967,0x10C3,0xF81F,0xF81F,0xF81F,0xF81F,0xF81F,0xF81F,0xF81F,0xF81F,0xF81F,0xF81F,
    0xF81F,0x0861,0x2125,0x2966,0x2966,0x2966,0x2966,0x2966,0x2966,0x2966,0x2966,0x2966,
    0x2966,0x2966,0x2966,0x2966,0x2967,0x10C3,0xF81F,0xF81F,0xF81F,0xF81F,0xF81F,0xF81F,
    0xF81F,0xF81F,0xF81F,0xF81F,0xF81F,0xF81F,0xF81F,0xF81F,0xF81F,0xF81F,0xF81F,0xF81F,
    0xF81F,0xF81F,0xF81F,0xF81F,0xF81F,0xF81F,0xF81F,0xF81F,0xF81F,0xF81F,0xF81F,0xF81F,
    0xF81F,0xF81F,0xF81F,0xF81F,
    0xF81F,0xF81F,0xF81F,0xF81F,0xF81F,0xF81F,0xF81F,0xF81F,0xF81F,0xF81F,0xF81F,0xF81F,
    0xF81F,0xF81F,0xF81F,0xF81F,0xF81F,0xF81F,0xF81F,0xF81F,0xF81F,0xF81F,0xF81F,0xF81F,
    0xF81F,0xF81F,0xF81F,0xF81F,0xF81F,0xF81F,0xF81F,0xF81F,0x1904,0x4AAC,0x52CD,0x52CD,
    0x52CD,0x52CD,0x52CD,0x52CD,0x52CD,0x52CD,0x52CD,0x52CD,0x52CD,0x52CD,0x52CD,0x52CD,
    0x52CD,0x52CC,0x2966,0xF81F,0xF81F,0xF81F,0xF81F,0xF81F,0xF81F,0xF81F,0xF81F,0xF81F,
    0x1904,0x4AAC,0x52CD,0x52CD,0x52CD,0x52CD,0x52CD,0x52CD,0x52CD,0x52CD,0x52CD,0x52CD,
    0x52CD,0x52CD,0x52CD,0x52CD,0x52CD,0x52CC,0x2966,0xF81F,0xF81F,0xF81F,0xF81F,0xF81F,
    0xF81F,0xF81F,0xF81F,0xF81F,0xF81F,0xF81F,0xF81F,0xF81F,0xF81F,0xF81F,0xF81F,0xF81F,
    0xF81F,0xF81F,0xF81F,0xF81F,0xF81F,0xF81F,0xF81F,0xF81F,0xF81F,0xF81F,0xF81F,0xF81F,
    0xF81F,0xF81F,0xF81F,0xF81F,
    0xF81F,0xF81F,0xF81F,0xF81F,0xF81F,0xF81F,0xF81F,0xF81F,0xF81F,0xF81F,0xF81F,0xF81F,
    0xF81F,0xF81F,0xF81F,0xF81F,0xF81F,0xF81F,0xF81F,0xF81F,0xF81F,0xF81F,0xF81F,0xF81F,
    0xF81F,0xF81F,0xF81F,0xF81F,0xF81F,0xF81F,0xF81F,0x0841,0x426B,0x4A8B,0x426B,0x426B,
    0x426B,0x426B,0x426B,0x426B,0x426B,0x426B,0x426B,0x426B,0x426B,0x426B,0x426B,0x426B,
    0x426B,0x4A6B,0x4AAC,0x10A3,0xF81F,0xF81F,0xF81F,0xF81F,0xF81F,0xF81F,0xF81F,0x0841,
    0x426B,0x4A8B,0x426B,0x426B,0x426B,0x426B,0x426B,0x426B,0x426B,0x426B,0x426B,0x426B,
    0x426B,0x426B,0x426B,0x426B,0x426B,0x4A6B,0x4AAC,0x10A3,0xF81F,0xF81F,0xF81F,0xF81F,
    0xF81F,0xF81F,0xF81F,0xF81F,0xF81F,0xF81F,0xF81F,0xF81F,0xF81F,0xF81F,0xF81F,0xF81F,
    0xF81F,0xF81F,0xF81F,0xF81F,0xF81F,0xF81F,0xF81F,0xF81F,0xF81F,0xF81F,0xF81F,0xF81F,
    0xF81F,0xF81F,0xF81F,0xF81F,
    0xF81F,0xF81F,0xF81F,0xF81F,0xF81F,0xF81F,0xF81F,0xF81F,0xF81F,0xF81F,0xF81F,0xF81F,
    0xF81F,0xF81F,0xF81F,0xF81F,0xF81F,0xF81F,0xF81F,0xF81F,0xF81F,0xF81F,0xF81F,0xF81F,
    0xF81F,0xF81F,0xF81F,0xF81F,0xF81F,0xF81F,0xF81F,0x10A3,0x426B,0x3A2A,0x424A,0x424A,
    0x424A,0x424A,0x424A,0x424A,0x424A,0x424A,0x424A,0x424A,0x424A,0x424A,0x424A,0x424A,
    0x424A,0x422A,0x426B,0x1904,0xF81F,0xF81F,0xF81F,0xF81F,0xF81F,0xF81F,0xF81F,0x10A3,
    0x426B,0x3A2A,0x424A,0x424A,0x424A,0x424A,0x424A,0x424A,0x424A,0x424A,0x424A,0x424A,
    0x424A,0x424A,0x424A,0x424A,0x424A,0x422A,0x426B,0x1904,0xF81F,0xF81F,0xF81F,0xF81F,
    0xF81F,0xF81F,0xF81F,0xF81F,0xF81F,0xF81F,0xF81F,0xF81F,0xF81F,0xF81F,0xF81F,0xF81F,
    0xF81F,0xF81F,0xF81F,0xF81F,0xF81F,0xF81F,0xF81F,0xF81F,0xF81F,0xF81F,0xF81F,0xF81F,
    0xF81F,0xF81F,0xF81F,0xF81F,
    0xF81F,0xF81F,0xF81F,0xF81F,0xF81F,0xF81F,0xF81F,0xF81F,0xF81F,0xF81F,0xF81F,0xF81F,
    0xF81F,0xF81F,0xF81F,0xF81F,0xF81F,0xF81F,0xF81F,0xF81F,0xF81F,0xF81F,0xF81F,0xF81F,
    0xF81F,0xF81F,0xF81F,0xF81F,0xF81F,0xF81F,0xF81F,0x10A2,0x3A2A,0x3A09,0x3A09,0x3A09,
    0x3A09,0x3A09,0x3A09,0x3A09,0x3A09,0x3A09,0x3A09,0x3A09,0x3A09,0x3A09,0x3A09,0x3A09,
    0x3A09,0x3A09,0x3A2A,0x18E4,0xF81F,0xF81F,0xF81F,0xF81F,0xF81F,0xF81F,0xF81F,0x10A2,
    0x3A2A,0x3A09,0x3A09,0x3A09,0x3A09,0x3A09,0x3A09,0x3A09,0x3A09,0x3A09,0x3A09,0x3A09,
    0x3A09,0x3A09,0x3A09,0x3A09,0x3A09,0x3A09,0x3A2A,0x18E4,0xF81F,0xF81F,0xF81F,0xF81F,
    0xF81F,0xF81F,0xF81F,0xF81F,0xF81F,0xF81F,0xF81F,0xF81F,0xF81F,0xF81F,0xF81F,0xF81F,
    0xF81F,0xF81F,0xF81F,0xF81F,0xF81F,0xF81F,0xF81F,0xF81F,0xF81F,0xF81F,0xF81F,0xF81F,
    0xF81F,0xF81F,0xF81F,0xF81F,
    0xF81F,0xF81F,0xF81F,0xF81F,0xF81F,0xF81F,0xF81F,0xF81F,0xF81F,0xF81F,0xF81F,0xF81F,
    0xF81F,0xF81F,0xF81F,0xF81F,0xF81F,0xF81F,0xF81F,0xF81F,0xF81F,0xF81F,0xF81F,0xF81F,
    0xF81F,0xF81F,0xF81F,0xF81F,0xF81F,0xF81F,0xF81F,0x0862,0x39E9,0x31C8,0x31C8,0x31C8,
    0x31C8,0x31C8,0x31C8,0x31C8,0x31C8,0x31C8,0x31C8,0x31C8,0x31C8,0x31C8,0x31C8,0x31C8,
    0x31C8,0x31C8,0x3A09,0x10C3,0xF81F,0xF81F,0xF81F,0xF81F,0xF81F,0xF81F,0xF81F,0x0862,
    0x39E9,0x31C8,0x31C8,0x31C8,0x31C8,0x31C8,0x31C8,0x31C8,0x31C8,0x31C8,0x31C8,0x31C8,
    0x31C8,0x31C8,0x31C8,0x31C8,0x31C8,0x31C8,0x3A09,0x10C3,0xF81F,0xF81F,0xF81F,0xF81F,
    0xF81F,0xF81F,0xF81F,0xF81F,0xF81F,0xF81F,0xF81F,0xF81F,0xF81F,0xF81F,0xF81F,0xF81F,
    0xF81F,0xF81F,0xF81F,0xF81F,0xF81F,0xF81F,0xF81F,0xF81F,0xF81F,0xF81F,0xF81F,0xF81F,
    0xF81F,0xF81F,0xF81F,0xF81F,
    0xF81F,0xF81F,0xF81F,0xF81F,0xF81F,0xF81F,0xF81F,0xF81F,0xF81F,0xF81F,0xF81F,0xF81F,
    0xF81F,0xF81F,0xF81F,0xF81F,0xF81F,0xF81F,0xF81F,0xF81F,0xF81F,0xF81F,0xF81F,0xF81F,
    0xF81F,0xF81F,0xF81F,0xF81F,0xF81F,0xF81F,0xF81F,0xF81F,0x2125,0x31C8,0x31A8,0x31A8,
    0x31A8,0x31A8,0x31A8,0x31A8,0x31A8,0x31A8,0x31A8,0x31A8,0x31A8,0x31A8,0x31A8,0x31A8,
    0x31A8,0x31C8,0x2966,0xF81F,0xF81F,0xF81F,0xF81F,0xF81F,0xF81F,0xF81F,0xF81F,0xF81F,
    0x2125,0x31C8,0x31A8,0x31A8,0x31A8,0x31A8,0x31A8,0x31A8,0x31A8,0x31A8,0x31A8,0x31A8,
    0x31A8,0x31A8,0x31A8,0x31A8,0x31A8,0x31C8,0x2966,0xF81F,0xF81F,0xF81F,0xF81F,0xF81F,
    0xF81F,0xF81F,0xF81F,0xF81F,0xF81F,0xF81F,0xF81F,0xF81F,0xF81F,0xF81F,0xF81F,0xF81F,
    0xF81F,0xF81F,0xF81F,0xF81F,0xF81F,0xF81F,0xF81F,0xF81F,0xF81F,0xF81F,0xF81F,0xF81F,
    0xF81F,0xF81F,0xF81F,0xF81F,
    0xF81F,0xF81F,0xF81F,0xF81F,0xF81F,0xF81F,0xF81F,0xF81F,0xF81F,0xF81F,0xF81F,0xF81F,
    0xF81F,0xF81F,0xF81F,0xF81F,0xF81F,0xF81F,0xF81F,0xF81F,0xF81F,0xF81F,0xF81F,0xF81F,
    0xF81F,0xF81F,0xF81F,0xF81F,0xF81F,0xF81F,0xF81F,0xF81F,0xF81F,0x10C3,0x18E4,0x18E4,
    0x18E4,0x18E4,0x18E4,0x18E4,0x18E4,0x18E4,0x18E4,0x18E4,0x18E4,0x18E4,0x18E4,0x18E4,
    0x18E4,0x18E4,0x0020,0xF81F,0xF81F,0xF81F,0xF81F,0xF81F,0xF81F,0xF81F,0xF81F,0xF81F,
    0xF81F,0x10C3,0x18E4,0x18E4,0x18E4,0x18E4,0x18E4,0x18E4,0x18E4,0x18E4,0x18E4,0x18E4,
    0x18E4,0x18E4,0x18E4,0x18E4,0x18E4,0x18E4,0x0020,0xF81F,0xF81F,0xF81F,0xF81F,0xF81F,
    0xF81F,0xF81F,0xF81F,0xF81F,0xF81F,0xF81F,0xF81F,0xF81F,0xF81F,0xF81F,0xF81F,0xF81F,
    0xF81F,0xF81F,0xF81F,0xF81F,0xF81F,0xF81F,0xF81F,0xF81F,0xF81F,0xF81F,0xF81F,0xF81F,
    0xF81F,0xF81F,0xF81F,0xF81F,
    0xF81F,0xF81F,0xF81F,0xF81F,0xF81F,0xF81F,0xF81F,0xF81F,0xF81F,0xF81F,0xF81F,0xF81F,
    0xF81F,0xF81F,0xF81F,0xF81F,0xF81F,0xF81F,0xF81F,0xF81F,0xF81F,0xF81F,0xF81F,0xF81F,
    0xF81F,0xF81F,0xF81F,0xF81F,0xF81F,0xF81F,0xF81F,0xF81F,0xF81F,0xF81F,0xF81F,0xF81F,
    0xF81F,0xF81F,0xF81F,0xF81F,0xF81F,0xF81F,0xF81F,0xF81F,0xF81F,0xF81F,0xF81F,0xF81F,
    0xF81F,0xF81F,0xF81F,0xF81F,0xF81F,0xF81F,0xF81F,0xF81F,0xF81F,0xF81F,0xF81F,0xF81F,
    0xF81F,0xF81F,0xF81F,0xF81F,0xF81F,0xF81F,0xF81F,0xF81F,0xF81F,0xF81F,0xF81F,0xF81F,
    0xF81F,0xF81F,0xF81F,0xF81F,0xF81F,0xF81F,0xF81F,0xF81F,0xF81F,0xF81F,0xF81F,0xF81F,
    0xF81F,0xF81F,0xF81F,0xF81F,0xF81F,0xF81F,0xF81F,0xF81F,0xF81F,0xF81F,0xF81F,0xF81F,
    0xF81F,0xF81F,0xF81F,0xF81F,0xF81F,0xF81F,0xF81F,0xF81F,0xF81F,0xF81F,0xF81F,0xF81F,
    0xF81F,0xF81F,0xF81F,0xF81F,
    0xF81F,0xF81F,0xF81F,0xF81F,0xF81F,0xF81F,0xF81F,0xF81F,0xF81F,0xF81F,0xF81F,0xF81F,
    0xF81F,0xF81F,0xF81F,0xF81F,0xF81F,0xF81F,0xF81F,0xF81F,0xF81F,0xF81F,0xF81F,0xF81F,
    0xF81F,0xF81F,0xF81F,0xF81F,0xF81F,0xF81F,0xF81F,0xF81F,0xF81F,0xF81F,0xF81F,0xF81F,
    0xF81F,0xF81F,0xF81F,0xF81F,0xF81F,0xF81F,0xF81F,0xF81F,0xF81F,0xF81F,0xF81F,0xF81F,
    0xF81F,0xF81F,0xF81F,0xF81F,0xF81F,0xF81F,0xF81F,0xF81F,0xF81F,0xF81F,0xF81F,0xF81F,
    0xF81F,0xF81F,0xF81F,0xF81F,0xF81F,0xF81F,0xF81F,0xF81F,0xF81F,0xF81F,0xF81F,0xF81F,
    0xF81F,0xF81F,0xF81F,0xF81F,0xF81F,0xF81F,0xF81F,0xF81F,0xF81F,0xF81F,0xF81F,0xF81F,
    0xF81F,0xF81F,0xF81F,0xF81F,0xF81F,0xF81F,0xF81F,0xF81F,0xF81F,0xF81F,0xF81F,0xF81F,
    0xF81F,0xF81F,0xF81F,0xF81F,0xF81F,0xF81F,0xF81F,0xF81F,0xF81F,0xF81F,0xF81F,0xF81F,
    0xF81F,0xF81F,0xF81F,0xF81F,
    0xF81F,0xF81F,0xF81F,0xF81F,0xF81F,0xF81F,0xF81F,0xF81F,0xF81F,0xF81F,0xF81F,0xF81F,
    0xF81F,0xF81F,0xF81F,0xF81F,0xF81F,0xF81F,0xF81F,0xF81F,0xF81F,0xF81F,0xF81F,0xF81F,
    0xF81F,0xF81F,0xF81F,0xF81F,0xF81F,0xF81F,0xF81F,0xF81F,0xF81F,0xF81F,0xF81F,0xF81F,
    0xF81F,0xF81F,0xF81F,0xF81F,0xF81F,0xF81F,0xF81F,0xF81F,0xF81F,0xF81F,0xF81F,0xF81F,
    0xF81F,0xF81F,0xF81F,0xF81F,0xF81F,0xF81F,0xF81F,0xF81F,0xF81F,0xF81F,0xF81F,0xF81F,
    0xF81F,0xF81F,0xF81F,0xF81F,0xF81F,0xF81F,0xF81F,0xF81F,0xF81F,0xF81F,0xF81F,0xF81F,
    0xF81F,0xF81F,0xF81F,0xF81F,0xF81F,0xF81F,0xF81F,0xF81F,0xF81F,0xF81F,0xF81F,0xF81F,
    0xF81F,0xF81F,0xF81F,0xF81F,0xF81F,0xF81F,0xF81F,0xF81F,0xF81F,0xF81F,0xF81F,0xF81F,
    0xF81F,0xF81F,0xF81F,0xF81F,0xF81F,0xF81F,0xF81F,0xF81F,0xF81F,0xF81F,0xF81F,0xF81F,
    0xF81F,0xF81F,0xF81F,0xF81F,
    0xF81F,0xF81F,0xF81F,0xF81F,0xF81F,0xF81F,0xF81F,0xF81F,0xF81F,0xF81F,0xF81F,0xF81F,
    0xF81F,0xF81F,0xF81F,0xF81F,0xF81F,0xF81F,0xF81F,0xF81F,0xF81F,0xF81F,0xF81F,0xF81F,
    0xF81F,0xF81F,0xF81F,0xF81F,0xF81F,0xF81F,0xF81F,0xF81F,0xF81F,0xF81F,0xF81F,0xF81F,
    0xF81F,0xF81F,0xF81F,0xF81F,0xF81F,0xF81F,0xF81F,0xF81F,0xF81F,0xF81F,0xF81F,0xF81F,
    0xF81F,0xF81F,0xF81F,0xF81F,0xF81F,0xF81F,0xF81F,0xF81F,0xF81F,0xF81F,0xF81F,0xF81F,
    0xF81F,0xF81F,0xF81F,0xF81F,0xF81F,0xF81F,0xF81F,0xF81F,0xF81F,0xF81F,0xF81F,0xF81F,
    0xF81F,0xF81F,0xF81F,0xF81F,0xF81F,0xF81F,0xF81F,0xF81F,0xF81F,0xF81F,0xF81F,0xF81F,
    0xF81F,0xF81F,0xF81F,0xF81F,0xF81F,0xF81F,0xF81F,0xF81F,0xF81F,0xF81F,0xF81F,0xF81F,
    0xF81F,0xF81F,0xF81F,0xF81F,0xF81F,0xF81F,0xF81F,0xF81F,0xF81F,0xF81F,0xF81F,0xF81F,
    0xF81F,0xF81F,0xF81F,0xF81F,
    0xF81F,0xF81F,0xF81F,0xF81F,0xF81F,0xF81F,0xF81F,0xF81F,0xF81F,0xF81F,0xF81F,0xF81F,
    0xF81F,0xF81F,0xF81F,0xF81F,0xF81F,0xF81F,0xF81F,0xF81F,0xF81F,0xF81F,0xF81F,0xF81F,
    0xF81F,0xF81F,0xF81F,0xF81F,0xF81F,0xF81F,0xF81F,0xF81F,0xF81F,0xF81F,0xF81F,0xF81F,
    0xF81F,0xF81F,0xF81F,0xF81F,0xF81F,0xF81F,0xF81F,0xF81F,0xF81F,0xF81F,0xF81F,0xF81F,
    0xF81F,0xF81F,0xF81F,0xF81F,0xF81F,0xF81F,0xF81F,0xF81F,0xF81F,0xF81F,0xF81F,0xF81F,
    0xF81F,0xF81F,0xF81F,0xF81F,0xF81F,0xF81F,0xF81F,0xF81F,0xF81F,0xF81F,0xF81F,0xF81F,
    0xF81F,0xF81F,0xF81F,0xF81F,0xF81F,0xF81F,0xF81F,0xF81F,0xF81F,0xF81F,0xF81F,0xF81F,
    0xF81F,0xF81F,0xF81F,0xF81F,0xF81F,0xF81F,0xF81F,0xF81F,0xF81F,0xF81F,0xF81F,0xF81F,
    0xF81F,0xF81F,0xF81F,0xF81F,0xF81F,0xF81F,0xF81F,0xF81F,0xF81F,0xF81F,0xF81F,0xF81F,
    0xF81F,0xF81F,0xF81F,0xF81F,
    0xF81F,0xF81F,0xF81F,0xF81F,0xF81F,0xF81F,0xF81F,0xF81F,0xF81F,0xF81F,0xF81F,0xF81F,
    0xF81F,0xF81F,0xF81F,0xF81F,0xF81F,0xF81F,0xF81F,0xF81F,0xF81F,0xF81F,0xF81F,0xF81F,
    0xF81F,0xF81F,0xF81F,0xF81F,0xF81F,0xF81F,0xF81F,0xF81F,0xF81F,0xF81F,0xF81F,0xF81F,
    0xF81F,0xF81F,0xF81F,0xF81F,0xF81F,0xF81F,0xF81F,0xF81F,0xF81F,0xF81F,0xF81F,0xF81F,
    0xF81F,0xF81F,0xF81F,0xF81F,0xF81F,0xF81F,0xF81F,0xF81F,0xF81F,0xF81F,0xF81F,0xF81F,
    0xF81F,0xF81F,0xF81F,0xF81F,0xF81F,0xF81F,0xF81F,0xF81F,0xF81F,0xF81F,0xF81F,0xF81F,
    0xF81F,0xF81F,0xF81F,0xF81F,0xF81F,0xF81F,0xF81F,0xF81F,0xF81F,0xF81F,0xF81F,0xF81F,
    0xF81F,0xF81F,0xF81F,0xF81F,0xF81F,0xF81F,0xF81F,0xF81F,0xF81F,0xF81F,0xF81F,0xF81F,
    0xF81F,0xF81F,0xF81F,0xF81F,0xF81F,0xF81F,0xF81F,0xF81F,0xF81F,0xF81F,0xF81F,0xF81F,
    0xF81F,0xF81F,0xF81F,0xF81F,
    0xF81F,0xF81F,0xF81F,0xF81F,0xF81F,0xF81F,0xF81F,0xF81F,0xF81F,0xF81F,0xF81F,0xF81F,
    0xF81F,0xF81F,0xF81F,0xF81F,0xF81F,0xF81F,0xF81F,0xF81F,0xF81F,0xF81F,0xF81F,0xF81F,
    0xF81F,0xF81F,0xF81F,0xF81F,0xF81F,0xF81F,0xF81F,0xF81F,0xF81F,0xF81F,0xF81F,0xF81F,
    0xF81F,0xF81F,0xF81F,0xF81F,0xF81F,0xF81F,0xF81F,0xF81F,0xF81F,0xF81F,0xF81F,0xF81F,
    0xF81F,0xF81F,0xF81F,0xF81F,0xF81F,0xF81F,0xF81F,0xF81F,0xF81F,0xF81F,0xF81F,0xF81F,
    0xF81F,0xF81F,0xF81F,0xF81F,0xF81F,0xF81F,0xF81F,0xF81F,0xF81F,0xF81F,0xF81F,0xF81F,
    0xF81F,0xF81F,0xF81F,0xF81F,0xF81F,0xF81F,0xF81F,0xF81F,0xF81F,0xF81F,0xF81F,0xF81F,
    0xF81F,0xF81F,0xF81F,0xF81F,0xF81F,0xF81F,0xF81F,0xF81F,0xF81F,0xF81F,0xF81F,0xF81F,
    0xF81F,0xF81F,0xF81F,0xF81F,0xF81F,0xF81F,0xF81F,0xF81F,0xF81F,0xF81F,0xF81F,0xF81F,
    0xF81F,0xF81F,0xF81F,0xF81F,
    0xF81F,0xF81F,0xF81F,0xF81F,0xF81F,0xF81F,0xF81F,0xF81F,0xF81F,0xF81F,0xF81F,0xF81F,
    0xF81F,0xF81F,0xF81F,0xF81F,0xF81F,0xF81F,0xF81F,0xF81F,0xF81F,0xF81F,0xF81F,0xF81F,
    0xF81F,0xF81F,0xF81F,0xF81F,0xF81F,0xF81F,0xF81F,0xF81F,0xF81F,0xF81F,0xF81F,0xF81F,
    0xF81F,0xF81F,0xF81F,0xF81F,0xF81F,0xF81F,0xF81F,0xF81F,0xF81F,0xF81F,0xF81F,0xF81F,
    0xF81F,0xF81F,0xF81F,0xF81F,0xF81F,0xF81F,0xF81F,0xF81F,0xF81F,0xF81F,0xF81F,0xF81F,
    0xF81F,0xF81F,0xF81F,0xF81F,0xF81F,0xF81F,0xF81F,0xF81F,0xF81F,0xF81F,0xF81F,0xF81F,
    0xF81F,0xF81F,0xF81F,0xF81F,0xF81F,0xF81F,0xF81F,0xF81F,0xF81F,0xF81F,0xF81F,0xF81F,
    0xF81F,0xF81F,0xF81F,0xF81F,0xF81F,0xF81F,0xF81F,0xF81F,0xF81F,0xF81F,0xF81F,0xF81F,
    0xF81F,0xF81F,0xF81F,0xF81F,0xF81F,0xF81F,0xF81F,0xF81F,0xF81F,0xF81F,0xF81F,0xF81F,
    0xF81F,0xF81F,0xF81F,0xF81F,
    0xF81F,0xF81F,0xF81F,0xF81F,0xF81F,0xF81F,0xF81F,0xF81F,0xF81F,0xF81F,0xF81F,0xF81F,
    0xF81F,0xF81F,0xF81F,0xF81F,0xF81F,0xF81F,0xF81F,0xF81F,0xF81F,0xF81F,0xF81F,0xF81F,
    0xF81F,0xF81F,0xF81F,0xF81F,0xF81F,0xF81F,0xF81F,0xF81F,0xF81F,0xF81F,0xF81F,0xF81F,
    0xF81F,0xF81F,0xF81F,0xF81F,0xF81F,0xF81F,0xF81F,0xF81F,0xF81F,0xF81F,0xF81F,0xF81F,
    0xF81F,0xF81F,0xF81F,0xF81F,0xF81F,0xF81F,0xF81F,0xF81F,0xF81F,0xF81F,0xF81F,0xF81F,
    0xF81F,0xF81F,0xF81F,0xF81F,0xF81F,0xF81F,0xF81F,0xF81F,0xF81F,0xF81F,0xF81F,0xF81F,
    0xF81F,0xF81F,0xF81F,0xF81F,0xF81F,0xF81F,0xF81F,0xF81F,0xF81F,0xF81F,0xF81F,0xF81F,
    0xF81F,0xF81F,0xF81F,0xF81F,0xF81F,0xF81F,0xF81F,0xF81F,0xF81F,0xF81F,0xF81F,0xF81F,
    0xF81F,0xF81F,0xF81F,0xF81F,0xF81F,0xF81F,0xF81F,0xF81F,0xF81F,0xF81F,0xF81F,0xF81F,
    0xF81F,0xF81F,0xF81F,0xF81F,
};

static const uint16_t* const hd_home_by_stage[5] = {
    hd_egg_home,
    hd_pup_home,
    hd_beast_home,
    hd_gremlin_home,
    hd_sentinel_home,
};

static const uint16_t* const hd_hero_by_stage[5] = {
    hd_egg_hero,
    hd_pup_hero,
    hd_beast_hero,
    hd_gremlin_hero,
    hd_sentinel_hero,
};
